event_id,row_id,acq_date,acq_time,acq_datetime,latitude,longitude,satellite,satellite_source,instrument,frp,brightness,bright_t31,brightness_difference,frp_brightness_ratio,log_frp,confidence,confidence_numeric,daynight,is_day,is_forest_fire_season,is_stubble_burning_season,grid_detection_count,grid_active_days,persistent_location_flag,grid_total_frp,grid_brightness_mean,high_brightness_flag_local,high_frp_flag_local,brightness_zscore_local,frp_zscore_local,landcover_code,landcover_class,osm_coverage_status,distance_to_facility_m,distance_to_facility_km,nearest_facility_osm_id,nearest_facility_osm_type,nearest_facility_name,nearest_facility_type,nearest_facility_category,nearest_facility_tier,near_industrial_500m,near_industrial_1000m,near_industrial_2000m,near_industrial_5000m,near_industrial_10000m,distance_to_higher_relevance_m,distance_to_higher_relevance_km,nearest_hr_osm_id,nearest_hr_name,nearest_hr_category,near_higher_relevance_500m,near_higher_relevance_1000m,near_higher_relevance_2000m,near_higher_relevance_5000m,near_higher_relevance_10000m,candidate_priority_score,candidate_priority,is_spatial_duplicate,selection_rationale,ground_truth_status,weak_label,processing_status,is_real_cdse_data,failure_reason,aoi_dimensions_m,raster_dimensions_px,bands_requested,selected_pre_image_date,pre_product_id,pre_product_name,pre_tile_id,pre_cloud_cover_catalogue,pre_observation_status,pre_observation_failure_reason,selected_post_image_date,post_product_id,post_product_name,post_tile_id,post_cloud_cover_catalogue,post_observation_status,post_observation_failure_reason,pre_obs_date,pre_raster_dimensions,pre_bands_requested,s2_pre_spectral_valid_pixels,s2_pre_spectral_valid_pct,s2_pre_feature_status,pre_bbox_wgs84,pre_download_bytes,post_obs_date,post_raster_dimensions,post_bands_requested,s2_post_spectral_valid_pixels,s2_post_spectral_valid_pct,s2_post_feature_status,s2_pre_total_pixels,s2_post_total_pixels,s2_pre_ndvi_mean,s2_post_ndvi_mean,s2_pre_ndvi_median,s2_post_ndvi_median,s2_pre_ndvi_std,s2_post_ndvi_std,s2_pre_ndvi_min,s2_post_ndvi_min,s2_pre_ndvi_max,s2_post_ndvi_max,s2_pre_nbr_mean,s2_post_nbr_mean,s2_pre_nbr_median,s2_post_nbr_median,s2_pre_nbr_std,s2_post_nbr_std,s2_pre_nbr_min,s2_post_nbr_min,s2_pre_nbr_max,s2_post_nbr_max,s2_pre_ndwi_mean,s2_post_ndwi_mean,s2_pre_ndwi_median,s2_post_ndwi_median,s2_pre_ndwi_std,s2_post_ndwi_std,s2_pre_ndwi_min,s2_post_ndwi_min,s2_pre_ndwi_max,s2_post_ndwi_max,s2_pre_swir_ratio_mean,s2_post_swir_ratio_mean,s2_pre_swir_ratio_median,s2_post_swir_ratio_median,s2_pre_swir_ratio_std,s2_post_swir_ratio_std,s2_pre_b04_mean,s2_post_b04_mean,s2_pre_b08_mean,s2_post_b08_mean,s2_pre_b11_mean,s2_post_b11_mean,s2_pre_b12_mean,s2_post_b12_mean,s2_change_status,s2_change_failure_reason,s2_dndvi_mean,s2_abs_dndvi_mean,s2_dndvi_median,s2_abs_dndvi_median,s2_dnbr_mean,s2_abs_dnbr_mean,s2_dnbr_median,s2_abs_dnbr_median,s2_dndwi_mean,s2_abs_dndwi_mean,s2_dndwi_median,s2_abs_dndwi_median,s2_dswir_ratio_mean,s2_abs_dswir_ratio_mean,s2_dswir_ratio_median,s2_abs_dswir_ratio_median,processing_timestamp,error_category,post_bbox_wgs84,post_download_bytes,in_validation_batch_100,has_human_validation,human_ground_truth_class,human_validation_confidence,human_validation_status,human_validation_notes,human_raw_label,is_unambiguous_ground_truth,human_review_confidence,human_industry_observation,normalization_notes,ml_training_eligible,ml_target_3class,s2_pre_missing,s2_post_missing,s2_change_missing,cv_fold_5
FIRMS_TN_0004,4,2024-11-04,750,2024-11-04T07:00,13.20969,79.91416,N20,VIIRS_N20,VIIRS,4.01,333.19,303.03,30.160000000000025,0.0120351751253038,1.6114359150967734,n,1.0,D,1,0,1,1,1,0,4.01,333.19,0,0,0.970101802115308,0.7425360703691212,40,Cropland,FAILED_TILE,114898.83334131957,114.89883334131956,1026841614,way,,Mining,Mining & Quarry,HIGHER_RELEVANCE,0,0,0,0,0,114898.83334131957,114.89883334131956,1026841614,,Mining & Quarry,0,0,0,0,0,0.3275048471094908,MEDIUM,False,FAILED_TILE: Chennai/Ennore coast - high-density industrial region with no OSM coverage; Moderate FRP=4.0 MW; Landcover=Cropland,UNVERIFIED,Agricultural Burning,REAL_CDSE_SUCCESS,True,,1000m x 1000m,50x50,"SCL, B04, B08, B11, B12",2024-10-31T04:59:41.024000Z,d0698e73-4292-4a5b-8f43-42670627e8bb,S2A_MSIL2A_20241031T045941_N0511_R119_T44PLV_20241031T090153.SAFE,T44PLV,34.202874,REAL_CDSE_SUCCESS,,2024-11-05T04:59:09.024000Z,1e889314-5aab-4145-96e8-21247876b144,S2B_MSIL2A_20241105T045909_N0511_R119_T44PLV_20241105T072318.SAFE,T44PLV,28.828275,REAL_CDSE_SUCCESS,,2024-10-31T04:59:41.024000Z,50x50,"SCL, B04, B08, B11, B12",2418.0,96.72,SUCCESS,"[79.90955,13.20520,79.91877,13.21418]",19814.0,2024-11-05T04:59:09.024000Z,50x50,"SCL, B04, B08, B11, B12",2316.0,92.64,SUCCESS,2500.0,2500.0,0.3935930117859602,0.4430892330208698,0.3810482391721661,0.4369279938214778,0.1638205777663309,0.1835415437791042,0.1104815864022662,0.0510948905109489,0.753866845998655,0.8185963198176193,0.1517313504808529,0.1747240084669708,0.1384167291152057,0.1617274276916309,0.2564258145904168,0.2662038559616638,-0.3054580274497287,-0.2956555171088043,0.6931754089114496,0.7308524448290783,-0.0099742927498978,0.0201785018439949,-0.0248293975635611,0.0160746734124802,0.1692494045875844,0.1787800863838779,-0.2969305331179321,-0.325999266593326,0.4859154929577465,0.4622279129321383,0.7217560072952947,0.7300109731837129,0.7200524890650786,0.7333655005290702,0.1593892695778916,0.1664563169646168,1334.3341604631928,1241.4667530224524,3034.3531844499585,3130.79274611399,3192.637717121588,3157.496545768566,2419.1741108354013,2448.628238341969,SUCCESS,,0.0494962212349096,0.0494962212349096,0.0558797546493117,0.0558797546493117,0.0229926579861179,0.0229926579861179,0.0233106985764252,0.0233106985764252,0.0301527945938927,0.0301527945938927,0.0409040709760413,0.0409040709760413,0.0082549658884182,0.0082549658884182,0.0133130114639916,0.0133130114639916,2026-09-05T16:19:53Z,,"[79.90955,13.20520,79.91877,13.21418]",19950.0,True,True,Agricultural Burning,,VERIFIED,,Agricultural Burning,True,,,Unambiguous direct match or syntactic/case variation,True,Agricultural Burning,0,0,0,1
FIRMS_TN_0006,6,2024-11-04,750,2024-11-04T07:00,12.2748,79.55231,N20,VIIRS_N20,VIIRS,5.52,338.19,297.67,40.51999999999998,0.0163221857535704,1.874874375938561,n,1.0,D,1,0,1,1,1,0,5.52,338.19,0,0,1.294307326002235,1.4041362904937689,40,Cropland,FAILED_TILE,15175.128861239547,15.175128861239548,705173099,way,Sree Amman Transformer Works,Industrial Works,Manufacturing & Industrial Works,HIGHER_RELEVANCE,0,0,0,0,0,15175.128861239547,15.175128861239548,705173099,Sree Amman Transformer Works,Manufacturing & Industrial Works,0,0,0,0,0,0.3553427911599247,MEDIUM,False,FAILED_TILE: Chennai/Ennore coast - high-density industrial region with no OSM coverage; High FRP=5.5 MW; Landcover=Cropland,UNVERIFIED,Agricultural Burning,PARTIAL_PRE_ONLY,True,Pre successful; post unavailable: CLOUD_REJECTED (Valid surface pixel coverage too low: 66.5% (threshold: 70.0%)),1000m x 1000m,50x50,"SCL, B04, B08, B11, B12",2024-10-26T04:58:19.024000Z,37bd3b0e-3189-4700-a0e1-7217270d9931,S2B_MSIL2A_20241026T045819_N0511_R119_T44PLU_20241026T080431.SAFE,T44PLU,0.00818,REAL_CDSE_SUCCESS,,2024-11-05T04:59:09.024000Z,cbc70f73-8d4d-4bfb-806a-5f3cc956380e,S2B_MSIL2A_20241105T045909_N0511_R119_T44PLU_20241105T072318.SAFE,T44PLU,22.727245,CLOUD_REJECTED,Valid surface pixel coverage too low: 66.5% (threshold: 70.0%),2024-10-26T04:58:19.024000Z,50x50,"SCL, B04, B08, B11, B12",2498.0,99.92,SUCCESS,"[79.54771,12.27031,79.55691,12.27929]",19804.0,2024-11-05T04:59:09.024000Z,50x50,"SCL, B04, B08, B11, B12",1663.0,66.52,SUCCESS,2500.0,2500.0,0.4943407506389803,0.445792379984189,0.5585990477564565,0.4890243902439024,0.2411092061419993,0.1686120178444376,-0.0999694283093855,-0.029082774049217,0.8943323727185398,0.78125,0.1778507212340756,0.1944575906235627,0.2459157495834589,0.2217827806510496,0.2689845535429077,0.181495210396974,-0.4259857789269554,-0.3037097431716266,0.6817518248175183,0.6385964912280702,-0.0473133022411567,-0.0234675222115888,0.0222452299757008,0.0077542062911485,0.2527466161695405,0.1701257586776757,-0.6434366548783025,-0.4985055843951549,0.4742230347349177,0.3818984547461369,0.6146083110035857,0.6374003308402579,0.6006875572980644,0.6246484275121452,0.0796313024636989,0.0848211013102269,983.1617293835068,1328.2465423932651,3056.5744595676542,3434.1443174984965,3305.8330664531627,3588.6512327119663,2065.849879903923,2319.435357787132,INSUFFICIENT_VALID_DATA,"Valid pixel coverage too low: pre=99.9%, post=66.5% (threshold=70.0%).",,,,,,,,,,,,,,,,,2026-09-05T16:20:03Z,,"[79.54771,12.27031,79.55691,12.27929]",20328.0,True,True,Agricultural Burning,,VERIFIED,,Agricultural Burning,True,,,Unambiguous direct match or syntactic/case variation,True,Agricultural Burning,0,0,1,3
FIRMS_TN_0010,10,2024-11-04,2025,2024-11-04T20:00,13.06476,80.18575,N20,VIIRS_N20,VIIRS,2.09,306.06,293.85,12.20999999999998,0.0068287263935176,1.128171090909654,n,1.0,N,0,0,1,7,6,1,5.2,303.98285714285714,0,1,0.8432999916520072,2.2509022513288786,50,Built-up,FAILED_TILE,103295.15465757216,103.29515465757216,202465563,way,,Other Industrial,Industrial Area / Zone,GENERAL_CONTEXT,0,0,0,0,0,107952.30089597564,107.95230089597564,1026841614,,Mining & Quarry,0,0,0,0,0,0.3278756992431087,MEDIUM,False,FAILED_TILE: Chennai/Ennore coast - high-density industrial region with no OSM coverage; Moderate FRP=2.1 MW; Recurring detection (6 active days); Landcover=Built-up,UNVERIFIED,Other/Unclassified,CLOUD_REJECTED,True,Both pre and post observations rejected due to cloud/shadow cover.,1000m x 1000m,50x50,"SCL, B04, B08, B11, B12",2024-10-31T04:59:41.024000Z,9f87d12a-c1c7-43a0-bbca-0f7e86545bb7,S2A_MSIL2A_20241031T045941_N0511_R119_T44PMV_20241031T090153.SAFE,T44PMV,39.725959,CLOUD_REJECTED,Valid surface pixel coverage too low: 0.0% (threshold: 70.0%),2024-11-05T04:59:09.024000Z,2c178629-9cd7-4b39-95d3-9489e07e47bd,S2B_MSIL2A_20241105T045909_N0511_R119_T44PMV_20241105T072318.SAFE,T44PMV,10.487702,CLOUD_REJECTED,Valid surface pixel coverage too low: 17.8% (threshold: 70.0%),2024-10-31T04:59:41.024000Z,50x50,"SCL, B04, B08, B11, B12",0.0,0.0,ALL_PIXELS_MASKED,"[80.18114,13.06027,80.19036,13.06925]",19474.0,2024-11-05T04:59:09.024000Z,50x50,"SCL, B04, B08, B11, B12",444.0,17.76,SUCCESS,2500.0,2500.0,,0.282532839600438,,0.2364552686356033,,0.1677944281930322,,-0.0015625,,0.6637298091042585,,0.2341784367695127,,0.1828389236839514,,0.1947484369822939,,-0.1261199172984148,,0.7250501002004008,,0.0953501787752819,,0.0619479443889478,,0.1425238372002295,,-0.18743992310157,,0.4477587068821863,,0.7424533695545287,,0.7833456551964448,,0.1149663111105593,,1969.6103603603603,,3493.45945945946,,2877.247747747748,,2185.355855855856,MISSING_PRE,Pre Step 3A features are unusable (status: ALL_PIXELS_MASKED).,,,,,,,,,,,,,,,,,2026-09-05T16:20:26Z,CLOUD_REJECTED,"[80.18114,13.06027,80.19036,13.06925]",20753.0,True,True,Persistent Industrial Thermal Source,,VERIFIED,,Persistent Industrial Thermal Source,True,,,Unambiguous direct match or syntactic/case variation,True,Industrial Thermal Activity,1,0,1,4
FIRMS_TN_0013,13,2024-11-05,730,2024-11-05T07:00,12.7964,79.38124,N20,VIIRS_N20,VIIRS,2.81,334.25,294.0,40.25,0.0084068810770381,1.3376291891386096,n,1.0,D,1,0,1,1,1,0,2.81,334.25,0,0,1.0388333731793369,0.2167610609985402,40,Cropland,FAILED_TILE,75113.59616349725,75.11359616349725,342136913,way,Rajanthangal,Other Industrial,Substation & Electrical Infrastructure,CAUTION_LOWER_RELEVANCE,0,0,0,0,0,76054.15015622247,76.05415015622248,705173099,Sree Amman Transformer Works,Manufacturing & Industrial Works,0,0,0,0,0,0.3270071869751801,MEDIUM,False,FAILED_TILE: Chennai/Ennore coast - high-density industrial region with no OSM coverage; Moderate FRP=2.8 MW; Landcover=Cropland,UNVERIFIED,Agricultural Burning,CLOUD_REJECTED,True,Both pre and post observations rejected due to cloud/shadow cover.,1000m x 1000m,50x50,"SCL, B04, B08, B11, B12",2024-10-31T04:59:41.024000Z,d0698e73-4292-4a5b-8f43-42670627e8bb,S2A_MSIL2A_20241031T045941_N0511_R119_T44PLV_20241031T090153.SAFE,T44PLV,34.202874,CLOUD_REJECTED,Valid surface pixel coverage too low: 43.1% (threshold: 70.0%),2024-11-10T05:00:31.024000Z,085ba1e2-6fc4-4c9f-8647-e10a8b03412f,S2A_MSIL2A_20241110T050031_N0511_R119_T44PLV_20241110T082750.SAFE,T44PLV,32.278866,CLOUD_REJECTED,Valid surface pixel coverage too low: 24.7% (threshold: 70.0%),2024-10-31T04:59:41.024000Z,50x50,"SCL, B04, B08, B11, B12",1078.0,43.12,SUCCESS,"[79.37663,12.79191,79.38585,12.80089]",19042.0,2024-11-10T05:00:31.024000Z,50x50,"SCL, B04, B08, B11, B12",618.0,24.72,SUCCESS,2500.0,2500.0,0.4669496530780666,0.5966452143889684,0.4938521211521656,0.6299756829410452,0.1211429344272076,0.1119682017561955,0.0617662072485962,0.2285012285012285,0.6794502327643538,0.7888198757763976,0.4194552243888311,0.3852210814916085,0.4249700215682114,0.404891610326102,0.1285749661926561,0.1386412328788197,-0.0562229697260932,-0.1476304125468803,0.7393364928909952,0.6593953310371221,0.1622401376378068,0.1167925238346447,0.1480118418761247,0.1285445561258414,0.1201701825693924,0.1118521285417173,-0.1274988893824966,-0.2664719246997728,0.5771428571428572,0.3817718291905672,0.5621935609417841,0.5555118843709215,0.553036008585336,0.5450630150330067,0.0601491156113603,0.0590887824182209,954.169758812616,719.9595469255663,2725.6419294990724,2984.980582524272,2038.2207792207791,2340.088996763754,1156.221706864564,1306.3495145631068,INSUFFICIENT_VALID_DATA,"Valid pixel coverage too low: pre=43.1%, post=24.7% (threshold=70.0%).",,,,,,,,,,,,,,,,,2026-09-05T16:20:42Z,CLOUD_REJECTED,"[79.37663,12.79191,79.38585,12.80089]",20289.0,True,True,Agricultural Burning,,VERIFIED,,Agricultural Burning,True,,,Unambiguous direct match or syntactic/case variation,True,Agricultural Burning,0,0,1,3
FIRMS_TN_0015,15,2024-11-05,730,2024-11-05T07:00,10.65226,78.76717,N20,VIIRS_N20,VIIRS,7.76,336.8,295.25,41.55000000000001,0.0230403800475059,2.1701959049483,n,1.0,D,1,0,1,1,1,0,7.76,336.8,0,1,1.2041781903616702,2.385582974652187,30,Grassland,COVERED,210.5924139308873,0.2105924139308873,375950947,way,,Other Industrial,Industrial Area / Zone,GENERAL_CONTEXT,1,1,1,1,1,4298.344321437069,4.298344321437069,1009648240,,Power Plant,0,0,0,1,1,0.5296206436020467,HIGH,False,Within 500 m of GENERAL_CONTEXT facility: Industrial Area / Zone; High FRP=7.8 MW; Landcover=Grassland,UNVERIFIED,Agricultural Burning,PARTIAL_PRE_ONLY,True,Pre successful; post unavailable: MISSING_PRODUCT (No usable post-event product was matched in catalogue search.),1000m x 1000m,50x50,"SCL, B04, B08, B11, B12",2024-10-29T05:08:39.024000Z,7f584f92-5cfe-4b10-8ad8-759b3d920ef6,S2B_MSIL2A_20241029T050839_N0511_R019_T44PKS_20241029T073358.SAFE,T44PKS,28.677183,REAL_CDSE_SUCCESS,,,,,,,MISSING_PRODUCT,No usable post-event product was matched in catalogue search.,2024-10-29T05:08:39.024000Z,50x50,"SCL, B04, B08, B11, B12",2392.0,95.68,SUCCESS,"[78.76260,10.64777,78.77174,10.65675]",19638.0,,50x50,"SCL, B04, B08, B11, B12",,,,2500.0,,0.3649248091093781,,0.301576054764529,,0.2137089978816259,,-0.0481586402266288,,0.9070904645476772,,0.074320672302173,,0.0120076626544203,,0.2088900919958048,,-0.2346354814630505,,0.6233254531126872,,-0.0360563190734544,,-0.070911859267585,,0.1541932817172891,,-0.3314496848511193,,0.4456140350877193,,0.7999514948425301,,0.8246868471460331,,0.1112804760721403,,1239.0422240802675,,2451.127508361204,,2739.3102006688964,,2272.2232441471574,,MISSING_POST,Post Step 3A features are unusable (status: NONE).,,,,,,,,,,,,,,,,,2026-09-05T16:20:51Z,,,,True,True,Agricultural Burning,,VERIFIED,,Agricultural Burning,True,,Absent,Unambiguous direct match or syntactic/case variation,True,Agricultural Burning,0,1,1,4
FIRMS_TN_0029,29,2024-11-08,2048,2024-11-08T20:00,11.81653,77.91456,N20,VIIRS_N20,VIIRS,1.23,300.69,279.36,21.329999999999984,0.0040905916392297,0.8020015854720274,n,1.0,N,0,0,1,43,20,1,64.3,308.93627906976747,0,0,-1.052724495922505,-0.375816277882607,10,Tree cover,COVERED,456.8826663525913,0.4568826663525913,876239837,way,JSW Steel Plant,Manufacturing,Steel / Metallurgy,HIGHER_RELEVANCE,1,1,1,1,1,456.8826663525913,0.4568826663525913,876239837,JSW Steel Plant,Steel / Metallurgy,1,1,1,1,1,0.6208297501805997,HIGH,False,Within 500 m of HIGHER_RELEVANCE facility: Steel / Metallurgy (JSW Steel Plant); Low FRP=1.23 MW; Persistent location (active 20 days); Landcover=Tree cover,UNVERIFIED,Other/Unclassified,CLOUD_REJECTED,True,Pre cloud-rejected (Valid surface pixel coverage too low: 0.0% (threshold: 70.0%)); post: MISSING_PRODUCT,1000m x 1000m,50x50,"SCL, B04, B08, B11, B12",2024-10-29T05:08:39.024000Z,f26a883d-7c73-45f4-b94b-bda569ca8c30,S2B_MSIL2A_20241029T050839_N0511_R019_T43PHP_20241029T073358.SAFE,T43PHP,23.18341,CLOUD_REJECTED,Valid surface pixel coverage too low: 0.0% (threshold: 70.0%),,,,,,MISSING_PRODUCT,No usable post-event product was matched in catalogue search.,2024-10-29T05:08:39.024000Z,50x50,"SCL, B04, B08, B11, B12",0.0,0.0,ALL_PIXELS_MASKED,"[77.90997,11.81204,77.91915,11.82102]",18349.0,,50x50,"SCL, B04, B08, B11, B12",,,,2500.0,,,,,,,,,,,,,,,,,,,,,,,,,,,,,,,,,,,,,,,,,,,,,,MISSING_BOTH,Pre features are unusable and post features are None.,,,,,,,,,,,,,,,,,2026-09-05T16:21:58Z,CLOUD_REJECTED,,,True,True,Persistent Industrial Thermal Source,,VERIFIED,,Persistent Industrial Thermal Source,True,,Present ,Unambiguous direct match or syntactic/case variation,True,Industrial Thermal Activity,1,1,1,1
FIRMS_TN_0030,30,2024-11-08,2048,2024-11-08T20:00,11.18483,79.0995,N20,VIIRS_N20,VIIRS,0.85,302.91,279.77,23.140000000000043,0.0028061140272688,0.6151856390902334,n,1.0,N,0,0,1,20,10,1,18.59,305.3995,0,0,-0.7781149502413648,-0.3306621048111949,50,Built-up,COVERED,336.38136249246065,0.3363813624924606,340697977,way,,Other Industrial,Substation & Electrical Infrastructure,CAUTION_LOWER_RELEVANCE,1,1,1,1,1,605.7154374334536,0.6057154374334537,1468887795,,Power Plant,0,1,1,1,1,0.5034808062154134,HIGH,False,Within 500 m of CAUTION_LOWER_RELEVANCE facility: Substation & Electrical Infrastructure; Low FRP=0.85 MW; Persistent location (active 10 days); Landcover=Built-up,UNVERIFIED,Other/Unclassified,REAL_CDSE_SUCCESS,True,,1000m x 1000m,50x50,"SCL, B04, B08, B11, B12",2024-10-29T05:08:39.024000Z,0fac1335-d084-46ab-a81f-d2435afe4a07,S2B_MSIL2A_20241029T050839_N0511_R019_T44PKT_20241029T073358.SAFE,T44PKT,5.90982,REAL_CDSE_SUCCESS,,2024-11-10T05:00:31.024000Z,0d5ec360-2362-4138-885e-502f59cb421b,S2A_MSIL2A_20241110T050031_N0511_R119_T44PKT_20241110T082750.SAFE,T44PKT,9.225395,REAL_CDSE_SUCCESS,,2024-10-29T05:08:39.024000Z,50x50,"SCL, B04, B08, B11, B12",2482.0,99.28,SUCCESS,"[79.09492,11.18034,79.10408,11.18932]",19625.0,2024-11-10T05:00:31.024000Z,50x50,"SCL, B04, B08, B11, B12",2259.0,90.36,SUCCESS,2500.0,2500.0,0.4511271766080614,0.4370456062201246,0.4840382687788352,0.4328600405679513,0.2340038954047058,0.2204334725876282,-0.161,-0.2417633410672854,0.8692682926829268,0.8604255319148936,0.1783615267103558,0.2295190273583032,0.2011168629958287,0.2342477140482128,0.2523014841676388,0.2237892026262526,-0.7537486800422386,-0.5897435897435898,0.6831302116741501,0.6993210475266731,0.0401669721349294,0.0669482662988579,0.0479873874209386,0.0687830687830687,0.1653641648913343,0.1488980543581106,-0.4525660964230171,-0.406331921758419,0.4158249158249158,0.440315685629727,0.7679290106005162,0.7214682521838858,0.7154946403741143,0.6941356841701801,0.2307798466457113,0.1902951751087583,930.3267526188556,1222.2961487383798,2502.01007252216,3029.9566179725543,2267.128525382756,2638.0814519698984,1755.3537469782434,1941.846834882692,SUCCESS,,-0.0140815703879368,0.0140815703879368,-0.0511782282108839,0.0511782282108839,0.0511575006479474,0.0511575006479474,0.033130851052384,0.033130851052384,0.0267812941639284,0.0267812941639284,0.0207956813621301,0.0207956813621301,-0.0464607584166304,0.0464607584166304,-0.0213589562039341,0.0213589562039341,2026-09-05T16:22:03Z,,"[79.09492,11.18034,79.10408,11.18932]",20008.0,True,True,Persistent Industrial Thermal Source,,VERIFIED,,Persistent Industrial Thermal Source,True,,Present,Unambiguous direct match or syntactic/case variation,True,Industrial Thermal Activity,0,0,0,3
FIRMS_TN_0049,49,2024-11-10,737,2024-11-10T07:00,13.18365,79.56056,N20,VIIRS_N20,VIIRS,5.94,339.41,300.13,39.28000000000003,0.0175009575439733,1.937301774518713,n,1.0,D,1,0,1,1,1,0,5.94,339.41,0,0,1.373413473830647,1.5881575437734727,40,Cropland,FAILED_TILE,112863.87556154594,112.86387556154594,1026841614,way,,Mining,Mining & Quarry,HIGHER_RELEVANCE,0,0,0,0,0,112863.87556154594,112.86387556154594,1026841614,,Mining & Quarry,0,0,0,0,0,0.3569020648606227,MEDIUM,False,FAILED_TILE: Chennai/Ennore coast - high-density industrial region with no OSM coverage; High FRP=5.9 MW; Landcover=Cropland,UNVERIFIED,Other/Unclassified,CLOUD_REJECTED,True,Pre cloud-rejected (Valid surface pixel coverage too low: 0.1% (threshold: 70.0%)); post: MISSING_PRODUCT,1000m x 1000m,50x50,"SCL, B04, B08, B11, B12",2024-11-05T04:59:09.024000Z,1e889314-5aab-4145-96e8-21247876b144,S2B_MSIL2A_20241105T045909_N0511_R119_T44PLV_20241105T072318.SAFE,T44PLV,28.828275,CLOUD_REJECTED,Valid surface pixel coverage too low: 0.1% (threshold: 70.0%),,,,,,MISSING_PRODUCT,No usable post-event product was matched in catalogue search.,2024-11-05T04:59:09.024000Z,50x50,"SCL, B04, B08, B11, B12",2.0,0.08,SUCCESS,"[79.55595,13.17916,79.56517,13.18814]",20797.0,,50x50,"SCL, B04, B08, B11, B12",,,,2500.0,,0.3259799890028809,,0.3259799890028809,,0.099898331476982,,0.2260816575258988,,0.4258783204798629,,0.0928256851995026,,0.0928256851995026,,0.1169162268324856,,-0.024090541632983,,0.2097419120319883,,-0.049524958269499,,-0.049524958269499,,0.0792279285665287,,-0.1287528868360277,,0.0297029702970297,,0.7516071102353985,,0.7516071102353985,,0.0583673143170311,,1622.5,,3173.0,,3523.0,,2670.5,,MISSING_POST,Post Step 3A features are unusable (status: NONE).,,,,,,,,,,,,,,,,,2026-09-05T16:23:32Z,CLOUD_REJECTED,,,True,True,Agricultural Burning,,VERIFIED,,Agricultural Burning,True,,,Unambiguous direct match or syntactic/case variation,True,Agricultural Burning,0,1,1,1
FIRMS_TN_0051,51,2024-11-10,2010,2024-11-10T20:00,11.81612,77.91793,N20,VIIRS_N20,VIIRS,3.93,329.91,292.9,37.01000000000005,0.011912339729017,1.5953389880545987,n,1.0,N,0,0,1,43,20,1,64.3,308.93627906976747,1,1,2.677516684445773,3.448221396277839,60,Bare/sparse vegetation,COVERED,184.0999649636778,0.1840999649636777,876239837,way,JSW Steel Plant,Manufacturing,Steel / Metallurgy,HIGHER_RELEVANCE,1,1,1,1,1,184.0999649636778,0.1840999649636777,876239837,JSW Steel Plant,Steel / Metallurgy,1,1,1,1,1,0.683505672022847,HIGH,False,Within 500 m of HIGHER_RELEVANCE facility: Steel / Metallurgy (JSW Steel Plant); Moderate FRP=3.9 MW; Persistent location (active 20 days); Landcover=Bare/sparse vegetation,UNVERIFIED,Other/Unclassified,CLOUD_REJECTED,True,Pre cloud-rejected (Valid surface pixel coverage too low: 0.0% (threshold: 70.0%)); post: MISSING_PRODUCT,1000m x 1000m,50x50,"SCL, B04, B08, B11, B12",2024-10-29T05:08:39.024000Z,f26a883d-7c73-45f4-b94b-bda569ca8c30,S2B_MSIL2A_20241029T050839_N0511_R019_T43PHP_20241029T073358.SAFE,T43PHP,23.18341,CLOUD_REJECTED,Valid surface pixel coverage too low: 0.0% (threshold: 70.0%),,,,,,MISSING_PRODUCT,No usable post-event product was matched in catalogue search.,2024-10-29T05:08:39.024000Z,50x50,"SCL, B04, B08, B11, B12",0.0,0.0,ALL_PIXELS_MASKED,"[77.91334,11.81163,77.92252,11.82061]",18648.0,,50x50,"SCL, B04, B08, B11, B12",,,,2500.0,,,,,,,,,,,,,,,,,,,,,,,,,,,,,,,,,,,,,,,,,,,,,,MISSING_BOTH,Pre features are unusable and post features are None.,,,,,,,,,,,,,,,,,2026-09-05T16:23:40Z,CLOUD_REJECTED,,,True,True,Persistent Industrial Thermal Source,,VERIFIED,,Persistent Industrial Thermal Source,True,,Present,Unambiguous direct match or syntactic/case variation,True,Industrial Thermal Activity,1,1,1,2
FIRMS_TN_0052,52,2024-11-11,718,2024-11-11T07:00,12.29693,79.69377,N20,VIIRS_N20,VIIRS,1.67,329.6,289.95,39.650000000000034,0.0050667475728155,0.9820784724121582,n,1.0,D,1,0,1,1,1,0,1.67,329.6,0,0,0.7373222359644959,-0.2827251979035118,30,Grassland,FAILED_TILE,14131.512146807774,14.131512146807774,1026841614,way,,Mining,Mining & Quarry,HIGHER_RELEVANCE,0,0,0,0,0,14131.512146807774,14.131512146807774,1026841614,,Mining & Quarry,0,0,0,0,0,0.3076801991623129,MEDIUM,False,FAILED_TILE: Chennai/Ennore coast - high-density industrial region with no OSM coverage; Low FRP=1.67 MW; Landcover=Grassland,UNVERIFIED,Agricultural Burning,PARTIAL_PRE_ONLY,True,Pre successful; post unavailable: MISSING_PRODUCT (No usable post-event product was matched in catalogue search.),1000m x 1000m,50x50,"SCL, B04, B08, B11, B12",2024-11-10T05:00:31.024000Z,e4bf6694-bcba-45c7-a13f-778abca3a473,S2A_MSIL2A_20241110T050031_N0511_R119_T44PLU_20241110T082750.SAFE,T44PLU,33.777708,REAL_CDSE_SUCCESS,,,,,,,MISSING_PRODUCT,No usable post-event product was matched in catalogue search.,2024-11-10T05:00:31.024000Z,50x50,"SCL, B04, B08, B11, B12",2394.0,95.76,SUCCESS,"[79.68917,12.29244,79.69837,12.30142]",19436.0,,50x50,"SCL, B04, B08, B11, B12",,,,2500.0,,0.593671570150014,,0.6136610253009295,,0.1548750864724644,,0.1196837944664031,,0.8609237156201349,,0.3824053415987322,,0.3875937723905504,,0.1792426791699258,,-0.1133614627285513,,0.745113369820172,,0.1442034490331007,,0.1378945739161854,,0.1463090332923495,,-0.2255159474671669,,0.4995139023916002,,0.5873979041115248,,0.5755618910180207,,0.0910326156572613,,772.6165413533835,,3150.0472013366752,,2326.9544695071013,,1386.272347535505,,MISSING_POST,Post Step 3A features are unusable (status: NONE).,,,,,,,,,,,,,,,,,2026-09-05T16:23:43Z,,,,True,True,Agricultural Burning,,VERIFIED,,Agricultural Burning,True,,,Unambiguous direct match or syntactic/case variation,True,Agricultural Burning,0,1,1,4
FIRMS_TN_0062,62,2024-11-19,807,2024-11-19T08:00,13.32541,79.48901,N20,VIIRS_N20,VIIRS,2.34,332.04,298.23,33.81,0.0070473436935308,1.205970806988609,n,1.0,D,1,0,1,1,1,0,2.34,332.04,0,0,0.8955345316213161,0.0108325156617292,30,Grassland,FAILED_TILE,129900.88679558122,129.9008867955812,1026841614,way,,Mining,Mining & Quarry,HIGHER_RELEVANCE,0,0,0,0,0,129900.88679558122,129.9008867955812,1026841614,,Mining & Quarry,0,0,0,0,0,0.3113735911324597,MEDIUM,False,FAILED_TILE: Chennai/Ennore coast - high-density industrial region with no OSM coverage; Moderate FRP=2.3 MW; Landcover=Grassland,UNVERIFIED,Other/Unclassified,CLOUD_REJECTED,True,Pre cloud-rejected (Valid surface pixel coverage too low: 0.4% (threshold: 70.0%)); post: MISSING_PRODUCT,1000m x 1000m,50x50,"SCL, B04, B08, B11, B12",2024-11-10T05:00:31.024000Z,085ba1e2-6fc4-4c9f-8647-e10a8b03412f,S2A_MSIL2A_20241110T050031_N0511_R119_T44PLV_20241110T082750.SAFE,T44PLV,32.278866,CLOUD_REJECTED,Valid surface pixel coverage too low: 0.4% (threshold: 70.0%),,,,,,MISSING_PRODUCT,No usable post-event product was matched in catalogue search.,2024-11-10T05:00:31.024000Z,50x50,"SCL, B04, B08, B11, B12",9.0,0.36,SUCCESS,"[79.48439,13.32092,79.49363,13.32990]",20174.0,,50x50,"SCL, B04, B08, B11, B12",,,,2500.0,,0.6582801555239206,,0.661756040070713,,0.044954102470882,,0.5485380116959064,,0.70398689240852,,0.5110820188116826,,0.522083805209513,,0.0391300559232417,,0.4491061656329806,,0.5600762873490146,,0.2286113344950189,,0.2299245024021963,,0.0356174429121052,,0.1730655640874187,,0.2719119445576844,,0.5144836803601928,,0.5097831835007932,,0.0167820994364484,,540.7777777777778,,2661.777777777778,,1664.4444444444443,,856.6666666666666,,MISSING_POST,Post Step 3A features are unusable (status: NONE).,,,,,,,,,,,,,,,,,2026-09-05T16:24:17Z,CLOUD_REJECTED,,,True,True,Other/Unclassified,,VERIFIED,,Other/Unclassified,True,,,Unambiguous direct match or syntactic/case variation,True,Natural / Wildfire / Other,0,1,1,0
FIRMS_TN_0065,65,2024-11-19,2042,2024-11-19T20:00,11.81893,77.91513,N20,VIIRS_N20,VIIRS,1.7,309.46,289.97,19.489999999999952,0.0054934401861306,0.9932517730102832,n,1.0,N,0,0,1,43,20,1,64.3,308.93627906976747,0,0,0.0668585003755682,0.2898495394712483,10,Tree cover,COVERED,526.1862632754564,0.5261862632754565,340479236,way,,Other Industrial,Substation & Electrical Infrastructure,CAUTION_LOWER_RELEVANCE,0,1,1,1,1,596.6186926097956,0.5966186926097956,876239837,JSW Steel Plant,Steel / Metallurgy,0,1,1,1,1,0.6124915999696399,HIGH,False,Within 2 km of CAUTION_LOWER_RELEVANCE facility: Substation & Electrical Infrastructure; Low FRP=1.70 MW; Persistent location (active 20 days); Landcover=Tree cover,UNVERIFIED,Other/Unclassified,MISSING_PRODUCT,False,Neither observation was available in catalogue search.,1000m x 1000m,50x50,"SCL, B04, B08, B11, B12",,,,,,MISSING_PRODUCT,No usable pre-event product was matched in catalogue search.,,,,,,MISSING_PRODUCT,No usable post-event product was matched in catalogue search.,,50x50,"SCL, B04, B08, B11, B12",,,,,,,50x50,"SCL, B04, B08, B11, B12",,,,,,,,,,,,,,,,,,,,,,,,,,,,,,,,,,,,,,,,,,,,,,,,,,INVALID_INPUT,Both pre_features and post_features are None.,,,,,,,,,,,,,,,,,2026-09-05T16:24:30Z,MISSING_PRODUCT,,,True,True,Persistent Industrial Thermal Source,,VERIFIED,,Persistent Industrial Thermal Source,True,,Present,Unambiguous direct match or syntactic/case variation,True,Industrial Thermal Activity,1,1,1,0
FIRMS_TN_0069,69,2024-11-20,2025,2024-11-20T20:00,11.81179,77.92168,N20,VIIRS_N20,VIIRS,0.86,300.16,282.34,17.82000000000005,0.0028651385927505,0.6205764877251099,n,1.0,N,0,0,1,16,11,1,22.18,305.369375,0,0,-1.0128523361494552,-0.770914368660909,10,Tree cover,COVERED,482.90935284388536,0.4829093528438853,876239837,way,JSW Steel Plant,Manufacturing,Steel / Metallurgy,HIGHER_RELEVANCE,1,1,1,1,1,482.90935284388536,0.4829093528438853,876239837,JSW Steel Plant,Steel / Metallurgy,1,1,1,1,1,0.5165999827666506,HIGH,False,Within 500 m of HIGHER_RELEVANCE facility: Steel / Metallurgy (JSW Steel Plant); Low FRP=0.86 MW; Persistent location (active 11 days); Landcover=Tree cover,UNVERIFIED,Other/Unclassified,MISSING_PRODUCT,False,Neither observation was available in catalogue search.,1000m x 1000m,50x50,"SCL, B04, B08, B11, B12",,,,,,MISSING_PRODUCT,No usable pre-event product was matched in catalogue search.,,,,,,MISSING_PRODUCT,No usable post-event product was matched in catalogue search.,,50x50,"SCL, B04, B08, B11, B12",,,,,,,50x50,"SCL, B04, B08, B11, B12",,,,,,,,,,,,,,,,,,,,,,,,,,,,,,,,,,,,,,,,,,,,,,,,,,INVALID_INPUT,Both pre_features and post_features are None.,,,,,,,,,,,,,,,,,2026-09-05T16:24:43Z,MISSING_PRODUCT,,,True,True,Persistent Industrial Thermal Source,,VERIFIED,,Persistent Industrial Thermal Source,True,,Present,Unambiguous direct match or syntactic/case variation,True,Industrial Thermal Activity,1,1,1,0
FIRMS_TN_0070,70,2024-11-21,2004,2024-11-21T20:00,11.81606,77.91496,N20,VIIRS_N20,VIIRS,2.09,307.45,288.83,18.620000000000005,0.0067978533094812,1.128171090909654,n,1.0,N,0,0,1,43,20,1,64.3,308.93627906976747,0,0,-0.18973919889001,0.8422105368499793,50,Built-up,COVERED,393.82918118309976,0.3938291811830998,876239837,way,JSW Steel Plant,Manufacturing,Steel / Metallurgy,HIGHER_RELEVANCE,1,1,1,1,1,393.82918118309976,0.3938291811830998,876239837,JSW Steel Plant,Steel / Metallurgy,1,1,1,1,1,0.6341146222151606,HIGH,False,Within 500 m of HIGHER_RELEVANCE facility: Steel / Metallurgy (JSW Steel Plant); Moderate FRP=2.1 MW; Persistent location (active 20 days); Landcover=Built-up,UNVERIFIED,Other/Unclassified,MISSING_PRODUCT,False,Neither observation was available in catalogue search.,1000m x 1000m,50x50,"SCL, B04, B08, B11, B12",,,,,,MISSING_PRODUCT,No usable pre-event product was matched in catalogue search.,,,,,,MISSING_PRODUCT,No usable post-event product was matched in catalogue search.,,50x50,"SCL, B04, B08, B11, B12",,,,,,,50x50,"SCL, B04, B08, B11, B12",,,,,,,,,,,,,,,,,,,,,,,,,,,,,,,,,,,,,,,,,,,,,,,,,,INVALID_INPUT,Both pre_features and post_features are None.,,,,,,,,,,,,,,,,,2026-09-05T16:24:46Z,MISSING_PRODUCT,,,True,True,Persistent Industrial Thermal Source,,VERIFIED,,Persistent Industrial Thermal Source,True,,Present,Unambiguous direct match or syntactic/case variation,True,Industrial Thermal Activity,1,1,1,3
FIRMS_TN_0077,77,2024-11-22,711,2024-11-22T07:00,13.3172,80.0006,N20,VIIRS_N20,VIIRS,9.18,341.84,294.78,47.06,0.0268546688509244,2.3204250111223765,n,1.0,D,1,0,1,3,1,0,17.740000000000002,337.65333333333336,0,1,1.5309773584396904,3.0077500690740413,40,Cropland,FAILED_TILE,128195.18916805476,128.19518916805475,202465563,way,,Other Industrial,Industrial Area / Zone,GENERAL_CONTEXT,0,0,0,0,0,128312.72108503556,128.31272108503555,1026841614,,Mining & Quarry,0,0,0,0,0,0.3874530865737247,MEDIUM,False,FAILED_TILE: Chennai/Ennore coast - high-density industrial region with no OSM coverage; High FRP=9.2 MW; Landcover=Cropland,UNVERIFIED,Other/Unclassified,CLOUD_REJECTED,True,Pre cloud-rejected (Valid surface pixel coverage too low: 64.9% (threshold: 70.0%)); post: MISSING_PRODUCT,1000m x 1000m,50x50,"SCL, B04, B08, B11, B12",2024-11-10T05:00:31.024000Z,085ba1e2-6fc4-4c9f-8647-e10a8b03412f,S2A_MSIL2A_20241110T050031_N0511_R119_T44PLV_20241110T082750.SAFE,T44PLV,32.278866,CLOUD_REJECTED,Valid surface pixel coverage too low: 64.9% (threshold: 70.0%),,,,,,MISSING_PRODUCT,No usable post-event product was matched in catalogue search.,2024-11-10T05:00:31.024000Z,50x50,"SCL, B04, B08, B11, B12",1622.0,64.88,SUCCESS,"[79.99598,13.31271,80.00522,13.32169]",20281.0,,50x50,"SCL, B04, B08, B11, B12",,,,2500.0,,0.5757753765376618,,0.6426088784586631,,0.2142258027386149,,0.0164045095524201,,0.8544520547945206,,0.4072218612452202,,0.4589887033966265,,0.1854437949099912,,-0.1491608523477277,,0.7069167643610785,,0.1741409689274495,,0.1946947135292914,,0.1345156629363239,,-0.2849445324881141,,0.4665592264302981,,0.59089843724599,,0.5525529736629906,,0.1133286755080523,,1205.9186189889026,,3609.230579531443,,2621.225647348952,,1654.566584463625,,MISSING_POST,Post Step 3A features are unusable (status: NONE).,,,,,,,,,,,,,,,,,2026-09-05T16:25:24Z,CLOUD_REJECTED,,,True,True,Agricultural Burning,,VERIFIED,,Agricultural Burning,True,,,Unambiguous direct match or syntactic/case variation,True,Agricultural Burning,0,1,1,2
FIRMS_TN_0091,91,2024-12-05,807,2024-12-05T08:00,9.78928,78.08914,N20,VIIRS_N20,VIIRS,2.17,332.05,298.1,33.94999999999999,0.0065351603674145,1.1537315878891892,n,1.0,D,1,0,0,1,1,0,2.17,332.05,0,0,0.8961829426690894,-0.0636522773324363,30,Grassland,COVERED,1578.1053174993233,1.5781053174993234,202527042,way,,Mining,Mining & Quarry,HIGHER_RELEVANCE,0,0,1,1,1,1578.1053174993233,1.5781053174993234,202527042,,Mining & Quarry,0,0,1,1,1,0.4663450268511688,MEDIUM,False,Within 2 km of HIGHER_RELEVANCE facility: Mining & Quarry; Moderate FRP=2.2 MW; Landcover=Grassland,UNVERIFIED,Other/Unclassified,PARTIAL_POST_ONLY,True,Post successful; pre unavailable: MISSING_PRODUCT (No usable pre-event product was matched in catalogue search.),1000m x 1000m,50x50,"SCL, B04, B08, B11, B12",,,,,,MISSING_PRODUCT,No usable pre-event product was matched in catalogue search.,2024-12-18T05:11:29.024000Z,4e35eebf-bdb7-4e0b-817c-599f13f5dbc2,S2B_MSIL2A_20241218T051129_N0511_R019_T43PHL_20241218T094845.SAFE,T43PHL,26.198825,REAL_CDSE_SUCCESS,,,50x50,"SCL, B04, B08, B11, B12",,,,,,2024-12-18T05:11:29.024000Z,50x50,"SCL, B04, B08, B11, B12",1792.0,71.68,SUCCESS,,2500.0,,0.5103096829696884,,0.5301373440815135,,0.1359875650411697,,0.0007636502481863,,0.8483055406132329,,0.2202506647614552,,0.2311063489233281,,0.1396276337160892,,-0.1902753659141652,,0.6540259740259741,,0.0405062590487323,,0.0403569090061175,,0.0987624681096184,,-0.237739374124241,,0.4292565947242206,,0.6916936017415571,,0.6801462834036536,,0.0827767396230814,,855.375,,2592.2940848214284,,2399.21484375,,1681.936383928571,MISSING_PRE,Pre Step 3A features are unusable (status: NONE).,,,,,,,,,,,,,,,,,2026-09-05T16:26:45Z,,"[78.08458,9.78479,78.09370,9.79377]",19517.0,True,True,Agricultural Burning,,VERIFIED,,agricultural Burning,True,,Absent,Unambiguous direct match or syntactic/case variation,True,Agricultural Burning,1,0,1,2
FIRMS_TN_0093,93,2024-12-05,2042,2024-12-05T20:00,13.08348,79.98227,N20,VIIRS_N20,VIIRS,7.89,338.59,291.76,46.829999999999984,0.0233025192710948,2.1849270495258133,n,1.0,N,0,0,0,11,5,1,15.69,308.3136363636364,1,1,2.880063659314537,3.000885987589681,30,Grassland,FAILED_TILE,102146.54020147429,102.14654020147428,202465563,way,,Other Industrial,Industrial Area / Zone,GENERAL_CONTEXT,0,0,0,0,0,102520.93428053123,102.52093428053124,1026841614,,Mining & Quarry,0,0,0,0,0,0.4200858704595416,MEDIUM,False,FAILED_TILE: Chennai/Ennore coast - high-density industrial region with no OSM coverage; High FRP=7.9 MW; Recurring detection (5 active days); Landcover=Grassland,UNVERIFIED,Other/Unclassified,MISSING_PRODUCT,False,Neither observation was available in catalogue search.,1000m x 1000m,50x50,"SCL, B04, B08, B11, B12",,,,,,MISSING_PRODUCT,No usable pre-event product was matched in catalogue search.,,,,,,MISSING_PRODUCT,No usable post-event product was matched in catalogue search.,,50x50,"SCL, B04, B08, B11, B12",,,,,,,50x50,"SCL, B04, B08, B11, B12",,,,,,,,,,,,,,,,,,,,,,,,,,,,,,,,,,,,,,,,,,,,,,,,,,INVALID_INPUT,Both pre_features and post_features are None.,,,,,,,,,,,,,,,,,2026-09-05T16:26:55Z,MISSING_PRODUCT,,,True,True,Agricultural Burning,,VERIFIED,,agricultural Burning,True,,Absent,Unambiguous direct match or syntactic/case variation,True,Agricultural Burning,1,1,1,3
FIRMS_TN_0113,113,2024-12-09,832,2024-12-09T08:00,9.76998,77.95444,N20,VIIRS_N20,VIIRS,3.26,332.5,294.85,37.64999999999998,0.0098045112781954,1.449269160281279,n,1.0,D,1,0,0,2,1,0,5.13,332.235,0,0,0.9253614398189122,0.413926689512508,20,Shrubland,COVERED,2546.4905913065563,2.5464905913065565,990641677,way,,Mining,Mining & Quarry,HIGHER_RELEVANCE,0,0,0,1,1,2546.4905913065563,2.5464905913065565,990641677,,Mining & Quarry,0,0,0,1,1,0.4867742077168555,MEDIUM,False,Within 5 km of HIGHER_RELEVANCE facility: Mining & Quarry; Moderate FRP=3.3 MW; Landcover=Shrubland,UNVERIFIED,Other/Unclassified,CLOUD_REJECTED,True,Post cloud-rejected (Valid surface pixel coverage too low: 25.2% (threshold: 70.0%)); pre: MISSING_PRODUCT,1000m x 1000m,50x50,"SCL, B04, B08, B11, B12",,,,,,MISSING_PRODUCT,No usable pre-event product was matched in catalogue search.,2024-12-18T05:11:29.024000Z,4e35eebf-bdb7-4e0b-817c-599f13f5dbc2,S2B_MSIL2A_20241218T051129_N0511_R019_T43PHL_20241218T094845.SAFE,T43PHL,26.198825,CLOUD_REJECTED,Valid surface pixel coverage too low: 25.2% (threshold: 70.0%),,50x50,"SCL, B04, B08, B11, B12",,,,,,2024-12-18T05:11:29.024000Z,50x50,"SCL, B04, B08, B11, B12",630.0,25.2,SUCCESS,,2500.0,,0.504788326408617,,0.5426173881337418,,0.1838376851814465,,-0.0788158400615148,,0.7922077922077922,,0.2726007111808177,,0.2792194119023806,,0.1647217912703075,,-0.1448275862068965,,0.6584022038567493,,0.0471311921514568,,0.0474094562534939,,0.1002272153414715,,-0.2401960784313725,,0.407364114552893,,0.6283005152442611,,0.6093770206640173,,0.1191659726889611,,838.5587301587302,,2521.9079365079365,,2285.2603174603173,,1451.2301587301588,MISSING_PRE,Pre Step 3A features are unusable (status: NONE).,,,,,,,,,,,,,,,,,2026-09-05T16:28:34Z,CLOUD_REJECTED,"[77.94988,9.76549,77.95900,9.77447]",20237.0,True,True,Agricultural Burning,,VERIFIED,,agricultural Burning,True,,Absent,Unambiguous direct match or syntactic/case variation,True,Agricultural Burning,1,0,1,1
FIRMS_TN_0118,118,2024-12-09,2105,2024-12-09T21:00,13.16194,80.28547,N20,VIIRS_N20,VIIRS,2.19,301.16,284.89,16.27000000000004,0.0072718820560499,1.1600209167967532,n,1.0,N,0,0,0,23,13,1,29.58,306.30347826086955,0,0,-1.515333127883543,1.668777185675966,10,Tree cover,FAILED_TILE,116725.94900066884,116.72594900066883,202465563,way,,Other Industrial,Industrial Area / Zone,GENERAL_CONTEXT,0,0,0,0,0,122453.72220377914,122.45372220377914,1026841614,,Mining & Quarry,0,0,0,0,0,0.4050688191917554,MEDIUM,False,FAILED_TILE: Chennai/Ennore coast - high-density industrial region with no OSM coverage; Moderate FRP=2.2 MW; Persistent location (active 13 days); Landcover=Tree cover,UNVERIFIED,Other/Unclassified,MISSING_PRODUCT,False,Neither observation was available in catalogue search.,1000m x 1000m,50x50,"SCL, B04, B08, B11, B12",,,,,,MISSING_PRODUCT,No usable pre-event product was matched in catalogue search.,,,,,,MISSING_PRODUCT,No usable post-event product was matched in catalogue search.,,50x50,"SCL, B04, B08, B11, B12",,,,,,,50x50,"SCL, B04, B08, B11, B12",,,,,,,,,,,,,,,,,,,,,,,,,,,,,,,,,,,,,,,,,,,,,,,,,,INVALID_INPUT,Both pre_features and post_features are None.,,,,,,,,,,,,,,,,,2026-09-05T16:28:55Z,MISSING_PRODUCT,,,True,True,Industrial Fire,,VERIFIED,,Industrial / Facility Fire,True,,,Unambiguous direct match or syntactic/case variation,True,Industrial Thermal Activity,1,1,1,4
FIRMS_TN_0121,121,2024-12-10,813,2024-12-10T08:00,10.07669,77.4958,N20,VIIRS_N20,VIIRS,12.14,343.83,299.02,44.81,0.0353081464677311,2.575661013056465,n,1.0,D,1,0,0,1,1,0,12.14,343.83,0,1,1.660011156946688,4.304661758854808,40,Cropland,COVERED,2515.7595977111414,2.515759597711141,1201040251,way,Madurapuri,Other Industrial,Substation & Electrical Infrastructure,CAUTION_LOWER_RELEVANCE,0,0,0,1,1,8103.370829435027,8.103370829435027,977532855,,Mining & Quarry,0,0,0,0,1,0.4796996978781456,MEDIUM,False,Within 5 km of CAUTION_LOWER_RELEVANCE facility: Substation & Electrical Infrastructure (Madurapuri); Very high FRP=12.1 MW; Landcover=Cropland,UNVERIFIED,Other/Unclassified,REAL_CDSE_SUCCESS,True,,1000m x 1000m,50x50,"SCL, B04, B08, B11, B12",2024-12-08T05:11:19.024000Z,c30d88c4-57d2-441b-92cd-f2a746193d8c,S2B_MSIL2A_20241208T051119_N0511_R019_T43PGM_20241208T075639.SAFE,T43PGM,18.884505,REAL_CDSE_SUCCESS,,2024-12-18T05:11:29.024000Z,f1f3fa2b-7050-4f90-a30f-6acd2faef159,S2B_MSIL2A_20241218T051129_N0511_R019_T43PGM_20241218T094845.SAFE,T43PGM,10.320821,REAL_CDSE_SUCCESS,,2024-12-08T05:11:19.024000Z,50x50,"SCL, B04, B08, B11, B12",2500.0,100.0,SUCCESS,"[77.49124,10.07220,77.50036,10.08118]",19186.0,2024-12-18T05:11:29.024000Z,50x50,"SCL, B04, B08, B11, B12",2500.0,100.0,SUCCESS,2500.0,2500.0,0.7082151379935372,0.6529276773999918,0.7653442512840407,0.6953732440500011,0.1683693191001214,0.142832170709157,0.1444759206798866,0.1872620283835237,0.9289438115466306,0.869615832363213,0.4268694139537287,0.4195892710295917,0.4932457087254648,0.4867054467273918,0.2448130575142102,0.2266572409874716,-0.3430894308943089,-0.2479474548440065,0.8061833303200144,0.7723171434056441,0.1901875199682443,0.1817421713244003,0.2254416918384132,0.2179078731391932,0.1884773214535054,0.1673715176057884,-0.4236960721184803,-0.2590873936581593,0.5616695325934031,0.52443857331572,0.5713131952101287,0.5761922656746694,0.5377953963409958,0.5383014810591564,0.1299437638772953,0.1281252123865139,431.7572,517.6608,2680.7452,2568.8852,1796.232,1769.8928,1071.3652,1063.888,SUCCESS,,-0.0552874605935453,0.0552874605935453,-0.0699710072340396,0.0699710072340396,-0.0072801429241369,0.0072801429241369,-0.006540261998073,0.006540261998073,-0.008445348643844,0.008445348643844,-0.00753381869922,0.00753381869922,0.0048790704645407,0.0048790704645407,0.0005060847181606,0.0005060847181606,2026-09-05T16:29:16Z,,"[77.49124,10.07220,77.50036,10.08118]",18965.0,True,True,Agricultural Burning,,VERIFIED,,agricultural Burning,True,,Absent,Unambiguous direct match or syntactic/case variation,True,Agricultural Burning,0,0,0,1
FIRMS_TN_0122,122,2024-12-10,813,2024-12-10T08:00,9.84554,78.02377,N20,VIIRS_N20,VIIRS,6.79,339.41,297.28,42.13000000000005,0.0200053033204678,2.052840859882657,n,1.0,D,1,0,0,2,1,0,9.7,337.36,0,0,1.373413473830647,1.9605815087443008,40,Cropland,COVERED,898.1800863695421,0.898180086369542,990641684,way,,Other Industrial,Industrial Area / Zone,GENERAL_CONTEXT,0,1,1,1,1,2097.0991164475668,2.0970991164475667,1283314813,,Manufacturing & Industrial Works,0,0,0,1,1,0.5243021922750343,HIGH,False,Within 2 km of GENERAL_CONTEXT facility: Industrial Area / Zone; High FRP=6.8 MW; Landcover=Cropland,UNVERIFIED,Other/Unclassified,PARTIAL_POST_ONLY,True,Post successful; pre unavailable: MISSING_PRODUCT (No usable pre-event product was matched in catalogue search.),1000m x 1000m,50x50,"SCL, B04, B08, B11, B12",,,,,,MISSING_PRODUCT,No usable pre-event product was matched in catalogue search.,2024-12-18T05:11:29.024000Z,4e35eebf-bdb7-4e0b-817c-599f13f5dbc2,S2B_MSIL2A_20241218T051129_N0511_R019_T43PHL_20241218T094845.SAFE,T43PHL,26.198825,REAL_CDSE_SUCCESS,,,50x50,"SCL, B04, B08, B11, B12",,,,,,2024-12-18T05:11:29.024000Z,50x50,"SCL, B04, B08, B11, B12",2425.0,97.0,SUCCESS,,2500.0,,0.5529761949688098,,0.579050736497545,,0.16307371624177,,-0.0344827586206896,,0.8750963762528913,,0.2479137202033797,,0.2479591836734694,,0.1531545080724526,,-0.3514501027631879,,0.667452212621105,,0.0469033536872588,,0.0410958904109589,,0.113321096824001,,-0.3678077203204661,,0.4201605709188225,,0.6608586580901137,,0.6366315789473684,,0.1021898216222391,,686.3336082474227,,2396.481649484536,,2171.3521649484537,,1443.582268041237,MISSING_PRE,Pre Step 3A features are unusable (status: NONE).,,,,,,,,,,,,,,,,,2026-09-05T16:29:22Z,,"[78.01921,9.84105,78.02833,9.85003]",19095.0,True,True,Agricultural Burning,,VERIFIED,,agricultural burn.,True,,Absent,Unambiguous direct match or syntactic/case variation,True,Agricultural Burning,1,0,1,0
FIRMS_TN_0123,123,2024-12-10,813,2024-12-10T08:00,9.67397,77.88118,N20,VIIRS_N20,VIIRS,3.0,336.45,296.73,39.71999999999997,0.0089166295140436,1.3862943611198906,n,1.0,D,1,0,0,1,1,0,3.0,336.45,0,0,1.1814838036895838,0.3000087708155489,10,Tree cover,COVERED,1724.224255915977,1.724224255915977,11733554339,node,ROPE Enterprises Pvt Ltd,Industrial Works,Manufacturing & Industrial Works,HIGHER_RELEVANCE,0,0,1,1,1,1724.224255915977,1.724224255915977,11733554339,ROPE Enterprises Pvt Ltd,Manufacturing & Industrial Works,0,0,1,1,1,0.4863179988571052,MEDIUM,False,Within 2 km of HIGHER_RELEVANCE facility: Manufacturing & Industrial Works (ROPE Enterprises Pvt Ltd); Moderate FRP=3.0 MW; Landcover=Tree cover,UNVERIFIED,Other/Unclassified,CLOUD_REJECTED,True,Post cloud-rejected (Valid surface pixel coverage too low: 40.7% (threshold: 70.0%)); pre: MISSING_PRODUCT,1000m x 1000m,50x50,"SCL, B04, B08, B11, B12",,,,,,MISSING_PRODUCT,No usable pre-event product was matched in catalogue search.,2024-12-18T05:11:29.024000Z,4e35eebf-bdb7-4e0b-817c-599f13f5dbc2,S2B_MSIL2A_20241218T051129_N0511_R019_T43PHL_20241218T094845.SAFE,T43PHL,26.198825,CLOUD_REJECTED,Valid surface pixel coverage too low: 40.7% (threshold: 70.0%),,50x50,"SCL, B04, B08, B11, B12",,,,,,2024-12-18T05:11:29.024000Z,50x50,"SCL, B04, B08, B11, B12",1018.0,40.72,SUCCESS,,2500.0,,0.5120528365903327,,0.5110993432584554,,0.0788231516208372,,0.2127589608681354,,0.8101556519520285,,0.2136837704685918,,0.2155139899729801,,0.0884366224301473,,-0.1064049586776859,,0.5510713542750156,,0.0074138080030192,,0.0077484028329139,,0.0683523452132079,,-0.2476625353337682,,0.2957942301007994,,0.6565139772158706,,0.6506454733484714,,0.0442691221496761,,789.5186640471513,,2455.2003929273083,,2410.696463654224,,1586.1905697445973,MISSING_PRE,Pre Step 3A features are unusable (status: NONE).,,,,,,,,,,,,,,,,,2026-09-05T16:29:28Z,CLOUD_REJECTED,"[77.87662,9.66948,77.88574,9.67846]",19610.0,True,True,Agricultural Burning,,VERIFIED,,Agricultural Burning,True,medium,Absent,Unambiguous direct match or syntactic/case variation,True,Agricultural Burning,1,0,1,3
FIRMS_TN_0138,138,2024-12-16,802,2024-12-16T08:00,11.48131,77.4594,N20,VIIRS_N20,VIIRS,8.59,342.79,300.67,42.120000000000005,0.0250590740686717,2.2607208888953467,n,1.0,D,1,0,0,1,1,0,8.59,342.79,0,1,1.5925764079782094,2.749244022800172,40,Cropland,COVERED,2295.5884972236377,2.295588497223638,1440947503,node,Coirmedia,Industrial Works,Manufacturing & Industrial Works,HIGHER_RELEVANCE,0,0,0,1,1,2295.5884972236377,2.295588497223638,1440947503,Coirmedia,Manufacturing & Industrial Works,0,0,0,1,1,0.5351102212728059,HIGH,False,Within 5 km of HIGHER_RELEVANCE facility: Manufacturing & Industrial Works (Coirmedia); High FRP=8.6 MW; Landcover=Cropland,UNVERIFIED,Other/Unclassified,PARTIAL_POST_ONLY,True,Post successful; pre unavailable: CLOUD_REJECTED (Valid surface pixel coverage too low: 47.8% (threshold: 70.0%)),1000m x 1000m,50x50,"SCL, B04, B08, B11, B12",2024-12-08T05:11:19.024000Z,74929c06-ad5d-47ca-b889-54bda6b13eb8,S2B_MSIL2A_20241208T051119_N0511_R019_T43PGN_20241208T075639.SAFE,T43PGN,34.568959,CLOUD_REJECTED,Valid surface pixel coverage too low: 47.8% (threshold: 70.0%),2024-12-18T05:11:29.024000Z,21ce1078-4d36-419b-b0d1-bd2e221808b5,S2B_MSIL2A_20241218T051129_N0511_R019_T43PGN_20241218T094845.SAFE,T43PGN,17.029287,REAL_CDSE_SUCCESS,,2024-12-08T05:11:19.024000Z,50x50,"SCL, B04, B08, B11, B12",1196.0,47.84,SUCCESS,"[77.45482,11.47682,77.46398,11.48580]",20005.0,2024-12-18T05:11:29.024000Z,50x50,"SCL, B04, B08, B11, B12",2473.0,98.92,SUCCESS,2500.0,2500.0,0.3813396840103805,0.4872114413530264,0.3461886643487545,0.4640122511485451,0.1301880398741061,0.1615904776921983,0.0386597938144329,0.0627755616208272,0.7685447030672178,0.8749437696806118,0.080233767688034,0.226668927588908,0.0277662847879108,0.2277005826983415,0.1854159454409099,0.2154820268924575,-0.2801285484734869,-0.2884864165588616,0.6695812241141279,0.7458033573141487,-0.0821667153089192,0.0378691669616909,-0.1257102064967238,0.0275756415166602,0.1444650933796988,0.1705751288597621,-0.3138979643126414,-0.3433103861119425,0.4247005694089927,0.4920812371902366,0.7177970878144186,0.6706426504197149,0.7382275360996287,0.6666666666666666,0.0831256579902961,0.0980366991794539,1199.4339464882944,771.2721391023049,2665.367892976589,2311.1496158511927,3207.160535117057,2167.48726243429,2346.351170568562,1490.733926405176,INSUFFICIENT_VALID_DATA,"Valid pixel coverage too low: pre=47.8%, post=98.9% (threshold=70.0%).",,,,,,,,,,,,,,,,,2026-09-05T16:31:03Z,,"[77.45482,11.47682,77.46398,11.48580]",19357.0,True,True,Agricultural Burning,,VERIFIED,,Agricultural Burning,True,,Absent,Unambiguous direct match or syntactic/case variation,True,Agricultural Burning,0,0,1,0
FIRMS_TN_0142,142,2024-12-16,2036,2024-12-16T20:00,11.20212,77.56716,N20,VIIRS_N20,VIIRS,1.93,318.27,289.9,28.370000000000005,0.0060640336820938,1.075002423028976,n,1.0,N,0,0,0,15,8,1,15.08,308.0466666666667,0,0,1.4285052447132962,1.9937988538731808,60,Bare/sparse vegetation,COVERED,290.05405586036164,0.2900540558603616,823591866,way,,Mining,Mining & Quarry,HIGHER_RELEVANCE,1,1,1,1,1,290.05405586036164,0.2900540558603616,823591866,,Mining & Quarry,1,1,1,1,1,0.524639241213483,HIGH,False,Within 500 m of HIGHER_RELEVANCE facility: Mining & Quarry; Low FRP=1.93 MW; Recurring detection (8 active days); Landcover=Bare/sparse vegetation,UNVERIFIED,Other/Unclassified,CLOUD_REJECTED,True,Both pre and post observations rejected due to cloud/shadow cover.,1000m x 1000m,50x50,"SCL, B04, B08, B11, B12",2024-12-08T05:11:19.024000Z,74929c06-ad5d-47ca-b889-54bda6b13eb8,S2B_MSIL2A_20241208T051119_N0511_R019_T43PGN_20241208T075639.SAFE,T43PGN,34.568959,CLOUD_REJECTED,Valid surface pixel coverage too low: 28.0% (threshold: 70.0%),2024-12-18T05:11:29.024000Z,21ce1078-4d36-419b-b0d1-bd2e221808b5,S2B_MSIL2A_20241218T051129_N0511_R019_T43PGN_20241218T094845.SAFE,T43PGN,17.029287,CLOUD_REJECTED,Valid surface pixel coverage too low: 0.4% (threshold: 70.0%),2024-12-08T05:11:19.024000Z,50x50,"SCL, B04, B08, B11, B12",700.0,28.0,SUCCESS,"[77.56258,11.19763,77.57174,11.20661]",20294.0,2024-12-18T05:11:29.024000Z,50x50,"SCL, B04, B08, B11, B12",11.0,0.44,SUCCESS,2500.0,2500.0,0.5394944899270726,0.5937900514119332,0.5953079933850256,0.6139630390143738,0.1539265129613803,0.0534605067757619,0.0237261765849863,0.4530236451140406,0.7551744529863986,0.6635304659498208,0.3509022034654717,0.2934178951625883,0.4139428205145334,0.3047279792746113,0.1750607268945362,0.0486492902594912,-0.1825359962842545,0.1866028708133971,0.6691761669176167,0.3680483232659862,0.1272879781422711,0.0712039202722295,0.1509150059772714,0.0657627118644067,0.0999065269616272,0.039206471157638,-0.2014519056261343,0.014018691588785,0.386952636282395,0.1379071379071379,0.6203107523914623,0.6305296699524905,0.5622425433882265,0.6402476780185758,0.1329221988501161,0.0410490441801195,939.9014285714286,890.0909090909091,3240.188571428572,3484.6363636363635,2469.4142857142856,3021.909090909091,1537.928571428571,1910.909090909091,INSUFFICIENT_VALID_DATA,"Valid pixel coverage too low: pre=28.0%, post=0.4% (threshold=70.0%).",,,,,,,,,,,,,,,,,2026-09-05T16:31:36Z,CLOUD_REJECTED,"[77.56258,11.19763,77.57174,11.20661]",20742.0,True,True,Persistent Industrial Thermal Source,,VERIFIED,,Persistent Industrial Thermal Source,True,,Present(Sand mining),Unambiguous direct match or syntactic/case variation,True,Industrial Thermal Activity,0,0,1,2
FIRMS_TN_0148,148,2024-12-19,1938,2024-12-19T19:00,12.64918,77.90309,N20,VIIRS_N20,VIIRS,5.7,336.44,285.87,50.56999999999999,0.016942099631435,1.9021075263969205,n,1.0,N,0,0,0,2,2,0,6.23,320.055,0,0,1.1808353926418105,1.4830025418993564,30,Grassland,FAILED_TILE,56461.7103287743,56.4617103287743,425335457,way,Palavadi,Other Industrial,Substation & Electrical Infrastructure,CAUTION_LOWER_RELEVANCE,0,0,0,0,0,72890.73280869151,72.89073280869151,1536206840,HPCL Dharmapuri Terminal,"Oil, Gas & Chemical",0,0,0,0,0,0.357961905525027,MEDIUM,False,FAILED_TILE: OSM coverage unavailable - industrial context unknown; High FRP=5.7 MW; Landcover=Grassland,UNVERIFIED,Other/Unclassified,PARTIAL_PRE_ONLY,True,Pre successful; post unavailable: CLOUD_REJECTED (Valid surface pixel coverage too low: 0.0% (threshold: 70.0%)),1000m x 1000m,50x50,"SCL, B04, B08, B11, B12",2024-12-08T05:11:19.024000Z,2c0a152b-b4d1-4448-b8c2-cff46a19dc16,S2B_MSIL2A_20241208T051119_N0511_R019_T43PHQ_20241208T075639.SAFE,T43PHQ,5.368818,REAL_CDSE_SUCCESS,,2024-12-23T05:12:31.024000Z,53838768-4007-47d5-91e7-a760509a1dfe,S2A_MSIL2A_20241223T051231_N0511_R019_T43PHQ_20241223T084549.SAFE,T43PHQ,2.719706,CLOUD_REJECTED,Valid surface pixel coverage too low: 0.0% (threshold: 70.0%),2024-12-08T05:11:19.024000Z,50x50,"SCL, B04, B08, B11, B12",2497.0,99.88,SUCCESS,"[77.89849,12.64469,77.90769,12.65367]",18951.0,2024-12-23T05:12:31.024000Z,50x50,"SCL, B04, B08, B11, B12",0.0,0.0,ALL_PIXELS_MASKED,2500.0,2500.0,0.6748790224643405,,0.7243675099866844,,0.1596673307145642,,-0.3121951219512195,,0.8826432684398136,,0.3810148550895643,,0.4171230902277313,,0.1602719924343353,,-0.1890718292020987,,0.6509554140127388,,0.119714699335269,,0.1365231849251801,,0.1074836398023328,,-0.2547124214596423,,0.3473813420621931,,0.5660271611832642,,0.5384243595940068,,0.0964050587616643,,537.8410092110532,,2649.507008410092,,2103.3584301161395,,1226.1786143372046,,MISSING_POST,Post Step 3A features are unusable (status: ALL_PIXELS_MASKED).,,,,,,,,,,,,,,,,,2026-09-05T16:32:20Z,,"[77.89849,12.64469,77.90769,12.65367]",19121.0,True,True,Natural/Forest Fire,,VERIFIED,,Natural/Forest Fire,True,,,Unambiguous direct match or syntactic/case variation,True,Natural / Wildfire / Other,0,1,1,3
FIRMS_TN_0151,151,2024-12-20,826,2024-12-20T08:00,11.44777,77.46694,N20,VIIRS_N20,VIIRS,9.86,354.99,300.5,54.49000000000001,0.027775430293811,2.385086314505789,n,1.0,D,1,0,0,2,1,0,16.54,353.31,1,1,2.383637886262311,3.3056892410507035,10,Tree cover,COVERED,1615.1911283383236,1.6151911283383236,1440947503,node,Coirmedia,Industrial Works,Manufacturing & Industrial Works,HIGHER_RELEVANCE,0,0,1,1,1,1615.1911283383236,1.6151911283383236,1440947503,Coirmedia,Manufacturing & Industrial Works,0,0,1,1,1,0.5584486921109824,HIGH,False,Within 2 km of HIGHER_RELEVANCE facility: Manufacturing & Industrial Works (Coirmedia); High FRP=9.9 MW; Landcover=Tree cover,UNVERIFIED,Other/Unclassified,PARTIAL_PRE_ONLY,True,Pre successful; post unavailable: MISSING_PRODUCT (No usable post-event product was matched in catalogue search.),1000m x 1000m,50x50,"SCL, B04, B08, B11, B12",2024-12-18T05:11:29.024000Z,21ce1078-4d36-419b-b0d1-bd2e221808b5,S2B_MSIL2A_20241218T051129_N0511_R019_T43PGN_20241218T094845.SAFE,T43PGN,17.029287,REAL_CDSE_SUCCESS,,,,,,,MISSING_PRODUCT,No usable post-event product was matched in catalogue search.,2024-12-18T05:11:29.024000Z,50x50,"SCL, B04, B08, B11, B12",2493.0,99.72,SUCCESS,"[77.46236,11.44328,77.47152,11.45226]",19364.0,,50x50,"SCL, B04, B08, B11, B12",,,,2500.0,,0.5478570096591503,,0.5937683715461494,,0.1931349359443411,,-0.1997679365693289,,0.8978494623655914,,0.2622839694611419,,0.2727764260610976,,0.2317789780349741,,-0.4557411548073129,,0.7393629953805009,,0.0799376936249509,,0.0822437789962041,,0.166186615278288,,-0.4853556485355648,,0.4947764312578354,,0.6783084188169483,,0.6679470763977806,,0.1324164703936799,,762.3874849578821,,2596.249498596069,,2208.995587645408,,1547.3285198555957,,MISSING_POST,Post Step 3A features are unusable (status: NONE).,,,,,,,,,,,,,,,,,2026-09-05T16:32:36Z,,,,True,True,Agricultural Burning,,VERIFIED,, Agricultural Burning,True,,Absent,Unambiguous direct match or syntactic/case variation,True,Agricultural Burning,0,1,1,0
FIRMS_TN_0157,157,2024-12-21,807,2024-12-21T08:00,11.10388,77.42687,N20,VIIRS_N20,VIIRS,2.59,333.35,297.89,35.46000000000004,0.007769611519424,1.2781522025001877,n,1.0,D,1,0,0,1,1,0,2.59,333.35,0,0,0.9804763788796912,0.1203689759472669,50,Built-up,COVERED,870.6978560876358,0.8706978560876358,985084087,way,,Mining,Mining & Quarry,HIGHER_RELEVANCE,0,1,1,1,1,870.6978560876358,0.8706978560876358,985084087,,Mining & Quarry,0,1,1,1,1,0.4748806447054741,MEDIUM,False,Within 2 km of HIGHER_RELEVANCE facility: Mining & Quarry; Moderate FRP=2.6 MW; Landcover=Built-up,UNVERIFIED,Other/Unclassified,PARTIAL_PRE_ONLY,True,Pre successful; post unavailable: MISSING_PRODUCT (No usable post-event product was matched in catalogue search.),1000m x 1000m,50x50,"SCL, B04, B08, B11, B12",2024-12-18T05:11:29.024000Z,21ce1078-4d36-419b-b0d1-bd2e221808b5,S2B_MSIL2A_20241218T051129_N0511_R019_T43PGN_20241218T094845.SAFE,T43PGN,17.029287,REAL_CDSE_SUCCESS,,,,,,,MISSING_PRODUCT,No usable post-event product was matched in catalogue search.,2024-12-18T05:11:29.024000Z,50x50,"SCL, B04, B08, B11, B12",2079.0,83.16,SUCCESS,"[77.42229,11.09939,77.43145,11.10837]",19241.0,,50x50,"SCL, B04, B08, B11, B12",,,,2500.0,,0.4939657215592513,,0.5212731406300747,,0.1447498617327217,,-0.0304130730821606,,0.7820091923834537,,0.2161151460089657,,0.2172284644194756,,0.1606367406037688,,-0.23990992551533,,0.6930444697833523,,0.037340501317287,,0.0297179632784402,,0.1070228728836645,,-0.2483362521891418,,0.4271434063821607,,0.6937575575381606,,0.677760375880971,,0.1058425805567424,,933.8455988455988,,2725.4718614718613,,2527.2765752765754,,1781.7344877344876,,MISSING_POST,Post Step 3A features are unusable (status: NONE).,,,,,,,,,,,,,,,,,2026-09-05T16:33:05Z,,,,True,True,Agricultural Burning,,VERIFIED,,agricultural Burning,True,,Absent,Unambiguous direct match or syntactic/case variation,True,Agricultural Burning,0,1,1,0
FIRMS_TN_0158,158,2024-12-21,807,2024-12-21T08:00,10.74081,77.85687,N20,VIIRS_N20,VIIRS,0.91,332.06,297.42,34.639999999999986,0.0027404685900138,0.6471032420585384,n,1.0,D,1,0,0,1,1,0,0.91,332.06,0,0,0.8968313537168626,-0.6157160371715463,30,Grassland,COVERED,1180.3066976229843,1.1803066976229843,9118032962,node,,Power Plant,Power Plant,HIGHER_RELEVANCE,0,0,1,1,1,1180.3066976229843,1.1803066976229843,9118032962,,Power Plant,0,0,1,1,1,0.4409120446114248,MEDIUM,False,Within 2 km of HIGHER_RELEVANCE facility: Power Plant; Low FRP=0.91 MW; Landcover=Grassland,UNVERIFIED,Other/Unclassified,CLOUD_REJECTED,True,Pre cloud-rejected (Valid surface pixel coverage too low: 0.4% (threshold: 70.0%)); post: MISSING_PRODUCT,1000m x 1000m,50x50,"SCL, B04, B08, B11, B12",2024-12-18T05:11:29.024000Z,b2c54ae7-c936-434b-9a23-6a44ff0240db,S2B_MSIL2A_20241218T051129_N0511_R019_T43PHM_20241218T094845.SAFE,T43PHM,23.334935,CLOUD_REJECTED,Valid surface pixel coverage too low: 0.4% (threshold: 70.0%),,,,,,MISSING_PRODUCT,No usable post-event product was matched in catalogue search.,2024-12-18T05:11:29.024000Z,50x50,"SCL, B04, B08, B11, B12",9.0,0.36,SUCCESS,"[77.85230,10.73632,77.86144,10.74530]",18380.0,,50x50,"SCL, B04, B08, B11, B12",,,,2500.0,,0.5181575845106398,,0.5264852209540533,,0.0535038091032956,,0.4314323030039181,,0.5870122472230134,,0.2435377944516462,,0.2452922474932746,,0.0685330110448257,,0.1007905138339921,,0.3422542460113227,,0.1206008305591839,,0.1316146540027137,,0.0422228739591816,,0.0257826887661141,,0.1710821733273462,,0.7770111968316855,,0.8057441253263707,,0.073189179470476,,862.4444444444445,,2674.6666666666665,,2094.777777777778,,1623.0,,MISSING_POST,Post Step 3A features are unusable (status: NONE).,,,,,,,,,,,,,,,,,2026-09-05T16:33:10Z,CLOUD_REJECTED,,,True,True,Agricultural Burning,,VERIFIED,,agricultural Burning,True,,Absent,Unambiguous direct match or syntactic/case variation,True,Agricultural Burning,0,1,1,4
FIRMS_TN_0161,161,2024-12-22,748,2024-12-22T07:00,8.57614,77.6655,N20,VIIRS_N20,VIIRS,5.01,340.7,296.14,44.56,0.014705019078368,1.7934247485471162,n,1.0,D,1,0,0,1,1,0,5.01,340.7,0,0,1.4570584989934718,1.180681911511272,50,Built-up,FAILED_TILE,49703.83474294651,49.703834742946505,758873221,way,,Mining,Mining & Quarry,HIGHER_RELEVANCE,0,0,0,0,0,49703.83474294651,49.703834742946505,758873221,,Mining & Quarry,0,0,0,0,0,0.3566105868197348,MEDIUM,False,FAILED_TILE: Tuticorin region - major port/industrial zone with no OSM coverage; High FRP=5.0 MW; Landcover=Built-up,UNVERIFIED,Other/Unclassified,PARTIAL_PRE_ONLY,True,Pre successful; post unavailable: CLOUD_REJECTED (Valid surface pixel coverage too low: 17.1% (threshold: 70.0%)),1000m x 1000m,50x50,"SCL, B04, B08, B11, B12",2024-12-18T05:11:29.024000Z,2b37db1d-b2c0-4cd1-8408-b68bc19fe929,S2B_MSIL2A_20241218T051129_N0511_R019_T43PGK_20241218T094845.SAFE,T43PGK,30.933607,REAL_CDSE_SUCCESS,,2024-12-23T05:12:31.024000Z,19633f75-a53d-4344-8724-0d7c64bcc231,S2A_MSIL2A_20241223T051231_N0511_R019_T43PGK_20241223T084549.SAFE,T43PGK,13.879074,CLOUD_REJECTED,Valid surface pixel coverage too low: 17.1% (threshold: 70.0%),2024-12-18T05:11:29.024000Z,50x50,"SCL, B04, B08, B11, B12",2165.0,86.6,SUCCESS,"[77.66096,8.57165,77.67004,8.58063]",18676.0,2024-12-23T05:12:31.024000Z,50x50,"SCL, B04, B08, B11, B12",427.0,17.08,SUCCESS,2500.0,2500.0,0.4998543936093378,0.4876788335010946,0.5358462675535847,0.4996966632962588,0.1442708972512894,0.1167850329756806,-0.1181862035697057,0.1315892229597813,0.8012170385395537,0.75039637599094,0.3325216072034127,0.2710120710155088,0.3305996924654024,0.2791023842917251,0.1364518276783463,0.1131264388765721,-0.1008215085884988,-0.036292383711024,0.7272212790039615,0.634584755403868,0.1022425133210039,0.0568404308838265,0.0834217788155381,0.0469037400367872,0.1135305240684462,0.085161191970251,-0.198461045206797,-0.1375419335163159,0.5733333333333334,0.3794162826420891,0.6103530236635414,0.6417775140524801,0.5972222222222222,0.62532722513089,0.0664459551638406,0.0702562919673838,766.9140877598153,1055.7447306791569,2370.075750577367,3057.334894613583,1940.4826789838337,2732.2693208430915,1194.0568129330254,1766.2131147540983,INSUFFICIENT_VALID_DATA,"Valid pixel coverage too low: pre=86.6%, post=17.1% (threshold=70.0%).",,,,,,,,,,,,,,,,,2026-09-05T16:33:24Z,,"[77.66096,8.57165,77.67004,8.58063]",19928.0,True,True,Agricultural Burning,,VERIFIED,,Biomass / Agricultural Burning,True,,,Unambiguous direct match or syntactic/case variation,True,Agricultural Burning,0,0,1,4
FIRMS_TN_0176,176,2024-12-27,754,2024-12-27T07:00,10.76445,78.79064,N20,VIIRS_N20,VIIRS,4.52,338.28,294.36,43.91999999999996,0.0133617121910843,1.7083778602890038,n,1.0,D,1,0,0,1,1,0,4.52,338.28,0,0,1.3001430254321982,0.965990449351618,10,Tree cover,COVERED,501.0030636662363,0.5010030636662363,906637570,way,,Industrial Works,Manufacturing & Industrial Works,HIGHER_RELEVANCE,0,1,1,1,1,501.0030636662363,0.5010030636662363,906637570,,Manufacturing & Industrial Works,0,1,1,1,1,0.5088107508796644,HIGH,False,Within 2 km of HIGHER_RELEVANCE facility: Manufacturing & Industrial Works; Moderate FRP=4.5 MW; Landcover=Tree cover,UNVERIFIED,Other/Unclassified,PARTIAL_POST_ONLY,True,Post successful; pre unavailable: CLOUD_REJECTED (Valid surface pixel coverage too low: 8.7% (threshold: 70.0%)),1000m x 1000m,50x50,"SCL, B04, B08, B11, B12",2024-12-23T05:12:31.024000Z,0b0a4415-e34e-4cd1-83a1-fbdde3164077,S2A_MSIL2A_20241223T051231_N0511_R019_T44PKT_20241223T084549.SAFE,T44PKT,24.450816,CLOUD_REJECTED,Valid surface pixel coverage too low: 8.7% (threshold: 70.0%),2025-01-02T05:12:21.024000Z,d5e5bf49-413a-40b5-852c-71d20a937965,S2A_MSIL2A_20250102T051221_N0511_R019_T44PKT_20250102T080951.SAFE,T44PKT,32.14345,REAL_CDSE_SUCCESS,,2024-12-23T05:12:31.024000Z,50x50,"SCL, B04, B08, B11, B12",218.0,8.72,SUCCESS,"[78.78607,10.75996,78.79521,10.76894]",20373.0,2025-01-02T05:12:21.024000Z,50x50,"SCL, B04, B08, B11, B12",2480.0,99.2,SUCCESS,2500.0,2500.0,0.4938243192762346,0.4469799053411094,0.4705638480458838,0.4487943756329742,0.1981060689432931,0.1830016739933802,0.1992945326278659,-0.029680874804731,0.7986928104575164,0.8049129501550203,0.2017422278362553,0.1075573437008819,0.1574062147997174,0.1583264277640572,0.2906082597919473,0.3241017977157408,-0.3054464743042513,-0.5763610500452606,0.6459909228441755,0.6654929577464789,0.068998677105704,0.0045887942762034,0.0414375993923296,0.0334478033630436,0.1699522817134723,0.1953176958977698,-0.2422464375523889,-0.4679009861139062,0.3627681227493345,0.3932253313696612,0.7675030003136325,0.8378270871051386,0.7910937410491751,0.773663961210077,0.2254912859559449,0.2680411402096978,1379.2614678899083,1109.8435483870967,3674.119266055046,2671.95,3450.7522935779816,2995.5431451612903,2972.5366972477063,2958.8875,INSUFFICIENT_VALID_DATA,"Valid pixel coverage too low: pre=8.7%, post=99.2% (threshold=70.0%).",,,,,,,,,,,,,,,,,2026-09-05T16:34:39Z,,"[78.78607,10.75996,78.79521,10.76894]",20003.0,True,True,Persistent Industrial Thermal Source,,VERIFIED,,Presistent Industrial Themal Souce,True,,Present,Unambiguous direct match or syntactic/case variation,True,Industrial Thermal Activity,0,0,1,1
FIRMS_TN_0188,188,2024-12-28,2010,2024-12-28T20:00,13.39401,80.10009,N20,VIIRS_N20,VIIRS,1.64,312.26,293.73,18.529999999999973,0.0052520335617754,0.9707789171582248,n,1.0,N,0,0,0,21,10,1,22.85,306.8885714285714,0,0,1.38159973168257,0.9836074666294364,30,Grassland,FAILED_TILE,137609.35115213177,137.60935115213178,202465563,way,,Other Industrial,Industrial Area / Zone,GENERAL_CONTEXT,0,0,0,0,0,139149.77357783445,139.14977357783445,1026841614,,Mining & Quarry,0,0,0,0,0,0.3682985193773631,MEDIUM,False,FAILED_TILE: Chennai/Ennore coast - high-density industrial region with no OSM coverage; Low FRP=1.64 MW; Persistent location (active 10 days); Landcover=Grassland,UNVERIFIED,Other/Unclassified,PARTIAL_POST_ONLY,True,Post successful; pre unavailable: MISSING_PRODUCT (No usable pre-event product was matched in catalogue search.),1000m x 1000m,50x50,"SCL, B04, B08, B11, B12",,,,,,MISSING_PRODUCT,No usable pre-event product was matched in catalogue search.,2025-01-04T05:01:19.024000Z,f35ac237-1aaf-4d96-ae50-29f9ec96ea20,S2B_MSIL2A_20250104T050119_N0511_R119_T44PMV_20250104T132122.SAFE,T44PMV,14.188427,REAL_CDSE_SUCCESS,,,50x50,"SCL, B04, B08, B11, B12",,,,,,2025-01-04T05:01:19.024000Z,50x50,"SCL, B04, B08, B11, B12",1847.0,73.88,SUCCESS,,2500.0,,0.5048601707999579,,0.5574683544303798,,0.1758220057793796,,-0.156816390858944,,0.7786139855754155,,0.3089590339319359,,0.3524004085801838,,0.1992587479580873,,-0.5085547870404077,,0.6080782581255917,,0.1018369426103115,,0.1139240506329113,,0.1300636277109192,,-0.4930529478032294,,0.3674649050371594,,0.6481161131156707,,0.6050119331742243,,0.1408700425253039,,630.2019491066594,,1925.2030319436924,,1590.527341635084,,1071.383865728208,MISSING_PRE,Pre Step 3A features are unusable (status: NONE).,,,,,,,,,,,,,,,,,2026-09-05T16:35:38Z,,"[80.09547,13.38952,80.10471,13.39850]",18609.0,True,True,Persistent Industrial Thermal Source,,VERIFIED,,Persistent Industrial Thermal Source,True,,,Unambiguous direct match or syntactic/case variation,True,Industrial Thermal Activity,1,0,1,0
FIRMS_TN_0197,197,2024-12-31,820,2024-12-31T08:00,12.26136,77.4773,N20,VIIRS_N20,VIIRS,10.24,348.28,303.57,44.70999999999998,0.0294016308717124,2.419478844465545,n,1.0,D,1,0,0,2,1,0,13.37,342.99,0,1,1.948554073206052,3.472184660684721,10,Tree cover,FAILED_TILE,15831.010216118271,15.831010216118273,1467381349,way,,Other Industrial,Substation & Electrical Infrastructure,CAUTION_LOWER_RELEVANCE,0,0,0,0,0,15843.27147070533,15.843271470705329,13570496,,Power Plant,0,0,0,0,0,0.3669057392454607,MEDIUM,False,FAILED_TILE: OSM coverage unavailable - industrial context unknown; Very high FRP=10.2 MW; Landcover=Tree cover,UNVERIFIED,Other/Unclassified,CLOUD_REJECTED,True,Both pre and post observations rejected due to cloud/shadow cover.,1000m x 1000m,50x50,"SCL, B04, B08, B11, B12",2024-12-18T05:11:29.024000Z,c5aff039-684f-4096-a1ab-06f34d975338,S2B_MSIL2A_20241218T051129_N0511_R019_T43PGP_20241218T094845.SAFE,T43PGP,27.453274,CLOUD_REJECTED,Valid surface pixel coverage too low: 54.3% (threshold: 70.0%),2025-01-02T05:12:21.024000Z,878e6aa0-eafe-4664-97fa-6ae718507e18,S2A_MSIL2A_20250102T051221_N0511_R019_T43PGP_20250102T080951.SAFE,T43PGP,17.046934,CLOUD_REJECTED,Valid surface pixel coverage too low: 51.7% (threshold: 70.0%),2024-12-18T05:11:29.024000Z,50x50,"SCL, B04, B08, B11, B12",1358.0,54.32,SUCCESS,"[77.47270,12.25687,77.48190,12.26585]",18890.0,2025-01-02T05:12:21.024000Z,50x50,"SCL, B04, B08, B11, B12",1292.0,51.68,SUCCESS,2500.0,2500.0,0.5255787798042807,0.53628640669922,0.5301879857157029,0.5367830489215459,0.0572441571158262,0.071679901930362,0.354181307097681,0.2906903103229892,0.6633499170812603,0.7596003746487667,0.2768383455925871,0.2378400473533879,0.27734583000828,0.2363398972674905,0.0738305173461568,0.0922103435848156,0.029126213592233,-0.088871096877502,0.5124954726548352,0.5424192665571976,0.0249979175709997,-0.0094751148989522,0.0218098737132355,-0.0131814403523048,0.0608915820390588,0.071543537218693,-0.1635374149659864,-0.228030303030303,0.2794490757520841,0.2739602169981917,0.5943249856775663,0.6027162835951955,0.5943447696833136,0.5989671081018288,0.0332008042200252,0.0413666983639187,634.0095729013254,559.7383900928793,2042.481590574374,1871.7739938080488,1942.1266568483063,1889.6308049535603,1156.181148748159,1136.969814241486,INSUFFICIENT_VALID_DATA,"Valid pixel coverage too low: pre=54.3%, post=51.7% (threshold=70.0%).",,,,,,,,,,,,,,,,,2026-09-05T16:36:28Z,CLOUD_REJECTED,"[77.47270,12.25687,77.48190,12.26585]",18502.0,True,True,Natural/Forest Fire,,VERIFIED,,NAtural/Forest Fire,True,,,Unambiguous direct match or syntactic/case variation,True,Natural / Wildfire / Other,0,0,1,2
FIRMS_TN_0200,200,2024-12-31,2053,2024-12-31T20:00,11.78081,77.7215,N20,VIIRS_N20,VIIRS,0.76,306.42,290.2,16.220000000000027,0.0024802558579727,0.5653138090500605,n,1.0,N,0,0,0,1,1,0,0.76,306.42,0,0,-0.7656945727752986,-0.6814379133428691,40,Cropland,COVERED,5949.818790234501,5.9498187902345006,876239831,way,,Mining,Mining & Quarry,HIGHER_RELEVANCE,0,0,0,0,1,5949.818790234501,5.9498187902345006,876239831,,Mining & Quarry,0,0,0,0,1,0.3230472736537606,MEDIUM,False,Far from industrial facilities (5.9 km to nearest); Low FRP=0.76 MW; Landcover=Cropland,UNVERIFIED,Other/Unclassified,REAL_CDSE_SUCCESS,True,,1000m x 1000m,50x50,"SCL, B04, B08, B11, B12",2024-12-18T05:11:29.024000Z,c5aff039-684f-4096-a1ab-06f34d975338,S2B_MSIL2A_20241218T051129_N0511_R019_T43PGP_20241218T094845.SAFE,T43PGP,27.453274,REAL_CDSE_SUCCESS,,2025-01-02T05:12:21.024000Z,878e6aa0-eafe-4664-97fa-6ae718507e18,S2A_MSIL2A_20250102T051221_N0511_R019_T43PGP_20250102T080951.SAFE,T43PGP,17.046934,REAL_CDSE_SUCCESS,,2024-12-18T05:11:29.024000Z,50x50,"SCL, B04, B08, B11, B12",2500.0,100.0,SUCCESS,"[77.71691,11.77632,77.72609,11.78530]",18891.0,2025-01-02T05:12:21.024000Z,50x50,"SCL, B04, B08, B11, B12",2500.0,100.0,SUCCESS,2500.0,2500.0,0.5721919948599988,0.5584351527415575,0.6002583313314115,0.5785934335107635,0.1241147862744205,0.1035136506355135,0.1009924109748978,0.1645454545454545,0.8080536912751678,0.7923604309500489,0.3025459834000842,0.3415080677777197,0.316954544806667,0.3564156762055433,0.1431141278297943,0.129362157238006,-0.1487179487179487,-0.1008861622358554,0.6708703741988836,0.6635651322233105,0.086875832455765,0.1192613581630116,0.0878037204671999,0.1172925088370752,0.0994815145717947,0.0928126594377238,-0.1962971754094469,-0.1797979797979798,0.4013384708983979,0.3990939044481054,0.6347702123777718,0.6208316776534277,0.6196182256300491,0.6057083382514632,0.0864171565822497,0.0774656495960962,683.622,768.3352,2523.3528,2738.1516,2113.9224,2142.788,1357.0256,1341.8088,SUCCESS,,-0.0137568421184413,0.0137568421184413,-0.0216648978206479,0.0216648978206479,0.0389620843776355,0.0389620843776355,0.0394611313988763,0.0394611313988763,0.0323855257072466,0.0323855257072466,0.0294887883698753,0.0294887883698753,-0.013938534724344,0.013938534724344,-0.0139098873785858,0.0139098873785858,2026-09-05T16:36:43Z,,"[77.71691,11.77632,77.72609,11.78530]",18915.0,True,True,Agricultural Burning,,VERIFIED,,Agricultural Burning,True,,,Unambiguous direct match or syntactic/case variation,True,Agricultural Burning,0,0,0,4
FIRMS_TN_0205,205,2025-01-01,800,2025-01-01T08:00,8.98492,77.60124,N20,VIIRS_N20,VIIRS,8.35,341.7,303.02,38.68000000000001,0.0244366403277729,2.2353763433005955,n,1.0,D,1,0,0,1,1,0,8.35,341.7,0,1,1.5218996037708572,2.644089020926056,30,Grassland,FAILED_TILE,36432.02552744043,36.43202552744043,3148284509,node,,Power Plant,Power Plant,HIGHER_RELEVANCE,0,0,0,0,0,36432.02552744043,36.43202552744043,3148284509,,Power Plant,0,0,0,0,0,0.371601010755203,MEDIUM,False,FAILED_TILE: Tuticorin region - major port/industrial zone with no OSM coverage; High FRP=8.3 MW; Landcover=Grassland,UNVERIFIED,Other/Unclassified,CLOUD_REJECTED,True,Both pre and post observations rejected due to cloud/shadow cover.,1000m x 1000m,50x50,"SCL, B04, B08, B11, B12",2024-12-28T05:11:29.024000Z,eeaa2a72-afb2-4552-9e4c-271196f54738,S2B_MSIL2A_20241228T051129_N0511_R019_T43PGK_20241228T071311.SAFE,T43PGK,32.635906,CLOUD_REJECTED,Valid surface pixel coverage too low: 0.0% (threshold: 70.0%),2025-01-02T05:12:21.024000Z,7e8c5844-9e32-46d0-8f20-de704f010986,S2A_MSIL2A_20250102T051221_N0511_R019_T43PGK_20250102T080951.SAFE,T43PGK,30.248123,CLOUD_REJECTED,Valid surface pixel coverage too low: 47.2% (threshold: 70.0%),2024-12-28T05:11:29.024000Z,50x50,"SCL, B04, B08, B11, B12",0.0,0.0,ALL_PIXELS_MASKED,"[77.59669,8.98043,77.60579,8.98941]",20378.0,2025-01-02T05:12:21.024000Z,50x50,"SCL, B04, B08, B11, B12",1180.0,47.2,SUCCESS,2500.0,2500.0,,0.4879711492425422,,0.5119583577278448,,0.0930574220000091,,0.2024382418992621,,0.6868427202617434,,0.3165451361610822,,0.3575646090707024,,0.1815166905453314,,-0.1724579663730985,,0.6446173800259404,,0.091621573991721,,0.1078415463118227,,0.1312199276910823,,-0.2287660862982589,,0.4347826086956521,,0.6178208972179753,,0.5889472145406702,,0.0952527480494725,,962.786440677966,,2801.947457627118,,2397.481355932204,,1532.2737288135593,MISSING_PRE,Pre Step 3A features are unusable (status: ALL_PIXELS_MASKED).,,,,,,,,,,,,,,,,,2026-09-05T16:37:13Z,CLOUD_REJECTED,"[77.59669,8.98043,77.60579,8.98941]",20087.0,True,True,Agricultural Burning,,VERIFIED,,Agricultural Burning,True,,,Unambiguous direct match or syntactic/case variation,True,Agricultural Burning,1,0,1,1
FIRMS_TN_0210,210,2025-01-01,802,2025-01-01T08:00,9.95182,77.59099,N20,VIIRS_N20,VIIRS,2.79,334.88,302.88,32.0,0.008331342570473,1.332366019094335,n,1.0,D,1,0,0,1,1,0,2.79,334.88,0,0,1.0796832691890892,0.2079981441756972,40,Cropland,COVERED,180.58017042174995,0.1805801704217499,3154159835,node,,Power Plant,Power Plant,HIGHER_RELEVANCE,1,1,1,1,1,180.58017042174995,0.1805801704217499,3154159835,,Power Plant,1,1,1,1,1,0.4729857570631663,MEDIUM,False,Within 500 m of HIGHER_RELEVANCE facility: Power Plant; Moderate FRP=2.8 MW; Landcover=Cropland,UNVERIFIED,Other/Unclassified,REAL_CDSE_SUCCESS,True,,1000m x 1000m,50x50,"SCL, B04, B08, B11, B12",2024-12-23T05:12:31.024000Z,a66773bb-844d-4617-91b3-1680cbbb6000,S2A_MSIL2A_20241223T051231_N0511_R019_T43PGM_20241223T084549.SAFE,T43PGM,23.948447,REAL_CDSE_SUCCESS,,2025-01-07T05:11:19.024000Z,986845cd-c43e-4074-8a09-a5ae2b1de58a,S2B_MSIL2A_20250107T051119_N0511_R019_T43PGM_20250107T080132.SAFE,T43PGM,23.937137,REAL_CDSE_SUCCESS,,2024-12-23T05:12:31.024000Z,50x50,"SCL, B04, B08, B11, B12",2211.0,88.44,SUCCESS,"[77.58643,9.94733,77.59555,9.95631]",19630.0,2025-01-07T05:11:19.024000Z,50x50,"SCL, B04, B08, B11, B12",2500.0,100.0,SUCCESS,2500.0,2500.0,0.5136716696303962,0.5184060966485167,0.531233595800525,0.529293678637463,0.144814535588226,0.1526110685541664,-0.2582025677603424,-0.2838167525074546,0.8392041748206132,0.8572992700729927,0.2849466042754355,0.2093304770387729,0.3003990119703591,0.2093353589374149,0.1703773008366352,0.1740383552205684,-0.2079283400038117,-0.2188552188552188,0.6821402747650036,0.6862160371106694,0.0694800107472641,0.0213196312360617,0.0766149223835753,0.0171910846950111,0.1258589819579278,0.1310954103975841,-0.2906639358252261,-0.2886743110038222,0.4137092853670394,0.4163651544670192,0.6343174015249138,0.677650145967085,0.6312956555171088,0.6763224627455249,0.0859655945014964,0.0825059939215274,868.3283582089553,939.2328,2781.4088647670737,2967.9508,2444.6802351876977,2854.1768,1585.9954771596565,1966.7744,SUCCESS,,0.0047344270181204,0.0047344270181204,-0.0019399171630619,0.0019399171630619,-0.0756161272366625,0.0756161272366625,-0.0910636530329442,0.0910636530329442,-0.0481603795112023,0.0481603795112023,-0.0594238376885642,0.0594238376885642,0.0433327444421711,0.0433327444421711,0.0450268072284161,0.0450268072284161,2026-09-05T16:37:40Z,,"[77.58643,9.94733,77.59555,9.95631]",19440.0,True,True,Agricultural Burning,,VERIFIED,,agricultural Burning,True,,Absent,Unambiguous direct match or syntactic/case variation,True,Agricultural Burning,0,0,0,0
FIRMS_TN_0211,211,2025-01-01,802,2025-01-01T08:00,10.33826,78.88723,N20,VIIRS_N20,VIIRS,3.52,333.68,299.81,33.870000000000005,0.0105490290098297,1.5085119938441398,n,1.0,D,1,0,0,1,1,0,3.52,333.68,0,0,1.0018739434562274,0.5278446082094673,20,Shrubland,COVERED,5070.475960950876,5.070475960950875,665737267,way,,Other Industrial,Generic Industrial Building,GENERAL_CONTEXT,0,0,0,0,1,9739.823679493464,9.739823679493464,1002131171,Nizam Supari Factory,Manufacturing & Industrial Works,0,0,0,0,1,0.3625905735451421,MEDIUM,False,Far from industrial facilities (5.1 km to nearest); Moderate FRP=3.5 MW; Landcover=Shrubland,UNVERIFIED,Other/Unclassified,PARTIAL_POST_ONLY,True,Post successful; pre unavailable: CLOUD_REJECTED (Valid surface pixel coverage too low: 0.0% (threshold: 70.0%)),1000m x 1000m,50x50,"SCL, B04, B08, B11, B12",2024-12-20T05:02:21.024000Z,df047092-99a5-47ca-9552-5e913089822a,S2A_MSIL2A_20241220T050221_N0511_R119_T44PKS_20241220T081558.SAFE,T44PKS,20.170763,CLOUD_REJECTED,Valid surface pixel coverage too low: 0.0% (threshold: 70.0%),2025-01-04T05:01:19.024000Z,bca36446-74e1-4599-a2bd-f54f86adfb43,S2B_MSIL2A_20250104T050119_N0511_R119_T44PKS_20250104T132122.SAFE,T44PKS,15.663011,REAL_CDSE_SUCCESS,,2024-12-20T05:02:21.024000Z,50x50,"SCL, B04, B08, B11, B12",0.0,0.0,ALL_PIXELS_MASKED,"[78.88266,10.33377,78.89180,10.34275]",18393.0,2025-01-04T05:01:19.024000Z,50x50,"SCL, B04, B08, B11, B12",2500.0,100.0,SUCCESS,2500.0,2500.0,,0.4037437179256513,,0.424400374138935,,0.2004569385261163,,0.0921619293712317,,0.8289504856669035,,0.1122645990633034,,0.0997339042642794,,0.1772657024212394,,-0.6942619360490583,,0.5712777191129884,,-0.0344587011605994,,-0.0491288619281764,,0.1083205818908581,,-0.4185755935027072,,0.2843120944934287,,0.7480141993824586,,0.7488491502499985,,0.1315669180962383,,1212.496,,2777.608,,2988.1196,,2279.7188,MISSING_PRE,Pre Step 3A features are unusable (status: ALL_PIXELS_MASKED).,,,,,,,,,,,,,,,,,2026-09-05T16:37:45Z,,"[78.88266,10.33377,78.89180,10.34275]",18768.0,True,True,Natural/Forest Fire,,VERIFIED,,Natural/Forest Fire,True,,,Unambiguous direct match or syntactic/case variation,True,Natural / Wildfire / Other,1,0,1,0
FIRMS_TN_0218,218,2025-01-01,802,2025-01-01T08:00,11.5132,78.5043,N20,VIIRS_N20,VIIRS,10.79,331.55,303.06,28.49000000000001,0.0325441109938169,2.4672517145492794,n,1.0,D,1,0,0,1,1,0,10.79,331.55,0,1,0.8637623902803967,3.713164873312904,40,Cropland,COVERED,5214.957979207941,5.2149579792079415,813893974,way,,Mining,Mining & Quarry,HIGHER_RELEVANCE,0,0,0,0,1,5214.957979207941,5.2149579792079415,813893974,,Mining & Quarry,0,0,0,0,1,0.4608307679227768,MEDIUM,False,Far from industrial facilities (5.2 km to nearest); Very high FRP=10.8 MW; Landcover=Cropland,UNVERIFIED,Other/Unclassified,PARTIAL_POST_ONLY,True,Post successful; pre unavailable: CLOUD_REJECTED (Valid surface pixel coverage too low: 1.7% (threshold: 70.0%)),1000m x 1000m,50x50,"SCL, B04, B08, B11, B12",2024-12-23T05:12:31.024000Z,0b0a4415-e34e-4cd1-83a1-fbdde3164077,S2A_MSIL2A_20241223T051231_N0511_R019_T44PKT_20241223T084549.SAFE,T44PKT,24.450816,CLOUD_REJECTED,Valid surface pixel coverage too low: 1.7% (threshold: 70.0%),2025-01-02T05:12:21.024000Z,c97f2852-ce30-4c76-be38-f29383f3e6ed,S2A_MSIL2A_20250102T051221_N0511_R019_T43PHN_20250102T080951.SAFE,T43PHN,31.673813,REAL_CDSE_SUCCESS,,2024-12-23T05:12:31.024000Z,50x50,"SCL, B04, B08, B11, B12",43.0,1.72,SUCCESS,"[78.49972,11.50871,78.50888,11.51769]",20108.0,2025-01-02T05:12:21.024000Z,50x50,"SCL, B04, B08, B11, B12",2143.0,85.72,SUCCESS,2500.0,2500.0,0.4457250626715483,0.6123311615625168,0.441678520625889,0.6370044052863436,0.057706781085081,0.1215601771999599,0.3110020213687554,0.076679005817028,0.5313847628174413,0.8363002385758855,0.5561996010092152,0.3829459222446607,0.6411378555798687,0.4024950755088641,0.170293480130412,0.1469836547125821,0.1722179189258972,-0.0814179976626412,0.7579298831385642,0.7152841640610631,0.30443641097333,0.155642284585226,0.3704888076747373,0.1588246591127328,0.1440912845097591,0.1152099622070819,0.0408069692801467,-0.1958333333333333,0.4983991462113127,0.5050590219224284,0.5172795140183318,0.6047185409941438,0.4760601915184678,0.5897435897435898,0.0939712615950223,0.0775729489198024,887.0930232558139,710.100793280448,2348.0232558139537,3037.598226784881,1369.2558139534883,2209.762015865609,762.0,1346.3737750816613,INSUFFICIENT_VALID_DATA,"Valid pixel coverage too low: pre=1.7%, post=85.7% (threshold=70.0%).",,,,,,,,,,,,,,,,,2026-09-05T16:38:17Z,,"[78.49972,11.50871,78.50888,11.51769]",19304.0,True,True,Agricultural Burning,,VERIFIED,,agricultural Burning,True,,Absent,Unambiguous direct match or syntactic/case variation,True,Agricultural Burning,0,0,1,1
FIRMS_TN_0232,232,2025-01-02,743,2025-01-02T07:00,13.14527,79.34011,N20,VIIRS_N20,VIIRS,4.12,333.58,294.47,39.10999999999996,0.0123508603633311,1.6331544390514163,n,1.0,D,1,0,0,1,1,0,4.12,333.58,0,0,0.9953898329784874,0.790732112894758,20,Shrubland,FAILED_TILE,111973.52913226772,111.97352913226771,342136913,way,Rajanthangal,Other Industrial,Substation & Electrical Infrastructure,CAUTION_LOWER_RELEVANCE,0,0,0,0,0,114547.90495185523,114.54790495185524,705173099,Sree Amman Transformer Works,Manufacturing & Industrial Works,0,0,0,0,0,0.3408372260256728,MEDIUM,False,FAILED_TILE: Chennai/Ennore coast - high-density industrial region with no OSM coverage; Moderate FRP=4.1 MW; Landcover=Shrubland,UNVERIFIED,Other/Unclassified,CLOUD_REJECTED,True,Both pre and post observations rejected due to cloud/shadow cover.,1000m x 1000m,50x50,"SCL, B04, B08, B11, B12",2024-12-28T05:11:29.024000Z,fc2570cf-9e85-4f0e-9f41-6dfc4e3b24c5,S2B_MSIL2A_20241228T051129_N0511_R019_T44PLV_20241228T071311.SAFE,T44PLV,37.84014,CLOUD_REJECTED,Valid surface pixel coverage too low: 1.8% (threshold: 70.0%),2025-01-07T05:11:19.024000Z,598e3aed-f190-439c-bab9-122e0db5e0db,S2B_MSIL2A_20250107T051119_N0511_R019_T44PLV_20250107T080132.SAFE,T44PLV,10.149629,CLOUD_REJECTED,Valid surface pixel coverage too low: 67.8% (threshold: 70.0%),2024-12-28T05:11:29.024000Z,50x50,"SCL, B04, B08, B11, B12",46.0,1.84,SUCCESS,"[79.33550,13.14078,79.34472,13.14976]",20761.0,2025-01-07T05:11:19.024000Z,50x50,"SCL, B04, B08, B11, B12",1694.0,67.76,SUCCESS,2500.0,2500.0,0.6268291412750713,0.5668665085349865,0.6071051390633244,0.5738554906566768,0.1441892784071209,0.1268852975979102,0.3099186991869919,0.1839491458085022,0.8651882112634958,0.8380450407283182,0.3579939624948313,0.2828670320306072,0.3508052537700665,0.2844492428451139,0.1646176218060261,0.1716299371437024,0.0062453160129902,-0.3128140703517588,0.6551009839461419,0.6807604064241233,0.1573443220535905,0.0751766004768653,0.1579201763928466,0.0702585062651749,0.1317365725696253,0.1307156466337998,-0.1048888888888888,-0.3292458614347026,0.3690297708288713,0.4755168661588683,0.6421714315296676,0.6460287282516455,0.6501909314537623,0.6235050680205223,0.0931639322312478,0.0978231210840391,527.6521739130435,659.8317591499409,2387.086956521739,2422.1357733175914,1726.2608695652175,2098.497048406139,1123.0869565217392,1372.40613931523,INSUFFICIENT_VALID_DATA,"Valid pixel coverage too low: pre=1.8%, post=67.8% (threshold=70.0%).",,,,,,,,,,,,,,,,,2026-09-05T16:39:25Z,CLOUD_REJECTED,"[79.33550,13.14078,79.34472,13.14976]",18879.0,True,True,Natural/Forest Fire,,VERIFIED,,Natural/Forest Fire,True,,,Unambiguous direct match or syntactic/case variation,True,Natural / Wildfire / Other,0,0,1,1
FIRMS_TN_0243,243,2025-01-03,724,2025-01-03T07:00,10.74473,77.07406,N20,VIIRS_N20,VIIRS,15.17,367.0,298.07,68.93,0.0413351498637602,2.783157673589016,h,2.0,D,1,0,0,3,1,0,37.94,353.26,1,1,3.162379554638709,5.632243657515525,30,Grassland,FAILED_TILE,19523.65612649716,19.52365612649716,6478182087,node,,Power Plant,Power Plant,HIGHER_RELEVANCE,0,0,0,0,0,19523.65612649716,19.52365612649716,6478182087,,Power Plant,0,0,0,0,0,0.468857626547124,MEDIUM,False,FAILED_TILE: OSM coverage unavailable - industrial context unknown; Very high FRP=15.2 MW; Landcover=Grassland,UNVERIFIED,Other/Unclassified,PARTIAL_PRE_ONLY,True,Pre successful; post unavailable: CLOUD_REJECTED (Valid surface pixel coverage too low: 0.0% (threshold: 70.0%)),1000m x 1000m,50x50,"SCL, B04, B08, B11, B12",2024-12-23T05:12:31.024000Z,a66773bb-844d-4617-91b3-1680cbbb6000,S2A_MSIL2A_20241223T051231_N0511_R019_T43PGM_20241223T084549.SAFE,T43PGM,23.948447,REAL_CDSE_SUCCESS,,2025-01-07T05:11:19.024000Z,986845cd-c43e-4074-8a09-a5ae2b1de58a,S2B_MSIL2A_20250107T051119_N0511_R019_T43PGM_20250107T080132.SAFE,T43PGM,23.937137,CLOUD_REJECTED,Valid surface pixel coverage too low: 0.0% (threshold: 70.0%),2024-12-23T05:12:31.024000Z,50x50,"SCL, B04, B08, B11, B12",2067.0,82.68,SUCCESS,"[77.06949,10.74024,77.07863,10.74922]",19023.0,2025-01-07T05:11:19.024000Z,50x50,"SCL, B04, B08, B11, B12",0.0,0.0,ALL_PIXELS_MASKED,2500.0,2500.0,0.6207211748235049,,0.6482173174872665,,0.1153777589724854,,0.1317614424410541,,0.8040859088528025,,0.359224342532122,,0.3952730236348818,,0.163658054412301,,-0.2012628255722178,,0.679728478864548,,0.1126417159869147,,0.1315623023402909,,0.1192625894902957,,-0.3525123152709359,,0.3576470588235294,,0.5864750749239276,,0.5677919203099059,,0.091295843082389,,578.2999516207063,,2458.731494920174,,1998.916303821964,,1203.6318335752298,,MISSING_POST,Post Step 3A features are unusable (status: ALL_PIXELS_MASKED).,,,,,,,,,,,,,,,,,2026-09-05T16:40:13Z,,"[77.06949,10.74024,77.07863,10.74922]",21411.0,True,True,Agricultural Burning,,VERIFIED,,agricultural Burning,True,,Absent,Unambiguous direct match or syntactic/case variation,True,Agricultural Burning,0,1,1,2
FIRMS_TN_0254,254,2025-01-05,826,2025-01-05T08:00,11.51105,76.51912,N20,VIIRS_N20,VIIRS,2.66,330.32,298.62,31.69999999999999,0.0080527972874788,1.297463147413275,n,1.0,D,1,0,0,1,1,0,2.66,330.32,0,0,0.7840078314042115,0.1510391848272176,10,Tree cover,FAILED_TILE,74854.92532263369,74.85492532263369,1010736998,way,,Other Industrial,Industrial Area / Zone,GENERAL_CONTEXT,0,0,0,0,0,75095.83054837682,75.09583054837682,1003158346,,Power Plant,0,0,0,0,0,0.2907598116546993,LOW,False,FAILED_TILE: OSM coverage unavailable - industrial context unknown; Moderate FRP=2.7 MW; Landcover=Tree cover,UNVERIFIED,Other/Unclassified,REAL_CDSE_SUCCESS,True,,1000m x 1000m,50x50,"SCL, B04, B08, B11, B12",2025-01-02T05:12:21.024000Z,822f9036-ef9d-4fbd-b1f4-5b6f59f323ed,S2A_MSIL2A_20250102T051221_N0511_R019_T43PFN_20250102T080951.SAFE,T43PFN,7.478401,REAL_CDSE_SUCCESS,,2025-01-07T05:11:19.024000Z,f500c762-b624-43f7-b19f-a8f7f76897a2,S2B_MSIL2A_20250107T051119_N0511_R019_T43PFN_20250107T080132.SAFE,T43PFN,5.105408,REAL_CDSE_SUCCESS,,2025-01-02T05:12:21.024000Z,50x50,"SCL, B04, B08, B11, B12",2499.0,99.96,SUCCESS,"[76.51454,11.50656,76.52370,11.51554]",17786.0,2025-01-07T05:11:19.024000Z,50x50,"SCL, B04, B08, B11, B12",2499.0,99.96,SUCCESS,2500.0,2500.0,0.8011600595979583,0.796131973625257,0.806680881307747,0.805136567468406,0.0539441418166456,0.0601299924617743,0.2853185595567867,0.2624485211531261,0.9111470113085622,0.8950598343050016,0.5279734884737184,0.5232637005158983,0.5344767238361918,0.533204384268214,0.0798953735270032,0.0870147687403462,-0.0390602055800293,-0.0717065036131184,0.7480719794344473,0.7386562804284323,0.2218512048880982,0.2243159384261526,0.2211445198836081,0.2257906349595489,0.0766994861642761,0.0796595992799666,-0.2124130551096843,-0.1859614915915184,0.4916953932936383,0.5123220572478188,0.4821974846065037,0.4909282367341492,0.4758620689655172,0.48110661268556,0.0391032598545846,0.0456846096417957,273.0500200080032,285.90876350540213,2499.990396158463,2532.5562224889954,1575.903961584634,1590.7394957983192,765.7511004401761,788.8163265306123,SUCCESS,,-0.0050280859727013,0.0050280859727013,-0.0015443138393409,0.0015443138393409,-0.00470978795782,0.00470978795782,-0.0012723395679777,0.0012723395679777,0.0024647335380543,0.0024647335380543,0.0046461150759407,0.0046461150759407,0.0087307521276455,0.0087307521276455,0.0052445437200427,0.0052445437200427,2026-09-05T16:41:09Z,,"[76.51454,11.50656,76.52370,11.51554]",17854.0,True,True,Natural/Forest Fire,,VERIFIED,,forest fire,True,,,Unambiguous direct match or syntactic/case variation,True,Natural / Wildfire / Other,0,0,0,4
FIRMS_TN_0256,256,2025-01-05,826,2025-01-05T08:00,10.13353,77.27407,N20,VIIRS_N20,VIIRS,16.84,340.17,306.16,34.00999999999999,0.0495046594349883,2.8814431271518632,n,1.0,D,1,0,0,7,3,1,47.33,326.6671428571429,0,0,0.6971948534246949,1.6550118931164397,10,Tree cover,COVERED,14661.828762787076,14.661828762787076,1509428390,way,,Mining,Mining & Quarry,HIGHER_RELEVANCE,0,0,0,0,0,14661.828762787076,14.661828762787076,1509428390,,Mining & Quarry,0,0,0,0,0,0.3663667348329925,MEDIUM,False,Far from industrial facilities (14.7 km to nearest); Very high FRP=16.8 MW; Recurring detection (3 active days); Landcover=Tree cover,UNVERIFIED,Other/Unclassified,REAL_CDSE_SUCCESS,True,,1000m x 1000m,50x50,"SCL, B04, B08, B11, B12",2024-12-23T05:12:31.024000Z,a66773bb-844d-4617-91b3-1680cbbb6000,S2A_MSIL2A_20241223T051231_N0511_R019_T43PGM_20241223T084549.SAFE,T43PGM,23.948447,REAL_CDSE_SUCCESS,,2025-01-07T05:11:19.024000Z,986845cd-c43e-4074-8a09-a5ae2b1de58a,S2B_MSIL2A_20250107T051119_N0511_R019_T43PGM_20250107T080132.SAFE,T43PGM,23.937137,REAL_CDSE_SUCCESS,,2024-12-23T05:12:31.024000Z,50x50,"SCL, B04, B08, B11, B12",2500.0,100.0,SUCCESS,"[77.26951,10.12904,77.27863,10.13802]",18642.0,2025-01-07T05:11:19.024000Z,50x50,"SCL, B04, B08, B11, B12",2500.0,100.0,SUCCESS,2500.0,2500.0,0.6727408276208259,0.6389911220603876,0.7316254597389569,0.7048699297314271,0.1506585249587131,0.1819163346865913,0.2952602952602952,0.0415770609318996,0.8911022576361222,0.8908748824082785,0.3217274345913296,0.2680448201479645,0.403131893649135,0.3664689582179953,0.239088243395331,0.2725080672091448,-0.2185638131075572,-0.8430399582136328,0.7029478458049887,0.7033773861967695,0.0624758810805789,0.0326672968583643,0.1112507093905249,0.0895750888895372,0.1929197547701653,0.2084690852220733,-0.3647718582717308,-0.5666125833784027,0.4434462105505644,0.4384522370012091,0.5662463145799017,0.6075131574043154,0.5351022307288347,0.5577428584345714,0.0843497321496828,0.1752818423994627,360.166,393.0864,1899.754,1821.9516,1697.5296,1741.9476,999.0448,1125.6536,SUCCESS,,-0.0337497055604383,0.0337497055604383,-0.0267555300075297,0.0267555300075297,-0.053682614443365,0.053682614443365,-0.0366629354311397,0.0366629354311397,-0.0298085842222146,0.0298085842222146,-0.0216756205009876,0.0216756205009876,0.0412668428244137,0.0412668428244137,0.0226406277057367,0.0226406277057367,2026-09-05T16:41:21Z,,"[77.26951,10.12904,77.27863,10.13802]",18703.0,True,True,Natural/Forest Fire,,VERIFIED,,Natural/Forest Fire,True,,,Unambiguous direct match or syntactic/case variation,True,Natural / Wildfire / Other,0,0,0,4
FIRMS_TN_0258,258,2025-01-05,1919,2025-01-05T19:00,12.85438,79.90437,N20,VIIRS_N20,VIIRS,5.28,324.72,290.82,33.900000000000034,0.016260162601626,1.837369980480108,n,1.0,N,0,0,0,14,3,1,25.28,311.8492857142857,1,1,2.011962018227916,3.0970175109970204,30,Grassland,FAILED_TILE,75806.03623019632,75.80603623019631,1026841614,way,,Mining,Mining & Quarry,HIGHER_RELEVANCE,0,0,0,0,0,75806.03623019632,75.80603623019631,1026841614,,Mining & Quarry,0,0,0,0,0,0.3643651939969711,MEDIUM,False,FAILED_TILE: Chennai/Ennore coast - high-density industrial region with no OSM coverage; High FRP=5.3 MW; Recurring detection (3 active days); Landcover=Grassland,UNVERIFIED,Other/Unclassified,PARTIAL_PRE_ONLY,True,Pre successful; post unavailable: MISSING_PRODUCT (No usable post-event product was matched in catalogue search.),1000m x 1000m,50x50,"SCL, B04, B08, B11, B12",2025-01-04T05:01:19.024000Z,1f224407-d6a2-438f-85d0-ad11d86615dc,S2B_MSIL2A_20250104T050119_N0511_R119_T44PLV_20250104T132122.SAFE,T44PLV,28.410304,REAL_CDSE_SUCCESS,,,,,,,MISSING_PRODUCT,No usable post-event product was matched in catalogue search.,2025-01-04T05:01:19.024000Z,50x50,"SCL, B04, B08, B11, B12",2050.0,82.0,SUCCESS,"[79.89976,12.84989,79.90898,12.85887]",19424.0,,50x50,"SCL, B04, B08, B11, B12",,,,2500.0,,0.5056739452006593,,0.5425443542075441,,0.1411129890539736,,-0.179262960649594,,0.7913842116772359,,0.2771086029405727,,0.2996312501321734,,0.1460121003319676,,-0.4244843646041251,,0.7290322580645161,,0.0673316707633114,,0.0684789739618906,,0.0968213536800699,,-0.2483660130718954,,0.5103734439834025,,0.6482354656577971,,0.6201338958248779,,0.1102376343724729,,889.3185365853659,,2747.1760975609754,,2393.0463414634146,,1558.6868292682927,,MISSING_POST,Post Step 3A features are unusable (status: NONE).,,,,,,,,,,,,,,,,,2026-09-05T16:41:29Z,,,,True,True,Natural/Forest Fire,,VERIFIED,,Natural/Forest Fire,True,,,Unambiguous direct match or syntactic/case variation,True,Natural / Wildfire / Other,0,1,1,3
FIRMS_TN_0263,263,2025-01-06,807,2025-01-06T08:00,12.08129,79.76902,N20,VIIRS_N20,VIIRS,4.09,332.47,300.52,31.950000000000045,0.0123018618221192,1.6272778305624314,n,1.0,D,1,0,0,1,1,0,4.09,332.47,0,0,0.9234162066755924,0.7775877376604933,10,Tree cover,COVERED,6253.324421589578,6.2533244215895785,554804876,way,,Other Industrial,Industrial Area / Zone,GENERAL_CONTEXT,0,0,0,0,1,8848.661216675217,8.848661216675216,192061405,Power Station,Power Plant,0,0,0,0,1,0.3306701554518133,MEDIUM,False,Far from industrial facilities (6.3 km to nearest); Moderate FRP=4.1 MW; Landcover=Tree cover,UNVERIFIED,Other/Unclassified,CLOUD_REJECTED,True,Pre cloud-rejected (Valid surface pixel coverage too low: 38.9% (threshold: 70.0%)); post: MISSING_PRODUCT,1000m x 1000m,50x50,"SCL, B04, B08, B11, B12",2025-01-04T05:01:19.024000Z,d63e0c34-c73a-430d-80b5-43c855a06830,S2B_MSIL2A_20250104T050119_N0511_R119_T44PLU_20250104T132122.SAFE,T44PLU,15.663002,CLOUD_REJECTED,Valid surface pixel coverage too low: 38.9% (threshold: 70.0%),,,,,,MISSING_PRODUCT,No usable post-event product was matched in catalogue search.,2025-01-04T05:01:19.024000Z,50x50,"SCL, B04, B08, B11, B12",972.0,38.88,SUCCESS,"[79.76443,12.07680,79.77361,12.08578]",20180.0,,50x50,"SCL, B04, B08, B11, B12",,,,2500.0,,0.5163258096622755,,0.5304648087670162,,0.1494284086102615,,0.1472708547888774,,0.8000706464146945,,0.242269381737199,,0.2436600808927853,,0.2130671407546714,,-0.1582761744532159,,0.6894062863795111,,0.0848427462945869,,0.0826664812487809,,0.1484523056533286,,-0.240320427236315,,0.4555735056542811,,0.7179452962459115,,0.7187837547690223,,0.1321283350355991,,1007.7397119341564,,3097.3991769547324,,2673.466049382716,,1996.5689300411525,,MISSING_POST,Post Step 3A features are unusable (status: NONE).,,,,,,,,,,,,,,,,,2026-09-05T16:41:48Z,CLOUD_REJECTED,,,True,True,Natural/Forest Fire,,VERIFIED,,Natural/Forest Fire,True,,,Unambiguous direct match or syntactic/case variation,True,Natural / Wildfire / Other,0,1,1,2
FIRMS_TN_0270,270,2025-01-06,807,2025-01-06T08:00,8.26385,77.14684,N20,VIIRS_N20,VIIRS,3.29,332.48,304.61,27.870000000000005,0.0098953320500481,1.4562867329399256,n,1.0,D,1,0,0,1,1,0,3.29,332.48,0,0,0.9240646177233656,0.4270710647467726,10,Tree cover,COVERED,565.3643649960343,0.5653643649960343,662556056,way,,Other Industrial,Industrial Area / Zone,GENERAL_CONTEXT,0,1,1,1,1,2433.233816815177,2.433233816815177,338650946,,Mining & Quarry,0,0,0,1,1,0.4738061899050669,MEDIUM,False,Within 2 km of GENERAL_CONTEXT facility: Industrial Area / Zone; Moderate FRP=3.3 MW; Landcover=Tree cover,UNVERIFIED,Other/Unclassified,REAL_CDSE_SUCCESS,True,,1000m x 1000m,50x50,"SCL, B04, B08, B11, B12",2025-01-02T05:12:21.024000Z,7e8c5844-9e32-46d0-8f20-de704f010986,S2A_MSIL2A_20250102T051221_N0511_R019_T43PGK_20250102T080951.SAFE,T43PGK,30.248123,REAL_CDSE_SUCCESS,,2025-01-07T05:11:19.024000Z,8478059e-756f-4a18-bf8d-b762fd4f20c9,S2B_MSIL2A_20250107T051119_N0511_R019_T43PGK_20250107T080132.SAFE,T43PGK,5.05701,REAL_CDSE_SUCCESS,,2025-01-02T05:12:21.024000Z,50x50,"SCL, B04, B08, B11, B12",2500.0,100.0,SUCCESS,"[77.14230,8.25936,77.15138,8.26834]",19408.0,2025-01-07T05:11:19.024000Z,50x50,"SCL, B04, B08, B11, B12",2500.0,100.0,SUCCESS,2500.0,2500.0,0.4204252707026739,0.4020490859089727,0.3937806290058926,0.3766187951706829,0.1935380138617161,0.1765256915140108,-0.1219512195121951,-0.1147611843527123,0.842748980780431,0.8138784292630447,0.175496271771322,0.1697278500764705,0.1356050922061988,0.128302968444862,0.2050777118416655,0.204655098379784,-0.2489434493861944,-0.2825256384476171,0.6907770906157569,0.6995751062234441,0.0108128404640037,0.0228888556989596,-0.0153086776870635,-0.0016947963017707,0.1511652672455163,0.1482726967959594,-0.3431060123220735,-0.3243828497184928,0.416610700693978,0.4352047277332208,0.7112056535350486,0.7381534642666279,0.7326836698921414,0.7613981800512413,0.1095408624613888,0.1133725099156894,1006.4472,1079.0328,2347.2232,2436.3592,2327.52,2365.4072,1706.4872,1799.9564,SUCCESS,,-0.0183761847937011,0.0183761847937011,-0.0171618338352096,0.0171618338352096,-0.0057684216948514,0.0057684216948514,-0.0073021237613367,0.0073021237613367,0.0120760152349558,0.0120760152349558,0.0136138813852927,0.0136138813852927,0.0269478107315792,0.0269478107315792,0.0287145101590998,0.0287145101590998,2026-09-05T16:42:21Z,,"[77.14230,8.25936,77.15138,8.26834]",19374.0,True,True,Other/Unclassified,,VERIFIED,,Other/Unclassified,True,,Absent,Unambiguous direct match or syntactic/case variation,True,Natural / Wildfire / Other,0,0,0,0
FIRMS_TN_0276,276,2025-01-06,2042,2025-01-06T20:00,10.92894,77.5596,N20,VIIRS_N20,VIIRS,0.35,299.88,288.46,11.420000000000016,0.0011671335200746,0.3001045924503381,n,1.0,N,0,0,0,1,1,0,0.35,299.88,0,0,-1.189755398019401,-0.8610777082111509,50,Built-up,COVERED,379.727079366564,0.379727079366564,11845351792,node,,Power Plant,Power Plant,HIGHER_RELEVANCE,1,1,1,1,1,379.727079366564,0.379727079366564,11845351792,,Power Plant,1,1,1,1,1,0.3911918080712528,MEDIUM,False,Within 500 m of HIGHER_RELEVANCE facility: Power Plant; Low FRP=0.35 MW; Landcover=Built-up,UNVERIFIED,Other/Unclassified,PARTIAL_POST_ONLY,True,Post successful; pre unavailable: MISSING_PRODUCT (No usable pre-event product was matched in catalogue search.),1000m x 1000m,50x50,"SCL, B04, B08, B11, B12",,,,,,MISSING_PRODUCT,No usable pre-event product was matched in catalogue search.,2025-01-07T05:11:19.024000Z,ee5ce2ef-0024-4147-b8a5-17ed03f81809,S2B_MSIL2A_20250107T051119_N0511_R019_T43PGN_20250107T080132.SAFE,T43PGN,13.35683,REAL_CDSE_SUCCESS,,,50x50,"SCL, B04, B08, B11, B12",,,,,,2025-01-07T05:11:19.024000Z,50x50,"SCL, B04, B08, B11, B12",2206.0,88.24,SUCCESS,,2500.0,,0.5241007371681213,,0.5402364313408183,,0.1085030204424222,,-0.0002095118374188,,0.7458150495693158,,0.3696430049607921,,0.3801249708245807,,0.161371730512292,,-0.398751882935227,,0.766997427416391,,0.159073334361434,,0.1514977798396182,,0.110696784804268,,-0.1982343499197431,,0.5320872274143302,,0.6304424907578953,,0.6109798570751839,,0.1184289174480726,,991.5630099728014,,3195.4111514052584,,2331.8898458748868,,1497.409338168631,MISSING_PRE,Pre Step 3A features are unusable (status: NONE).,,,,,,,,,,,,,,,,,2026-09-05T16:42:50Z,,"[77.55503,10.92445,77.56417,10.93343]",19206.0,True,True,Agricultural Burning,,VERIFIED,,agricultural burning,True,,,Unambiguous direct match or syntactic/case variation,True,Agricultural Burning,1,0,1,3
FIRMS_TN_0285,285,2025-01-07,750,2025-01-07T07:00,12.03704,79.81008,N20,VIIRS_N20,VIIRS,4.51,332.96,297.63,35.329999999999984,0.0135451705910619,1.706564623164823,n,1.0,D,1,0,0,2,2,0,17.85,336.06,0,0,0.955188348016508,0.9616089909401966,10,Tree cover,COVERED,2634.4592466780537,2.6344592466780536,554802748,way,,Other Industrial,Industrial Area / Zone,GENERAL_CONTEXT,0,0,0,1,1,2761.68376221994,2.76168376221994,58389257,Workshop,Manufacturing & Industrial Works,0,0,0,1,1,0.4579716065658724,MEDIUM,False,Within 5 km of GENERAL_CONTEXT facility: Industrial Area / Zone; Moderate FRP=4.5 MW; Landcover=Tree cover,UNVERIFIED,Other/Unclassified,PARTIAL_PRE_ONLY,True,Pre successful; post unavailable: MISSING_PRODUCT (No usable post-event product was matched in catalogue search.),1000m x 1000m,50x50,"SCL, B04, B08, B11, B12",2025-01-04T05:01:19.024000Z,d63e0c34-c73a-430d-80b5-43c855a06830,S2B_MSIL2A_20250104T050119_N0511_R119_T44PLU_20250104T132122.SAFE,T44PLU,15.663002,REAL_CDSE_SUCCESS,,,,,,,MISSING_PRODUCT,No usable post-event product was matched in catalogue search.,2025-01-04T05:01:19.024000Z,50x50,"SCL, B04, B08, B11, B12",2482.0,99.28,SUCCESS,"[79.80549,12.03255,79.81467,12.04153]",19220.0,,50x50,"SCL, B04, B08, B11, B12",,,,2500.0,,0.6397420062359315,,0.6834739350055262,,0.206035702811623,,-0.0867678958785249,,0.9567099567099568,,0.3137937337452552,,0.3503747709455397,,0.2564108562496522,,-0.3021515434985968,,0.7133277451802179,,0.0872783412574473,,0.1147415012114975,,0.2164705291152011,,-0.420907840440165,,0.4769765421372719,,0.6026910687666881,,0.5994610365239184,,0.0952905148701497,,579.6796937953263,,2626.790894439968,,2283.013698630137,,1436.4979854955682,,MISSING_POST,Post Step 3A features are unusable (status: NONE).,,,,,,,,,,,,,,,,,2026-09-05T16:43:29Z,,,,True,True,Agricultural Burning,,VERIFIED,,agricultural Burning,True,,Absent,Unambiguous direct match or syntactic/case variation,True,Agricultural Burning,0,1,1,3
FIRMS_TN_0289,289,2025-01-07,750,2025-01-07T07:00,13.27669,79.65884,N20,VIIRS_N20,VIIRS,2.73,339.67,300.88,38.79000000000002,0.008037212588689,1.316408233655724,n,1.0,D,1,0,0,1,1,0,2.73,339.67,0,0,1.3902721610727666,0.1817093937071681,40,Cropland,FAILED_TILE,121615.12090992452,121.61512090992451,1026841614,way,,Mining,Mining & Quarry,HIGHER_RELEVANCE,0,0,0,0,0,121615.12090992452,121.61512090992451,1026841614,,Mining & Quarry,0,0,0,0,0,0.3239120257145098,MEDIUM,False,FAILED_TILE: Chennai/Ennore coast - high-density industrial region with no OSM coverage; Moderate FRP=2.7 MW; Landcover=Cropland,UNVERIFIED,Other/Unclassified,PARTIAL_PRE_ONLY,True,Pre successful; post unavailable: MISSING_PRODUCT (No usable post-event product was matched in catalogue search.),1000m x 1000m,50x50,"SCL, B04, B08, B11, B12",2025-01-04T05:01:19.024000Z,1f224407-d6a2-438f-85d0-ad11d86615dc,S2B_MSIL2A_20250104T050119_N0511_R119_T44PLV_20250104T132122.SAFE,T44PLV,28.410304,REAL_CDSE_SUCCESS,,,,,,,MISSING_PRODUCT,No usable post-event product was matched in catalogue search.,2025-01-04T05:01:19.024000Z,50x50,"SCL, B04, B08, B11, B12",2374.0,94.96,SUCCESS,"[79.65423,13.27220,79.66345,13.28118]",19400.0,,50x50,"SCL, B04, B08, B11, B12",,,,2500.0,,0.5794868655734531,,0.6033816878077966,,0.1880718985533904,,-0.2714025500910746,,0.908651262761956,,0.3368591930220936,,0.3738954410332502,,0.2403431466422504,,-0.3074468085106383,,0.7987927565392354,,0.1315296347563967,,0.1352568031263321,,0.1921392837723117,,-0.3898601398601398,,0.5950044603033007,,0.6317335503268289,,0.6038927697587164,,0.1237292363278219,,708.0181128896378,,2731.103201347936,,2155.1166807076665,,1422.421651221567,,MISSING_POST,Post Step 3A features are unusable (status: NONE).,,,,,,,,,,,,,,,,,2026-09-05T16:43:45Z,,,,True,True,Agricultural Burning,,VERIFIED,,Agricultural Burning,True,,,Unambiguous direct match or syntactic/case variation,True,Agricultural Burning,0,1,1,0
FIRMS_TN_0297,297,2025-01-08,730,2025-01-08T07:00,12.03586,79.81428,N20,VIIRS_N20,VIIRS,13.34,339.16,296.26,42.900000000000034,0.0393324684514683,2.663052835171474,n,1.0,D,1,0,0,2,2,0,17.85,336.06,0,1,1.3572031976363006,4.830436768225389,10,Tree cover,COVERED,2614.7746517408978,2.614774651740898,58389257,way,Workshop,Industrial Works,Manufacturing & Industrial Works,HIGHER_RELEVANCE,0,0,0,1,1,2614.7746517408978,2.614774651740898,58389257,Workshop,Manufacturing & Industrial Works,0,0,0,1,1,0.5671179099357284,HIGH,False,Within 5 km of HIGHER_RELEVANCE facility: Manufacturing & Industrial Works (Workshop); Very high FRP=13.3 MW; Landcover=Tree cover,UNVERIFIED,Other/Unclassified,PARTIAL_PRE_ONLY,True,Pre successful; post unavailable: MISSING_PRODUCT (No usable post-event product was matched in catalogue search.),1000m x 1000m,50x50,"SCL, B04, B08, B11, B12",2025-01-04T05:01:19.024000Z,d63e0c34-c73a-430d-80b5-43c855a06830,S2B_MSIL2A_20250104T050119_N0511_R119_T44PLU_20250104T132122.SAFE,T44PLU,15.663002,REAL_CDSE_SUCCESS,,,,,,,MISSING_PRODUCT,No usable post-event product was matched in catalogue search.,2025-01-04T05:01:19.024000Z,50x50,"SCL, B04, B08, B11, B12",2500.0,100.0,SUCCESS,"[79.80969,12.03137,79.81887,12.04035]",19149.0,,50x50,"SCL, B04, B08, B11, B12",,,,2500.0,,0.7339133988612864,,0.7871155568164692,,0.1826806108661109,,0.1424815119145439,,0.973314100252434,,0.4211166739745176,,0.4691621855434784,,0.2229166050849544,,-0.2888349514563106,,0.7126948775055679,,0.1750525851061343,,0.1974007879104539,,0.19144440446049,,-0.3745997865528281,,0.4618943267591916,,0.5618532209624404,,0.5414243838270825,,0.0882963985465868,,439.082,,2723.7992,,1999.3456,,1179.722,,MISSING_POST,Post Step 3A features are unusable (status: NONE).,,,,,,,,,,,,,,,,,2026-09-05T16:44:17Z,,,,True,True,Agricultural Burning,,VERIFIED,,argricultural burning,True,,Absent,Unambiguous direct match or syntactic/case variation,True,Agricultural Burning,0,1,1,4
FIRMS_TN_0341,341,2024-11-01,820,2024-11-01T08:00,8.90227,77.86367,N,VIIRS_SUOMI_NPP,VIIRS,4.54,332.77,297.62,35.14999999999998,0.0136430567659344,1.7119945007591924,n,1.0,D,1,0,1,1,1,0,4.54,332.77,0,0,0.942868538108805,0.9747533661744612,40,Cropland,FAILED_TILE,55883.74651325777,55.88374651325777,17369385,relation,,Power Plant,Power Plant,HIGHER_RELEVANCE,0,0,0,0,0,55883.74651325777,55.88374651325777,17369385,,Power Plant,0,0,0,0,0,0.33954264967875,MEDIUM,False,FAILED_TILE: Tuticorin region - major port/industrial zone with no OSM coverage; Moderate FRP=4.5 MW; Landcover=Cropland,UNVERIFIED,Possible Agricultural Burning,CLOUD_REJECTED,True,Pre cloud-rejected (Valid surface pixel coverage too low: 56.8% (threshold: 70.0%)); post: MISSING_PRODUCT,1000m x 1000m,50x50,"SCL, B04, B08, B11, B12",2024-10-29T05:08:39.024000Z,fd93c703-48df-460e-92f8-034dafb56c38,S2B_MSIL2A_20241029T050839_N0511_R019_T43PHK_20241029T073358.SAFE,T43PHK,23.38669,CLOUD_REJECTED,Valid surface pixel coverage too low: 56.8% (threshold: 70.0%),,,,,,MISSING_PRODUCT,No usable post-event product was matched in catalogue search.,2024-10-29T05:08:39.024000Z,50x50,"SCL, B04, B08, B11, B12",1419.0,56.76,SUCCESS,"[77.85912,8.89778,77.86822,8.90676]",18387.0,,50x50,"SCL, B04, B08, B11, B12",,,,2500.0,,0.3020030018369508,,0.2914485165794066,,0.0672533562456162,,0.1342518423582185,,0.6254726368159204,,0.1310371033182106,,0.1272907379891035,,0.0630453467479345,,-0.0659630606860158,,0.3447852760736196,,0.0152883989594434,,0.0144486692015209,,0.0510321020063065,,-0.1754018169112508,,0.2015492755702194,,0.7920470557145395,,0.7935103244837758,,0.0341945514918435,,1459.5722339675829,,2728.903453136011,,2636.7618040873854,,2087.0528541226217,,MISSING_POST,Post Step 3A features are unusable (status: NONE).,,,,,,,,,,,,,,,,,2026-09-05T16:48:05Z,CLOUD_REJECTED,,,True,True,Agricultural Burning,,VERIFIED,,Agricultural Burning,True,,,Unambiguous direct match or syntactic/case variation,True,Agricultural Burning,0,1,1,2
FIRMS_TN_0344,344,2024-11-01,1913,2024-11-01T19:00,13.15899,80.28084,N,VIIRS_SUOMI_NPP,VIIRS,5.64,315.11,285.01,30.100000000000023,0.017898511630859,1.8931119634883424,n,1.0,N,0,0,1,15,10,1,31.96,308.05333333333334,0,1,1.3026052207447243,2.1752641845520406,50,Built-up,FAILED_TILE,116257.22222079131,116.25722222079132,202465563,way,,Other Industrial,Industrial Area / Zone,GENERAL_CONTEXT,0,0,0,0,0,121930.0170976518,121.9300170976518,1026841614,,Mining & Quarry,0,0,0,0,0,0.4320863274772706,MEDIUM,False,FAILED_TILE: Chennai/Ennore coast - high-density industrial region with no OSM coverage; High FRP=5.6 MW; Persistent location (active 10 days); Landcover=Built-up,UNVERIFIED,Other/Unclassified,PARTIAL_POST_ONLY,True,Post successful; pre unavailable: CLOUD_REJECTED (Valid surface pixel coverage too low: 11.1% (threshold: 70.0%)),1000m x 1000m,50x50,"SCL, B04, B08, B11, B12",2024-10-31T04:59:41.024000Z,9f87d12a-c1c7-43a0-bbca-0f7e86545bb7,S2A_MSIL2A_20241031T045941_N0511_R119_T44PMV_20241031T090153.SAFE,T44PMV,39.725959,CLOUD_REJECTED,Valid surface pixel coverage too low: 11.1% (threshold: 70.0%),2024-11-05T04:59:09.024000Z,2c178629-9cd7-4b39-95d3-9489e07e47bd,S2B_MSIL2A_20241105T045909_N0511_R119_T44PMV_20241105T072318.SAFE,T44PMV,10.487702,REAL_CDSE_SUCCESS,,2024-10-31T04:59:41.024000Z,50x50,"SCL, B04, B08, B11, B12",277.0,11.08,SUCCESS,"[80.27623,13.15450,80.28545,13.16348]",21228.0,2024-11-05T04:59:09.024000Z,50x50,"SCL, B04, B08, B11, B12",2309.0,92.36,SUCCESS,2500.0,2500.0,0.1952482903262949,0.1783893944523712,0.1437944231820667,0.1304810935558317,0.2066314747987757,0.1851445600931622,-0.164396782841823,-0.1845620979713013,0.6713928273561302,0.86221454615237,0.3299975320554953,0.1155103503486777,0.3364485981308411,0.1032659996224277,0.2136730274404158,0.1741314796200876,-0.4533696392103472,-0.395007342143906,0.7385772122614228,0.7101681345076061,0.1687620455578233,0.0244294619956492,0.1664132454806555,0.0145891988738162,0.1536443447511498,0.1268467896910486,-0.2737642585551331,-0.4432630968490237,0.477035490605428,0.4575230296827021,0.7073650925214449,0.8333363917325436,0.703304113283884,0.8395802098950524,0.1894432064283892,0.1170845529951522,2417.3393501805053,1820.1706366392373,3659.321299638989,2563.508878302295,2556.8447653429603,2384.981377219576,1895.5703971119133,2002.9709831095715,INSUFFICIENT_VALID_DATA,"Valid pixel coverage too low: pre=11.1%, post=92.4% (threshold=70.0%).",,,,,,,,,,,,,,,,,2026-09-05T16:48:20Z,,"[80.27623,13.15450,80.28545,13.16348]",19747.0,True,True,Industrial Fire,,VERIFIED,,industrial/facility fire,True,,Present,Unambiguous direct match or syntactic/case variation,True,Industrial Thermal Activity,0,0,1,1
FIRMS_TN_0348,348,2024-11-02,801,2024-11-02T08:00,10.63004,77.4669,N,VIIRS_SUOMI_NPP,VIIRS,3.01,336.59,296.66,39.92999999999995,0.0089426305000148,1.3887912413184778,n,1.0,D,1,0,1,1,1,0,3.01,336.59,0,0,1.1905615583584168,0.3043902292269703,30,Grassland,COVERED,337.8261491686382,0.3378261491686382,11848030174,node,,Power Plant,Power Plant,HIGHER_RELEVANCE,1,1,1,1,1,337.8261491686382,0.3378261491686382,11848030174,,Power Plant,1,1,1,1,1,0.4867342781377975,MEDIUM,False,Within 500 m of HIGHER_RELEVANCE facility: Power Plant; Moderate FRP=3.0 MW; Landcover=Grassland,UNVERIFIED,Possible Agricultural Burning,MISSING_PRODUCT,False,Neither observation was available in catalogue search.,1000m x 1000m,50x50,"SCL, B04, B08, B11, B12",,,,,,MISSING_PRODUCT,No usable pre-event product was matched in catalogue search.,,,,,,MISSING_PRODUCT,No usable post-event product was matched in catalogue search.,,50x50,"SCL, B04, B08, B11, B12",,,,,,,50x50,"SCL, B04, B08, B11, B12",,,,,,,,,,,,,,,,,,,,,,,,,,,,,,,,,,,,,,,,,,,,,,,,,,INVALID_INPUT,Both pre_features and post_features are None.,,,,,,,,,,,,,,,,,2026-09-05T16:48:39Z,MISSING_PRODUCT,,,True,True,Agricultural Burning,,VERIFIED,,Agricultural Burning,True,high,Absent,Unambiguous direct match or syntactic/case variation,True,Agricultural Burning,1,1,1,3
FIRMS_TN_0349,349,2024-11-02,801,2024-11-02T08:00,10.79266,78.01292,N,VIIRS_SUOMI_NPP,VIIRS,1.9,330.23,294.31,35.920000000000016,0.0057535656966356,1.0647107369924282,n,1.0,D,1,0,1,1,1,0,1.9,330.23,0,0,0.7781721319742484,-0.1819516544408171,40,Cropland,COVERED,233.9123404362257,0.2339123404362257,11847815110,node,,Power Plant,Power Plant,HIGHER_RELEVANCE,1,1,1,1,1,233.9123404362257,0.2339123404362257,11847815110,,Power Plant,1,1,1,1,1,0.4643965995603309,MEDIUM,False,Within 500 m of HIGHER_RELEVANCE facility: Power Plant; Low FRP=1.90 MW; Landcover=Cropland,UNVERIFIED,Possible Agricultural Burning,CLOUD_REJECTED,True,Pre cloud-rejected (Valid surface pixel coverage too low: 0.0% (threshold: 70.0%)); post: MISSING_PRODUCT,1000m x 1000m,50x50,"SCL, B04, B08, B11, B12",2024-10-29T05:08:39.024000Z,20f7e33a-a236-463a-9a13-5830416b1388,S2B_MSIL2A_20241029T050839_N0511_R019_T43PHN_20241029T073358.SAFE,T43PHN,27.27344,CLOUD_REJECTED,Valid surface pixel coverage too low: 0.0% (threshold: 70.0%),,,,,,MISSING_PRODUCT,No usable post-event product was matched in catalogue search.,2024-10-29T05:08:39.024000Z,50x50,"SCL, B04, B08, B11, B12",0.0,0.0,ALL_PIXELS_MASKED,"[78.00835,10.78817,78.01749,10.79715]",19185.0,,50x50,"SCL, B04, B08, B11, B12",,,,2500.0,,,,,,,,,,,,,,,,,,,,,,,,,,,,,,,,,,,,,,,,,,,,,,MISSING_BOTH,Pre features are unusable and post features are None.,,,,,,,,,,,,,,,,,2026-09-05T16:48:44Z,CLOUD_REJECTED,,,True,True,Agricultural Burning,,VERIFIED,,agricultural Burning,True,,Absent,Unambiguous direct match or syntactic/case variation,True,Agricultural Burning,1,1,1,0
FIRMS_TN_0351,351,2024-11-02,2036,2024-11-02T20:00,13.39204,80.10352,N,VIIRS_SUOMI_NPP,VIIRS,2.97,305.79,291.23,14.560000000000002,0.00971254782694,1.3787660946990992,n,1.0,N,0,0,1,21,10,1,22.85,306.8885714285714,0,1,-0.2825665408680514,3.353940214080703,30,Grassland,FAILED_TILE,137437.35037291847,137.43735037291847,202465563,way,,Other Industrial,Industrial Area / Zone,GENERAL_CONTEXT,0,0,0,0,0,139037.86563574828,139.0378656357483,1026841614,,Mining & Quarry,0,0,0,0,0,0.3841248028634474,MEDIUM,False,FAILED_TILE: Chennai/Ennore coast - high-density industrial region with no OSM coverage; Moderate FRP=3.0 MW; Persistent location (active 10 days); Landcover=Grassland,UNVERIFIED,Other/Unclassified,CLOUD_REJECTED,True,Both pre and post observations rejected due to cloud/shadow cover.,1000m x 1000m,50x50,"SCL, B04, B08, B11, B12",2024-10-31T04:59:41.024000Z,d0698e73-4292-4a5b-8f43-42670627e8bb,S2A_MSIL2A_20241031T045941_N0511_R119_T44PLV_20241031T090153.SAFE,T44PLV,34.202874,CLOUD_REJECTED,Valid surface pixel coverage too low: 0.0% (threshold: 70.0%),2024-11-05T04:59:09.024000Z,2c178629-9cd7-4b39-95d3-9489e07e47bd,S2B_MSIL2A_20241105T045909_N0511_R119_T44PMV_20241105T072318.SAFE,T44PMV,10.487702,CLOUD_REJECTED,Valid surface pixel coverage too low: 41.0% (threshold: 70.0%),2024-10-31T04:59:41.024000Z,50x50,"SCL, B04, B08, B11, B12",0.0,0.0,ALL_PIXELS_MASKED,"[80.09890,13.38755,80.10814,13.39653]",21147.0,2024-11-05T04:59:09.024000Z,50x50,"SCL, B04, B08, B11, B12",1026.0,41.04,SUCCESS,2500.0,2500.0,,0.2951293583681184,,0.266353619773645,,0.1955297288063868,,-0.0409297625063163,,0.6962381814524241,,0.276099453740837,,0.2744354491797688,,0.1602720131615783,,-0.4360984106248639,,0.6234666666666666,,0.108580692642353,,0.1051106517097637,,0.1004668073606273,,-0.3775147928994082,,0.4079555966697502,,0.7060387698333974,,0.7072698611037764,,0.1230915173597801,,2066.70955165692,,3190.539961013645,,2650.0311890838207,,1983.1130604288496,MISSING_PRE,Pre Step 3A features are unusable (status: ALL_PIXELS_MASKED).,,,,,,,,,,,,,,,,,2026-09-05T16:48:53Z,CLOUD_REJECTED,"[80.09890,13.38755,80.10814,13.39653]",20704.0,True,True,Persistent Industrial Thermal Source,,VERIFIED,,Persistent Industrial Thermal Source,True,,,Unambiguous direct match or syntactic/case variation,True,Industrial Thermal Activity,1,0,1,4
FIRMS_TN_0356,356,2024-11-03,743,2024-11-03T07:00,12.91178,79.89191,N,VIIRS_SUOMI_NPP,VIIRS,8.03,344.15,294.93,49.21999999999997,0.02333284904838,2.200552367428894,n,1.0,D,1,0,1,1,1,0,8.03,344.15,0,1,1.6807603104754507,2.503882351760568,40,Cropland,FAILED_TILE,81812.6765757137,81.81267657571371,1026841614,way,,Mining,Mining & Quarry,HIGHER_RELEVANCE,0,0,0,0,0,81812.6765757137,81.81267657571371,1026841614,,Mining & Quarry,0,0,0,0,0,0.3841576318865006,MEDIUM,False,FAILED_TILE: Chennai/Ennore coast - high-density industrial region with no OSM coverage; High FRP=8.0 MW; Landcover=Cropland,UNVERIFIED,Possible Agricultural Burning,CLOUD_REJECTED,True,Both pre and post observations rejected due to cloud/shadow cover.,1000m x 1000m,50x50,"SCL, B04, B08, B11, B12",2024-10-31T04:59:41.024000Z,d0698e73-4292-4a5b-8f43-42670627e8bb,S2A_MSIL2A_20241031T045941_N0511_R119_T44PLV_20241031T090153.SAFE,T44PLV,34.202874,CLOUD_REJECTED,Valid surface pixel coverage too low: 0.0% (threshold: 70.0%),2024-11-05T04:59:09.024000Z,1e889314-5aab-4145-96e8-21247876b144,S2B_MSIL2A_20241105T045909_N0511_R119_T44PLV_20241105T072318.SAFE,T44PLV,28.828275,CLOUD_REJECTED,Valid surface pixel coverage too low: 0.0% (threshold: 70.0%),2024-10-31T04:59:41.024000Z,50x50,"SCL, B04, B08, B11, B12",0.0,0.0,ALL_PIXELS_MASKED,"[79.88730,12.90729,79.89652,12.91627]",21220.0,2024-11-05T04:59:09.024000Z,50x50,"SCL, B04, B08, B11, B12",0.0,0.0,ALL_PIXELS_MASKED,2500.0,2500.0,,,,,,,,,,,,,,,,,,,,,,,,,,,,,,,,,,,,,,,,,,,,,MISSING_BOTH,Both pre (ALL_PIXELS_MASKED) and post (ALL_PIXELS_MASKED) Step 3A features are unusable.,,,,,,,,,,,,,,,,,2026-09-05T16:49:14Z,CLOUD_REJECTED,"[79.88730,12.90729,79.89652,12.91627]",21329.0,True,True,Agricultural Burning,,VERIFIED,,Agricultural Burning,True,,,Unambiguous direct match or syntactic/case variation,True,Agricultural Burning,1,1,1,2
FIRMS_TN_0367,367,2024-11-10,711,2024-11-10T07:00,12.71976,79.57167,N,VIIRS_SUOMI_NPP,VIIRS,5.91,331.94,294.12,37.81999999999999,0.0178044224859914,1.9329696377795784,n,1.0,D,1,0,1,1,1,0,5.91,331.94,0,0,0.8890504211435761,1.575013168539208,40,Cropland,FAILED_TILE,62617.58802307244,62.61758802307244,1026841614,way,,Mining,Mining & Quarry,HIGHER_RELEVANCE,0,0,0,0,0,62617.58802307244,62.61758802307244,1026841614,,Mining & Quarry,0,0,0,0,0,0.3546860890288408,MEDIUM,False,FAILED_TILE: Chennai/Ennore coast - high-density industrial region with no OSM coverage; High FRP=5.9 MW; Landcover=Cropland,UNVERIFIED,Possible Agricultural Burning,CLOUD_REJECTED,True,Pre cloud-rejected (Valid surface pixel coverage too low: 65.5% (threshold: 70.0%)); post: MISSING_PRODUCT,1000m x 1000m,50x50,"SCL, B04, B08, B11, B12",2024-11-05T04:59:09.024000Z,1e889314-5aab-4145-96e8-21247876b144,S2B_MSIL2A_20241105T045909_N0511_R119_T44PLV_20241105T072318.SAFE,T44PLV,28.828275,CLOUD_REJECTED,Valid surface pixel coverage too low: 65.5% (threshold: 70.0%),,,,,,MISSING_PRODUCT,No usable post-event product was matched in catalogue search.,2024-11-05T04:59:09.024000Z,50x50,"SCL, B04, B08, B11, B12",1638.0,65.52,SUCCESS,"[79.56707,12.71527,79.57627,12.72425]",18819.0,,50x50,"SCL, B04, B08, B11, B12",,,,2500.0,,0.596862117039515,,0.6124577600447909,,0.0927197027406739,,0.2357096981374438,,0.7513513513513513,,0.4300886073383657,,0.4323233669293794,,0.1021978807255599,,-0.0661831368993653,,0.6630109670987039,,0.157921021181071,,0.151277703199338,,0.0936772775485125,,-0.1569945021380574,,0.4348441926345609,,0.5445505700771944,,0.5377974883983444,,0.0492322894931156,,758.8571428571429,,3114.090354090354,,2292.84126984127,,1247.624542124542,,MISSING_POST,Post Step 3A features are unusable (status: NONE).,,,,,,,,,,,,,,,,,2026-09-05T17:45:35Z,CLOUD_REJECTED,,,True,True,Agricultural Burning,,VERIFIED,,Agricultural Burning,True,,,Unambiguous direct match or syntactic/case variation,True,Agricultural Burning,0,1,1,1
FIRMS_TN_0368,368,2024-11-10,711,2024-11-10T07:00,12.18344,79.5451,N,VIIRS_SUOMI_NPP,VIIRS,6.93,331.26,292.68,38.579999999999984,0.0209201231660931,2.0706530356467567,n,1.0,D,1,0,1,1,1,0,6.93,331.26,0,1,0.8449584698949536,2.0219219265042017,40,Cropland,FAILED_TILE,7406.627435627412,7.406627435627412,705173099,way,Sree Amman Transformer Works,Industrial Works,Manufacturing & Industrial Works,HIGHER_RELEVANCE,0,0,0,0,1,7406.627435627412,7.406627435627412,705173099,Sree Amman Transformer Works,Manufacturing & Industrial Works,0,0,0,0,1,0.3628896359952062,MEDIUM,False,FAILED_TILE: Chennai/Ennore coast - high-density industrial region with no OSM coverage; High FRP=6.9 MW; Landcover=Cropland,UNVERIFIED,Possible Agricultural Burning,PARTIAL_PRE_ONLY,True,Pre successful; post unavailable: MISSING_PRODUCT (No usable post-event product was matched in catalogue search.),1000m x 1000m,50x50,"SCL, B04, B08, B11, B12",2024-11-05T04:59:09.024000Z,cbc70f73-8d4d-4bfb-806a-5f3cc956380e,S2B_MSIL2A_20241105T045909_N0511_R119_T44PLU_20241105T072318.SAFE,T44PLU,22.727245,REAL_CDSE_SUCCESS,,,,,,,MISSING_PRODUCT,No usable post-event product was matched in catalogue search.,2024-11-05T04:59:09.024000Z,50x50,"SCL, B04, B08, B11, B12",2397.0,95.88,SUCCESS,"[79.54050,12.17895,79.54970,12.18793]",19366.0,,50x50,"SCL, B04, B08, B11, B12",,,,2500.0,,0.4806885932619893,,0.4743742550655542,,0.1887538506564774,,0.1914378029079159,,0.8239731768650461,,0.2914885431021162,,0.2758037225042301,,0.2188880125713066,,-0.0804878048780487,,0.7484756097560976,,0.0933209129137398,,0.0658421244088759,,0.1705422773766581,,-0.1786903440621531,,0.5276450511945392,,0.6488494393591948,,0.6554825319958492,,0.1073401228029602,,1026.7467667918231,,2963.4426366291195,,2452.506049228202,,1640.1030454735085,,MISSING_POST,Post Step 3A features are unusable (status: NONE).,,,,,,,,,,,,,,,,,2026-09-05T17:45:37Z,,,,True,True,Agricultural Burning,,VERIFIED,,Agricultural Burning,True,,,Unambiguous direct match or syntactic/case variation,True,Agricultural Burning,0,1,1,3
FIRMS_TN_0378,378,2024-11-17,2055,2024-11-17T20:00,11.18377,79.1026,N,VIIRS_SUOMI_NPP,VIIRS,1.04,307.39,288.18,19.20999999999998,0.0033833241159439,0.712949807856125,n,1.0,N,0,0,1,8,5,1,8.73,306.94,0,0,0.175570883245051,-0.157680312182317,10,Tree cover,COVERED,355.2556785605288,0.3552556785605288,1468887795,way,,Power Plant,Power Plant,HIGHER_RELEVANCE,1,1,1,1,1,355.2556785605288,0.3552556785605288,1468887795,,Power Plant,1,1,1,1,1,0.4633037074765618,MEDIUM,False,Within 500 m of HIGHER_RELEVANCE facility: Power Plant; Low FRP=1.04 MW; Recurring detection (5 active days); Landcover=Tree cover,UNVERIFIED,Other/Unclassified,PARTIAL_PRE_ONLY,True,Pre successful; post unavailable: MISSING_PRODUCT (No usable post-event product was matched in catalogue search.),1000m x 1000m,50x50,"SCL, B04, B08, B11, B12",2024-11-10T05:00:31.024000Z,0d5ec360-2362-4138-885e-502f59cb421b,S2A_MSIL2A_20241110T050031_N0511_R119_T44PKT_20241110T082750.SAFE,T44PKT,9.225395,REAL_CDSE_SUCCESS,,,,,,,MISSING_PRODUCT,No usable post-event product was matched in catalogue search.,2024-11-10T05:00:31.024000Z,50x50,"SCL, B04, B08, B11, B12",2453.0,98.12,SUCCESS,"[79.09802,11.17928,79.10718,11.18826]",19989.0,,50x50,"SCL, B04, B08, B11, B12",,,,2500.0,,0.4323154411454121,,0.4093771868439468,,0.2356508819042862,,-0.2972477064220183,,0.8622189992748368,,0.225173765902538,,0.2257929006511237,,0.2350252339813824,,-0.5897435897435898,,0.6897524287057348,,0.0505557221046181,,0.0648937707761237,,0.1755140536291712,,-0.5647727272727273,,0.4238588415803606,,0.7039229161974181,,0.6749167063303189,,0.1952734721388147,,1239.997961679576,,3057.96004891969,,2726.639624949042,,1949.8283734203017,,MISSING_POST,Post Step 3A features are unusable (status: NONE).,,,,,,,,,,,,,,,,,2026-09-05T17:45:55Z,,,,True,True,Industrial Fire,,VERIFIED,,industrial/facility fire,True,,Present,Unambiguous direct match or syntactic/case variation,True,Industrial Thermal Activity,0,1,1,2
FIRMS_TN_0401,401,2024-12-03,820,2024-12-03T08:00,8.26062,77.52313,N,VIIRS_SUOMI_NPP,VIIRS,4.22,346.33,296.87,49.45999999999998,0.0121849103456241,1.6524974018945473,n,1.0,D,1,0,0,2,2,0,8.36,342.34000000000003,0,0,1.822113918890152,0.8345466970089729,40,Cropland,FAILED_TILE,30023.799122414537,30.023799122414538,1081579633,way,,Mining,Mining & Quarry,HIGHER_RELEVANCE,0,0,0,0,0,30023.799122414537,30.023799122414538,1081579633,,Mining & Quarry,0,0,0,0,0,0.3659545968908763,MEDIUM,False,FAILED_TILE: Tuticorin region - major port/industrial zone with no OSM coverage; Moderate FRP=4.2 MW; Landcover=Cropland,UNVERIFIED,Other/Unclassified,PARTIAL_POST_ONLY,True,Post successful; pre unavailable: MISSING_PRODUCT (No usable pre-event product was matched in catalogue search.),1000m x 1000m,50x50,"SCL, B04, B08, B11, B12",,,,,,MISSING_PRODUCT,No usable pre-event product was matched in catalogue search.,2024-12-08T05:11:19.024000Z,93953cc3-8720-45b9-b1c7-eb60092910b4,S2B_MSIL2A_20241208T051119_N0511_R019_T43PGK_20241208T075639.SAFE,T43PGK,20.7993,REAL_CDSE_SUCCESS,,,50x50,"SCL, B04, B08, B11, B12",,,,,,2024-12-08T05:11:19.024000Z,50x50,"SCL, B04, B08, B11, B12",2498.0,99.92,SUCCESS,,2500.0,,0.6513864445854866,,0.7359020896973195,,0.2124338000201496,,0.0145167980091248,,0.8934056007226739,,0.3579042694658585,,0.4353440802248592,,0.2347622236097007,,-0.2967307993117472,,0.7218274111675127,,0.1267478804166671,,0.1680757284056487,,0.1623095009282284,,-0.319848855301178,,0.4525821596244131,,0.6013123098201417,,0.5573037125172123,,0.134166298297631,,635.1361088871097,,2932.9875900720576,,2309.8518815052043,,1457.406325060048,MISSING_PRE,Pre Step 3A features are unusable (status: NONE).,,,,,,,,,,,,,,,,,2026-09-05T17:46:24Z,,"[77.51859,8.25613,77.52767,8.26511]",19143.0,True,True,Agricultural Burning,,VERIFIED,,Agricultural Burning,True,,,Unambiguous direct match or syntactic/case variation,True,Agricultural Burning,1,0,1,0
FIRMS_TN_0423,423,2024-12-06,1959,2024-12-06T19:00,11.81182,77.91952,N,VIIRS_SUOMI_NPP,VIIRS,1.54,311.1,287.29,23.81,0.0049501767920282,0.9321640810304452,n,1.0,N,0,0,0,43,20,1,64.3,308.93627906976747,0,0,0.2762217972887829,0.0632398995209998,50,Built-up,COVERED,329.33837584814063,0.3293383758481406,876239837,way,JSW Steel Plant,Manufacturing,Steel / Metallurgy,HIGHER_RELEVANCE,1,1,1,1,1,329.33837584814063,0.3293383758481406,876239837,JSW Steel Plant,Steel / Metallurgy,1,1,1,1,1,0.6309867012776311,HIGH,False,Within 500 m of HIGHER_RELEVANCE facility: Steel / Metallurgy (JSW Steel Plant); Low FRP=1.54 MW; Persistent location (active 20 days); Landcover=Built-up,UNVERIFIED,Other/Unclassified,CLOUD_REJECTED,True,Post cloud-rejected (Valid surface pixel coverage too low: 23.9% (threshold: 70.0%)); pre: MISSING_PRODUCT,1000m x 1000m,50x50,"SCL, B04, B08, B11, B12",,,,,,MISSING_PRODUCT,No usable pre-event product was matched in catalogue search.,2024-12-08T05:11:19.024000Z,32325989-a82c-4c34-b991-75a69d751aa2,S2B_MSIL2A_20241208T051119_N0511_R019_T43PHP_20241208T075639.SAFE,T43PHP,13.254839,CLOUD_REJECTED,Valid surface pixel coverage too low: 23.9% (threshold: 70.0%),,50x50,"SCL, B04, B08, B11, B12",,,,,,2024-12-08T05:11:19.024000Z,50x50,"SCL, B04, B08, B11, B12",597.0,23.88,SUCCESS,,2500.0,,0.4120128974675437,,0.5231157186887083,,0.2883078399507441,,-0.2054028877503493,,0.8450884842267248,,0.2205781784616979,,0.3248795333502409,,0.3161937058384897,,-0.4749153585718683,,0.7383788834384489,,0.0821375476369193,,0.1444473893453485,,0.2083551480758918,,-0.461489898989899,,0.5271906423147958,,0.752930718415395,,0.6780487804878049,,0.2134896135930952,,916.5611390284756,,2232.190954773869,,1874.6867671691791,,1491.5778894472362,MISSING_PRE,Pre Step 3A features are unusable (status: NONE).,,,,,,,,,,,,,,,,,2026-09-05T17:46:51Z,CLOUD_REJECTED,"[77.91493,11.80733,77.92411,11.81631]",19176.0,True,True,Persistent Industrial Thermal Source,,VERIFIED,,Persistent Industrial Thermal Source,True,,Present,Unambiguous direct match or syntactic/case variation,True,Industrial Thermal Activity,1,0,1,3
FIRMS_TN_0439,439,2024-12-09,807,2024-12-09T08:00,9.50536,78.25312,N,VIIRS_SUOMI_NPP,VIIRS,1.25,331.32,298.1,33.21999999999997,0.0037727876373294,0.8109302162163288,n,1.0,D,1,0,0,1,1,0,1.25,331.32,0,0,0.8488489361815968,-0.4667464511832151,20,Shrubland,COVERED,485.78967652748776,0.4857896765274878,13479054,relation,,Power Plant,Power Plant,HIGHER_RELEVANCE,1,1,1,1,1,485.78967652748776,0.4857896765274878,13479054,,Power Plant,1,1,1,1,1,0.4475045024107764,MEDIUM,False,Within 500 m of HIGHER_RELEVANCE facility: Power Plant; Low FRP=1.25 MW; Landcover=Shrubland,UNVERIFIED,Other/Unclassified,CLOUD_REJECTED,True,Post cloud-rejected (Valid surface pixel coverage too low: 7.8% (threshold: 70.0%)); pre: MISSING_PRODUCT,1000m x 1000m,50x50,"SCL, B04, B08, B11, B12",,,,,,MISSING_PRODUCT,No usable pre-event product was matched in catalogue search.,2024-12-18T05:11:29.024000Z,4e35eebf-bdb7-4e0b-817c-599f13f5dbc2,S2B_MSIL2A_20241218T051129_N0511_R019_T43PHL_20241218T094845.SAFE,T43PHL,26.198825,CLOUD_REJECTED,Valid surface pixel coverage too low: 7.8% (threshold: 70.0%),,50x50,"SCL, B04, B08, B11, B12",,,,,,2024-12-18T05:11:29.024000Z,50x50,"SCL, B04, B08, B11, B12",194.0,7.76,SUCCESS,,2500.0,,0.3441752200327558,,0.3790602384937321,,0.1050751165595519,,0.1074321944346601,,0.4978991596638655,,0.1447446872467843,,0.2099897342257484,,0.1410859811053432,,-0.1801870103613848,,0.3336450783259294,,-0.0353366170444763,,0.0288094044773434,,0.1407085719736316,,-0.3501446878875568,,0.1116905693176879,,0.691638133548444,,0.6812101898757685,,0.0379393212885492,,1107.2628865979382,,2299.711340206185,,2482.365979381443,,1715.7113402061857,MISSING_PRE,Pre Step 3A features are unusable (status: NONE).,,,,,,,,,,,,,,,,,2026-09-05T17:47:17Z,CLOUD_REJECTED,"[78.24857,9.50087,78.25767,9.50985]",20381.0,True,True,Agricultural Burning,,VERIFIED,,agricultural Burning,True,,Absent,Unambiguous direct match or syntactic/case variation,True,Agricultural Burning,1,0,1,2
FIRMS_TN_0448,448,2024-12-10,750,2024-12-10T07:00,9.31199,77.68814,N,VIIRS_SUOMI_NPP,VIIRS,5.7,333.89,296.36,37.52999999999997,0.0170714906106801,1.9021075263969205,n,1.0,D,1,0,0,1,1,0,5.7,333.89,0,0,1.015490575459477,1.4830025418993564,30,Grassland,FAILED_TILE,14449.733286353128,14.449733286353128,642500075,way,,Mining,Mining & Quarry,HIGHER_RELEVANCE,0,0,0,0,0,14449.733286353128,14.449733286353128,642500075,,Mining & Quarry,0,0,0,0,0,0.3526841277472492,MEDIUM,False,FAILED_TILE: Tuticorin region - major port/industrial zone with no OSM coverage; High FRP=5.7 MW; Landcover=Grassland,UNVERIFIED,Other/Unclassified,CLOUD_REJECTED,True,Both pre and post observations rejected due to cloud/shadow cover.,1000m x 1000m,50x50,"SCL, B04, B08, B11, B12",2024-12-08T05:11:19.024000Z,53fde78e-91c5-4fdc-9d52-4163da08b4c8,S2B_MSIL2A_20241208T051119_N0511_R019_T43PGL_20241208T075639.SAFE,T43PGL,13.920011,CLOUD_REJECTED,Valid surface pixel coverage too low: 22.8% (threshold: 70.0%),2024-12-18T05:11:29.024000Z,806a9c26-d67b-4942-9d49-7c7477ae6665,S2B_MSIL2A_20241218T051129_N0511_R019_T43PGL_20241218T094845.SAFE,T43PGL,11.848027,CLOUD_REJECTED,Valid surface pixel coverage too low: 59.6% (threshold: 70.0%),2024-12-08T05:11:19.024000Z,50x50,"SCL, B04, B08, B11, B12",570.0,22.8,SUCCESS,"[77.68359,9.30750,77.69269,9.31648]",18171.0,2024-12-18T05:11:29.024000Z,50x50,"SCL, B04, B08, B11, B12",1489.0,59.56,SUCCESS,2500.0,2500.0,0.5546457335890411,0.470108062218122,0.5616839063974204,0.4703225806451613,0.0891251546906099,0.0676172819474988,0.2270058708414872,0.2447210491220271,0.7437636231533059,0.6585909217488165,0.319053737439514,0.2668946890729232,0.3237625394466089,0.2745901639344262,0.098808480542731,0.1194836041154809,0.022933509321894,-0.0193202146690518,0.5302894658310952,0.543451652386781,0.0946708230708388,0.0459723350699359,0.0953717595412305,0.0481064483111566,0.0665271750744401,0.0846562706148743,-0.1096439518981372,-0.1436382754994742,0.255984555984556,0.2789241827034546,0.6236982387047622,0.6327832405941967,0.6160163917846182,0.6223506743737958,0.068356931325388,0.0687305724824326,897.198245614035,919.9355271994629,3118.21403508772,2550.683008730692,2574.738596491228,2330.308932169241,1621.2964912280702,1494.0651443922095,INSUFFICIENT_VALID_DATA,"Valid pixel coverage too low: pre=22.8%, post=59.6% (threshold=70.0%).",,,,,,,,,,,,,,,,,2026-09-05T17:47:42Z,CLOUD_REJECTED,"[77.68359,9.30750,77.69269,9.31648]",19205.0,True,True,Agricultural Burning,,VERIFIED,,agricultural burning,True,,,Unambiguous direct match or syntactic/case variation,True,Agricultural Burning,0,0,1,0
FIRMS_TN_0454,454,2024-12-14,2050,2024-12-14T20:00,11.076,79.56938,N,VIIRS_SUOMI_NPP,VIIRS,0.43,307.17,291.68,15.490000000000007,0.0013998762900022,0.3576744442718159,n,1.0,N,0,0,0,1,1,0,0.43,307.17,0,0,-0.7170637441922595,-0.8260260409197788,10,Tree cover,COVERED,1499.8488850546948,1.499848885054695,341791011,way,Kadalangudi,Other Industrial,Substation & Electrical Infrastructure,CAUTION_LOWER_RELEVANCE,0,0,1,1,1,5034.391873813357,5.034391873813357,823185402,Kuttulam Power Plant,Power Plant,0,0,0,0,1,0.3547420085068062,MEDIUM,False,Within 2 km of CAUTION_LOWER_RELEVANCE facility: Substation & Electrical Infrastructure (Kadalangudi); Low FRP=0.43 MW; Landcover=Tree cover,UNVERIFIED,Other/Unclassified,MISSING_PRODUCT,False,Neither observation was available in catalogue search.,1000m x 1000m,50x50,"SCL, B04, B08, B11, B12",,,,,,MISSING_PRODUCT,No usable pre-event product was matched in catalogue search.,,,,,,MISSING_PRODUCT,No usable post-event product was matched in catalogue search.,,50x50,"SCL, B04, B08, B11, B12",,,,,,,50x50,"SCL, B04, B08, B11, B12",,,,,,,,,,,,,,,,,,,,,,,,,,,,,,,,,,,,,,,,,,,,,,,,,,INVALID_INPUT,Both pre_features and post_features are None.,,,,,,,,,,,,,,,,,2026-09-05T16:56:16Z,MISSING_PRODUCT,,,True,True,Agricultural Burning,,VERIFIED,,Biomass / Agricultural Burning,True,,,Unambiguous direct match or syntactic/case variation,True,Agricultural Burning,1,1,1,4
FIRMS_TN_0469,469,2024-12-19,822,2024-12-19T08:00,8.36387,77.99434,N,VIIRS_SUOMI_NPP,VIIRS,3.94,334.99,295.72,39.26999999999998,0.0117615451207498,1.597365331199831,n,1.0,D,1,0,0,1,1,0,3.94,334.99,0,0,1.0868157907146023,0.7118658614891707,10,Tree cover,FAILED_TILE,81838.87848276627,81.83887848276628,774534255,way,,Mining,Mining & Quarry,HIGHER_RELEVANCE,0,0,0,0,0,81838.87848276627,81.83887848276628,774534255,,Mining & Quarry,0,0,0,0,0,0.339192275798609,MEDIUM,False,FAILED_TILE: Tuticorin region - major port/industrial zone with no OSM coverage; Moderate FRP=3.9 MW; Landcover=Tree cover,UNVERIFIED,Other/Unclassified,CLOUD_REJECTED,True,Both pre and post observations rejected due to cloud/shadow cover.,1000m x 1000m,50x50,"SCL, B04, B08, B11, B12",2024-12-08T05:11:19.024000Z,14c71f57-490e-479a-bbfa-2471033861b3,S2B_MSIL2A_20241208T051119_N0511_R019_T43PHK_20241208T075639.SAFE,T43PHK,18.671677,CLOUD_REJECTED,Valid surface pixel coverage too low: 0.6% (threshold: 70.0%),2024-12-28T05:11:29.024000Z,d6f069e0-0460-4017-b431-02ebfcb74496,S2B_MSIL2A_20241228T051129_N0511_R019_T43PHK_20241228T071311.SAFE,T43PHK,35.693669,CLOUD_REJECTED,Valid surface pixel coverage too low: 23.2% (threshold: 70.0%),2024-12-08T05:11:19.024000Z,50x50,"SCL, B04, B08, B11, B12",15.0,0.6,SUCCESS,"[77.98980,8.35938,77.99888,8.36836]",20970.0,2024-12-28T05:11:29.024000Z,50x50,"SCL, B04, B08, B11, B12",581.0,23.24,SUCCESS,2500.0,2500.0,0.5438606979141446,0.4343031084183178,0.5404404599493277,0.4786967418546365,0.1032398650757445,0.2142245525985585,0.3377241126966703,0.0206986614430297,0.7280575539568346,0.7562790697674419,0.3947232662531585,0.3702461772747399,0.4040328603435399,0.4042553191489361,0.1266804486455493,0.149707598225406,0.1361093847110006,0.0886111501193652,0.5846940458518886,0.6334795815052312,0.2096636392021693,0.1934173895808492,0.2154517536770648,0.2082932857339008,0.0808682702710338,0.0910385038409945,0.0326225109447818,0.0194463509494394,0.3309322620861615,0.3861027190332326,0.6606774263099859,0.6769474054281996,0.657601977750309,0.654153632255822,0.0905005607826586,0.1130970315783342,1192.5333333333333,2356.373493975904,4040.266666666667,4897.707401032702,2638.733333333333,3478.879518072289,1767.6,2512.290877796902,INSUFFICIENT_VALID_DATA,"Valid pixel coverage too low: pre=0.6%, post=23.2% (threshold=70.0%).",,,,,,,,,,,,,,,,,2026-09-05T17:48:35Z,CLOUD_REJECTED,"[77.98980,8.35938,77.99888,8.36836]",20971.0,True,True,Agricultural Burning,,VERIFIED,,Biomass / Agricultural Burning,True,,,Unambiguous direct match or syntactic/case variation,True,Agricultural Burning,0,0,1,3
FIRMS_TN_0472,472,2024-12-20,805,2024-12-20T08:00,11.53465,78.47977,N,VIIRS_SUOMI_NPP,VIIRS,2.52,334.28,299.87,34.40999999999997,0.0075385904032547,1.2584609896100056,n,1.0,D,1,0,0,1,1,0,2.52,334.28,0,0,1.0407786063226565,0.0896987670673164,10,Tree cover,COVERED,4022.0258847419104,4.02202588474191,813893974,way,,Mining,Mining & Quarry,HIGHER_RELEVANCE,0,0,0,1,1,4022.0258847419104,4.02202588474191,813893974,,Mining & Quarry,0,0,0,1,1,0.4417633049642007,MEDIUM,False,Within 5 km of HIGHER_RELEVANCE facility: Mining & Quarry; Moderate FRP=2.5 MW; Landcover=Tree cover,UNVERIFIED,Other/Unclassified,PARTIAL_PRE_ONLY,True,Pre successful; post unavailable: CLOUD_REJECTED (Valid surface pixel coverage too low: 59.5% (threshold: 70.0%)),1000m x 1000m,50x50,"SCL, B04, B08, B11, B12",2024-12-08T05:11:19.024000Z,d78f129c-2ac5-4fce-842c-814b32da653a,S2B_MSIL2A_20241208T051119_N0511_R019_T44PKT_20241208T075639.SAFE,T44PKT,26.985562,REAL_CDSE_SUCCESS,,2024-12-23T05:12:31.024000Z,0b0a4415-e34e-4cd1-83a1-fbdde3164077,S2A_MSIL2A_20241223T051231_N0511_R019_T44PKT_20241223T084549.SAFE,T44PKT,24.450816,CLOUD_REJECTED,Valid surface pixel coverage too low: 59.5% (threshold: 70.0%),2024-12-08T05:11:19.024000Z,50x50,"SCL, B04, B08, B11, B12",1823.0,72.92,SUCCESS,"[78.47519,11.53016,78.48435,11.53914]",19727.0,2024-12-23T05:12:31.024000Z,50x50,"SCL, B04, B08, B11, B12",1487.0,59.48,SUCCESS,2500.0,2500.0,0.5688691538442344,0.4381092005441414,0.5972427375677006,0.4472361809045226,0.1424855881458432,0.0922771602537731,0.1153925833851253,0.1508282476024411,0.8492731446059678,0.7180762852404643,0.2974784180257915,0.3574455347588054,0.3098384728340675,0.3567884528642309,0.1795707363198255,0.1650717161597019,-0.1764235764235764,-0.1085810668353362,0.7269825681315983,0.7227310574521232,0.0922514163699155,0.1255017427420348,0.0936374549819928,0.1174183514774494,0.1414810145942331,0.1317256001157441,-0.2528358961431812,-0.2108889262308855,0.497870528109029,0.4689855072463768,0.6441946668045856,0.6008245893537141,0.6375908618899273,0.5958119320426709,0.0888325196377201,0.0807778667279592,769.2452002194185,1022.0894418291864,2766.7059791552388,2650.114996637525,2332.594624245749,2110.072629455279,1538.2852441031266,1301.607262945528,INSUFFICIENT_VALID_DATA,"Valid pixel coverage too low: pre=72.9%, post=59.5% (threshold=70.0%).",,,,,,,,,,,,,,,,,2026-09-05T17:48:44Z,,"[78.47519,11.53016,78.48435,11.53914]",19516.0,True,True,Agricultural Burning,,VERIFIED,,agricultural Burning,True,,Absent,Unambiguous direct match or syntactic/case variation,True,Agricultural Burning,0,0,1,2
FIRMS_TN_0478,478,2024-12-23,847,2024-12-23T08:00,11.48662,77.3672,N,VIIRS_SUOMI_NPP,VIIRS,8.34,367.0,293.65,73.35000000000002,0.0227247956403269,2.234306252240751,h,2.0,D,1,0,0,2,1,0,11.56,356.975,1,1,3.162379554638709,2.6397075625146345,10,Tree cover,COVERED,3168.492785063283,3.168492785063283,337856917,way,Thuckanaickenpalayam,Other Industrial,Substation & Electrical Infrastructure,CAUTION_LOWER_RELEVANCE,0,0,0,1,1,11267.727297648216,11.267727297648214,1440947503,Coirmedia,Manufacturing & Industrial Works,0,0,0,0,0,0.5312570515414371,HIGH,False,Within 5 km of CAUTION_LOWER_RELEVANCE facility: Substation & Electrical Infrastructure (Thuckanaickenpalayam); High FRP=8.3 MW; Landcover=Tree cover,UNVERIFIED,Other/Unclassified,REAL_CDSE_SUCCESS,True,,1000m x 1000m,50x50,"SCL, B04, B08, B11, B12",2024-12-18T05:11:29.024000Z,21ce1078-4d36-419b-b0d1-bd2e221808b5,S2B_MSIL2A_20241218T051129_N0511_R019_T43PGN_20241218T094845.SAFE,T43PGN,17.029287,REAL_CDSE_SUCCESS,,2025-01-07T05:11:19.024000Z,ee5ce2ef-0024-4147-b8a5-17ed03f81809,S2B_MSIL2A_20250107T051119_N0511_R019_T43PGN_20250107T080132.SAFE,T43PGN,13.35683,REAL_CDSE_SUCCESS,,2024-12-18T05:11:29.024000Z,50x50,"SCL, B04, B08, B11, B12",2476.0,99.04,SUCCESS,"[77.36262,11.48213,77.37178,11.49111]",19272.0,2025-01-07T05:11:19.024000Z,50x50,"SCL, B04, B08, B11, B12",2323.0,92.92,SUCCESS,2500.0,2500.0,0.5224712471764903,0.493660793224577,0.5177389369053835,0.4932580746315459,0.1799290445803603,0.2425608836380335,0.1508771929824561,-0.0879848628192999,0.8630403108305003,0.888296822577462,0.2445542203952705,0.3143092882998227,0.2358633823209189,0.3723034098816979,0.2525294354203024,0.2907589667588817,-0.2611342518423582,-0.3664242807461271,0.7924141465914916,0.8074935400516796,0.0555971657365029,0.1362739083279543,0.0425876823685118,0.1618547681539807,0.1915617795370159,0.2302058756358527,-0.325,-0.3430365296803653,0.591353811149033,0.6860158311345647,0.6661555533447061,0.6691723978209464,0.6669295478443743,0.6637731481481481,0.1234927711270973,0.151978631867425,707.4313408723748,671.361601377529,2352.820678513732,2252.5906155832977,2098.463651050081,1704.876883340508,1439.6320678513732,1173.197158846319,SUCCESS,,-0.0288104539519132,0.0288104539519132,-0.0244808622738376,0.0244808622738376,0.0697550679045521,0.0697550679045521,0.136440027560779,0.136440027560779,0.0806767425914514,0.0806767425914514,0.1192670857854689,0.1192670857854689,0.0030168444762402,0.0030168444762402,-0.0031563996962261,0.0031563996962261,2026-09-05T17:49:05Z,,"[77.36262,11.48213,77.37178,11.49111]",19274.0,True,True,Agricultural Burning,,VERIFIED,,Agricultural Burning,True,,Absent,Unambiguous direct match or syntactic/case variation,True,Agricultural Burning,0,0,0,4
FIRMS_TN_0487,487,2024-12-25,809,2024-12-25T08:00,9.85774,77.33888,N,VIIRS_SUOMI_NPP,VIIRS,3.26,336.26,307.18,29.079999999999984,0.0096948789627074,1.449269160281279,n,1.0,D,1,0,0,2,1,0,6.35,334.38,0,0,1.1691639937818807,0.413926689512508,30,Grassland,COVERED,1751.5116911688228,1.7515116911688229,9101497939,node,,Power Plant,Power Plant,HIGHER_RELEVANCE,0,0,1,1,1,1751.5116911688228,1.7515116911688229,9101497939,,Power Plant,0,0,1,1,1,0.47509049946873,MEDIUM,False,Within 2 km of HIGHER_RELEVANCE facility: Power Plant; Moderate FRP=3.3 MW; Landcover=Grassland,UNVERIFIED,Other/Unclassified,PARTIAL_PRE_ONLY,True,Pre successful; post unavailable: CLOUD_REJECTED (Valid surface pixel coverage too low: 1.4% (threshold: 70.0%)),1000m x 1000m,50x50,"SCL, B04, B08, B11, B12",2024-12-23T05:12:31.024000Z,53a8e3f3-71dc-4392-91de-ff114ca7d1db,S2A_MSIL2A_20241223T051231_N0511_R019_T43PGL_20241223T084549.SAFE,T43PGL,18.112123,REAL_CDSE_SUCCESS,,2025-01-02T05:12:21.024000Z,959cb190-558b-4a5f-b4a4-793fc9d116fc,S2A_MSIL2A_20250102T051221_N0511_R019_T43PGL_20250102T080951.SAFE,T43PGL,36.121586,CLOUD_REJECTED,Valid surface pixel coverage too low: 1.4% (threshold: 70.0%),2024-12-23T05:12:31.024000Z,50x50,"SCL, B04, B08, B11, B12",2500.0,100.0,SUCCESS,"[77.33432,9.85325,77.34344,9.86223]",19138.0,2025-01-02T05:12:21.024000Z,50x50,"SCL, B04, B08, B11, B12",35.0,1.4,SUCCESS,2500.0,2500.0,0.4848722520860456,0.3759612464932125,0.4954407294832826,0.3689907672715695,0.1459863977108544,0.0385065052003174,0.0609797875984926,0.2874164487067713,0.855072463768116,0.4889232354456466,0.2043096110559581,0.1535016023906809,0.2024568750058946,0.1560263383910678,0.1468916780159925,0.0662472473870453,-0.2021688613477924,0.0517860917353625,0.7162935970848516,0.3451245054689318,-0.0048353639704849,-0.0447546708224552,-0.0063816443220877,-0.0464151688722101,0.1101227669254058,0.0460370807232978,-0.3054048187540699,-0.1213137912767084,0.4400524131906529,0.1153994596680818,0.6508011852580653,0.6707680597283519,0.6515483955773056,0.6698466780238501,0.0671484778179532,0.0353495549911723,958.1528,1100.4571428571428,2736.2492,2429.1428571428573,2771.2352,2669.742857142857,1826.7112,1799.942857142857,INSUFFICIENT_VALID_DATA,"Valid pixel coverage too low: pre=100.0%, post=1.4% (threshold=70.0%).",,,,,,,,,,,,,,,,,2026-09-05T17:49:32Z,,"[77.33432,9.85325,77.34344,9.86223]",20146.0,True,True,Agricultural Burning,,VERIFIED,,agricultural Burning,True,,Absent,Unambiguous direct match or syntactic/case variation,True,Agricultural Burning,0,0,1,1
FIRMS_TN_0525,525,2025-01-02,720,2025-01-02T07:00,10.9532,79.16271,N,VIIRS_SUOMI_NPP,VIIRS,4.8,331.17,293.74,37.43000000000001,0.01449406649153,1.7578579175523736,n,1.0,D,1,0,0,1,1,0,4.8,331.17,0,0,0.8391227704649905,1.0886712848714204,50,Built-up,COVERED,5725.130205029815,5.725130205029815,1078863162,way,,Mining,Mining & Quarry,HIGHER_RELEVANCE,0,0,0,0,1,5725.130205029815,5.725130205029815,1078863162,,Mining & Quarry,0,0,0,0,1,0.4207846512565304,MEDIUM,False,Far from industrial facilities (5.7 km to nearest); Moderate FRP=4.8 MW; Landcover=Built-up,UNVERIFIED,Other/Unclassified,CLOUD_REJECTED,True,Post cloud-rejected (Valid surface pixel coverage too low: 61.6% (threshold: 70.0%)); pre: MISSING_PRODUCT,1000m x 1000m,50x50,"SCL, B04, B08, B11, B12",,,,,,MISSING_PRODUCT,No usable pre-event product was matched in catalogue search.,2025-01-04T05:01:19.024000Z,99250cf6-6a07-4a74-a512-84f22ba28281,S2B_MSIL2A_20250104T050119_N0511_R119_T44PKT_20250104T132122.SAFE,T44PKT,17.099401,CLOUD_REJECTED,Valid surface pixel coverage too low: 61.6% (threshold: 70.0%),,50x50,"SCL, B04, B08, B11, B12",,,,,,2025-01-04T05:01:19.024000Z,50x50,"SCL, B04, B08, B11, B12",1541.0,61.64,SUCCESS,,2500.0,,0.7007929434965526,,0.7695765318192571,,0.1884149569749847,,0.0374331550802139,,0.9255725190839694,,0.466737291082303,,0.5686979986507757,,0.2146116663179764,,-0.1377431906614786,,0.7383631149349217,,0.2539615659457116,,0.3161611965101786,,0.1569985709185627,,-0.208853980721171,,0.4901664145234493,,0.5952480606067648,,0.5360623781676414,,0.1282816968653077,,589.5133030499676,,3379.3510707332903,,2013.863724853991,,1253.637897469176,MISSING_PRE,Pre Step 3A features are unusable (status: NONE).,,,,,,,,,,,,,,,,,2026-09-05T17:51:20Z,CLOUD_REJECTED,"[79.15814,10.94871,79.16728,10.95769]",19687.0,True,True,Agricultural Burning,,VERIFIED,,agricultural Burning,True,,Absent,Unambiguous direct match or syntactic/case variation,True,Agricultural Burning,1,0,1,2
FIRMS_TN_0526,526,2025-01-02,720,2025-01-02T07:00,12.38014,79.09187,N,VIIRS_SUOMI_NPP,VIIRS,4.66,343.87,289.05,54.81999999999999,0.0135516328845203,1.7334238922150915,n,1.0,D,1,0,0,1,1,0,4.66,343.87,0,0,1.6626048011377843,1.027330867111519,40,Cropland,FAILED_TILE,27139.82351258469,27.13982351258469,342136913,way,Rajanthangal,Other Industrial,Substation & Electrical Infrastructure,CAUTION_LOWER_RELEVANCE,0,0,0,0,0,34132.12627842833,34.13212627842833,995868195,,Power Plant,0,0,0,0,0,0.3449748374117188,MEDIUM,False,FAILED_TILE: OSM coverage unavailable - industrial context unknown; Moderate FRP=4.7 MW; Landcover=Cropland,UNVERIFIED,Other/Unclassified,PARTIAL_PRE_ONLY,True,Pre successful; post unavailable: MISSING_PRODUCT (No usable post-event product was matched in catalogue search.),1000m x 1000m,50x50,"SCL, B04, B08, B11, B12",2024-12-23T05:12:31.024000Z,a9be41a0-69c6-4e48-8ed3-5e47543307cb,S2A_MSIL2A_20241223T051231_N0511_R019_T44PKU_20241223T084549.SAFE,T44PKU,7.416421,REAL_CDSE_SUCCESS,,,,,,,MISSING_PRODUCT,No usable post-event product was matched in catalogue search.,2024-12-23T05:12:31.024000Z,50x50,"SCL, B04, B08, B11, B12",2497.0,99.88,SUCCESS,"[79.08727,12.37565,79.09647,12.38463]",19042.0,,50x50,"SCL, B04, B08, B11, B12",,,,2500.0,,0.6038132310151473,,0.6457543040560256,,0.1690904322777951,,0.111274150158963,,0.8895135663651919,,0.3408742563426066,,0.3642172523961661,,0.1638828939286147,,-0.1737154840964697,,0.6787072243346007,,0.0980633681463128,,0.1046240074731433,,0.1277640658720642,,-0.3141862489120974,,0.4308608058608059,,0.5920048649953188,,0.5712701053799224,,0.0821547607069481,,572.2054465358431,,2308.109331197437,,1893.8029635562675,,1144.6764116940328,,MISSING_POST,Post Step 3A features are unusable (status: NONE).,,,,,,,,,,,,,,,,,2026-09-05T17:51:21Z,,,,True,True,Agricultural Burning,,VERIFIED,,Agricultural Burning,True,,,Unambiguous direct match or syntactic/case variation,True,Agricultural Burning,0,1,1,1
FIRMS_TN_0534,534,2025-01-04,822,2025-01-04T08:00,11.1349,77.34515,N,VIIRS_SUOMI_NPP,VIIRS,2.8,334.05,305.42,28.629999999999995,0.0083819787456967,1.33500106673234,n,1.0,D,1,0,0,1,1,0,2.8,334.05,0,0,1.0258651522238602,0.2123796025871186,50,Built-up,COVERED,1152.330477960091,1.152330477960091,985084093,way,,Other Industrial,Industrial Area / Zone,GENERAL_CONTEXT,0,0,1,1,1,6161.798234070154,6.161798234070154,10796176160,JR Apparels,Manufacturing & Industrial Works,0,0,0,0,1,0.4639586056919519,MEDIUM,False,Within 2 km of GENERAL_CONTEXT facility: Industrial Area / Zone; Moderate FRP=2.8 MW; Landcover=Built-up,UNVERIFIED,Other/Unclassified,PARTIAL_POST_ONLY,True,Post successful; pre unavailable: MISSING_PRODUCT (No usable pre-event product was matched in catalogue search.),1000m x 1000m,50x50,"SCL, B04, B08, B11, B12",,,,,,MISSING_PRODUCT,No usable pre-event product was matched in catalogue search.,2025-01-07T05:11:19.024000Z,ee5ce2ef-0024-4147-b8a5-17ed03f81809,S2B_MSIL2A_20250107T051119_N0511_R019_T43PGN_20250107T080132.SAFE,T43PGN,13.35683,REAL_CDSE_SUCCESS,,,50x50,"SCL, B04, B08, B11, B12",,,,,,2025-01-07T05:11:19.024000Z,50x50,"SCL, B04, B08, B11, B12",2339.0,93.56,SUCCESS,,2500.0,,0.2072742727482423,,0.1705827067669172,,0.1496564255942629,,-0.1393613846612951,,0.7091882247992863,,-0.0206654429402751,,-0.0515263464903752,,0.1436412993069804,,-0.3442170613934238,,0.5989290495314592,,-0.0855134827949263,,-0.1013245033112582,,0.1017606475840594,,-0.3522598228480581,,0.3586497890295358,,0.8808232312827271,,0.9002261164499717,,0.0932166527861023,,1585.5506626763574,,2388.570329200513,,2819.856776400171,,2503.342881573322,MISSING_PRE,Pre Step 3A features are unusable (status: NONE).,,,,,,,,,,,,,,,,,2026-09-05T17:51:39Z,,"[77.34057,11.13041,77.34973,11.13939]",19410.0,True,True,Agricultural Burning,,VERIFIED,,agricultural burning,True,,Absent,Unambiguous direct match or syntactic/case variation,True,Agricultural Burning,1,0,1,4
FIRMS_TN_0536,536,2025-01-04,822,2025-01-04T08:00,12.04727,78.13994,N,VIIRS_SUOMI_NPP,VIIRS,4.0,336.15,300.9,35.25,0.0118994496504536,1.6094379124341005,n,1.0,D,1,0,0,1,1,0,4.0,336.15,0,0,1.1620314722563674,0.7381546119576998,40,Cropland,COVERED,3534.4943193134627,3.534494319313463,1536206840,way,HPCL Dharmapuri Terminal,Chemical,"Oil, Gas & Chemical",HIGHER_RELEVANCE,0,0,0,1,1,3534.4943193134627,3.534494319313463,1536206840,HPCL Dharmapuri Terminal,"Oil, Gas & Chemical",0,0,0,1,1,0.4758053389796094,MEDIUM,False,"Within 5 km of HIGHER_RELEVANCE facility: Oil, Gas & Chemical (HPCL Dharmapuri Terminal); Moderate FRP=4.0 MW; Landcover=Cropland",UNVERIFIED,Other/Unclassified,CLOUD_REJECTED,True,Both pre and post observations rejected due to cloud/shadow cover.,1000m x 1000m,50x50,"SCL, B04, B08, B11, B12",2024-12-23T05:12:31.024000Z,effc73fc-670f-47e6-ae7f-2aea916ba71f,S2A_MSIL2A_20241223T051231_N0511_R019_T43PHP_20241223T084549.SAFE,T43PHP,39.632958,CLOUD_REJECTED,Valid surface pixel coverage too low: 55.6% (threshold: 70.0%),2025-01-07T05:11:19.024000Z,553cddbd-c91c-4f47-9e42-44bffdd6b831,S2B_MSIL2A_20250107T051119_N0511_R019_T43PHP_20250107T080132.SAFE,T43PHP,35.264638,CLOUD_REJECTED,Valid surface pixel coverage too low: 24.3% (threshold: 70.0%),2024-12-23T05:12:31.024000Z,50x50,"SCL, B04, B08, B11, B12",1390.0,55.6,SUCCESS,"[78.13535,12.04278,78.14453,12.05176]",20012.0,2025-01-07T05:11:19.024000Z,50x50,"SCL, B04, B08, B11, B12",608.0,24.32,SUCCESS,2500.0,2500.0,0.4715177595499323,0.5007898111255932,0.4835951194363292,0.5163627021770794,0.1147614143286514,0.0959738462075637,0.1819246078201826,0.1597325408618127,0.6972746331236898,0.6745703719817272,0.379509542067631,0.4149486889312278,0.3939347875597978,0.4373409096100112,0.1673765408073661,0.165297017058325,-0.0818181818181818,-0.1195282376956226,0.6998163211755445,0.7179866765358993,0.1486583500451979,0.1922944500680306,0.1480335701945416,0.1936862623628081,0.118635118167472,0.1201429294144767,-0.1951864586088336,-0.1503611293499671,0.4790912084293711,0.4429592788312092,0.6003651438919392,0.6024675176348314,0.5868637081048786,0.5851279010383466,0.1009123856678986,0.1001293959742544,1129.6079136690648,813.4144736842105,3175.558992805755,2456.5378289473683,2380.23381294964,1705.453947368421,1466.7172661870504,1060.4259868421052,INSUFFICIENT_VALID_DATA,"Valid pixel coverage too low: pre=55.6%, post=24.3% (threshold=70.0%).",,,,,,,,,,,,,,,,,2026-09-05T17:51:43Z,CLOUD_REJECTED,"[78.13535,12.04278,78.14453,12.05176]",19883.0,True,True,Agricultural Burning,,VERIFIED,,agricultural Burning,True,,Absent,Unambiguous direct match or syntactic/case variation,True,Agricultural Burning,0,0,1,2
FIRMS_TN_0548,548,2025-01-05,805,2025-01-05T08:00,11.58939,78.69434,N,VIIRS_SUOMI_NPP,VIIRS,3.02,337.84,304.94,32.89999999999998,0.0089391427894861,1.3912819026309295,n,1.0,D,1,0,0,1,1,0,3.02,337.84,0,0,1.2716129393301487,0.3087716876383919,40,Cropland,COVERED,253.64681487347684,0.2536468148734768,906387731,way,,Other Industrial,Industrial Area / Zone,GENERAL_CONTEXT,1,1,1,1,1,20770.172949023097,20.7701729490231,813893974,,Mining & Quarry,0,0,0,0,0,0.4772797496994774,MEDIUM,False,Within 500 m of GENERAL_CONTEXT facility: Industrial Area / Zone; Moderate FRP=3.0 MW; Landcover=Cropland,UNVERIFIED,Other/Unclassified,CLOUD_REJECTED,True,Both pre and post observations rejected due to cloud/shadow cover.,1000m x 1000m,50x50,"SCL, B04, B08, B11, B12",2025-01-02T05:12:21.024000Z,c97f2852-ce30-4c76-be38-f29383f3e6ed,S2A_MSIL2A_20250102T051221_N0511_R019_T43PHN_20250102T080951.SAFE,T43PHN,31.673813,CLOUD_REJECTED,Valid surface pixel coverage too low: 0.0% (threshold: 70.0%),2025-01-07T05:11:19.024000Z,a32ff87c-8648-4bc9-a165-35b40cf6487c,S2B_MSIL2A_20250107T051119_N0511_R019_T43PHN_20250107T080132.SAFE,T43PHN,32.035357,CLOUD_REJECTED,Valid surface pixel coverage too low: 0.0% (threshold: 70.0%),2025-01-02T05:12:21.024000Z,50x50,"SCL, B04, B08, B11, B12",0.0,0.0,ALL_PIXELS_MASKED,"[78.68975,11.58490,78.69893,11.59388]",21047.0,2025-01-07T05:11:19.024000Z,50x50,"SCL, B04, B08, B11, B12",0.0,0.0,ALL_PIXELS_MASKED,2500.0,2500.0,,,,,,,,,,,,,,,,,,,,,,,,,,,,,,,,,,,,,,,,,,,,,MISSING_BOTH,Both pre (ALL_PIXELS_MASKED) and post (ALL_PIXELS_MASKED) Step 3A features are unusable.,,,,,,,,,,,,,,,,,2026-09-05T17:52:17Z,CLOUD_REJECTED,"[78.68975,11.58490,78.69893,11.59388]",20958.0,True,True,Agricultural Burning,,VERIFIED,,agricultural Burning,True,,Absent,Unambiguous direct match or syntactic/case variation,True,Agricultural Burning,1,1,1,0
FIRMS_TN_0549,549,2025-01-05,805,2025-01-05T08:00,11.67086,79.1691,N,VIIRS_SUOMI_NPP,VIIRS,9.79,343.24,304.07,39.170000000000016,0.0285223167462999,2.378619779270043,n,1.0,D,1,0,0,2,1,0,14.96,341.135,0,1,1.6217549051280322,3.275019032170753,40,Cropland,COVERED,3963.767427816255,3.963767427816255,1119090151,way,,Mining,Mining & Quarry,HIGHER_RELEVANCE,0,0,0,1,1,3963.767427816255,3.963767427816255,1119090151,,Mining & Quarry,0,0,0,1,1,0.5083128770109774,HIGH,False,Within 5 km of HIGHER_RELEVANCE facility: Mining & Quarry; High FRP=9.8 MW; Landcover=Cropland,UNVERIFIED,Other/Unclassified,CLOUD_REJECTED,True,Pre cloud-rejected (Valid surface pixel coverage too low: 5.6% (threshold: 70.0%)); post: MISSING_PRODUCT,1000m x 1000m,50x50,"SCL, B04, B08, B11, B12",2025-01-04T05:01:19.024000Z,bfb18f50-c428-46a3-8325-80798e15cd44,S2B_MSIL2A_20250104T050119_N0511_R119_T44PLT_20250104T132122.SAFE,T44PLT,13.576193,CLOUD_REJECTED,Valid surface pixel coverage too low: 5.6% (threshold: 70.0%),,,,,,MISSING_PRODUCT,No usable post-event product was matched in catalogue search.,2025-01-04T05:01:19.024000Z,50x50,"SCL, B04, B08, B11, B12",141.0,5.64,SUCCESS,"[79.16451,11.66637,79.17369,11.67535]",20902.0,,50x50,"SCL, B04, B08, B11, B12",,,,2500.0,,0.5806132876534368,,0.59879939969985,,0.0728998875948899,,0.3452960779287362,,0.6793355147243896,,0.3703275981367271,,0.3795791114575214,,0.147545698617613,,-0.0225737353765035,,0.6525821596244131,,0.1365103326938951,,0.1458699472759226,,0.1196976387949019,,-0.1734708095304444,,0.3904899135446686,,0.5982964561246702,,0.5971479500891266,,0.0714975785350456,,746.5531914893617,,2799.31914893617,,2217.659574468085,,1362.340425531915,,MISSING_POST,Post Step 3A features are unusable (status: NONE).,,,,,,,,,,,,,,,,,2026-09-05T17:52:19Z,CLOUD_REJECTED,,,True,True,Agricultural Burning,,VERIFIED,,agriculatural fire,True,,Absent,Unambiguous direct match or syntactic/case variation,True,Agricultural Burning,0,1,1,4
FIRMS_TN_0568,568,2025-01-06,743,2025-01-06T07:00,10.65176,78.9027,N,VIIRS_SUOMI_NPP,VIIRS,4.71,333.03,299.15,33.879999999999995,0.0141428700117106,1.742219023667919,n,1.0,D,1,0,0,2,1,0,7.76,335.415,0,0,0.9597272253509246,1.0492381591686268,40,Cropland,COVERED,4210.4497338513565,4.210449733851356,560347053,way,,Mining,Mining & Quarry,HIGHER_RELEVANCE,0,0,0,1,1,4210.4497338513565,4.210449733851356,560347053,,Mining & Quarry,0,0,0,1,1,0.4605711384773205,MEDIUM,False,Within 5 km of HIGHER_RELEVANCE facility: Mining & Quarry; Moderate FRP=4.7 MW; Landcover=Cropland,UNVERIFIED,Other/Unclassified,PARTIAL_PRE_ONLY,True,Pre successful; post unavailable: MISSING_PRODUCT (No usable post-event product was matched in catalogue search.),1000m x 1000m,50x50,"SCL, B04, B08, B11, B12",2025-01-04T05:01:19.024000Z,bca36446-74e1-4599-a2bd-f54f86adfb43,S2B_MSIL2A_20250104T050119_N0511_R119_T44PKS_20250104T132122.SAFE,T44PKS,15.663011,REAL_CDSE_SUCCESS,,,,,,,MISSING_PRODUCT,No usable post-event product was matched in catalogue search.,2025-01-04T05:01:19.024000Z,50x50,"SCL, B04, B08, B11, B12",2485.0,99.4,SUCCESS,"[78.89813,10.64727,78.90727,10.65625]",19502.0,,50x50,"SCL, B04, B08, B11, B12",,,,2500.0,,0.532323120868753,,0.5474452554744526,,0.1813403428540276,,-0.0418488444722048,,0.8971379384549172,,0.2421829905079187,,0.2351808260218275,,0.1905360288607776,,-0.200885445489762,,0.6898710865561695,,0.0660571796926539,,0.0485333333333333,,0.1376735495621649,,-0.2214620093626215,,0.4400502197112366,,0.6911020616376359,,0.6840620592383639,,0.1098951421252981,,895.8402414486922,,2953.980281690141,,2587.4382293762574,,1831.2028169014084,,MISSING_POST,Post Step 3A features are unusable (status: NONE).,,,,,,,,,,,,,,,,,2026-09-05T17:53:11Z,,,,True,True,Agricultural Burning,,VERIFIED,,agricultural Burning,True,,Absent,Unambiguous direct match or syntactic/case variation,True,Agricultural Burning,0,1,1,1
FIRMS_TN_0587,587,2025-01-07,1959,2025-01-07T19:00,10.56854,79.53321,N,VIIRS_SUOMI_NPP,VIIRS,0.21,302.53,289.75,12.779999999999973,0.0006941460351039,0.1906203596086497,n,1.0,N,0,0,0,1,1,0,0.21,302.53,0,0,-1.0179264703593307,-0.922418125971052,40,Cropland,FAILED_TILE,27458.689564320983,27.458689564320984,341599833,way,Vaduvur,Other Industrial,Substation & Electrical Infrastructure,CAUTION_LOWER_RELEVANCE,0,0,0,0,0,37217.7994046799,37.2177994046799,1187708883,,Power Plant,0,0,0,0,0,0.2073464842526237,LOW,False,FAILED_TILE: OSM coverage unavailable - industrial context unknown; Low FRP=0.21 MW; Landcover=Cropland,UNVERIFIED,Other/Unclassified,PARTIAL_PRE_ONLY,True,Pre successful; post unavailable: MISSING_PRODUCT (No usable post-event product was matched in catalogue search.),1000m x 1000m,50x50,"SCL, B04, B08, B11, B12",2025-01-04T05:01:19.024000Z,b1e7e483-8542-4633-a7ea-e9a90a9abf7b,S2B_MSIL2A_20250104T050119_N0511_R119_T44PLS_20250104T132122.SAFE,T44PLS,16.992992,REAL_CDSE_SUCCESS,,,,,,,MISSING_PRODUCT,No usable post-event product was matched in catalogue search.,2025-01-04T05:01:19.024000Z,50x50,"SCL, B04, B08, B11, B12",2500.0,100.0,SUCCESS,"[79.52864,10.56405,79.53778,10.57303]",18703.0,,50x50,"SCL, B04, B08, B11, B12",,,,2500.0,,0.7152770371385379,,0.7272009358968083,,0.1134080138651855,,0.1655748814095324,,0.9152815013404826,,0.5434602998110803,,0.5595170150029718,,0.1235298938945919,,-0.5594975891422108,,0.72889091738932,,0.2915572085859695,,0.3020471442579101,,0.1002898434466792,,-0.5232042723631508,,0.4857815257893704,,0.5333346510024529,,0.5244430907711962,,0.0768366215265422,,560.1952,,3356.696,,1856.7664,,1022.5776,,MISSING_POST,Post Step 3A features are unusable (status: NONE).,,,,,,,,,,,,,,,,,2026-09-05T17:54:07Z,,,,True,True,Agricultural Burning,,VERIFIED,,agricultural burning,True,,,Unambiguous direct match or syntactic/case variation,True,Agricultural Burning,0,1,1,2
FIRMS_TN_0598,598,2025-01-08,1942,2025-01-08T19:00,10.49431,77.46686,N,VIIRS_SUOMI_NPP,VIIRS,0.59,303.12,287.09,16.03000000000003,0.0019464238585378,0.4637340162321401,n,1.0,N,0,0,0,2,1,0,1.04,301.65,0,0,-0.9796702185406712,-0.7559227063370347,40,Cropland,COVERED,1585.8409937644155,1.5858409937644156,9117568426,node,,Power Plant,Power Plant,HIGHER_RELEVANCE,0,0,1,1,1,1585.8409937644155,1.5858409937644156,9117568426,,Power Plant,0,0,1,1,1,0.4059948408373582,MEDIUM,False,Within 2 km of HIGHER_RELEVANCE facility: Power Plant; Low FRP=0.59 MW; Landcover=Cropland,UNVERIFIED,Other/Unclassified,REAL_CDSE_SUCCESS,True,,1000m x 1000m,50x50,"SCL, B04, B08, B11, B12",2025-01-07T05:11:19.024000Z,986845cd-c43e-4074-8a09-a5ae2b1de58a,S2B_MSIL2A_20250107T051119_N0511_R019_T43PGM_20250107T080132.SAFE,T43PGM,23.937137,REAL_CDSE_SUCCESS,,2025-01-17T05:10:39.024000Z,ed7422ed-03ac-42b4-b14a-fa9fd8d94d7f,S2B_MSIL2A_20250117T051039_N0511_R019_T43PGM_20250117T093134.SAFE,T43PGM,39.63896,REAL_CDSE_SUCCESS,,2025-01-07T05:11:19.024000Z,50x50,"SCL, B04, B08, B11, B12",2491.0,99.64,SUCCESS,"[77.46229,10.48982,77.47143,10.49880]",19151.0,2025-01-17T05:10:39.024000Z,50x50,"SCL, B04, B08, B11, B12",2500.0,100.0,SUCCESS,2500.0,2500.0,0.4577851175608271,0.480487956701073,0.475177304964539,0.4916689056063048,0.1127370589308332,0.1220749150552785,0.1555145362251961,0.1081667068176343,0.7370030581039755,0.7627352788810223,0.2870166492338289,0.2519484931063853,0.2873297945995846,0.2428416514410304,0.2056936724841945,0.1950499132590388,-0.1714285714285714,-0.1894073954464718,0.7315860822413014,0.6863809007053717,0.100357119700403,0.0679314324133135,0.0905905028911862,0.0543196809837561,0.1386742255528137,0.1308071195950536,-0.2041444066699045,-0.2324492979719188,0.4866863905325443,0.4088848594741613,0.6718736512067617,0.6805049462366466,0.6578073089700996,0.6761930860266383,0.1318141876651502,0.1211307763097522,1054.0883179446005,988.2392,2838.276595744681,2810.9968,2397.2324367723804,2492.89,1677.173825772782,1750.642,SUCCESS,,0.0227028391402459,0.0227028391402459,0.0164916006417658,0.0164916006417658,-0.0350681561274436,0.0350681561274436,-0.044488143158554,0.044488143158554,-0.0324256872870894,0.0324256872870894,-0.0362708219074301,0.0362708219074301,0.0086312950298849,0.0086312950298849,0.0183857770565386,0.0183857770565386,2026-09-05T17:54:35Z,,"[77.46229,10.48982,77.47143,10.49880]",19029.0,True,True,Agricultural Burning,,VERIFIED,,agricultural burning,True,,Absent,Unambiguous direct match or syntactic/case variation,True,Agricultural Burning,0,0,0,3
FIRMS_TN_0606,606,2025-01-10,809,2025-01-10T08:00,8.61673,77.20992,N,VIIRS_SUOMI_NPP,VIIRS,6.47,340.59,302.7,37.88999999999999,0.0189964473413781,2.010894999144726,n,1.0,D,1,0,0,1,1,0,6.47,340.59,0,0,1.4499259774679585,1.8203748395788124,30,Grassland,COVERED,8006.100682837379,8.00610068283738,961629968,way,"Generation Section, Kerala State Electricity Board Limited, Peppara",Power Plant,Power Plant,HIGHER_RELEVANCE,0,0,0,0,1,8006.100682837379,8.00610068283738,961629968,"Generation Section, Kerala State Electricity Board Limited, Peppara",Power Plant,0,0,0,0,1,0.3661550812763497,MEDIUM,False,Far from industrial facilities (8.0 km to nearest); High FRP=6.5 MW; Landcover=Grassland,UNVERIFIED,Other/Unclassified,REAL_CDSE_SUCCESS,True,,1000m x 1000m,50x50,"SCL, B04, B08, B11, B12",2025-01-07T05:11:19.024000Z,8478059e-756f-4a18-bf8d-b762fd4f20c9,S2B_MSIL2A_20250107T051119_N0511_R019_T43PGK_20250107T080132.SAFE,T43PGK,5.05701,REAL_CDSE_SUCCESS,,2025-01-17T05:10:39.024000Z,07b99659-e4b5-4550-a15b-8eee5729e917,S2B_MSIL2A_20250117T051039_N0511_R019_T43PGK_20250117T093134.SAFE,T43PGK,19.727337,REAL_CDSE_SUCCESS,,2025-01-07T05:11:19.024000Z,50x50,"SCL, B04, B08, B11, B12",2500.0,100.0,SUCCESS,"[77.20538,8.61224,77.21446,8.62122]",19219.0,2025-01-17T05:10:39.024000Z,50x50,"SCL, B04, B08, B11, B12",2450.0,98.0,SUCCESS,2500.0,2500.0,0.6629318511614539,0.5211927359817795,0.6830781741040107,0.5495512711854568,0.1929165277190705,0.2464734997609268,0.1699082568807339,0.0818746470920384,0.926453143534994,0.899511915015791,0.3735570568664298,0.2172235764288785,0.4054428884800126,0.2471027905009874,0.2055462263951638,0.2846835330689733,-0.215748031496063,-0.3480775774072814,0.7224064424443392,0.7321675103543488,0.118416146735999,0.0244039075189068,0.1318426994619387,0.028114582928227,0.1540909483095068,0.2076048778795997,-0.3095166616631642,-0.4080939141180105,0.5024793388429752,0.4942437475188567,0.5679646543189776,0.6630125645341061,0.5530666011916551,0.6472511554375534,0.0993608641912137,0.1382045521973009,540.6572,672.4808163265307,2618.2984,2204.3551020408163,2069.3192,2058.6897959183675,1211.812,1407.1130612244897,SUCCESS,,-0.1417391151796744,0.1417391151796744,-0.1335269029185539,0.1335269029185539,-0.1563334804375513,0.1563334804375513,-0.1583400979790251,0.1583400979790251,-0.0940122392170921,0.0940122392170921,-0.1037281165337117,0.1037281165337117,0.0950479102151284,0.0950479102151284,0.0941845542458983,0.0941845542458983,2026-09-05T17:55:01Z,,"[77.20538,8.61224,77.21446,8.62122]",19205.0,True,True,Natural/Forest Fire,,VERIFIED,,Natural/Forest Fire,True,,,Unambiguous direct match or syntactic/case variation,True,Natural / Wildfire / Other,0,0,0,1
