event_id,latitude,longitude,acq_date,candidate_priority,landcover_class,frp,processing_status,is_real_cdse_data,failure_reason,aoi_dimensions_m,raster_dimensions_px,bands_requested,selected_pre_image_date,pre_product_id,pre_product_name,pre_tile_id,pre_cloud_cover_catalogue,pre_observation_status,pre_observation_failure_reason,selected_post_image_date,post_product_id,post_product_name,post_tile_id,post_cloud_cover_catalogue,post_observation_status,post_observation_failure_reason,pre_obs_date,pre_raster_dimensions,pre_bands_requested,s2_pre_spectral_valid_pixels,s2_pre_spectral_valid_pct,s2_pre_feature_status,post_obs_date,post_raster_dimensions,post_bands_requested,s2_post_spectral_valid_pixels,s2_post_spectral_valid_pct,s2_post_feature_status,s2_pre_total_pixels,s2_post_total_pixels,s2_pre_ndvi_mean,s2_post_ndvi_mean,s2_pre_ndvi_median,s2_post_ndvi_median,s2_pre_ndvi_std,s2_post_ndvi_std,s2_pre_ndvi_min,s2_post_ndvi_min,s2_pre_ndvi_max,s2_post_ndvi_max,s2_pre_nbr_mean,s2_post_nbr_mean,s2_pre_nbr_median,s2_post_nbr_median,s2_pre_nbr_std,s2_post_nbr_std,s2_pre_nbr_min,s2_post_nbr_min,s2_pre_nbr_max,s2_post_nbr_max,s2_pre_ndwi_mean,s2_post_ndwi_mean,s2_pre_ndwi_median,s2_post_ndwi_median,s2_pre_ndwi_std,s2_post_ndwi_std,s2_pre_ndwi_min,s2_post_ndwi_min,s2_pre_ndwi_max,s2_post_ndwi_max,s2_pre_swir_ratio_mean,s2_post_swir_ratio_mean,s2_pre_swir_ratio_median,s2_post_swir_ratio_median,s2_pre_swir_ratio_std,s2_post_swir_ratio_std,s2_pre_b04_mean,s2_post_b04_mean,s2_pre_b08_mean,s2_post_b08_mean,s2_pre_b11_mean,s2_post_b11_mean,s2_pre_b12_mean,s2_post_b12_mean,s2_change_status,s2_change_failure_reason,s2_dndvi_mean,s2_abs_dndvi_mean,s2_dndvi_median,s2_abs_dndvi_median,s2_dnbr_mean,s2_abs_dnbr_mean,s2_dnbr_median,s2_abs_dnbr_median,s2_dndwi_mean,s2_abs_dndwi_mean,s2_dndwi_median,s2_abs_dndwi_median,s2_dswir_ratio_mean,s2_abs_dswir_ratio_mean,s2_dswir_ratio_median,s2_abs_dswir_ratio_median
FIRMS_TN_0000,11.65394,78.02792,2024-11-01,MEDIUM,Built-up,1.16,AUTH_REQUIRED,False,CDSE OAuth2 credentials not configured in environment.,1000m x 1000m,50x50,"SCL, B04, B08, B11, B12",,,,,,AUTH_REQUIRED,CDSE OAuth2 credentials not configured in environment.,,,,,,AUTH_REQUIRED,CDSE OAuth2 credentials not configured in environment.,,50x50,"SCL, B04, B08, B11, B12",,,,,50x50,"SCL, B04, B08, B11, B12",,,,,,,,,,,,,,,,,,,,,,,,,,,,,,,,,,,,,,,,,,,,,,,,,,INVALID_INPUT,Both pre_features and post_features are None.,,,,,,,,,,,,,,,,
FIRMS_TN_0001,9.29417,79.06924,2024-11-02,HIGH,Tree cover,5.15,AUTH_REQUIRED,False,CDSE OAuth2 credentials not configured in environment.,1000m x 1000m,50x50,"SCL, B04, B08, B11, B12",,,,,,AUTH_REQUIRED,CDSE OAuth2 credentials not configured in environment.,,,,,,AUTH_REQUIRED,CDSE OAuth2 credentials not configured in environment.,,50x50,"SCL, B04, B08, B11, B12",,,,,50x50,"SCL, B04, B08, B11, B12",,,,,,,,,,,,,,,,,,,,,,,,,,,,,,,,,,,,,,,,,,,,,,,,,,INVALID_INPUT,Both pre_features and post_features are None.,,,,,,,,,,,,,,,,
FIRMS_TN_0002,10.26853,78.83812,2024-11-03,LOW,Shrubland,2.77,AUTH_REQUIRED,False,CDSE OAuth2 credentials not configured in environment.,1000m x 1000m,50x50,"SCL, B04, B08, B11, B12",,,,,,AUTH_REQUIRED,CDSE OAuth2 credentials not configured in environment.,,,,,,AUTH_REQUIRED,CDSE OAuth2 credentials not configured in environment.,,50x50,"SCL, B04, B08, B11, B12",,,,,50x50,"SCL, B04, B08, B11, B12",,,,,,,,,,,,,,,,,,,,,,,,,,,,,,,,,,,,,,,,,,,,,,,,,,INVALID_INPUT,Both pre_features and post_features are None.,,,,,,,,,,,,,,,,
FIRMS_TN_0003,11.18232,79.09965,2024-11-03,MEDIUM,Built-up,1.14,AUTH_REQUIRED,False,CDSE OAuth2 credentials not configured in environment.,1000m x 1000m,50x50,"SCL, B04, B08, B11, B12",,,,,,AUTH_REQUIRED,CDSE OAuth2 credentials not configured in environment.,,,,,,AUTH_REQUIRED,CDSE OAuth2 credentials not configured in environment.,,50x50,"SCL, B04, B08, B11, B12",,,,,50x50,"SCL, B04, B08, B11, B12",,,,,,,,,,,,,,,,,,,,,,,,,,,,,,,,,,,,,,,,,,,,,,,,,,INVALID_INPUT,Both pre_features and post_features are None.,,,,,,,,,,,,,,,,
FIRMS_TN_0004,13.20969,79.91416,2024-11-04,MEDIUM,Cropland,4.01,AUTH_REQUIRED,False,CDSE OAuth2 credentials not configured in environment.,1000m x 1000m,50x50,"SCL, B04, B08, B11, B12",,,,,,AUTH_REQUIRED,CDSE OAuth2 credentials not configured in environment.,,,,,,AUTH_REQUIRED,CDSE OAuth2 credentials not configured in environment.,,50x50,"SCL, B04, B08, B11, B12",,,,,50x50,"SCL, B04, B08, B11, B12",,,,,,,,,,,,,,,,,,,,,,,,,,,,,,,,,,,,,,,,,,,,,,,,,,INVALID_INPUT,Both pre_features and post_features are None.,,,,,,,,,,,,,,,,
FIRMS_TN_0005,12.2742,79.54851,2024-11-04,MEDIUM,Cropland,5.64,AUTH_REQUIRED,False,CDSE OAuth2 credentials not configured in environment.,1000m x 1000m,50x50,"SCL, B04, B08, B11, B12",,,,,,AUTH_REQUIRED,CDSE OAuth2 credentials not configured in environment.,,,,,,AUTH_REQUIRED,CDSE OAuth2 credentials not configured in environment.,,50x50,"SCL, B04, B08, B11, B12",,,,,50x50,"SCL, B04, B08, B11, B12",,,,,,,,,,,,,,,,,,,,,,,,,,,,,,,,,,,,,,,,,,,,,,,,,,INVALID_INPUT,Both pre_features and post_features are None.,,,,,,,,,,,,,,,,
FIRMS_TN_0006,12.2748,79.55231,2024-11-04,MEDIUM,Cropland,5.52,AUTH_REQUIRED,False,CDSE OAuth2 credentials not configured in environment.,1000m x 1000m,50x50,"SCL, B04, B08, B11, B12",,,,,,AUTH_REQUIRED,CDSE OAuth2 credentials not configured in environment.,,,,,,AUTH_REQUIRED,CDSE OAuth2 credentials not configured in environment.,,50x50,"SCL, B04, B08, B11, B12",,,,,50x50,"SCL, B04, B08, B11, B12",,,,,,,,,,,,,,,,,,,,,,,,,,,,,,,,,,,,,,,,,,,,,,,,,,INVALID_INPUT,Both pre_features and post_features are None.,,,,,,,,,,,,,,,,
FIRMS_TN_0007,11.18312,79.09965,2024-11-04,HIGH,Built-up,1.23,AUTH_REQUIRED,False,CDSE OAuth2 credentials not configured in environment.,1000m x 1000m,50x50,"SCL, B04, B08, B11, B12",,,,,,AUTH_REQUIRED,CDSE OAuth2 credentials not configured in environment.,,,,,,AUTH_REQUIRED,CDSE OAuth2 credentials not configured in environment.,,50x50,"SCL, B04, B08, B11, B12",,,,,50x50,"SCL, B04, B08, B11, B12",,,,,,,,,,,,,,,,,,,,,,,,,,,,,,,,,,,,,,,,,,,,,,,,,,INVALID_INPUT,Both pre_features and post_features are None.,,,,,,,,,,,,,,,,
FIRMS_TN_0008,11.81736,77.91756,2024-11-04,HIGH,Built-up,1.06,AUTH_REQUIRED,False,CDSE OAuth2 credentials not configured in environment.,1000m x 1000m,50x50,"SCL, B04, B08, B11, B12",,,,,,AUTH_REQUIRED,CDSE OAuth2 credentials not configured in environment.,,,,,,AUTH_REQUIRED,CDSE OAuth2 credentials not configured in environment.,,50x50,"SCL, B04, B08, B11, B12",,,,,50x50,"SCL, B04, B08, B11, B12",,,,,,,,,,,,,,,,,,,,,,,,,,,,,,,,,,,,,,,,,,,,,,,,,,INVALID_INPUT,Both pre_features and post_features are None.,,,,,,,,,,,,,,,,
FIRMS_TN_0009,12.87509,79.88728,2024-11-04,LOW,Grassland,1.03,AUTH_REQUIRED,False,CDSE OAuth2 credentials not configured in environment.,1000m x 1000m,50x50,"SCL, B04, B08, B11, B12",,,,,,AUTH_REQUIRED,CDSE OAuth2 credentials not configured in environment.,,,,,,AUTH_REQUIRED,CDSE OAuth2 credentials not configured in environment.,,50x50,"SCL, B04, B08, B11, B12",,,,,50x50,"SCL, B04, B08, B11, B12",,,,,,,,,,,,,,,,,,,,,,,,,,,,,,,,,,,,,,,,,,,,,,,,,,INVALID_INPUT,Both pre_features and post_features are None.,,,,,,,,,,,,,,,,
FIRMS_TN_0010,13.06476,80.18575,2024-11-04,MEDIUM,Built-up,2.09,AUTH_REQUIRED,False,CDSE OAuth2 credentials not configured in environment.,1000m x 1000m,50x50,"SCL, B04, B08, B11, B12",,,,,,AUTH_REQUIRED,CDSE OAuth2 credentials not configured in environment.,,,,,,AUTH_REQUIRED,CDSE OAuth2 credentials not configured in environment.,,50x50,"SCL, B04, B08, B11, B12",,,,,50x50,"SCL, B04, B08, B11, B12",,,,,,,,,,,,,,,,,,,,,,,,,,,,,,,,,,,,,,,,,,,,,,,,,,INVALID_INPUT,Both pre_features and post_features are None.,,,,,,,,,,,,,,,,
FIRMS_TN_0011,9.29705,79.31593,2024-11-05,MEDIUM,Grassland,2.52,AUTH_REQUIRED,False,CDSE OAuth2 credentials not configured in environment.,1000m x 1000m,50x50,"SCL, B04, B08, B11, B12",,,,,,AUTH_REQUIRED,CDSE OAuth2 credentials not configured in environment.,,,,,,AUTH_REQUIRED,CDSE OAuth2 credentials not configured in environment.,,50x50,"SCL, B04, B08, B11, B12",,,,,50x50,"SCL, B04, B08, B11, B12",,,,,,,,,,,,,,,,,,,,,,,,,,,,,,,,,,,,,,,,,,,,,,,,,,INVALID_INPUT,Both pre_features and post_features are None.,,,,,,,,,,,,,,,,
FIRMS_TN_0012,13.2005,79.68807,2024-11-05,MEDIUM,Grassland,3.07,AUTH_REQUIRED,False,CDSE OAuth2 credentials not configured in environment.,1000m x 1000m,50x50,"SCL, B04, B08, B11, B12",,,,,,AUTH_REQUIRED,CDSE OAuth2 credentials not configured in environment.,,,,,,AUTH_REQUIRED,CDSE OAuth2 credentials not configured in environment.,,50x50,"SCL, B04, B08, B11, B12",,,,,50x50,"SCL, B04, B08, B11, B12",,,,,,,,,,,,,,,,,,,,,,,,,,,,,,,,,,,,,,,,,,,,,,,,,,INVALID_INPUT,Both pre_features and post_features are None.,,,,,,,,,,,,,,,,
FIRMS_TN_0013,12.7964,79.38124,2024-11-05,MEDIUM,Cropland,2.81,AUTH_REQUIRED,False,CDSE OAuth2 credentials not configured in environment.,1000m x 1000m,50x50,"SCL, B04, B08, B11, B12",,,,,,AUTH_REQUIRED,CDSE OAuth2 credentials not configured in environment.,,,,,,AUTH_REQUIRED,CDSE OAuth2 credentials not configured in environment.,,50x50,"SCL, B04, B08, B11, B12",,,,,50x50,"SCL, B04, B08, B11, B12",,,,,,,,,,,,,,,,,,,,,,,,,,,,,,,,,,,,,,,,,,,,,,,,,,INVALID_INPUT,Both pre_features and post_features are None.,,,,,,,,,,,,,,,,
FIRMS_TN_0014,11.71039,79.35712,2024-11-05,LOW,Tree cover,2.31,AUTH_REQUIRED,False,CDSE OAuth2 credentials not configured in environment.,1000m x 1000m,50x50,"SCL, B04, B08, B11, B12",,,,,,AUTH_REQUIRED,CDSE OAuth2 credentials not configured in environment.,,,,,,AUTH_REQUIRED,CDSE OAuth2 credentials not configured in environment.,,50x50,"SCL, B04, B08, B11, B12",,,,,50x50,"SCL, B04, B08, B11, B12",,,,,,,,,,,,,,,,,,,,,,,,,,,,,,,,,,,,,,,,,,,,,,,,,,INVALID_INPUT,Both pre_features and post_features are None.,,,,,,,,,,,,,,,,
FIRMS_TN_0015,10.65226,78.76717,2024-11-05,HIGH,Grassland,7.76,AUTH_REQUIRED,False,CDSE OAuth2 credentials not configured in environment.,1000m x 1000m,50x50,"SCL, B04, B08, B11, B12",,,,,,AUTH_REQUIRED,CDSE OAuth2 credentials not configured in environment.,,,,,,AUTH_REQUIRED,CDSE OAuth2 credentials not configured in environment.,,50x50,"SCL, B04, B08, B11, B12",,,,,50x50,"SCL, B04, B08, B11, B12",,,,,,,,,,,,,,,,,,,,,,,,,,,,,,,,,,,,,,,,,,,,,,,,,,INVALID_INPUT,Both pre_features and post_features are None.,,,,,,,,,,,,,,,,
FIRMS_TN_0016,10.44508,79.01453,2024-11-05,MEDIUM,Cropland,4.65,AUTH_REQUIRED,False,CDSE OAuth2 credentials not configured in environment.,1000m x 1000m,50x50,"SCL, B04, B08, B11, B12",,,,,,AUTH_REQUIRED,CDSE OAuth2 credentials not configured in environment.,,,,,,AUTH_REQUIRED,CDSE OAuth2 credentials not configured in environment.,,50x50,"SCL, B04, B08, B11, B12",,,,,50x50,"SCL, B04, B08, B11, B12",,,,,,,,,,,,,,,,,,,,,,,,,,,,,,,,,,,,,,,,,,,,,,,,,,INVALID_INPUT,Both pre_features and post_features are None.,,,,,,,,,,,,,,,,
FIRMS_TN_0017,13.39262,80.10134,2024-11-05,MEDIUM,Shrubland,1.09,AUTH_REQUIRED,False,CDSE OAuth2 credentials not configured in environment.,1000m x 1000m,50x50,"SCL, B04, B08, B11, B12",,,,,,AUTH_REQUIRED,CDSE OAuth2 credentials not configured in environment.,,,,,,AUTH_REQUIRED,CDSE OAuth2 credentials not configured in environment.,,50x50,"SCL, B04, B08, B11, B12",,,,,50x50,"SCL, B04, B08, B11, B12",,,,,,,,,,,,,,,,,,,,,,,,,,,,,,,,,,,,,,,,,,,,,,,,,,INVALID_INPUT,Both pre_features and post_features are None.,,,,,,,,,,,,,,,,
FIRMS_TN_0018,13.39318,80.0746,2024-11-05,LOW,Tree cover,0.93,AUTH_REQUIRED,False,CDSE OAuth2 credentials not configured in environment.,1000m x 1000m,50x50,"SCL, B04, B08, B11, B12",,,,,,AUTH_REQUIRED,CDSE OAuth2 credentials not configured in environment.,,,,,,AUTH_REQUIRED,CDSE OAuth2 credentials not configured in environment.,,50x50,"SCL, B04, B08, B11, B12",,,,,50x50,"SCL, B04, B08, B11, B12",,,,,,,,,,,,,,,,,,,,,,,,,,,,,,,,,,,,,,,,,,,,,,,,,,INVALID_INPUT,Both pre_features and post_features are None.,,,,,,,,,,,,,,,,
FIRMS_TN_0019,13.16125,80.28574,2024-11-05,MEDIUM,Built-up,2.17,AUTH_REQUIRED,False,CDSE OAuth2 credentials not configured in environment.,1000m x 1000m,50x50,"SCL, B04, B08, B11, B12",,,,,,AUTH_REQUIRED,CDSE OAuth2 credentials not configured in environment.,,,,,,AUTH_REQUIRED,CDSE OAuth2 credentials not configured in environment.,,50x50,"SCL, B04, B08, B11, B12",,,,,50x50,"SCL, B04, B08, B11, B12",,,,,,,,,,,,,,,,,,,,,,,,,,,,,,,,,,,,,,,,,,,,,,,,,,INVALID_INPUT,Both pre_features and post_features are None.,,,,,,,,,,,,,,,,
FIRMS_TN_0020,12.64997,77.90159,2024-11-05,LOW,Shrubland,0.53,AUTH_REQUIRED,False,CDSE OAuth2 credentials not configured in environment.,1000m x 1000m,50x50,"SCL, B04, B08, B11, B12",,,,,,AUTH_REQUIRED,CDSE OAuth2 credentials not configured in environment.,,,,,,AUTH_REQUIRED,CDSE OAuth2 credentials not configured in environment.,,50x50,"SCL, B04, B08, B11, B12",,,,,50x50,"SCL, B04, B08, B11, B12",,,,,,,,,,,,,,,,,,,,,,,,,,,,,,,,,,,,,,,,,,,,,,,,,,INVALID_INPUT,Both pre_features and post_features are None.,,,,,,,,,,,,,,,,
FIRMS_TN_0021,12.65149,77.90409,2024-11-05,LOW,Shrubland,0.73,AUTH_REQUIRED,False,CDSE OAuth2 credentials not configured in environment.,1000m x 1000m,50x50,"SCL, B04, B08, B11, B12",,,,,,AUTH_REQUIRED,CDSE OAuth2 credentials not configured in environment.,,,,,,AUTH_REQUIRED,CDSE OAuth2 credentials not configured in environment.,,50x50,"SCL, B04, B08, B11, B12",,,,,50x50,"SCL, B04, B08, B11, B12",,,,,,,,,,,,,,,,,,,,,,,,,,,,,,,,,,,,,,,,,,,,,,,,,,INVALID_INPUT,Both pre_features and post_features are None.,,,,,,,,,,,,,,,,
FIRMS_TN_0022,11.18193,79.09972,2024-11-05,MEDIUM,Built-up,0.89,AUTH_REQUIRED,False,CDSE OAuth2 credentials not configured in environment.,1000m x 1000m,50x50,"SCL, B04, B08, B11, B12",,,,,,AUTH_REQUIRED,CDSE OAuth2 credentials not configured in environment.,,,,,,AUTH_REQUIRED,CDSE OAuth2 credentials not configured in environment.,,50x50,"SCL, B04, B08, B11, B12",,,,,50x50,"SCL, B04, B08, B11, B12",,,,,,,,,,,,,,,,,,,,,,,,,,,,,,,,,,,,,,,,,,,,,,,,,,INVALID_INPUT,Both pre_features and post_features are None.,,,,,,,,,,,,,,,,
FIRMS_TN_0023,10.44399,79.01185,2024-11-06,MEDIUM,Shrubland,4.07,AUTH_REQUIRED,False,CDSE OAuth2 credentials not configured in environment.,1000m x 1000m,50x50,"SCL, B04, B08, B11, B12",,,,,,AUTH_REQUIRED,CDSE OAuth2 credentials not configured in environment.,,,,,,AUTH_REQUIRED,CDSE OAuth2 credentials not configured in environment.,,50x50,"SCL, B04, B08, B11, B12",,,,,50x50,"SCL, B04, B08, B11, B12",,,,,,,,,,,,,,,,,,,,,,,,,,,,,,,,,,,,,,,,,,,,,,,,,,INVALID_INPUT,Both pre_features and post_features are None.,,,,,,,,,,,,,,,,
FIRMS_TN_0024,13.08217,79.97812,2024-11-06,MEDIUM,Shrubland,1.13,AUTH_REQUIRED,False,CDSE OAuth2 credentials not configured in environment.,1000m x 1000m,50x50,"SCL, B04, B08, B11, B12",,,,,,AUTH_REQUIRED,CDSE OAuth2 credentials not configured in environment.,,,,,,AUTH_REQUIRED,CDSE OAuth2 credentials not configured in environment.,,50x50,"SCL, B04, B08, B11, B12",,,,,50x50,"SCL, B04, B08, B11, B12",,,,,,,,,,,,,,,,,,,,,,,,,,,,,,,,,,,,,,,,,,,,,,,,,,INVALID_INPUT,Both pre_features and post_features are None.,,,,,,,,,,,,,,,,
FIRMS_TN_0025,13.08157,79.98259,2024-11-06,MEDIUM,Grassland,1.15,AUTH_REQUIRED,False,CDSE OAuth2 credentials not configured in environment.,1000m x 1000m,50x50,"SCL, B04, B08, B11, B12",,,,,,AUTH_REQUIRED,CDSE OAuth2 credentials not configured in environment.,,,,,,AUTH_REQUIRED,CDSE OAuth2 credentials not configured in environment.,,50x50,"SCL, B04, B08, B11, B12",,,,,50x50,"SCL, B04, B08, B11, B12",,,,,,,,,,,,,,,,,,,,,,,,,,,,,,,,,,,,,,,,,,,,,,,,,,INVALID_INPUT,Both pre_features and post_features are None.,,,,,,,,,,,,,,,,
FIRMS_TN_0026,12.11268,79.59145,2024-11-08,MEDIUM,Cropland,4.24,AUTH_REQUIRED,False,CDSE OAuth2 credentials not configured in environment.,1000m x 1000m,50x50,"SCL, B04, B08, B11, B12",,,,,,AUTH_REQUIRED,CDSE OAuth2 credentials not configured in environment.,,,,,,AUTH_REQUIRED,CDSE OAuth2 credentials not configured in environment.,,50x50,"SCL, B04, B08, B11, B12",,,,,50x50,"SCL, B04, B08, B11, B12",,,,,,,,,,,,,,,,,,,,,,,,,,,,,,,,,,,,,,,,,,,,,,,,,,INVALID_INPUT,Both pre_features and post_features are None.,,,,,,,,,,,,,,,,
FIRMS_TN_0027,12.97006,79.91603,2024-11-08,MEDIUM,Grassland,1.46,AUTH_REQUIRED,False,CDSE OAuth2 credentials not configured in environment.,1000m x 1000m,50x50,"SCL, B04, B08, B11, B12",,,,,,AUTH_REQUIRED,CDSE OAuth2 credentials not configured in environment.,,,,,,AUTH_REQUIRED,CDSE OAuth2 credentials not configured in environment.,,50x50,"SCL, B04, B08, B11, B12",,,,,50x50,"SCL, B04, B08, B11, B12",,,,,,,,,,,,,,,,,,,,,,,,,,,,,,,,,,,,,,,,,,,,,,,,,,INVALID_INPUT,Both pre_features and post_features are None.,,,,,,,,,,,,,,,,
FIRMS_TN_0028,11.81808,77.91673,2024-11-08,HIGH,Built-up,1.01,AUTH_REQUIRED,False,CDSE OAuth2 credentials not configured in environment.,1000m x 1000m,50x50,"SCL, B04, B08, B11, B12",,,,,,AUTH_REQUIRED,CDSE OAuth2 credentials not configured in environment.,,,,,,AUTH_REQUIRED,CDSE OAuth2 credentials not configured in environment.,,50x50,"SCL, B04, B08, B11, B12",,,,,50x50,"SCL, B04, B08, B11, B12",,,,,,,,,,,,,,,,,,,,,,,,,,,,,,,,,,,,,,,,,,,,,,,,,,INVALID_INPUT,Both pre_features and post_features are None.,,,,,,,,,,,,,,,,
FIRMS_TN_0029,11.81653,77.91456,2024-11-08,HIGH,Tree cover,1.23,AUTH_REQUIRED,False,CDSE OAuth2 credentials not configured in environment.,1000m x 1000m,50x50,"SCL, B04, B08, B11, B12",,,,,,AUTH_REQUIRED,CDSE OAuth2 credentials not configured in environment.,,,,,,AUTH_REQUIRED,CDSE OAuth2 credentials not configured in environment.,,50x50,"SCL, B04, B08, B11, B12",,,,,50x50,"SCL, B04, B08, B11, B12",,,,,,,,,,,,,,,,,,,,,,,,,,,,,,,,,,,,,,,,,,,,,,,,,,INVALID_INPUT,Both pre_features and post_features are None.,,,,,,,,,,,,,,,,
FIRMS_TN_0030,11.18483,79.0995,2024-11-08,HIGH,Built-up,0.85,AUTH_REQUIRED,False,CDSE OAuth2 credentials not configured in environment.,1000m x 1000m,50x50,"SCL, B04, B08, B11, B12",,,,,,AUTH_REQUIRED,CDSE OAuth2 credentials not configured in environment.,,,,,,AUTH_REQUIRED,CDSE OAuth2 credentials not configured in environment.,,50x50,"SCL, B04, B08, B11, B12",,,,,50x50,"SCL, B04, B08, B11, B12",,,,,,,,,,,,,,,,,,,,,,,,,,,,,,,,,,,,,,,,,,,,,,,,,,INVALID_INPUT,Both pre_features and post_features are None.,,,,,,,,,,,,,,,,
FIRMS_TN_0031,13.16331,80.28699,2024-11-08,MEDIUM,Built-up,0.96,AUTH_REQUIRED,False,CDSE OAuth2 credentials not configured in environment.,1000m x 1000m,50x50,"SCL, B04, B08, B11, B12",,,,,,AUTH_REQUIRED,CDSE OAuth2 credentials not configured in environment.,,,,,,AUTH_REQUIRED,CDSE OAuth2 credentials not configured in environment.,,50x50,"SCL, B04, B08, B11, B12",,,,,50x50,"SCL, B04, B08, B11, B12",,,,,,,,,,,,,,,,,,,,,,,,,,,,,,,,,,,,,,,,,,,,,,,,,,INVALID_INPUT,Both pre_features and post_features are None.,,,,,,,,,,,,,,,,
FIRMS_TN_0032,13.08252,79.97832,2024-11-08,MEDIUM,Shrubland,0.91,AUTH_REQUIRED,False,CDSE OAuth2 credentials not configured in environment.,1000m x 1000m,50x50,"SCL, B04, B08, B11, B12",,,,,,AUTH_REQUIRED,CDSE OAuth2 credentials not configured in environment.,,,,,,AUTH_REQUIRED,CDSE OAuth2 credentials not configured in environment.,,50x50,"SCL, B04, B08, B11, B12",,,,,50x50,"SCL, B04, B08, B11, B12",,,,,,,,,,,,,,,,,,,,,,,,,,,,,,,,,,,,,,,,,,,,,,,,,,INVALID_INPUT,Both pre_features and post_features are None.,,,,,,,,,,,,,,,,
FIRMS_TN_0033,12.96966,79.91622,2024-11-08,MEDIUM,Cropland,1.12,AUTH_REQUIRED,False,CDSE OAuth2 credentials not configured in environment.,1000m x 1000m,50x50,"SCL, B04, B08, B11, B12",,,,,,AUTH_REQUIRED,CDSE OAuth2 credentials not configured in environment.,,,,,,AUTH_REQUIRED,CDSE OAuth2 credentials not configured in environment.,,50x50,"SCL, B04, B08, B11, B12",,,,,50x50,"SCL, B04, B08, B11, B12",,,,,,,,,,,,,,,,,,,,,,,,,,,,,,,,,,,,,,,,,,,,,,,,,,INVALID_INPUT,Both pre_features and post_features are None.,,,,,,,,,,,,,,,,
FIRMS_TN_0034,11.38716,78.70573,2024-11-09,MEDIUM,Cropland,2.52,AUTH_REQUIRED,False,CDSE OAuth2 credentials not configured in environment.,1000m x 1000m,50x50,"SCL, B04, B08, B11, B12",,,,,,AUTH_REQUIRED,CDSE OAuth2 credentials not configured in environment.,,,,,,AUTH_REQUIRED,CDSE OAuth2 credentials not configured in environment.,,50x50,"SCL, B04, B08, B11, B12",,,,,50x50,"SCL, B04, B08, B11, B12",,,,,,,,,,,,,,,,,,,,,,,,,,,,,,,,,,,,,,,,,,,,,,,,,,INVALID_INPUT,Both pre_features and post_features are None.,,,,,,,,,,,,,,,,
FIRMS_TN_0035,11.39555,77.11979,2024-11-09,MEDIUM,Grassland,4.78,AUTH_REQUIRED,False,CDSE OAuth2 credentials not configured in environment.,1000m x 1000m,50x50,"SCL, B04, B08, B11, B12",,,,,,AUTH_REQUIRED,CDSE OAuth2 credentials not configured in environment.,,,,,,AUTH_REQUIRED,CDSE OAuth2 credentials not configured in environment.,,50x50,"SCL, B04, B08, B11, B12",,,,,50x50,"SCL, B04, B08, B11, B12",,,,,,,,,,,,,,,,,,,,,,,,,,,,,,,,,,,,,,,,,,,,,,,,,,INVALID_INPUT,Both pre_features and post_features are None.,,,,,,,,,,,,,,,,
FIRMS_TN_0036,12.29479,78.40997,2024-11-09,MEDIUM,Cropland,2.87,AUTH_REQUIRED,False,CDSE OAuth2 credentials not configured in environment.,1000m x 1000m,50x50,"SCL, B04, B08, B11, B12",,,,,,AUTH_REQUIRED,CDSE OAuth2 credentials not configured in environment.,,,,,,AUTH_REQUIRED,CDSE OAuth2 credentials not configured in environment.,,50x50,"SCL, B04, B08, B11, B12",,,,,50x50,"SCL, B04, B08, B11, B12",,,,,,,,,,,,,,,,,,,,,,,,,,,,,,,,,,,,,,,,,,,,,,,,,,INVALID_INPUT,Both pre_features and post_features are None.,,,,,,,,,,,,,,,,
FIRMS_TN_0037,12.76743,77.78644,2024-11-09,MEDIUM,Bare/sparse vegetation,2.54,AUTH_REQUIRED,False,CDSE OAuth2 credentials not configured in environment.,1000m x 1000m,50x50,"SCL, B04, B08, B11, B12",,,,,,AUTH_REQUIRED,CDSE OAuth2 credentials not configured in environment.,,,,,,AUTH_REQUIRED,CDSE OAuth2 credentials not configured in environment.,,50x50,"SCL, B04, B08, B11, B12",,,,,50x50,"SCL, B04, B08, B11, B12",,,,,,,,,,,,,,,,,,,,,,,,,,,,,,,,,,,,,,,,,,,,,,,,,,INVALID_INPUT,Both pre_features and post_features are None.,,,,,,,,,,,,,,,,
FIRMS_TN_0038,12.79986,77.9681,2024-11-09,LOW,Cropland,2.37,AUTH_REQUIRED,False,CDSE OAuth2 credentials not configured in environment.,1000m x 1000m,50x50,"SCL, B04, B08, B11, B12",,,,,,AUTH_REQUIRED,CDSE OAuth2 credentials not configured in environment.,,,,,,AUTH_REQUIRED,CDSE OAuth2 credentials not configured in environment.,,50x50,"SCL, B04, B08, B11, B12",,,,,50x50,"SCL, B04, B08, B11, B12",,,,,,,,,,,,,,,,,,,,,,,,,,,,,,,,,,,,,,,,,,,,,,,,,,INVALID_INPUT,Both pre_features and post_features are None.,,,,,,,,,,,,,,,,
FIRMS_TN_0039,13.08321,79.9809,2024-11-09,LOW,Grassland,0.83,AUTH_REQUIRED,False,CDSE OAuth2 credentials not configured in environment.,1000m x 1000m,50x50,"SCL, B04, B08, B11, B12",,,,,,AUTH_REQUIRED,CDSE OAuth2 credentials not configured in environment.,,,,,,AUTH_REQUIRED,CDSE OAuth2 credentials not configured in environment.,,50x50,"SCL, B04, B08, B11, B12",,,,,50x50,"SCL, B04, B08, B11, B12",,,,,,,,,,,,,,,,,,,,,,,,,,,,,,,,,,,,,,,,,,,,,,,,,,INVALID_INPUT,Both pre_features and post_features are None.,,,,,,,,,,,,,,,,
FIRMS_TN_0040,12.65022,77.90694,2024-11-09,LOW,Cropland,0.72,AUTH_REQUIRED,False,CDSE OAuth2 credentials not configured in environment.,1000m x 1000m,50x50,"SCL, B04, B08, B11, B12",,,,,,AUTH_REQUIRED,CDSE OAuth2 credentials not configured in environment.,,,,,,AUTH_REQUIRED,CDSE OAuth2 credentials not configured in environment.,,50x50,"SCL, B04, B08, B11, B12",,,,,50x50,"SCL, B04, B08, B11, B12",,,,,,,,,,,,,,,,,,,,,,,,,,,,,,,,,,,,,,,,,,,,,,,,,,INVALID_INPUT,Both pre_features and post_features are None.,,,,,,,,,,,,,,,,
FIRMS_TN_0041,12.65088,77.903,2024-11-09,LOW,Shrubland,0.72,AUTH_REQUIRED,False,CDSE OAuth2 credentials not configured in environment.,1000m x 1000m,50x50,"SCL, B04, B08, B11, B12",,,,,,AUTH_REQUIRED,CDSE OAuth2 credentials not configured in environment.,,,,,,AUTH_REQUIRED,CDSE OAuth2 credentials not configured in environment.,,50x50,"SCL, B04, B08, B11, B12",,,,,50x50,"SCL, B04, B08, B11, B12",,,,,,,,,,,,,,,,,,,,,,,,,,,,,,,,,,,,,,,,,,,,,,,,,,INVALID_INPUT,Both pre_features and post_features are None.,,,,,,,,,,,,,,,,
FIRMS_TN_0042,12.85108,79.90353,2024-11-09,MEDIUM,Bare/sparse vegetation,1.68,AUTH_REQUIRED,False,CDSE OAuth2 credentials not configured in environment.,1000m x 1000m,50x50,"SCL, B04, B08, B11, B12",,,,,,AUTH_REQUIRED,CDSE OAuth2 credentials not configured in environment.,,,,,,AUTH_REQUIRED,CDSE OAuth2 credentials not configured in environment.,,50x50,"SCL, B04, B08, B11, B12",,,,,50x50,"SCL, B04, B08, B11, B12",,,,,,,,,,,,,,,,,,,,,,,,,,,,,,,,,,,,,,,,,,,,,,,,,,INVALID_INPUT,Both pre_features and post_features are None.,,,,,,,,,,,,,,,,
FIRMS_TN_0043,11.81658,77.91605,2024-11-09,HIGH,Built-up,1.22,AUTH_REQUIRED,False,CDSE OAuth2 credentials not configured in environment.,1000m x 1000m,50x50,"SCL, B04, B08, B11, B12",,,,,,AUTH_REQUIRED,CDSE OAuth2 credentials not configured in environment.,,,,,,AUTH_REQUIRED,CDSE OAuth2 credentials not configured in environment.,,50x50,"SCL, B04, B08, B11, B12",,,,,50x50,"SCL, B04, B08, B11, B12",,,,,,,,,,,,,,,,,,,,,,,,,,,,,,,,,,,,,,,,,,,,,,,,,,INVALID_INPUT,Both pre_features and post_features are None.,,,,,,,,,,,,,,,,
FIRMS_TN_0044,11.81173,77.92348,2024-11-09,HIGH,Built-up,1.44,AUTH_REQUIRED,False,CDSE OAuth2 credentials not configured in environment.,1000m x 1000m,50x50,"SCL, B04, B08, B11, B12",,,,,,AUTH_REQUIRED,CDSE OAuth2 credentials not configured in environment.,,,,,,AUTH_REQUIRED,CDSE OAuth2 credentials not configured in environment.,,50x50,"SCL, B04, B08, B11, B12",,,,,50x50,"SCL, B04, B08, B11, B12",,,,,,,,,,,,,,,,,,,,,,,,,,,,,,,,,,,,,,,,,,,,,,,,,,INVALID_INPUT,Both pre_features and post_features are None.,,,,,,,,,,,,,,,,
FIRMS_TN_0045,11.20356,77.56443,2024-11-09,MEDIUM,Grassland,0.59,AUTH_REQUIRED,False,CDSE OAuth2 credentials not configured in environment.,1000m x 1000m,50x50,"SCL, B04, B08, B11, B12",,,,,,AUTH_REQUIRED,CDSE OAuth2 credentials not configured in environment.,,,,,,AUTH_REQUIRED,CDSE OAuth2 credentials not configured in environment.,,50x50,"SCL, B04, B08, B11, B12",,,,,50x50,"SCL, B04, B08, B11, B12",,,,,,,,,,,,,,,,,,,,,,,,,,,,,,,,,,,,,,,,,,,,,,,,,,INVALID_INPUT,Both pre_features and post_features are None.,,,,,,,,,,,,,,,,
FIRMS_TN_0046,11.17264,79.26752,2024-11-10,MEDIUM,Tree cover,8.09,AUTH_REQUIRED,False,CDSE OAuth2 credentials not configured in environment.,1000m x 1000m,50x50,"SCL, B04, B08, B11, B12",,,,,,AUTH_REQUIRED,CDSE OAuth2 credentials not configured in environment.,,,,,,AUTH_REQUIRED,CDSE OAuth2 credentials not configured in environment.,,50x50,"SCL, B04, B08, B11, B12",,,,,50x50,"SCL, B04, B08, B11, B12",,,,,,,,,,,,,,,,,,,,,,,,,,,,,,,,,,,,,,,,,,,,,,,,,,INVALID_INPUT,Both pre_features and post_features are None.,,,,,,,,,,,,,,,,
FIRMS_TN_0047,11.17331,79.27145,2024-11-10,LOW,Tree cover,10.13,AUTH_REQUIRED,False,CDSE OAuth2 credentials not configured in environment.,1000m x 1000m,50x50,"SCL, B04, B08, B11, B12",,,,,,AUTH_REQUIRED,CDSE OAuth2 credentials not configured in environment.,,,,,,AUTH_REQUIRED,CDSE OAuth2 credentials not configured in environment.,,50x50,"SCL, B04, B08, B11, B12",,,,,50x50,"SCL, B04, B08, B11, B12",,,,,,,,,,,,,,,,,,,,,,,,,,,,,,,,,,,,,,,,,,,,,,,,,,INVALID_INPUT,Both pre_features and post_features are None.,,,,,,,,,,,,,,,,
FIRMS_TN_0048,9.28159,78.86513,2024-11-10,LOW,Grassland,2.26,AUTH_REQUIRED,False,CDSE OAuth2 credentials not configured in environment.,1000m x 1000m,50x50,"SCL, B04, B08, B11, B12",,,,,,AUTH_REQUIRED,CDSE OAuth2 credentials not configured in environment.,,,,,,AUTH_REQUIRED,CDSE OAuth2 credentials not configured in environment.,,50x50,"SCL, B04, B08, B11, B12",,,,,50x50,"SCL, B04, B08, B11, B12",,,,,,,,,,,,,,,,,,,,,,,,,,,,,,,,,,,,,,,,,,,,,,,,,,INVALID_INPUT,Both pre_features and post_features are None.,,,,,,,,,,,,,,,,
FIRMS_TN_0049,13.18365,79.56056,2024-11-10,MEDIUM,Cropland,5.94,AUTH_REQUIRED,False,CDSE OAuth2 credentials not configured in environment.,1000m x 1000m,50x50,"SCL, B04, B08, B11, B12",,,,,,AUTH_REQUIRED,CDSE OAuth2 credentials not configured in environment.,,,,,,AUTH_REQUIRED,CDSE OAuth2 credentials not configured in environment.,,50x50,"SCL, B04, B08, B11, B12",,,,,50x50,"SCL, B04, B08, B11, B12",,,,,,,,,,,,,,,,,,,,,,,,,,,,,,,,,,,,,,,,,,,,,,,,,,INVALID_INPUT,Both pre_features and post_features are None.,,,,,,,,,,,,,,,,
FIRMS_TN_0050,11.81621,77.91726,2024-11-10,HIGH,Built-up,3.35,AUTH_REQUIRED,False,CDSE OAuth2 credentials not configured in environment.,1000m x 1000m,50x50,"SCL, B04, B08, B11, B12",,,,,,AUTH_REQUIRED,CDSE OAuth2 credentials not configured in environment.,,,,,,AUTH_REQUIRED,CDSE OAuth2 credentials not configured in environment.,,50x50,"SCL, B04, B08, B11, B12",,,,,50x50,"SCL, B04, B08, B11, B12",,,,,,,,,,,,,,,,,,,,,,,,,,,,,,,,,,,,,,,,,,,,,,,,,,INVALID_INPUT,Both pre_features and post_features are None.,,,,,,,,,,,,,,,,
FIRMS_TN_0051,11.81612,77.91793,2024-11-10,HIGH,Bare/sparse vegetation,3.93,AUTH_REQUIRED,False,CDSE OAuth2 credentials not configured in environment.,1000m x 1000m,50x50,"SCL, B04, B08, B11, B12",,,,,,AUTH_REQUIRED,CDSE OAuth2 credentials not configured in environment.,,,,,,AUTH_REQUIRED,CDSE OAuth2 credentials not configured in environment.,,50x50,"SCL, B04, B08, B11, B12",,,,,50x50,"SCL, B04, B08, B11, B12",,,,,,,,,,,,,,,,,,,,,,,,,,,,,,,,,,,,,,,,,,,,,,,,,,INVALID_INPUT,Both pre_features and post_features are None.,,,,,,,,,,,,,,,,
FIRMS_TN_0052,12.29693,79.69377,2024-11-11,MEDIUM,Grassland,1.67,AUTH_REQUIRED,False,CDSE OAuth2 credentials not configured in environment.,1000m x 1000m,50x50,"SCL, B04, B08, B11, B12",,,,,,AUTH_REQUIRED,CDSE OAuth2 credentials not configured in environment.,,,,,,AUTH_REQUIRED,CDSE OAuth2 credentials not configured in environment.,,50x50,"SCL, B04, B08, B11, B12",,,,,50x50,"SCL, B04, B08, B11, B12",,,,,,,,,,,,,,,,,,,,,,,,,,,,,,,,,,,,,,,,,,,,,,,,,,INVALID_INPUT,Both pre_features and post_features are None.,,,,,,,,,,,,,,,,
FIRMS_TN_0053,11.20259,77.5637,2024-11-14,MEDIUM,Grassland,0.92,AUTH_REQUIRED,False,CDSE OAuth2 credentials not configured in environment.,1000m x 1000m,50x50,"SCL, B04, B08, B11, B12",,,,,,AUTH_REQUIRED,CDSE OAuth2 credentials not configured in environment.,,,,,,AUTH_REQUIRED,CDSE OAuth2 credentials not configured in environment.,,50x50,"SCL, B04, B08, B11, B12",,,,,50x50,"SCL, B04, B08, B11, B12",,,,,,,,,,,,,,,,,,,,,,,,,,,,,,,,,,,,,,,,,,,,,,,,,,INVALID_INPUT,Both pre_features and post_features are None.,,,,,,,,,,,,,,,,
FIRMS_TN_0054,11.81859,77.91496,2024-11-14,HIGH,Built-up,0.79,AUTH_REQUIRED,False,CDSE OAuth2 credentials not configured in environment.,1000m x 1000m,50x50,"SCL, B04, B08, B11, B12",,,,,,AUTH_REQUIRED,CDSE OAuth2 credentials not configured in environment.,,,,,,AUTH_REQUIRED,CDSE OAuth2 credentials not configured in environment.,,50x50,"SCL, B04, B08, B11, B12",,,,,50x50,"SCL, B04, B08, B11, B12",,,,,,,,,,,,,,,,,,,,,,,,,,,,,,,,,,,,,,,,,,,,,,,,,,INVALID_INPUT,Both pre_features and post_features are None.,,,,,,,,,,,,,,,,
FIRMS_TN_0055,11.20184,77.56679,2024-11-14,MEDIUM,Bare/sparse vegetation,0.69,AUTH_REQUIRED,False,CDSE OAuth2 credentials not configured in environment.,1000m x 1000m,50x50,"SCL, B04, B08, B11, B12",,,,,,AUTH_REQUIRED,CDSE OAuth2 credentials not configured in environment.,,,,,,AUTH_REQUIRED,CDSE OAuth2 credentials not configured in environment.,,50x50,"SCL, B04, B08, B11, B12",,,,,50x50,"SCL, B04, B08, B11, B12",,,,,,,,,,,,,,,,,,,,,,,,,,,,,,,,,,,,,,,,,,,,,,,,,,INVALID_INPUT,Both pre_features and post_features are None.,,,,,,,,,,,,,,,,
FIRMS_TN_0056,13.15905,80.2841,2024-11-15,MEDIUM,Built-up,2.63,AUTH_REQUIRED,False,CDSE OAuth2 credentials not configured in environment.,1000m x 1000m,50x50,"SCL, B04, B08, B11, B12",,,,,,AUTH_REQUIRED,CDSE OAuth2 credentials not configured in environment.,,,,,,AUTH_REQUIRED,CDSE OAuth2 credentials not configured in environment.,,50x50,"SCL, B04, B08, B11, B12",,,,,50x50,"SCL, B04, B08, B11, B12",,,,,,,,,,,,,,,,,,,,,,,,,,,,,,,,,,,,,,,,,,,,,,,,,,INVALID_INPUT,Both pre_features and post_features are None.,,,,,,,,,,,,,,,,
FIRMS_TN_0057,10.93138,77.06387,2024-11-15,LOW,Grassland,0.68,AUTH_REQUIRED,False,CDSE OAuth2 credentials not configured in environment.,1000m x 1000m,50x50,"SCL, B04, B08, B11, B12",,,,,,AUTH_REQUIRED,CDSE OAuth2 credentials not configured in environment.,,,,,,AUTH_REQUIRED,CDSE OAuth2 credentials not configured in environment.,,50x50,"SCL, B04, B08, B11, B12",,,,,50x50,"SCL, B04, B08, B11, B12",,,,,,,,,,,,,,,,,,,,,,,,,,,,,,,,,,,,,,,,,,,,,,,,,,INVALID_INPUT,Both pre_features and post_features are None.,,,,,,,,,,,,,,,,
FIRMS_TN_0058,11.80968,77.92031,2024-11-16,HIGH,Built-up,1.82,AUTH_REQUIRED,False,CDSE OAuth2 credentials not configured in environment.,1000m x 1000m,50x50,"SCL, B04, B08, B11, B12",,,,,,AUTH_REQUIRED,CDSE OAuth2 credentials not configured in environment.,,,,,,AUTH_REQUIRED,CDSE OAuth2 credentials not configured in environment.,,50x50,"SCL, B04, B08, B11, B12",,,,,50x50,"SCL, B04, B08, B11, B12",,,,,,,,,,,,,,,,,,,,,,,,,,,,,,,,,,,,,,,,,,,,,,,,,,INVALID_INPUT,Both pre_features and post_features are None.,,,,,,,,,,,,,,,,
FIRMS_TN_0059,10.9307,77.06355,2024-11-16,LOW,Bare/sparse vegetation,0.94,AUTH_REQUIRED,False,CDSE OAuth2 credentials not configured in environment.,1000m x 1000m,50x50,"SCL, B04, B08, B11, B12",,,,,,AUTH_REQUIRED,CDSE OAuth2 credentials not configured in environment.,,,,,,AUTH_REQUIRED,CDSE OAuth2 credentials not configured in environment.,,50x50,"SCL, B04, B08, B11, B12",,,,,50x50,"SCL, B04, B08, B11, B12",,,,,,,,,,,,,,,,,,,,,,,,,,,,,,,,,,,,,,,,,,,,,,,,,,INVALID_INPUT,Both pre_features and post_features are None.,,,,,,,,,,,,,,,,
FIRMS_TN_0060,11.81306,77.92103,2024-11-17,HIGH,Built-up,0.71,AUTH_REQUIRED,False,CDSE OAuth2 credentials not configured in environment.,1000m x 1000m,50x50,"SCL, B04, B08, B11, B12",,,,,,AUTH_REQUIRED,CDSE OAuth2 credentials not configured in environment.,,,,,,AUTH_REQUIRED,CDSE OAuth2 credentials not configured in environment.,,50x50,"SCL, B04, B08, B11, B12",,,,,50x50,"SCL, B04, B08, B11, B12",,,,,,,,,,,,,,,,,,,,,,,,,,,,,,,,,,,,,,,,,,,,,,,,,,INVALID_INPUT,Both pre_features and post_features are None.,,,,,,,,,,,,,,,,
FIRMS_TN_0061,13.25654,79.43639,2024-11-19,MEDIUM,Tree cover,4.14,AUTH_REQUIRED,False,CDSE OAuth2 credentials not configured in environment.,1000m x 1000m,50x50,"SCL, B04, B08, B11, B12",,,,,,AUTH_REQUIRED,CDSE OAuth2 credentials not configured in environment.,,,,,,AUTH_REQUIRED,CDSE OAuth2 credentials not configured in environment.,,50x50,"SCL, B04, B08, B11, B12",,,,,50x50,"SCL, B04, B08, B11, B12",,,,,,,,,,,,,,,,,,,,,,,,,,,,,,,,,,,,,,,,,,,,,,,,,,INVALID_INPUT,Both pre_features and post_features are None.,,,,,,,,,,,,,,,,
FIRMS_TN_0062,13.32541,79.48901,2024-11-19,MEDIUM,Grassland,2.34,AUTH_REQUIRED,False,CDSE OAuth2 credentials not configured in environment.,1000m x 1000m,50x50,"SCL, B04, B08, B11, B12",,,,,,AUTH_REQUIRED,CDSE OAuth2 credentials not configured in environment.,,,,,,AUTH_REQUIRED,CDSE OAuth2 credentials not configured in environment.,,50x50,"SCL, B04, B08, B11, B12",,,,,50x50,"SCL, B04, B08, B11, B12",,,,,,,,,,,,,,,,,,,,,,,,,,,,,,,,,,,,,,,,,,,,,,,,,,INVALID_INPUT,Both pre_features and post_features are None.,,,,,,,,,,,,,,,,
FIRMS_TN_0063,13.08208,79.97921,2024-11-19,MEDIUM,Bare/sparse vegetation,0.43,AUTH_REQUIRED,False,CDSE OAuth2 credentials not configured in environment.,1000m x 1000m,50x50,"SCL, B04, B08, B11, B12",,,,,,AUTH_REQUIRED,CDSE OAuth2 credentials not configured in environment.,,,,,,AUTH_REQUIRED,CDSE OAuth2 credentials not configured in environment.,,50x50,"SCL, B04, B08, B11, B12",,,,,50x50,"SCL, B04, B08, B11, B12",,,,,,,,,,,,,,,,,,,,,,,,,,,,,,,,,,,,,,,,,,,,,,,,,,INVALID_INPUT,Both pre_features and post_features are None.,,,,,,,,,,,,,,,,
FIRMS_TN_0064,11.80911,77.92155,2024-11-19,HIGH,Built-up,1.39,AUTH_REQUIRED,False,CDSE OAuth2 credentials not configured in environment.,1000m x 1000m,50x50,"SCL, B04, B08, B11, B12",,,,,,AUTH_REQUIRED,CDSE OAuth2 credentials not configured in environment.,,,,,,AUTH_REQUIRED,CDSE OAuth2 credentials not configured in environment.,,50x50,"SCL, B04, B08, B11, B12",,,,,50x50,"SCL, B04, B08, B11, B12",,,,,,,,,,,,,,,,,,,,,,,,,,,,,,,,,,,,,,,,,,,,,,,,,,INVALID_INPUT,Both pre_features and post_features are None.,,,,,,,,,,,,,,,,
FIRMS_TN_0065,11.81893,77.91513,2024-11-19,HIGH,Tree cover,1.7,AUTH_REQUIRED,False,CDSE OAuth2 credentials not configured in environment.,1000m x 1000m,50x50,"SCL, B04, B08, B11, B12",,,,,,AUTH_REQUIRED,CDSE OAuth2 credentials not configured in environment.,,,,,,AUTH_REQUIRED,CDSE OAuth2 credentials not configured in environment.,,50x50,"SCL, B04, B08, B11, B12",,,,,50x50,"SCL, B04, B08, B11, B12",,,,,,,,,,,,,,,,,,,,,,,,,,,,,,,,,,,,,,,,,,,,,,,,,,INVALID_INPUT,Both pre_features and post_features are None.,,,,,,,,,,,,,,,,
FIRMS_TN_0066,13.44629,80.09775,2024-11-20,LOW,Built-up,0.72,AUTH_REQUIRED,False,CDSE OAuth2 credentials not configured in environment.,1000m x 1000m,50x50,"SCL, B04, B08, B11, B12",,,,,,AUTH_REQUIRED,CDSE OAuth2 credentials not configured in environment.,,,,,,AUTH_REQUIRED,CDSE OAuth2 credentials not configured in environment.,,50x50,"SCL, B04, B08, B11, B12",,,,,50x50,"SCL, B04, B08, B11, B12",,,,,,,,,,,,,,,,,,,,,,,,,,,,,,,,,,,,,,,,,,,,,,,,,,INVALID_INPUT,Both pre_features and post_features are None.,,,,,,,,,,,,,,,,
FIRMS_TN_0067,13.39475,80.10127,2024-11-20,MEDIUM,Shrubland,0.18,AUTH_REQUIRED,False,CDSE OAuth2 credentials not configured in environment.,1000m x 1000m,50x50,"SCL, B04, B08, B11, B12",,,,,,AUTH_REQUIRED,CDSE OAuth2 credentials not configured in environment.,,,,,,AUTH_REQUIRED,CDSE OAuth2 credentials not configured in environment.,,50x50,"SCL, B04, B08, B11, B12",,,,,50x50,"SCL, B04, B08, B11, B12",,,,,,,,,,,,,,,,,,,,,,,,,,,,,,,,,,,,,,,,,,,,,,,,,,INVALID_INPUT,Both pre_features and post_features are None.,,,,,,,,,,,,,,,,
FIRMS_TN_0068,13.16029,80.28455,2024-11-20,MEDIUM,Tree cover,0.44,AUTH_REQUIRED,False,CDSE OAuth2 credentials not configured in environment.,1000m x 1000m,50x50,"SCL, B04, B08, B11, B12",,,,,,AUTH_REQUIRED,CDSE OAuth2 credentials not configured in environment.,,,,,,AUTH_REQUIRED,CDSE OAuth2 credentials not configured in environment.,,50x50,"SCL, B04, B08, B11, B12",,,,,50x50,"SCL, B04, B08, B11, B12",,,,,,,,,,,,,,,,,,,,,,,,,,,,,,,,,,,,,,,,,,,,,,,,,,INVALID_INPUT,Both pre_features and post_features are None.,,,,,,,,,,,,,,,,
FIRMS_TN_0069,11.81179,77.92168,2024-11-20,HIGH,Tree cover,0.86,AUTH_REQUIRED,False,CDSE OAuth2 credentials not configured in environment.,1000m x 1000m,50x50,"SCL, B04, B08, B11, B12",,,,,,AUTH_REQUIRED,CDSE OAuth2 credentials not configured in environment.,,,,,,AUTH_REQUIRED,CDSE OAuth2 credentials not configured in environment.,,50x50,"SCL, B04, B08, B11, B12",,,,,50x50,"SCL, B04, B08, B11, B12",,,,,,,,,,,,,,,,,,,,,,,,,,,,,,,,,,,,,,,,,,,,,,,,,,INVALID_INPUT,Both pre_features and post_features are None.,,,,,,,,,,,,,,,,
FIRMS_TN_0070,11.81606,77.91496,2024-11-21,HIGH,Built-up,2.09,AUTH_REQUIRED,False,CDSE OAuth2 credentials not configured in environment.,1000m x 1000m,50x50,"SCL, B04, B08, B11, B12",,,,,,AUTH_REQUIRED,CDSE OAuth2 credentials not configured in environment.,,,,,,AUTH_REQUIRED,CDSE OAuth2 credentials not configured in environment.,,50x50,"SCL, B04, B08, B11, B12",,,,,50x50,"SCL, B04, B08, B11, B12",,,,,,,,,,,,,,,,,,,,,,,,,,,,,,,,,,,,,,,,,,,,,,,,,,INVALID_INPUT,Both pre_features and post_features are None.,,,,,,,,,,,,,,,,
FIRMS_TN_0071,13.06687,80.1871,2024-11-21,LOW,Built-up,0.46,AUTH_REQUIRED,False,CDSE OAuth2 credentials not configured in environment.,1000m x 1000m,50x50,"SCL, B04, B08, B11, B12",,,,,,AUTH_REQUIRED,CDSE OAuth2 credentials not configured in environment.,,,,,,AUTH_REQUIRED,CDSE OAuth2 credentials not configured in environment.,,50x50,"SCL, B04, B08, B11, B12",,,,,50x50,"SCL, B04, B08, B11, B12",,,,,,,,,,,,,,,,,,,,,,,,,,,,,,,,,,,,,,,,,,,,,,,,,,INVALID_INPUT,Both pre_features and post_features are None.,,,,,,,,,,,,,,,,
FIRMS_TN_0072,13.16066,80.2851,2024-11-21,MEDIUM,Built-up,1.11,AUTH_REQUIRED,False,CDSE OAuth2 credentials not configured in environment.,1000m x 1000m,50x50,"SCL, B04, B08, B11, B12",,,,,,AUTH_REQUIRED,CDSE OAuth2 credentials not configured in environment.,,,,,,AUTH_REQUIRED,CDSE OAuth2 credentials not configured in environment.,,50x50,"SCL, B04, B08, B11, B12",,,,,50x50,"SCL, B04, B08, B11, B12",,,,,,,,,,,,,,,,,,,,,,,,,,,,,,,,,,,,,,,,,,,,,,,,,,INVALID_INPUT,Both pre_features and post_features are None.,,,,,,,,,,,,,,,,
FIRMS_TN_0073,13.16213,80.28485,2024-11-21,MEDIUM,Tree cover,0.54,AUTH_REQUIRED,False,CDSE OAuth2 credentials not configured in environment.,1000m x 1000m,50x50,"SCL, B04, B08, B11, B12",,,,,,AUTH_REQUIRED,CDSE OAuth2 credentials not configured in environment.,,,,,,AUTH_REQUIRED,CDSE OAuth2 credentials not configured in environment.,,50x50,"SCL, B04, B08, B11, B12",,,,,50x50,"SCL, B04, B08, B11, B12",,,,,,,,,,,,,,,,,,,,,,,,,,,,,,,,,,,,,,,,,,,,,,,,,,INVALID_INPUT,Both pre_features and post_features are None.,,,,,,,,,,,,,,,,
FIRMS_TN_0074,13.39214,80.09968,2024-11-21,LOW,Shrubland,0.92,AUTH_REQUIRED,False,CDSE OAuth2 credentials not configured in environment.,1000m x 1000m,50x50,"SCL, B04, B08, B11, B12",,,,,,AUTH_REQUIRED,CDSE OAuth2 credentials not configured in environment.,,,,,,AUTH_REQUIRED,CDSE OAuth2 credentials not configured in environment.,,50x50,"SCL, B04, B08, B11, B12",,,,,50x50,"SCL, B04, B08, B11, B12",,,,,,,,,,,,,,,,,,,,,,,,,,,,,,,,,,,,,,,,,,,,,,,,,,INVALID_INPUT,Both pre_features and post_features are None.,,,,,,,,,,,,,,,,
FIRMS_TN_0075,13.31326,80.00461,2024-11-22,MEDIUM,Tree cover,4.28,AUTH_REQUIRED,False,CDSE OAuth2 credentials not configured in environment.,1000m x 1000m,50x50,"SCL, B04, B08, B11, B12",,,,,,AUTH_REQUIRED,CDSE OAuth2 credentials not configured in environment.,,,,,,AUTH_REQUIRED,CDSE OAuth2 credentials not configured in environment.,,50x50,"SCL, B04, B08, B11, B12",,,,,50x50,"SCL, B04, B08, B11, B12",,,,,,,,,,,,,,,,,,,,,,,,,,,,,,,,,,,,,,,,,,,,,,,,,,INVALID_INPUT,Both pre_features and post_features are None.,,,,,,,,,,,,,,,,
FIRMS_TN_0076,13.31909,80.0034,2024-11-22,MEDIUM,Cropland,4.28,AUTH_REQUIRED,False,CDSE OAuth2 credentials not configured in environment.,1000m x 1000m,50x50,"SCL, B04, B08, B11, B12",,,,,,AUTH_REQUIRED,CDSE OAuth2 credentials not configured in environment.,,,,,,AUTH_REQUIRED,CDSE OAuth2 credentials not configured in environment.,,50x50,"SCL, B04, B08, B11, B12",,,,,50x50,"SCL, B04, B08, B11, B12",,,,,,,,,,,,,,,,,,,,,,,,,,,,,,,,,,,,,,,,,,,,,,,,,,INVALID_INPUT,Both pre_features and post_features are None.,,,,,,,,,,,,,,,,
FIRMS_TN_0077,13.3172,80.0006,2024-11-22,MEDIUM,Cropland,9.18,AUTH_REQUIRED,False,CDSE OAuth2 credentials not configured in environment.,1000m x 1000m,50x50,"SCL, B04, B08, B11, B12",,,,,,AUTH_REQUIRED,CDSE OAuth2 credentials not configured in environment.,,,,,,AUTH_REQUIRED,CDSE OAuth2 credentials not configured in environment.,,50x50,"SCL, B04, B08, B11, B12",,,,,50x50,"SCL, B04, B08, B11, B12",,,,,,,,,,,,,,,,,,,,,,,,,,,,,,,,,,,,,,,,,,,,,,,,,,INVALID_INPUT,Both pre_features and post_features are None.,,,,,,,,,,,,,,,,
FIRMS_TN_0078,13.16057,80.27849,2024-11-23,MEDIUM,Built-up,1.42,AUTH_REQUIRED,False,CDSE OAuth2 credentials not configured in environment.,1000m x 1000m,50x50,"SCL, B04, B08, B11, B12",,,,,,AUTH_REQUIRED,CDSE OAuth2 credentials not configured in environment.,,,,,,AUTH_REQUIRED,CDSE OAuth2 credentials not configured in environment.,,50x50,"SCL, B04, B08, B11, B12",,,,,50x50,"SCL, B04, B08, B11, B12",,,,,,,,,,,,,,,,,,,,,,,,,,,,,,,,,,,,,,,,,,,,,,,,,,INVALID_INPUT,Both pre_features and post_features are None.,,,,,,,,,,,,,,,,
FIRMS_TN_0079,12.86026,79.90279,2024-11-23,LOW,Cropland,1.17,AUTH_REQUIRED,False,CDSE OAuth2 credentials not configured in environment.,1000m x 1000m,50x50,"SCL, B04, B08, B11, B12",,,,,,AUTH_REQUIRED,CDSE OAuth2 credentials not configured in environment.,,,,,,AUTH_REQUIRED,CDSE OAuth2 credentials not configured in environment.,,50x50,"SCL, B04, B08, B11, B12",,,,,50x50,"SCL, B04, B08, B11, B12",,,,,,,,,,,,,,,,,,,,,,,,,,,,,,,,,,,,,,,,,,,,,,,,,,INVALID_INPUT,Both pre_features and post_features are None.,,,,,,,,,,,,,,,,
FIRMS_TN_0080,11.79451,77.72559,2024-11-24,MEDIUM,Cropland,2.14,AUTH_REQUIRED,False,CDSE OAuth2 credentials not configured in environment.,1000m x 1000m,50x50,"SCL, B04, B08, B11, B12",,,,,,AUTH_REQUIRED,CDSE OAuth2 credentials not configured in environment.,,,,,,AUTH_REQUIRED,CDSE OAuth2 credentials not configured in environment.,,50x50,"SCL, B04, B08, B11, B12",,,,,50x50,"SCL, B04, B08, B11, B12",,,,,,,,,,,,,,,,,,,,,,,,,,,,,,,,,,,,,,,,,,,,,,,,,,INVALID_INPUT,Both pre_features and post_features are None.,,,,,,,,,,,,,,,,
FIRMS_TN_0081,11.53918,79.05564,2024-11-25,MEDIUM,Cropland,0.7,AUTH_REQUIRED,False,CDSE OAuth2 credentials not configured in environment.,1000m x 1000m,50x50,"SCL, B04, B08, B11, B12",,,,,,AUTH_REQUIRED,CDSE OAuth2 credentials not configured in environment.,,,,,,AUTH_REQUIRED,CDSE OAuth2 credentials not configured in environment.,,50x50,"SCL, B04, B08, B11, B12",,,,,50x50,"SCL, B04, B08, B11, B12",,,,,,,,,,,,,,,,,,,,,,,,,,,,,,,,,,,,,,,,,,,,,,,,,,INVALID_INPUT,Both pre_features and post_features are None.,,,,,,,,,,,,,,,,
FIRMS_TN_0082,13.39221,80.07728,2024-12-02,LOW,Grassland,0.59,AUTH_REQUIRED,False,CDSE OAuth2 credentials not configured in environment.,1000m x 1000m,50x50,"SCL, B04, B08, B11, B12",,,,,,AUTH_REQUIRED,CDSE OAuth2 credentials not configured in environment.,,,,,,AUTH_REQUIRED,CDSE OAuth2 credentials not configured in environment.,,50x50,"SCL, B04, B08, B11, B12",,,,,50x50,"SCL, B04, B08, B11, B12",,,,,,,,,,,,,,,,,,,,,,,,,,,,,,,,,,,,,,,,,,,,,,,,,,INVALID_INPUT,Both pre_features and post_features are None.,,,,,,,,,,,,,,,,
FIRMS_TN_0083,9.03133,77.63218,2024-12-03,MEDIUM,Cropland,2.41,AUTH_REQUIRED,False,CDSE OAuth2 credentials not configured in environment.,1000m x 1000m,50x50,"SCL, B04, B08, B11, B12",,,,,,AUTH_REQUIRED,CDSE OAuth2 credentials not configured in environment.,,,,,,AUTH_REQUIRED,CDSE OAuth2 credentials not configured in environment.,,50x50,"SCL, B04, B08, B11, B12",,,,,50x50,"SCL, B04, B08, B11, B12",,,,,,,,,,,,,,,,,,,,,,,,,,,,,,,,,,,,,,,,,,,,,,,,,,INVALID_INPUT,Both pre_features and post_features are None.,,,,,,,,,,,,,,,,
FIRMS_TN_0084,13.08149,79.97901,2024-12-03,MEDIUM,Bare/sparse vegetation,3.09,AUTH_REQUIRED,False,CDSE OAuth2 credentials not configured in environment.,1000m x 1000m,50x50,"SCL, B04, B08, B11, B12",,,,,,AUTH_REQUIRED,CDSE OAuth2 credentials not configured in environment.,,,,,,AUTH_REQUIRED,CDSE OAuth2 credentials not configured in environment.,,50x50,"SCL, B04, B08, B11, B12",,,,,50x50,"SCL, B04, B08, B11, B12",,,,,,,,,,,,,,,,,,,,,,,,,,,,,,,,,,,,,,,,,,,,,,,,,,INVALID_INPUT,Both pre_features and post_features are None.,,,,,,,,,,,,,,,,
FIRMS_TN_0085,13.08649,79.97971,2024-12-03,MEDIUM,Tree cover,2.97,AUTH_REQUIRED,False,CDSE OAuth2 credentials not configured in environment.,1000m x 1000m,50x50,"SCL, B04, B08, B11, B12",,,,,,AUTH_REQUIRED,CDSE OAuth2 credentials not configured in environment.,,,,,,AUTH_REQUIRED,CDSE OAuth2 credentials not configured in environment.,,50x50,"SCL, B04, B08, B11, B12",,,,,50x50,"SCL, B04, B08, B11, B12",,,,,,,,,,,,,,,,,,,,,,,,,,,,,,,,,,,,,,,,,,,,,,,,,,INVALID_INPUT,Both pre_features and post_features are None.,,,,,,,,,,,,,,,,
FIRMS_TN_0086,13.1657,80.27771,2024-12-04,MEDIUM,Built-up,1.2,AUTH_REQUIRED,False,CDSE OAuth2 credentials not configured in environment.,1000m x 1000m,50x50,"SCL, B04, B08, B11, B12",,,,,,AUTH_REQUIRED,CDSE OAuth2 credentials not configured in environment.,,,,,,AUTH_REQUIRED,CDSE OAuth2 credentials not configured in environment.,,50x50,"SCL, B04, B08, B11, B12",,,,,50x50,"SCL, B04, B08, B11, B12",,,,,,,,,,,,,,,,,,,,,,,,,,,,,,,,,,,,,,,,,,,,,,,,,,INVALID_INPUT,Both pre_features and post_features are None.,,,,,,,,,,,,,,,,
FIRMS_TN_0087,11.18143,79.0966,2024-12-04,HIGH,Cropland,1.08,AUTH_REQUIRED,False,CDSE OAuth2 credentials not configured in environment.,1000m x 1000m,50x50,"SCL, B04, B08, B11, B12",,,,,,AUTH_REQUIRED,CDSE OAuth2 credentials not configured in environment.,,,,,,AUTH_REQUIRED,CDSE OAuth2 credentials not configured in environment.,,50x50,"SCL, B04, B08, B11, B12",,,,,50x50,"SCL, B04, B08, B11, B12",,,,,,,,,,,,,,,,,,,,,,,,,,,,,,,,,,,,,,,,,,,,,,,,,,INVALID_INPUT,Both pre_features and post_features are None.,,,,,,,,,,,,,,,,
FIRMS_TN_0088,11.81185,77.92299,2024-12-04,HIGH,Built-up,1.18,AUTH_REQUIRED,False,CDSE OAuth2 credentials not configured in environment.,1000m x 1000m,50x50,"SCL, B04, B08, B11, B12",,,,,,AUTH_REQUIRED,CDSE OAuth2 credentials not configured in environment.,,,,,,AUTH_REQUIRED,CDSE OAuth2 credentials not configured in environment.,,50x50,"SCL, B04, B08, B11, B12",,,,,50x50,"SCL, B04, B08, B11, B12",,,,,,,,,,,,,,,,,,,,,,,,,,,,,,,,,,,,,,,,,,,,,,,,,,INVALID_INPUT,Both pre_features and post_features are None.,,,,,,,,,,,,,,,,
FIRMS_TN_0089,10.93044,77.06243,2024-12-04,MEDIUM,Cropland,1.57,AUTH_REQUIRED,False,CDSE OAuth2 credentials not configured in environment.,1000m x 1000m,50x50,"SCL, B04, B08, B11, B12",,,,,,AUTH_REQUIRED,CDSE OAuth2 credentials not configured in environment.,,,,,,AUTH_REQUIRED,CDSE OAuth2 credentials not configured in environment.,,50x50,"SCL, B04, B08, B11, B12",,,,,50x50,"SCL, B04, B08, B11, B12",,,,,,,,,,,,,,,,,,,,,,,,,,,,,,,,,,,,,,,,,,,,,,,,,,INVALID_INPUT,Both pre_features and post_features are None.,,,,,,,,,,,,,,,,
FIRMS_TN_0090,8.46327,78.09595,2024-12-05,MEDIUM,Shrubland,4.51,AUTH_REQUIRED,False,CDSE OAuth2 credentials not configured in environment.,1000m x 1000m,50x50,"SCL, B04, B08, B11, B12",,,,,,AUTH_REQUIRED,CDSE OAuth2 credentials not configured in environment.,,,,,,AUTH_REQUIRED,CDSE OAuth2 credentials not configured in environment.,,50x50,"SCL, B04, B08, B11, B12",,,,,50x50,"SCL, B04, B08, B11, B12",,,,,,,,,,,,,,,,,,,,,,,,,,,,,,,,,,,,,,,,,,,,,,,,,,INVALID_INPUT,Both pre_features and post_features are None.,,,,,,,,,,,,,,,,
FIRMS_TN_0091,9.78928,78.08914,2024-12-05,MEDIUM,Grassland,2.17,AUTH_REQUIRED,False,CDSE OAuth2 credentials not configured in environment.,1000m x 1000m,50x50,"SCL, B04, B08, B11, B12",,,,,,AUTH_REQUIRED,CDSE OAuth2 credentials not configured in environment.,,,,,,AUTH_REQUIRED,CDSE OAuth2 credentials not configured in environment.,,50x50,"SCL, B04, B08, B11, B12",,,,,50x50,"SCL, B04, B08, B11, B12",,,,,,,,,,,,,,,,,,,,,,,,,,,,,,,,,,,,,,,,,,,,,,,,,,INVALID_INPUT,Both pre_features and post_features are None.,,,,,,,,,,,,,,,,
FIRMS_TN_0092,11.81644,77.91484,2024-12-05,HIGH,Built-up,1.67,AUTH_REQUIRED,False,CDSE OAuth2 credentials not configured in environment.,1000m x 1000m,50x50,"SCL, B04, B08, B11, B12",,,,,,AUTH_REQUIRED,CDSE OAuth2 credentials not configured in environment.,,,,,,AUTH_REQUIRED,CDSE OAuth2 credentials not configured in environment.,,50x50,"SCL, B04, B08, B11, B12",,,,,50x50,"SCL, B04, B08, B11, B12",,,,,,,,,,,,,,,,,,,,,,,,,,,,,,,,,,,,,,,,,,,,,,,,,,INVALID_INPUT,Both pre_features and post_features are None.,,,,,,,,,,,,,,,,
FIRMS_TN_0093,13.08348,79.98227,2024-12-05,MEDIUM,Grassland,7.89,AUTH_REQUIRED,False,CDSE OAuth2 credentials not configured in environment.,1000m x 1000m,50x50,"SCL, B04, B08, B11, B12",,,,,,AUTH_REQUIRED,CDSE OAuth2 credentials not configured in environment.,,,,,,AUTH_REQUIRED,CDSE OAuth2 credentials not configured in environment.,,50x50,"SCL, B04, B08, B11, B12",,,,,50x50,"SCL, B04, B08, B11, B12",,,,,,,,,,,,,,,,,,,,,,,,,,,,,,,,,,,,,,,,,,,,,,,,,,INVALID_INPUT,Both pre_features and post_features are None.,,,,,,,,,,,,,,,,
FIRMS_TN_0094,11.2042,77.56649,2024-12-05,MEDIUM,Grassland,0.98,AUTH_REQUIRED,False,CDSE OAuth2 credentials not configured in environment.,1000m x 1000m,50x50,"SCL, B04, B08, B11, B12",,,,,,AUTH_REQUIRED,CDSE OAuth2 credentials not configured in environment.,,,,,,AUTH_REQUIRED,CDSE OAuth2 credentials not configured in environment.,,50x50,"SCL, B04, B08, B11, B12",,,,,50x50,"SCL, B04, B08, B11, B12",,,,,,,,,,,,,,,,,,,,,,,,,,,,,,,,,,,,,,,,,,,,,,,,,,INVALID_INPUT,Both pre_features and post_features are None.,,,,,,,,,,,,,,,,
FIRMS_TN_0095,11.30839,78.23434,2024-12-06,MEDIUM,Cropland,13.94,AUTH_REQUIRED,False,CDSE OAuth2 credentials not configured in environment.,1000m x 1000m,50x50,"SCL, B04, B08, B11, B12",,,,,,AUTH_REQUIRED,CDSE OAuth2 credentials not configured in environment.,,,,,,AUTH_REQUIRED,CDSE OAuth2 credentials not configured in environment.,,50x50,"SCL, B04, B08, B11, B12",,,,,50x50,"SCL, B04, B08, B11, B12",,,,,,,,,,,,,,,,,,,,,,,,,,,,,,,,,,,,,,,,,,,,,,,,,,INVALID_INPUT,Both pre_features and post_features are None.,,,,,,,,,,,,,,,,
FIRMS_TN_0096,11.55684,78.93368,2024-12-06,MEDIUM,Cropland,3.68,AUTH_REQUIRED,False,CDSE OAuth2 credentials not configured in environment.,1000m x 1000m,50x50,"SCL, B04, B08, B11, B12",,,,,,AUTH_REQUIRED,CDSE OAuth2 credentials not configured in environment.,,,,,,AUTH_REQUIRED,CDSE OAuth2 credentials not configured in environment.,,50x50,"SCL, B04, B08, B11, B12",,,,,50x50,"SCL, B04, B08, B11, B12",,,,,,,,,,,,,,,,,,,,,,,,,,,,,,,,,,,,,,,,,,,,,,,,,,INVALID_INPUT,Both pre_features and post_features are None.,,,,,,,,,,,,,,,,
FIRMS_TN_0097,11.18291,79.10018,2024-12-06,MEDIUM,Built-up,0.66,AUTH_REQUIRED,False,CDSE OAuth2 credentials not configured in environment.,1000m x 1000m,50x50,"SCL, B04, B08, B11, B12",,,,,,AUTH_REQUIRED,CDSE OAuth2 credentials not configured in environment.,,,,,,AUTH_REQUIRED,CDSE OAuth2 credentials not configured in environment.,,50x50,"SCL, B04, B08, B11, B12",,,,,50x50,"SCL, B04, B08, B11, B12",,,,,,,,,,,,,,,,,,,,,,,,,,,,,,,,,,,,,,,,,,,,,,,,,,INVALID_INPUT,Both pre_features and post_features are None.,,,,,,,,,,,,,,,,
FIRMS_TN_0098,11.8087,77.92446,2024-12-06,MEDIUM,Built-up,1.04,AUTH_REQUIRED,False,CDSE OAuth2 credentials not configured in environment.,1000m x 1000m,50x50,"SCL, B04, B08, B11, B12",,,,,,AUTH_REQUIRED,CDSE OAuth2 credentials not configured in environment.,,,,,,AUTH_REQUIRED,CDSE OAuth2 credentials not configured in environment.,,50x50,"SCL, B04, B08, B11, B12",,,,,50x50,"SCL, B04, B08, B11, B12",,,,,,,,,,,,,,,,,,,,,,,,,,,,,,,,,,,,,,,,,,,,,,,,,,INVALID_INPUT,Both pre_features and post_features are None.,,,,,,,,,,,,,,,,
FIRMS_TN_0099,11.80927,77.92089,2024-12-06,MEDIUM,Built-up,1.0,AUTH_REQUIRED,False,CDSE OAuth2 credentials not configured in environment.,1000m x 1000m,50x50,"SCL, B04, B08, B11, B12",,,,,,AUTH_REQUIRED,CDSE OAuth2 credentials not configured in environment.,,,,,,AUTH_REQUIRED,CDSE OAuth2 credentials not configured in environment.,,50x50,"SCL, B04, B08, B11, B12",,,,,50x50,"SCL, B04, B08, B11, B12",,,,,,,,,,,,,,,,,,,,,,,,,,,,,,,,,,,,,,,,,,,,,,,,,,INVALID_INPUT,Both pre_features and post_features are None.,,,,,,,,,,,,,,,,
FIRMS_TN_0100,11.81649,77.91842,2024-12-06,HIGH,Built-up,1.29,AUTH_REQUIRED,False,CDSE OAuth2 credentials not configured in environment.,1000m x 1000m,50x50,"SCL, B04, B08, B11, B12",,,,,,AUTH_REQUIRED,CDSE OAuth2 credentials not configured in environment.,,,,,,AUTH_REQUIRED,CDSE OAuth2 credentials not configured in environment.,,50x50,"SCL, B04, B08, B11, B12",,,,,50x50,"SCL, B04, B08, B11, B12",,,,,,,,,,,,,,,,,,,,,,,,,,,,,,,,,,,,,,,,,,,,,,,,,,INVALID_INPUT,Both pre_features and post_features are None.,,,,,,,,,,,,,,,,
FIRMS_TN_0101,13.16047,80.28578,2024-12-06,MEDIUM,Built-up,2.07,AUTH_REQUIRED,False,CDSE OAuth2 credentials not configured in environment.,1000m x 1000m,50x50,"SCL, B04, B08, B11, B12",,,,,,AUTH_REQUIRED,CDSE OAuth2 credentials not configured in environment.,,,,,,AUTH_REQUIRED,CDSE OAuth2 credentials not configured in environment.,,50x50,"SCL, B04, B08, B11, B12",,,,,50x50,"SCL, B04, B08, B11, B12",,,,,,,,,,,,,,,,,,,,,,,,,,,,,,,,,,,,,,,,,,,,,,,,,,INVALID_INPUT,Both pre_features and post_features are None.,,,,,,,,,,,,,,,,
FIRMS_TN_0102,10.92305,77.06053,2024-12-06,LOW,Tree cover,0.37,AUTH_REQUIRED,False,CDSE OAuth2 credentials not configured in environment.,1000m x 1000m,50x50,"SCL, B04, B08, B11, B12",,,,,,AUTH_REQUIRED,CDSE OAuth2 credentials not configured in environment.,,,,,,AUTH_REQUIRED,CDSE OAuth2 credentials not configured in environment.,,50x50,"SCL, B04, B08, B11, B12",,,,,50x50,"SCL, B04, B08, B11, B12",,,,,,,,,,,,,,,,,,,,,,,,,,,,,,,,,,,,,,,,,,,,,,,,,,INVALID_INPUT,Both pre_features and post_features are None.,,,,,,,,,,,,,,,,
FIRMS_TN_0103,9.69524,78.25095,2024-12-07,MEDIUM,Grassland,2.53,AUTH_REQUIRED,False,CDSE OAuth2 credentials not configured in environment.,1000m x 1000m,50x50,"SCL, B04, B08, B11, B12",,,,,,AUTH_REQUIRED,CDSE OAuth2 credentials not configured in environment.,,,,,,AUTH_REQUIRED,CDSE OAuth2 credentials not configured in environment.,,50x50,"SCL, B04, B08, B11, B12",,,,,50x50,"SCL, B04, B08, B11, B12",,,,,,,,,,,,,,,,,,,,,,,,,,,,,,,,,,,,,,,,,,,,,,,,,,INVALID_INPUT,Both pre_features and post_features are None.,,,,,,,,,,,,,,,,
FIRMS_TN_0104,11.41806,77.40839,2024-12-07,MEDIUM,Cropland,2.7,AUTH_REQUIRED,False,CDSE OAuth2 credentials not configured in environment.,1000m x 1000m,50x50,"SCL, B04, B08, B11, B12",,,,,,AUTH_REQUIRED,CDSE OAuth2 credentials not configured in environment.,,,,,,AUTH_REQUIRED,CDSE OAuth2 credentials not configured in environment.,,50x50,"SCL, B04, B08, B11, B12",,,,,50x50,"SCL, B04, B08, B11, B12",,,,,,,,,,,,,,,,,,,,,,,,,,,,,,,,,,,,,,,,,,,,,,,,,,INVALID_INPUT,Both pre_features and post_features are None.,,,,,,,,,,,,,,,,
FIRMS_TN_0105,10.9318,77.06347,2024-12-07,LOW,Grassland,1.32,AUTH_REQUIRED,False,CDSE OAuth2 credentials not configured in environment.,1000m x 1000m,50x50,"SCL, B04, B08, B11, B12",,,,,,AUTH_REQUIRED,CDSE OAuth2 credentials not configured in environment.,,,,,,AUTH_REQUIRED,CDSE OAuth2 credentials not configured in environment.,,50x50,"SCL, B04, B08, B11, B12",,,,,50x50,"SCL, B04, B08, B11, B12",,,,,,,,,,,,,,,,,,,,,,,,,,,,,,,,,,,,,,,,,,,,,,,,,,INVALID_INPUT,Both pre_features and post_features are None.,,,,,,,,,,,,,,,,
FIRMS_TN_0106,11.81816,77.91727,2024-12-07,HIGH,Built-up,1.06,AUTH_REQUIRED,False,CDSE OAuth2 credentials not configured in environment.,1000m x 1000m,50x50,"SCL, B04, B08, B11, B12",,,,,,AUTH_REQUIRED,CDSE OAuth2 credentials not configured in environment.,,,,,,AUTH_REQUIRED,CDSE OAuth2 credentials not configured in environment.,,50x50,"SCL, B04, B08, B11, B12",,,,,50x50,"SCL, B04, B08, B11, B12",,,,,,,,,,,,,,,,,,,,,,,,,,,,,,,,,,,,,,,,,,,,,,,,,,INVALID_INPUT,Both pre_features and post_features are None.,,,,,,,,,,,,,,,,
FIRMS_TN_0107,12.85547,79.90582,2024-12-07,LOW,Cropland,0.96,AUTH_REQUIRED,False,CDSE OAuth2 credentials not configured in environment.,1000m x 1000m,50x50,"SCL, B04, B08, B11, B12",,,,,,AUTH_REQUIRED,CDSE OAuth2 credentials not configured in environment.,,,,,,AUTH_REQUIRED,CDSE OAuth2 credentials not configured in environment.,,50x50,"SCL, B04, B08, B11, B12",,,,,50x50,"SCL, B04, B08, B11, B12",,,,,,,,,,,,,,,,,,,,,,,,,,,,,,,,,,,,,,,,,,,,,,,,,,INVALID_INPUT,Both pre_features and post_features are None.,,,,,,,,,,,,,,,,
FIRMS_TN_0108,12.96963,79.91547,2024-12-07,LOW,Grassland,0.51,AUTH_REQUIRED,False,CDSE OAuth2 credentials not configured in environment.,1000m x 1000m,50x50,"SCL, B04, B08, B11, B12",,,,,,AUTH_REQUIRED,CDSE OAuth2 credentials not configured in environment.,,,,,,AUTH_REQUIRED,CDSE OAuth2 credentials not configured in environment.,,50x50,"SCL, B04, B08, B11, B12",,,,,50x50,"SCL, B04, B08, B11, B12",,,,,,,,,,,,,,,,,,,,,,,,,,,,,,,,,,,,,,,,,,,,,,,,,,INVALID_INPUT,Both pre_features and post_features are None.,,,,,,,,,,,,,,,,
FIRMS_TN_0109,13.15946,80.28299,2024-12-07,MEDIUM,Built-up,2.59,AUTH_REQUIRED,False,CDSE OAuth2 credentials not configured in environment.,1000m x 1000m,50x50,"SCL, B04, B08, B11, B12",,,,,,AUTH_REQUIRED,CDSE OAuth2 credentials not configured in environment.,,,,,,AUTH_REQUIRED,CDSE OAuth2 credentials not configured in environment.,,50x50,"SCL, B04, B08, B11, B12",,,,,50x50,"SCL, B04, B08, B11, B12",,,,,,,,,,,,,,,,,,,,,,,,,,,,,,,,,,,,,,,,,,,,,,,,,,INVALID_INPUT,Both pre_features and post_features are None.,,,,,,,,,,,,,,,,
FIRMS_TN_0110,13.4469,80.09521,2024-12-07,LOW,Shrubland,0.84,AUTH_REQUIRED,False,CDSE OAuth2 credentials not configured in environment.,1000m x 1000m,50x50,"SCL, B04, B08, B11, B12",,,,,,AUTH_REQUIRED,CDSE OAuth2 credentials not configured in environment.,,,,,,AUTH_REQUIRED,CDSE OAuth2 credentials not configured in environment.,,50x50,"SCL, B04, B08, B11, B12",,,,,50x50,"SCL, B04, B08, B11, B12",,,,,,,,,,,,,,,,,,,,,,,,,,,,,,,,,,,,,,,,,,,,,,,,,,INVALID_INPUT,Both pre_features and post_features are None.,,,,,,,,,,,,,,,,
FIRMS_TN_0111,12.70293,77.96101,2024-12-08,LOW,Grassland,0.41,AUTH_REQUIRED,False,CDSE OAuth2 credentials not configured in environment.,1000m x 1000m,50x50,"SCL, B04, B08, B11, B12",,,,,,AUTH_REQUIRED,CDSE OAuth2 credentials not configured in environment.,,,,,,AUTH_REQUIRED,CDSE OAuth2 credentials not configured in environment.,,50x50,"SCL, B04, B08, B11, B12",,,,,50x50,"SCL, B04, B08, B11, B12",,,,,,,,,,,,,,,,,,,,,,,,,,,,,,,,,,,,,,,,,,,,,,,,,,INVALID_INPUT,Both pre_features and post_features are None.,,,,,,,,,,,,,,,,
FIRMS_TN_0112,11.17625,79.08495,2024-12-08,MEDIUM,Tree cover,1.05,AUTH_REQUIRED,False,CDSE OAuth2 credentials not configured in environment.,1000m x 1000m,50x50,"SCL, B04, B08, B11, B12",,,,,,AUTH_REQUIRED,CDSE OAuth2 credentials not configured in environment.,,,,,,AUTH_REQUIRED,CDSE OAuth2 credentials not configured in environment.,,50x50,"SCL, B04, B08, B11, B12",,,,,50x50,"SCL, B04, B08, B11, B12",,,,,,,,,,,,,,,,,,,,,,,,,,,,,,,,,,,,,,,,,,,,,,,,,,INVALID_INPUT,Both pre_features and post_features are None.,,,,,,,,,,,,,,,,
FIRMS_TN_0113,9.76998,77.95444,2024-12-09,MEDIUM,Shrubland,3.26,AUTH_REQUIRED,False,CDSE OAuth2 credentials not configured in environment.,1000m x 1000m,50x50,"SCL, B04, B08, B11, B12",,,,,,AUTH_REQUIRED,CDSE OAuth2 credentials not configured in environment.,,,,,,AUTH_REQUIRED,CDSE OAuth2 credentials not configured in environment.,,50x50,"SCL, B04, B08, B11, B12",,,,,50x50,"SCL, B04, B08, B11, B12",,,,,,,,,,,,,,,,,,,,,,,,,,,,,,,,,,,,,,,,,,,,,,,,,,INVALID_INPUT,Both pre_features and post_features are None.,,,,,,,,,,,,,,,,
FIRMS_TN_0114,13.08267,79.97949,2024-12-09,MEDIUM,Bare/sparse vegetation,0.53,AUTH_REQUIRED,False,CDSE OAuth2 credentials not configured in environment.,1000m x 1000m,50x50,"SCL, B04, B08, B11, B12",,,,,,AUTH_REQUIRED,CDSE OAuth2 credentials not configured in environment.,,,,,,AUTH_REQUIRED,CDSE OAuth2 credentials not configured in environment.,,50x50,"SCL, B04, B08, B11, B12",,,,,50x50,"SCL, B04, B08, B11, B12",,,,,,,,,,,,,,,,,,,,,,,,,,,,,,,,,,,,,,,,,,,,,,,,,,INVALID_INPUT,Both pre_features and post_features are None.,,,,,,,,,,,,,,,,
FIRMS_TN_0115,13.15994,80.28136,2024-12-09,MEDIUM,Built-up,1.1,AUTH_REQUIRED,False,CDSE OAuth2 credentials not configured in environment.,1000m x 1000m,50x50,"SCL, B04, B08, B11, B12",,,,,,AUTH_REQUIRED,CDSE OAuth2 credentials not configured in environment.,,,,,,AUTH_REQUIRED,CDSE OAuth2 credentials not configured in environment.,,50x50,"SCL, B04, B08, B11, B12",,,,,50x50,"SCL, B04, B08, B11, B12",,,,,,,,,,,,,,,,,,,,,,,,,,,,,,,,,,,,,,,,,,,,,,,,,,INVALID_INPUT,Both pre_features and post_features are None.,,,,,,,,,,,,,,,,
FIRMS_TN_0116,13.16152,80.27855,2024-12-09,MEDIUM,Built-up,2.19,AUTH_REQUIRED,False,CDSE OAuth2 credentials not configured in environment.,1000m x 1000m,50x50,"SCL, B04, B08, B11, B12",,,,,,AUTH_REQUIRED,CDSE OAuth2 credentials not configured in environment.,,,,,,AUTH_REQUIRED,CDSE OAuth2 credentials not configured in environment.,,50x50,"SCL, B04, B08, B11, B12",,,,,50x50,"SCL, B04, B08, B11, B12",,,,,,,,,,,,,,,,,,,,,,,,,,,,,,,,,,,,,,,,,,,,,,,,,,INVALID_INPUT,Both pre_features and post_features are None.,,,,,,,,,,,,,,,,
FIRMS_TN_0117,13.0032,79.90566,2024-12-09,LOW,Tree cover,0.48,AUTH_REQUIRED,False,CDSE OAuth2 credentials not configured in environment.,1000m x 1000m,50x50,"SCL, B04, B08, B11, B12",,,,,,AUTH_REQUIRED,CDSE OAuth2 credentials not configured in environment.,,,,,,AUTH_REQUIRED,CDSE OAuth2 credentials not configured in environment.,,50x50,"SCL, B04, B08, B11, B12",,,,,50x50,"SCL, B04, B08, B11, B12",,,,,,,,,,,,,,,,,,,,,,,,,,,,,,,,,,,,,,,,,,,,,,,,,,INVALID_INPUT,Both pre_features and post_features are None.,,,,,,,,,,,,,,,,
FIRMS_TN_0118,13.16194,80.28547,2024-12-09,MEDIUM,Tree cover,2.19,AUTH_REQUIRED,False,CDSE OAuth2 credentials not configured in environment.,1000m x 1000m,50x50,"SCL, B04, B08, B11, B12",,,,,,AUTH_REQUIRED,CDSE OAuth2 credentials not configured in environment.,,,,,,AUTH_REQUIRED,CDSE OAuth2 credentials not configured in environment.,,50x50,"SCL, B04, B08, B11, B12",,,,,50x50,"SCL, B04, B08, B11, B12",,,,,,,,,,,,,,,,,,,,,,,,,,,,,,,,,,,,,,,,,,,,,,,,,,INVALID_INPUT,Both pre_features and post_features are None.,,,,,,,,,,,,,,,,
FIRMS_TN_0119,11.5004,77.66466,2024-12-10,MEDIUM,Cropland,1.56,AUTH_REQUIRED,False,CDSE OAuth2 credentials not configured in environment.,1000m x 1000m,50x50,"SCL, B04, B08, B11, B12",,,,,,AUTH_REQUIRED,CDSE OAuth2 credentials not configured in environment.,,,,,,AUTH_REQUIRED,CDSE OAuth2 credentials not configured in environment.,,50x50,"SCL, B04, B08, B11, B12",,,,,50x50,"SCL, B04, B08, B11, B12",,,,,,,,,,,,,,,,,,,,,,,,,,,,,,,,,,,,,,,,,,,,,,,,,,INVALID_INPUT,Both pre_features and post_features are None.,,,,,,,,,,,,,,,,
FIRMS_TN_0120,10.2006,77.91628,2024-12-10,MEDIUM,Shrubland,2.99,AUTH_REQUIRED,False,CDSE OAuth2 credentials not configured in environment.,1000m x 1000m,50x50,"SCL, B04, B08, B11, B12",,,,,,AUTH_REQUIRED,CDSE OAuth2 credentials not configured in environment.,,,,,,AUTH_REQUIRED,CDSE OAuth2 credentials not configured in environment.,,50x50,"SCL, B04, B08, B11, B12",,,,,50x50,"SCL, B04, B08, B11, B12",,,,,,,,,,,,,,,,,,,,,,,,,,,,,,,,,,,,,,,,,,,,,,,,,,INVALID_INPUT,Both pre_features and post_features are None.,,,,,,,,,,,,,,,,
FIRMS_TN_0121,10.07669,77.4958,2024-12-10,MEDIUM,Cropland,12.14,AUTH_REQUIRED,False,CDSE OAuth2 credentials not configured in environment.,1000m x 1000m,50x50,"SCL, B04, B08, B11, B12",,,,,,AUTH_REQUIRED,CDSE OAuth2 credentials not configured in environment.,,,,,,AUTH_REQUIRED,CDSE OAuth2 credentials not configured in environment.,,50x50,"SCL, B04, B08, B11, B12",,,,,50x50,"SCL, B04, B08, B11, B12",,,,,,,,,,,,,,,,,,,,,,,,,,,,,,,,,,,,,,,,,,,,,,,,,,INVALID_INPUT,Both pre_features and post_features are None.,,,,,,,,,,,,,,,,
FIRMS_TN_0122,9.84554,78.02377,2024-12-10,HIGH,Cropland,6.79,AUTH_REQUIRED,False,CDSE OAuth2 credentials not configured in environment.,1000m x 1000m,50x50,"SCL, B04, B08, B11, B12",,,,,,AUTH_REQUIRED,CDSE OAuth2 credentials not configured in environment.,,,,,,AUTH_REQUIRED,CDSE OAuth2 credentials not configured in environment.,,50x50,"SCL, B04, B08, B11, B12",,,,,50x50,"SCL, B04, B08, B11, B12",,,,,,,,,,,,,,,,,,,,,,,,,,,,,,,,,,,,,,,,,,,,,,,,,,INVALID_INPUT,Both pre_features and post_features are None.,,,,,,,,,,,,,,,,
FIRMS_TN_0123,9.67397,77.88118,2024-12-10,MEDIUM,Tree cover,3.0,AUTH_REQUIRED,False,CDSE OAuth2 credentials not configured in environment.,1000m x 1000m,50x50,"SCL, B04, B08, B11, B12",,,,,,AUTH_REQUIRED,CDSE OAuth2 credentials not configured in environment.,,,,,,AUTH_REQUIRED,CDSE OAuth2 credentials not configured in environment.,,50x50,"SCL, B04, B08, B11, B12",,,,,50x50,"SCL, B04, B08, B11, B12",,,,,,,,,,,,,,,,,,,,,,,,,,,,,,,,,,,,,,,,,,,,,,,,,,INVALID_INPUT,Both pre_features and post_features are None.,,,,,,,,,,,,,,,,
FIRMS_TN_0124,11.81672,77.91647,2024-12-10,HIGH,Built-up,1.76,AUTH_REQUIRED,False,CDSE OAuth2 credentials not configured in environment.,1000m x 1000m,50x50,"SCL, B04, B08, B11, B12",,,,,,AUTH_REQUIRED,CDSE OAuth2 credentials not configured in environment.,,,,,,AUTH_REQUIRED,CDSE OAuth2 credentials not configured in environment.,,50x50,"SCL, B04, B08, B11, B12",,,,,50x50,"SCL, B04, B08, B11, B12",,,,,,,,,,,,,,,,,,,,,,,,,,,,,,,,,,,,,,,,,,,,,,,,,,INVALID_INPUT,Both pre_features and post_features are None.,,,,,,,,,,,,,,,,
FIRMS_TN_0125,12.65014,77.90301,2024-12-10,MEDIUM,Grassland,2.34,AUTH_REQUIRED,False,CDSE OAuth2 credentials not configured in environment.,1000m x 1000m,50x50,"SCL, B04, B08, B11, B12",,,,,,AUTH_REQUIRED,CDSE OAuth2 credentials not configured in environment.,,,,,,AUTH_REQUIRED,CDSE OAuth2 credentials not configured in environment.,,50x50,"SCL, B04, B08, B11, B12",,,,,50x50,"SCL, B04, B08, B11, B12",,,,,,,,,,,,,,,,,,,,,,,,,,,,,,,,,,,,,,,,,,,,,,,,,,INVALID_INPUT,Both pre_features and post_features are None.,,,,,,,,,,,,,,,,
FIRMS_TN_0126,13.06451,80.18615,2024-12-13,LOW,Built-up,0.59,AUTH_REQUIRED,False,CDSE OAuth2 credentials not configured in environment.,1000m x 1000m,50x50,"SCL, B04, B08, B11, B12",,,,,,AUTH_REQUIRED,CDSE OAuth2 credentials not configured in environment.,,,,,,AUTH_REQUIRED,CDSE OAuth2 credentials not configured in environment.,,50x50,"SCL, B04, B08, B11, B12",,,,,50x50,"SCL, B04, B08, B11, B12",,,,,,,,,,,,,,,,,,,,,,,,,,,,,,,,,,,,,,,,,,,,,,,,,,INVALID_INPUT,Both pre_features and post_features are None.,,,,,,,,,,,,,,,,
FIRMS_TN_0127,13.16292,80.28403,2024-12-13,MEDIUM,Tree cover,0.8,AUTH_REQUIRED,False,CDSE OAuth2 credentials not configured in environment.,1000m x 1000m,50x50,"SCL, B04, B08, B11, B12",,,,,,AUTH_REQUIRED,CDSE OAuth2 credentials not configured in environment.,,,,,,AUTH_REQUIRED,CDSE OAuth2 credentials not configured in environment.,,50x50,"SCL, B04, B08, B11, B12",,,,,50x50,"SCL, B04, B08, B11, B12",,,,,,,,,,,,,,,,,,,,,,,,,,,,,,,,,,,,,,,,,,,,,,,,,,INVALID_INPUT,Both pre_features and post_features are None.,,,,,,,,,,,,,,,,
FIRMS_TN_0128,13.16121,80.28536,2024-12-13,MEDIUM,Built-up,1.63,AUTH_REQUIRED,False,CDSE OAuth2 credentials not configured in environment.,1000m x 1000m,50x50,"SCL, B04, B08, B11, B12",,,,,,AUTH_REQUIRED,CDSE OAuth2 credentials not configured in environment.,,,,,,AUTH_REQUIRED,CDSE OAuth2 credentials not configured in environment.,,50x50,"SCL, B04, B08, B11, B12",,,,,50x50,"SCL, B04, B08, B11, B12",,,,,,,,,,,,,,,,,,,,,,,,,,,,,,,,,,,,,,,,,,,,,,,,,,INVALID_INPUT,Both pre_features and post_features are None.,,,,,,,,,,,,,,,,
FIRMS_TN_0129,13.39247,80.09898,2024-12-13,LOW,Cropland,0.25,AUTH_REQUIRED,False,CDSE OAuth2 credentials not configured in environment.,1000m x 1000m,50x50,"SCL, B04, B08, B11, B12",,,,,,AUTH_REQUIRED,CDSE OAuth2 credentials not configured in environment.,,,,,,AUTH_REQUIRED,CDSE OAuth2 credentials not configured in environment.,,50x50,"SCL, B04, B08, B11, B12",,,,,50x50,"SCL, B04, B08, B11, B12",,,,,,,,,,,,,,,,,,,,,,,,,,,,,,,,,,,,,,,,,,,,,,,,,,INVALID_INPUT,Both pre_features and post_features are None.,,,,,,,,,,,,,,,,
FIRMS_TN_0130,13.16315,80.27982,2024-12-14,MEDIUM,Built-up,1.31,AUTH_REQUIRED,False,CDSE OAuth2 credentials not configured in environment.,1000m x 1000m,50x50,"SCL, B04, B08, B11, B12",,,,,,AUTH_REQUIRED,CDSE OAuth2 credentials not configured in environment.,,,,,,AUTH_REQUIRED,CDSE OAuth2 credentials not configured in environment.,,50x50,"SCL, B04, B08, B11, B12",,,,,50x50,"SCL, B04, B08, B11, B12",,,,,,,,,,,,,,,,,,,,,,,,,,,,,,,,,,,,,,,,,,,,,,,,,,INVALID_INPUT,Both pre_features and post_features are None.,,,,,,,,,,,,,,,,
FIRMS_TN_0131,13.16219,80.28056,2024-12-14,MEDIUM,Built-up,0.92,AUTH_REQUIRED,False,CDSE OAuth2 credentials not configured in environment.,1000m x 1000m,50x50,"SCL, B04, B08, B11, B12",,,,,,AUTH_REQUIRED,CDSE OAuth2 credentials not configured in environment.,,,,,,AUTH_REQUIRED,CDSE OAuth2 credentials not configured in environment.,,50x50,"SCL, B04, B08, B11, B12",,,,,50x50,"SCL, B04, B08, B11, B12",,,,,,,,,,,,,,,,,,,,,,,,,,,,,,,,,,,,,,,,,,,,,,,,,,INVALID_INPUT,Both pre_features and post_features are None.,,,,,,,,,,,,,,,,
FIRMS_TN_0132,12.62623,77.90338,2024-12-14,LOW,Cropland,1.72,AUTH_REQUIRED,False,CDSE OAuth2 credentials not configured in environment.,1000m x 1000m,50x50,"SCL, B04, B08, B11, B12",,,,,,AUTH_REQUIRED,CDSE OAuth2 credentials not configured in environment.,,,,,,AUTH_REQUIRED,CDSE OAuth2 credentials not configured in environment.,,50x50,"SCL, B04, B08, B11, B12",,,,,50x50,"SCL, B04, B08, B11, B12",,,,,,,,,,,,,,,,,,,,,,,,,,,,,,,,,,,,,,,,,,,,,,,,,,INVALID_INPUT,Both pre_features and post_features are None.,,,,,,,,,,,,,,,,
FIRMS_TN_0133,11.20735,77.56242,2024-12-14,MEDIUM,Cropland,0.72,AUTH_REQUIRED,False,CDSE OAuth2 credentials not configured in environment.,1000m x 1000m,50x50,"SCL, B04, B08, B11, B12",,,,,,AUTH_REQUIRED,CDSE OAuth2 credentials not configured in environment.,,,,,,AUTH_REQUIRED,CDSE OAuth2 credentials not configured in environment.,,50x50,"SCL, B04, B08, B11, B12",,,,,50x50,"SCL, B04, B08, B11, B12",,,,,,,,,,,,,,,,,,,,,,,,,,,,,,,,,,,,,,,,,,,,,,,,,,INVALID_INPUT,Both pre_features and post_features are None.,,,,,,,,,,,,,,,,
FIRMS_TN_0134,11.80848,77.92314,2024-12-15,HIGH,Grassland,3.13,AUTH_REQUIRED,False,CDSE OAuth2 credentials not configured in environment.,1000m x 1000m,50x50,"SCL, B04, B08, B11, B12",,,,,,AUTH_REQUIRED,CDSE OAuth2 credentials not configured in environment.,,,,,,AUTH_REQUIRED,CDSE OAuth2 credentials not configured in environment.,,50x50,"SCL, B04, B08, B11, B12",,,,,50x50,"SCL, B04, B08, B11, B12",,,,,,,,,,,,,,,,,,,,,,,,,,,,,,,,,,,,,,,,,,,,,,,,,,INVALID_INPUT,Both pre_features and post_features are None.,,,,,,,,,,,,,,,,
FIRMS_TN_0135,11.20535,77.56535,2024-12-15,HIGH,Cropland,1.42,AUTH_REQUIRED,False,CDSE OAuth2 credentials not configured in environment.,1000m x 1000m,50x50,"SCL, B04, B08, B11, B12",,,,,,AUTH_REQUIRED,CDSE OAuth2 credentials not configured in environment.,,,,,,AUTH_REQUIRED,CDSE OAuth2 credentials not configured in environment.,,50x50,"SCL, B04, B08, B11, B12",,,,,50x50,"SCL, B04, B08, B11, B12",,,,,,,,,,,,,,,,,,,,,,,,,,,,,,,,,,,,,,,,,,,,,,,,,,INVALID_INPUT,Both pre_features and post_features are None.,,,,,,,,,,,,,,,,
FIRMS_TN_0136,11.18495,79.09976,2024-12-15,HIGH,Tree cover,1.19,AUTH_REQUIRED,False,CDSE OAuth2 credentials not configured in environment.,1000m x 1000m,50x50,"SCL, B04, B08, B11, B12",,,,,,AUTH_REQUIRED,CDSE OAuth2 credentials not configured in environment.,,,,,,AUTH_REQUIRED,CDSE OAuth2 credentials not configured in environment.,,50x50,"SCL, B04, B08, B11, B12",,,,,50x50,"SCL, B04, B08, B11, B12",,,,,,,,,,,,,,,,,,,,,,,,,,,,,,,,,,,,,,,,,,,,,,,,,,INVALID_INPUT,Both pre_features and post_features are None.,,,,,,,,,,,,,,,,
FIRMS_TN_0137,11.81657,77.91467,2024-12-15,HIGH,Built-up,1.45,AUTH_REQUIRED,False,CDSE OAuth2 credentials not configured in environment.,1000m x 1000m,50x50,"SCL, B04, B08, B11, B12",,,,,,AUTH_REQUIRED,CDSE OAuth2 credentials not configured in environment.,,,,,,AUTH_REQUIRED,CDSE OAuth2 credentials not configured in environment.,,50x50,"SCL, B04, B08, B11, B12",,,,,50x50,"SCL, B04, B08, B11, B12",,,,,,,,,,,,,,,,,,,,,,,,,,,,,,,,,,,,,,,,,,,,,,,,,,INVALID_INPUT,Both pre_features and post_features are None.,,,,,,,,,,,,,,,,
FIRMS_TN_0138,11.48131,77.4594,2024-12-16,HIGH,Cropland,8.59,AUTH_REQUIRED,False,CDSE OAuth2 credentials not configured in environment.,1000m x 1000m,50x50,"SCL, B04, B08, B11, B12",,,,,,AUTH_REQUIRED,CDSE OAuth2 credentials not configured in environment.,,,,,,AUTH_REQUIRED,CDSE OAuth2 credentials not configured in environment.,,50x50,"SCL, B04, B08, B11, B12",,,,,50x50,"SCL, B04, B08, B11, B12",,,,,,,,,,,,,,,,,,,,,,,,,,,,,,,,,,,,,,,,,,,,,,,,,,INVALID_INPUT,Both pre_features and post_features are None.,,,,,,,,,,,,,,,,
FIRMS_TN_0139,12.76216,77.78831,2024-12-16,LOW,Built-up,1.43,AUTH_REQUIRED,False,CDSE OAuth2 credentials not configured in environment.,1000m x 1000m,50x50,"SCL, B04, B08, B11, B12",,,,,,AUTH_REQUIRED,CDSE OAuth2 credentials not configured in environment.,,,,,,AUTH_REQUIRED,CDSE OAuth2 credentials not configured in environment.,,50x50,"SCL, B04, B08, B11, B12",,,,,50x50,"SCL, B04, B08, B11, B12",,,,,,,,,,,,,,,,,,,,,,,,,,,,,,,,,,,,,,,,,,,,,,,,,,INVALID_INPUT,Both pre_features and post_features are None.,,,,,,,,,,,,,,,,
FIRMS_TN_0140,12.76547,77.78778,2024-12-16,MEDIUM,Bare/sparse vegetation,4.32,AUTH_REQUIRED,False,CDSE OAuth2 credentials not configured in environment.,1000m x 1000m,50x50,"SCL, B04, B08, B11, B12",,,,,,AUTH_REQUIRED,CDSE OAuth2 credentials not configured in environment.,,,,,,AUTH_REQUIRED,CDSE OAuth2 credentials not configured in environment.,,50x50,"SCL, B04, B08, B11, B12",,,,,50x50,"SCL, B04, B08, B11, B12",,,,,,,,,,,,,,,,,,,,,,,,,,,,,,,,,,,,,,,,,,,,,,,,,,INVALID_INPUT,Both pre_features and post_features are None.,,,,,,,,,,,,,,,,
FIRMS_TN_0141,11.81888,77.91548,2024-12-16,HIGH,Tree cover,1.19,AUTH_REQUIRED,False,CDSE OAuth2 credentials not configured in environment.,1000m x 1000m,50x50,"SCL, B04, B08, B11, B12",,,,,,AUTH_REQUIRED,CDSE OAuth2 credentials not configured in environment.,,,,,,AUTH_REQUIRED,CDSE OAuth2 credentials not configured in environment.,,50x50,"SCL, B04, B08, B11, B12",,,,,50x50,"SCL, B04, B08, B11, B12",,,,,,,,,,,,,,,,,,,,,,,,,,,,,,,,,,,,,,,,,,,,,,,,,,INVALID_INPUT,Both pre_features and post_features are None.,,,,,,,,,,,,,,,,
FIRMS_TN_0142,11.20212,77.56716,2024-12-16,HIGH,Bare/sparse vegetation,1.93,AUTH_REQUIRED,False,CDSE OAuth2 credentials not configured in environment.,1000m x 1000m,50x50,"SCL, B04, B08, B11, B12",,,,,,AUTH_REQUIRED,CDSE OAuth2 credentials not configured in environment.,,,,,,AUTH_REQUIRED,CDSE OAuth2 credentials not configured in environment.,,50x50,"SCL, B04, B08, B11, B12",,,,,50x50,"SCL, B04, B08, B11, B12",,,,,,,,,,,,,,,,,,,,,,,,,,,,,,,,,,,,,,,,,,,,,,,,,,INVALID_INPUT,Both pre_features and post_features are None.,,,,,,,,,,,,,,,,
FIRMS_TN_0143,11.8174,77.91515,2024-12-17,HIGH,Built-up,0.97,AUTH_REQUIRED,False,CDSE OAuth2 credentials not configured in environment.,1000m x 1000m,50x50,"SCL, B04, B08, B11, B12",,,,,,AUTH_REQUIRED,CDSE OAuth2 credentials not configured in environment.,,,,,,AUTH_REQUIRED,CDSE OAuth2 credentials not configured in environment.,,50x50,"SCL, B04, B08, B11, B12",,,,,50x50,"SCL, B04, B08, B11, B12",,,,,,,,,,,,,,,,,,,,,,,,,,,,,,,,,,,,,,,,,,,,,,,,,,INVALID_INPUT,Both pre_features and post_features are None.,,,,,,,,,,,,,,,,
FIRMS_TN_0144,11.20251,77.56435,2024-12-17,MEDIUM,Cropland,0.41,AUTH_REQUIRED,False,CDSE OAuth2 credentials not configured in environment.,1000m x 1000m,50x50,"SCL, B04, B08, B11, B12",,,,,,AUTH_REQUIRED,CDSE OAuth2 credentials not configured in environment.,,,,,,AUTH_REQUIRED,CDSE OAuth2 credentials not configured in environment.,,50x50,"SCL, B04, B08, B11, B12",,,,,50x50,"SCL, B04, B08, B11, B12",,,,,,,,,,,,,,,,,,,,,,,,,,,,,,,,,,,,,,,,,,,,,,,,,,INVALID_INPUT,Both pre_features and post_features are None.,,,,,,,,,,,,,,,,
FIRMS_TN_0145,10.93045,77.06244,2024-12-17,LOW,Cropland,0.45,AUTH_REQUIRED,False,CDSE OAuth2 credentials not configured in environment.,1000m x 1000m,50x50,"SCL, B04, B08, B11, B12",,,,,,AUTH_REQUIRED,CDSE OAuth2 credentials not configured in environment.,,,,,,AUTH_REQUIRED,CDSE OAuth2 credentials not configured in environment.,,50x50,"SCL, B04, B08, B11, B12",,,,,50x50,"SCL, B04, B08, B11, B12",,,,,,,,,,,,,,,,,,,,,,,,,,,,,,,,,,,,,,,,,,,,,,,,,,INVALID_INPUT,Both pre_features and post_features are None.,,,,,,,,,,,,,,,,
FIRMS_TN_0146,10.92989,77.06603,2024-12-17,LOW,Grassland,0.49,AUTH_REQUIRED,False,CDSE OAuth2 credentials not configured in environment.,1000m x 1000m,50x50,"SCL, B04, B08, B11, B12",,,,,,AUTH_REQUIRED,CDSE OAuth2 credentials not configured in environment.,,,,,,AUTH_REQUIRED,CDSE OAuth2 credentials not configured in environment.,,50x50,"SCL, B04, B08, B11, B12",,,,,50x50,"SCL, B04, B08, B11, B12",,,,,,,,,,,,,,,,,,,,,,,,,,,,,,,,,,,,,,,,,,,,,,,,,,INVALID_INPUT,Both pre_features and post_features are None.,,,,,,,,,,,,,,,,
FIRMS_TN_0147,10.00933,78.04446,2024-12-18,MEDIUM,Tree cover,1.93,AUTH_REQUIRED,False,CDSE OAuth2 credentials not configured in environment.,1000m x 1000m,50x50,"SCL, B04, B08, B11, B12",,,,,,AUTH_REQUIRED,CDSE OAuth2 credentials not configured in environment.,,,,,,AUTH_REQUIRED,CDSE OAuth2 credentials not configured in environment.,,50x50,"SCL, B04, B08, B11, B12",,,,,50x50,"SCL, B04, B08, B11, B12",,,,,,,,,,,,,,,,,,,,,,,,,,,,,,,,,,,,,,,,,,,,,,,,,,INVALID_INPUT,Both pre_features and post_features are None.,,,,,,,,,,,,,,,,
FIRMS_TN_0148,12.64918,77.90309,2024-12-19,MEDIUM,Grassland,5.7,AUTH_REQUIRED,False,CDSE OAuth2 credentials not configured in environment.,1000m x 1000m,50x50,"SCL, B04, B08, B11, B12",,,,,,AUTH_REQUIRED,CDSE OAuth2 credentials not configured in environment.,,,,,,AUTH_REQUIRED,CDSE OAuth2 credentials not configured in environment.,,50x50,"SCL, B04, B08, B11, B12",,,,,50x50,"SCL, B04, B08, B11, B12",,,,,,,,,,,,,,,,,,,,,,,,,,,,,,,,,,,,,,,,,,,,,,,,,,INVALID_INPUT,Both pre_features and post_features are None.,,,,,,,,,,,,,,,,
FIRMS_TN_0149,12.64964,77.89924,2024-12-19,MEDIUM,Grassland,5.29,AUTH_REQUIRED,False,CDSE OAuth2 credentials not configured in environment.,1000m x 1000m,50x50,"SCL, B04, B08, B11, B12",,,,,,AUTH_REQUIRED,CDSE OAuth2 credentials not configured in environment.,,,,,,AUTH_REQUIRED,CDSE OAuth2 credentials not configured in environment.,,50x50,"SCL, B04, B08, B11, B12",,,,,50x50,"SCL, B04, B08, B11, B12",,,,,,,,,,,,,,,,,,,,,,,,,,,,,,,,,,,,,,,,,,,,,,,,,,INVALID_INPUT,Both pre_features and post_features are None.,,,,,,,,,,,,,,,,
FIRMS_TN_0150,11.44375,77.46748,2024-12-20,HIGH,Cropland,6.68,AUTH_REQUIRED,False,CDSE OAuth2 credentials not configured in environment.,1000m x 1000m,50x50,"SCL, B04, B08, B11, B12",,,,,,AUTH_REQUIRED,CDSE OAuth2 credentials not configured in environment.,,,,,,AUTH_REQUIRED,CDSE OAuth2 credentials not configured in environment.,,50x50,"SCL, B04, B08, B11, B12",,,,,50x50,"SCL, B04, B08, B11, B12",,,,,,,,,,,,,,,,,,,,,,,,,,,,,,,,,,,,,,,,,,,,,,,,,,INVALID_INPUT,Both pre_features and post_features are None.,,,,,,,,,,,,,,,,
FIRMS_TN_0151,11.44777,77.46694,2024-12-20,HIGH,Tree cover,9.86,AUTH_REQUIRED,False,CDSE OAuth2 credentials not configured in environment.,1000m x 1000m,50x50,"SCL, B04, B08, B11, B12",,,,,,AUTH_REQUIRED,CDSE OAuth2 credentials not configured in environment.,,,,,,AUTH_REQUIRED,CDSE OAuth2 credentials not configured in environment.,,50x50,"SCL, B04, B08, B11, B12",,,,,50x50,"SCL, B04, B08, B11, B12",,,,,,,,,,,,,,,,,,,,,,,,,,,,,,,,,,,,,,,,,,,,,,,,,,INVALID_INPUT,Both pre_features and post_features are None.,,,,,,,,,,,,,,,,
FIRMS_TN_0152,11.2123,77.60321,2024-12-20,MEDIUM,Cropland,1.68,AUTH_REQUIRED,False,CDSE OAuth2 credentials not configured in environment.,1000m x 1000m,50x50,"SCL, B04, B08, B11, B12",,,,,,AUTH_REQUIRED,CDSE OAuth2 credentials not configured in environment.,,,,,,AUTH_REQUIRED,CDSE OAuth2 credentials not configured in environment.,,50x50,"SCL, B04, B08, B11, B12",,,,,50x50,"SCL, B04, B08, B11, B12",,,,,,,,,,,,,,,,,,,,,,,,,,,,,,,,,,,,,,,,,,,,,,,,,,INVALID_INPUT,Both pre_features and post_features are None.,,,,,,,,,,,,,,,,
FIRMS_TN_0153,12.97122,79.91327,2024-12-20,LOW,Grassland,1.15,AUTH_REQUIRED,False,CDSE OAuth2 credentials not configured in environment.,1000m x 1000m,50x50,"SCL, B04, B08, B11, B12",,,,,,AUTH_REQUIRED,CDSE OAuth2 credentials not configured in environment.,,,,,,AUTH_REQUIRED,CDSE OAuth2 credentials not configured in environment.,,50x50,"SCL, B04, B08, B11, B12",,,,,50x50,"SCL, B04, B08, B11, B12",,,,,,,,,,,,,,,,,,,,,,,,,,,,,,,,,,,,,,,,,,,,,,,,,,INVALID_INPUT,Both pre_features and post_features are None.,,,,,,,,,,,,,,,,
FIRMS_TN_0154,11.52357,77.66821,2024-12-21,LOW,Cropland,1.34,AUTH_REQUIRED,False,CDSE OAuth2 credentials not configured in environment.,1000m x 1000m,50x50,"SCL, B04, B08, B11, B12",,,,,,AUTH_REQUIRED,CDSE OAuth2 credentials not configured in environment.,,,,,,AUTH_REQUIRED,CDSE OAuth2 credentials not configured in environment.,,50x50,"SCL, B04, B08, B11, B12",,,,,50x50,"SCL, B04, B08, B11, B12",,,,,,,,,,,,,,,,,,,,,,,,,,,,,,,,,,,,,,,,,,,,,,,,,,INVALID_INPUT,Both pre_features and post_features are None.,,,,,,,,,,,,,,,,
FIRMS_TN_0155,11.47827,77.61415,2024-12-21,MEDIUM,Cropland,1.9,AUTH_REQUIRED,False,CDSE OAuth2 credentials not configured in environment.,1000m x 1000m,50x50,"SCL, B04, B08, B11, B12",,,,,,AUTH_REQUIRED,CDSE OAuth2 credentials not configured in environment.,,,,,,AUTH_REQUIRED,CDSE OAuth2 credentials not configured in environment.,,50x50,"SCL, B04, B08, B11, B12",,,,,50x50,"SCL, B04, B08, B11, B12",,,,,,,,,,,,,,,,,,,,,,,,,,,,,,,,,,,,,,,,,,,,,,,,,,INVALID_INPUT,Both pre_features and post_features are None.,,,,,,,,,,,,,,,,
FIRMS_TN_0156,11.47069,77.67638,2024-12-21,MEDIUM,Tree cover,1.67,AUTH_REQUIRED,False,CDSE OAuth2 credentials not configured in environment.,1000m x 1000m,50x50,"SCL, B04, B08, B11, B12",,,,,,AUTH_REQUIRED,CDSE OAuth2 credentials not configured in environment.,,,,,,AUTH_REQUIRED,CDSE OAuth2 credentials not configured in environment.,,50x50,"SCL, B04, B08, B11, B12",,,,,50x50,"SCL, B04, B08, B11, B12",,,,,,,,,,,,,,,,,,,,,,,,,,,,,,,,,,,,,,,,,,,,,,,,,,INVALID_INPUT,Both pre_features and post_features are None.,,,,,,,,,,,,,,,,
FIRMS_TN_0157,11.10388,77.42687,2024-12-21,MEDIUM,Built-up,2.59,AUTH_REQUIRED,False,CDSE OAuth2 credentials not configured in environment.,1000m x 1000m,50x50,"SCL, B04, B08, B11, B12",,,,,,AUTH_REQUIRED,CDSE OAuth2 credentials not configured in environment.,,,,,,AUTH_REQUIRED,CDSE OAuth2 credentials not configured in environment.,,50x50,"SCL, B04, B08, B11, B12",,,,,50x50,"SCL, B04, B08, B11, B12",,,,,,,,,,,,,,,,,,,,,,,,,,,,,,,,,,,,,,,,,,,,,,,,,,INVALID_INPUT,Both pre_features and post_features are None.,,,,,,,,,,,,,,,,
FIRMS_TN_0158,10.74081,77.85687,2024-12-21,MEDIUM,Grassland,0.91,AUTH_REQUIRED,False,CDSE OAuth2 credentials not configured in environment.,1000m x 1000m,50x50,"SCL, B04, B08, B11, B12",,,,,,AUTH_REQUIRED,CDSE OAuth2 credentials not configured in environment.,,,,,,AUTH_REQUIRED,CDSE OAuth2 credentials not configured in environment.,,50x50,"SCL, B04, B08, B11, B12",,,,,50x50,"SCL, B04, B08, B11, B12",,,,,,,,,,,,,,,,,,,,,,,,,,,,,,,,,,,,,,,,,,,,,,,,,,INVALID_INPUT,Both pre_features and post_features are None.,,,,,,,,,,,,,,,,
FIRMS_TN_0159,9.91195,77.92106,2024-12-21,MEDIUM,Tree cover,2.18,AUTH_REQUIRED,False,CDSE OAuth2 credentials not configured in environment.,1000m x 1000m,50x50,"SCL, B04, B08, B11, B12",,,,,,AUTH_REQUIRED,CDSE OAuth2 credentials not configured in environment.,,,,,,AUTH_REQUIRED,CDSE OAuth2 credentials not configured in environment.,,50x50,"SCL, B04, B08, B11, B12",,,,,50x50,"SCL, B04, B08, B11, B12",,,,,,,,,,,,,,,,,,,,,,,,,,,,,,,,,,,,,,,,,,,,,,,,,,INVALID_INPUT,Both pre_features and post_features are None.,,,,,,,,,,,,,,,,
FIRMS_TN_0160,13.39486,80.10213,2024-12-21,MEDIUM,Shrubland,1.21,AUTH_REQUIRED,False,CDSE OAuth2 credentials not configured in environment.,1000m x 1000m,50x50,"SCL, B04, B08, B11, B12",,,,,,AUTH_REQUIRED,CDSE OAuth2 credentials not configured in environment.,,,,,,AUTH_REQUIRED,CDSE OAuth2 credentials not configured in environment.,,50x50,"SCL, B04, B08, B11, B12",,,,,50x50,"SCL, B04, B08, B11, B12",,,,,,,,,,,,,,,,,,,,,,,,,,,,,,,,,,,,,,,,,,,,,,,,,,INVALID_INPUT,Both pre_features and post_features are None.,,,,,,,,,,,,,,,,
FIRMS_TN_0161,8.57614,77.6655,2024-12-22,MEDIUM,Built-up,5.01,AUTH_REQUIRED,False,CDSE OAuth2 credentials not configured in environment.,1000m x 1000m,50x50,"SCL, B04, B08, B11, B12",,,,,,AUTH_REQUIRED,CDSE OAuth2 credentials not configured in environment.,,,,,,AUTH_REQUIRED,CDSE OAuth2 credentials not configured in environment.,,50x50,"SCL, B04, B08, B11, B12",,,,,50x50,"SCL, B04, B08, B11, B12",,,,,,,,,,,,,,,,,,,,,,,,,,,,,,,,,,,,,,,,,,,,,,,,,,INVALID_INPUT,Both pre_features and post_features are None.,,,,,,,,,,,,,,,,
FIRMS_TN_0162,8.84257,78.11455,2024-12-22,MEDIUM,Shrubland,2.62,AUTH_REQUIRED,False,CDSE OAuth2 credentials not configured in environment.,1000m x 1000m,50x50,"SCL, B04, B08, B11, B12",,,,,,AUTH_REQUIRED,CDSE OAuth2 credentials not configured in environment.,,,,,,AUTH_REQUIRED,CDSE OAuth2 credentials not configured in environment.,,50x50,"SCL, B04, B08, B11, B12",,,,,50x50,"SCL, B04, B08, B11, B12",,,,,,,,,,,,,,,,,,,,,,,,,,,,,,,,,,,,,,,,,,,,,,,,,,INVALID_INPUT,Both pre_features and post_features are None.,,,,,,,,,,,,,,,,
FIRMS_TN_0163,13.39196,80.10265,2024-12-22,MEDIUM,Grassland,0.85,AUTH_REQUIRED,False,CDSE OAuth2 credentials not configured in environment.,1000m x 1000m,50x50,"SCL, B04, B08, B11, B12",,,,,,AUTH_REQUIRED,CDSE OAuth2 credentials not configured in environment.,,,,,,AUTH_REQUIRED,CDSE OAuth2 credentials not configured in environment.,,50x50,"SCL, B04, B08, B11, B12",,,,,50x50,"SCL, B04, B08, B11, B12",,,,,,,,,,,,,,,,,,,,,,,,,,,,,,,,,,,,,,,,,,,,,,,,,,INVALID_INPUT,Both pre_features and post_features are None.,,,,,,,,,,,,,,,,
FIRMS_TN_0164,13.39257,80.10049,2024-12-22,MEDIUM,Shrubland,0.96,AUTH_REQUIRED,False,CDSE OAuth2 credentials not configured in environment.,1000m x 1000m,50x50,"SCL, B04, B08, B11, B12",,,,,,AUTH_REQUIRED,CDSE OAuth2 credentials not configured in environment.,,,,,,AUTH_REQUIRED,CDSE OAuth2 credentials not configured in environment.,,50x50,"SCL, B04, B08, B11, B12",,,,,50x50,"SCL, B04, B08, B11, B12",,,,,,,,,,,,,,,,,,,,,,,,,,,,,,,,,,,,,,,,,,,,,,,,,,INVALID_INPUT,Both pre_features and post_features are None.,,,,,,,,,,,,,,,,
FIRMS_TN_0165,13.39311,80.07539,2024-12-22,LOW,Built-up,0.47,AUTH_REQUIRED,False,CDSE OAuth2 credentials not configured in environment.,1000m x 1000m,50x50,"SCL, B04, B08, B11, B12",,,,,,AUTH_REQUIRED,CDSE OAuth2 credentials not configured in environment.,,,,,,AUTH_REQUIRED,CDSE OAuth2 credentials not configured in environment.,,50x50,"SCL, B04, B08, B11, B12",,,,,50x50,"SCL, B04, B08, B11, B12",,,,,,,,,,,,,,,,,,,,,,,,,,,,,,,,,,,,,,,,,,,,,,,,,,INVALID_INPUT,Both pre_features and post_features are None.,,,,,,,,,,,,,,,,
FIRMS_TN_0166,11.8156,77.91853,2024-12-22,HIGH,Built-up,1.64,AUTH_REQUIRED,False,CDSE OAuth2 credentials not configured in environment.,1000m x 1000m,50x50,"SCL, B04, B08, B11, B12",,,,,,AUTH_REQUIRED,CDSE OAuth2 credentials not configured in environment.,,,,,,AUTH_REQUIRED,CDSE OAuth2 credentials not configured in environment.,,50x50,"SCL, B04, B08, B11, B12",,,,,50x50,"SCL, B04, B08, B11, B12",,,,,,,,,,,,,,,,,,,,,,,,,,,,,,,,,,,,,,,,,,,,,,,,,,INVALID_INPUT,Both pre_features and post_features are None.,,,,,,,,,,,,,,,,
FIRMS_TN_0167,11.81169,77.92155,2024-12-22,HIGH,Tree cover,2.08,AUTH_REQUIRED,False,CDSE OAuth2 credentials not configured in environment.,1000m x 1000m,50x50,"SCL, B04, B08, B11, B12",,,,,,AUTH_REQUIRED,CDSE OAuth2 credentials not configured in environment.,,,,,,AUTH_REQUIRED,CDSE OAuth2 credentials not configured in environment.,,50x50,"SCL, B04, B08, B11, B12",,,,,50x50,"SCL, B04, B08, B11, B12",,,,,,,,,,,,,,,,,,,,,,,,,,,,,,,,,,,,,,,,,,,,,,,,,,INVALID_INPUT,Both pre_features and post_features are None.,,,,,,,,,,,,,,,,
FIRMS_TN_0168,12.05193,79.74717,2024-12-23,MEDIUM,Tree cover,3.25,AUTH_REQUIRED,False,CDSE OAuth2 credentials not configured in environment.,1000m x 1000m,50x50,"SCL, B04, B08, B11, B12",,,,,,AUTH_REQUIRED,CDSE OAuth2 credentials not configured in environment.,,,,,,AUTH_REQUIRED,CDSE OAuth2 credentials not configured in environment.,,50x50,"SCL, B04, B08, B11, B12",,,,,50x50,"SCL, B04, B08, B11, B12",,,,,,,,,,,,,,,,,,,,,,,,,,,,,,,,,,,,,,,,,,,,,,,,,,INVALID_INPUT,Both pre_features and post_features are None.,,,,,,,,,,,,,,,,
FIRMS_TN_0169,11.57135,79.6544,2024-12-23,MEDIUM,Cropland,7.97,AUTH_REQUIRED,False,CDSE OAuth2 credentials not configured in environment.,1000m x 1000m,50x50,"SCL, B04, B08, B11, B12",,,,,,AUTH_REQUIRED,CDSE OAuth2 credentials not configured in environment.,,,,,,AUTH_REQUIRED,CDSE OAuth2 credentials not configured in environment.,,50x50,"SCL, B04, B08, B11, B12",,,,,50x50,"SCL, B04, B08, B11, B12",,,,,,,,,,,,,,,,,,,,,,,,,,,,,,,,,,,,,,,,,,,,,,,,,,INVALID_INPUT,Both pre_features and post_features are None.,,,,,,,,,,,,,,,,
FIRMS_TN_0170,10.92947,77.06361,2024-12-23,LOW,Grassland,0.87,AUTH_REQUIRED,False,CDSE OAuth2 credentials not configured in environment.,1000m x 1000m,50x50,"SCL, B04, B08, B11, B12",,,,,,AUTH_REQUIRED,CDSE OAuth2 credentials not configured in environment.,,,,,,AUTH_REQUIRED,CDSE OAuth2 credentials not configured in environment.,,50x50,"SCL, B04, B08, B11, B12",,,,,50x50,"SCL, B04, B08, B11, B12",,,,,,,,,,,,,,,,,,,,,,,,,,,,,,,,,,,,,,,,,,,,,,,,,,INVALID_INPUT,Both pre_features and post_features are None.,,,,,,,,,,,,,,,,
FIRMS_TN_0171,11.8166,77.91568,2024-12-23,HIGH,Built-up,2.52,AUTH_REQUIRED,False,CDSE OAuth2 credentials not configured in environment.,1000m x 1000m,50x50,"SCL, B04, B08, B11, B12",,,,,,AUTH_REQUIRED,CDSE OAuth2 credentials not configured in environment.,,,,,,AUTH_REQUIRED,CDSE OAuth2 credentials not configured in environment.,,50x50,"SCL, B04, B08, B11, B12",,,,,50x50,"SCL, B04, B08, B11, B12",,,,,,,,,,,,,,,,,,,,,,,,,,,,,,,,,,,,,,,,,,,,,,,,,,INVALID_INPUT,Both pre_features and post_features are None.,,,,,,,,,,,,,,,,
FIRMS_TN_0172,13.16163,80.28162,2024-12-24,MEDIUM,Built-up,1.34,AUTH_REQUIRED,False,CDSE OAuth2 credentials not configured in environment.,1000m x 1000m,50x50,"SCL, B04, B08, B11, B12",,,,,,AUTH_REQUIRED,CDSE OAuth2 credentials not configured in environment.,,,,,,AUTH_REQUIRED,CDSE OAuth2 credentials not configured in environment.,,50x50,"SCL, B04, B08, B11, B12",,,,,50x50,"SCL, B04, B08, B11, B12",,,,,,,,,,,,,,,,,,,,,,,,,,,,,,,,,,,,,,,,,,,,,,,,,,INVALID_INPUT,Both pre_features and post_features are None.,,,,,,,,,,,,,,,,
FIRMS_TN_0173,13.06699,80.18574,2024-12-24,LOW,Built-up,0.39,AUTH_REQUIRED,False,CDSE OAuth2 credentials not configured in environment.,1000m x 1000m,50x50,"SCL, B04, B08, B11, B12",,,,,,AUTH_REQUIRED,CDSE OAuth2 credentials not configured in environment.,,,,,,AUTH_REQUIRED,CDSE OAuth2 credentials not configured in environment.,,50x50,"SCL, B04, B08, B11, B12",,,,,50x50,"SCL, B04, B08, B11, B12",,,,,,,,,,,,,,,,,,,,,,,,,,,,,,,,,,,,,,,,,,,,,,,,,,INVALID_INPUT,Both pre_features and post_features are None.,,,,,,,,,,,,,,,,
FIRMS_TN_0174,12.6561,77.75505,2024-12-24,LOW,Cropland,0.42,AUTH_REQUIRED,False,CDSE OAuth2 credentials not configured in environment.,1000m x 1000m,50x50,"SCL, B04, B08, B11, B12",,,,,,AUTH_REQUIRED,CDSE OAuth2 credentials not configured in environment.,,,,,,AUTH_REQUIRED,CDSE OAuth2 credentials not configured in environment.,,50x50,"SCL, B04, B08, B11, B12",,,,,50x50,"SCL, B04, B08, B11, B12",,,,,,,,,,,,,,,,,,,,,,,,,,,,,,,,,,,,,,,,,,,,,,,,,,INVALID_INPUT,Both pre_features and post_features are None.,,,,,,,,,,,,,,,,
FIRMS_TN_0175,9.8559,77.33848,2024-12-25,MEDIUM,Grassland,3.09,AUTH_REQUIRED,False,CDSE OAuth2 credentials not configured in environment.,1000m x 1000m,50x50,"SCL, B04, B08, B11, B12",,,,,,AUTH_REQUIRED,CDSE OAuth2 credentials not configured in environment.,,,,,,AUTH_REQUIRED,CDSE OAuth2 credentials not configured in environment.,,50x50,"SCL, B04, B08, B11, B12",,,,,50x50,"SCL, B04, B08, B11, B12",,,,,,,,,,,,,,,,,,,,,,,,,,,,,,,,,,,,,,,,,,,,,,,,,,INVALID_INPUT,Both pre_features and post_features are None.,,,,,,,,,,,,,,,,
FIRMS_TN_0176,10.76445,78.79064,2024-12-27,HIGH,Tree cover,4.52,AUTH_REQUIRED,False,CDSE OAuth2 credentials not configured in environment.,1000m x 1000m,50x50,"SCL, B04, B08, B11, B12",,,,,,AUTH_REQUIRED,CDSE OAuth2 credentials not configured in environment.,,,,,,AUTH_REQUIRED,CDSE OAuth2 credentials not configured in environment.,,50x50,"SCL, B04, B08, B11, B12",,,,,50x50,"SCL, B04, B08, B11, B12",,,,,,,,,,,,,,,,,,,,,,,,,,,,,,,,,,,,,,,,,,,,,,,,,,INVALID_INPUT,Both pre_features and post_features are None.,,,,,,,,,,,,,,,,
FIRMS_TN_0177,10.64623,79.0605,2024-12-27,MEDIUM,Shrubland,9.95,AUTH_REQUIRED,False,CDSE OAuth2 credentials not configured in environment.,1000m x 1000m,50x50,"SCL, B04, B08, B11, B12",,,,,,AUTH_REQUIRED,CDSE OAuth2 credentials not configured in environment.,,,,,,AUTH_REQUIRED,CDSE OAuth2 credentials not configured in environment.,,50x50,"SCL, B04, B08, B11, B12",,,,,50x50,"SCL, B04, B08, B11, B12",,,,,,,,,,,,,,,,,,,,,,,,,,,,,,,,,,,,,,,,,,,,,,,,,,INVALID_INPUT,Both pre_features and post_features are None.,,,,,,,,,,,,,,,,
FIRMS_TN_0178,13.08411,79.97797,2024-12-27,MEDIUM,Shrubland,0.94,AUTH_REQUIRED,False,CDSE OAuth2 credentials not configured in environment.,1000m x 1000m,50x50,"SCL, B04, B08, B11, B12",,,,,,AUTH_REQUIRED,CDSE OAuth2 credentials not configured in environment.,,,,,,AUTH_REQUIRED,CDSE OAuth2 credentials not configured in environment.,,50x50,"SCL, B04, B08, B11, B12",,,,,50x50,"SCL, B04, B08, B11, B12",,,,,,,,,,,,,,,,,,,,,,,,,,,,,,,,,,,,,,,,,,,,,,,,,,INVALID_INPUT,Both pre_features and post_features are None.,,,,,,,,,,,,,,,,
FIRMS_TN_0179,13.39336,80.10159,2024-12-27,MEDIUM,Grassland,1.53,AUTH_REQUIRED,False,CDSE OAuth2 credentials not configured in environment.,1000m x 1000m,50x50,"SCL, B04, B08, B11, B12",,,,,,AUTH_REQUIRED,CDSE OAuth2 credentials not configured in environment.,,,,,,AUTH_REQUIRED,CDSE OAuth2 credentials not configured in environment.,,50x50,"SCL, B04, B08, B11, B12",,,,,50x50,"SCL, B04, B08, B11, B12",,,,,,,,,,,,,,,,,,,,,,,,,,,,,,,,,,,,,,,,,,,,,,,,,,INVALID_INPUT,Both pre_features and post_features are None.,,,,,,,,,,,,,,,,
FIRMS_TN_0180,11.81603,77.91521,2024-12-27,HIGH,Tree cover,0.95,AUTH_REQUIRED,False,CDSE OAuth2 credentials not configured in environment.,1000m x 1000m,50x50,"SCL, B04, B08, B11, B12",,,,,,AUTH_REQUIRED,CDSE OAuth2 credentials not configured in environment.,,,,,,AUTH_REQUIRED,CDSE OAuth2 credentials not configured in environment.,,50x50,"SCL, B04, B08, B11, B12",,,,,50x50,"SCL, B04, B08, B11, B12",,,,,,,,,,,,,,,,,,,,,,,,,,,,,,,,,,,,,,,,,,,,,,,,,,INVALID_INPUT,Both pre_features and post_features are None.,,,,,,,,,,,,,,,,
FIRMS_TN_0181,11.8112,77.9226,2024-12-27,HIGH,Tree cover,1.36,AUTH_REQUIRED,False,CDSE OAuth2 credentials not configured in environment.,1000m x 1000m,50x50,"SCL, B04, B08, B11, B12",,,,,,AUTH_REQUIRED,CDSE OAuth2 credentials not configured in environment.,,,,,,AUTH_REQUIRED,CDSE OAuth2 credentials not configured in environment.,,50x50,"SCL, B04, B08, B11, B12",,,,,50x50,"SCL, B04, B08, B11, B12",,,,,,,,,,,,,,,,,,,,,,,,,,,,,,,,,,,,,,,,,,,,,,,,,,INVALID_INPUT,Both pre_features and post_features are None.,,,,,,,,,,,,,,,,
FIRMS_TN_0182,8.65828,78.11434,2024-12-28,MEDIUM,Permanent water bodies,6.71,AUTH_REQUIRED,False,CDSE OAuth2 credentials not configured in environment.,1000m x 1000m,50x50,"SCL, B04, B08, B11, B12",,,,,,AUTH_REQUIRED,CDSE OAuth2 credentials not configured in environment.,,,,,,AUTH_REQUIRED,CDSE OAuth2 credentials not configured in environment.,,50x50,"SCL, B04, B08, B11, B12",,,,,50x50,"SCL, B04, B08, B11, B12",,,,,,,,,,,,,,,,,,,,,,,,,,,,,,,,,,,,,,,,,,,,,,,,,,INVALID_INPUT,Both pre_features and post_features are None.,,,,,,,,,,,,,,,,
FIRMS_TN_0183,12.99904,79.90917,2024-12-28,LOW,Grassland,1.42,AUTH_REQUIRED,False,CDSE OAuth2 credentials not configured in environment.,1000m x 1000m,50x50,"SCL, B04, B08, B11, B12",,,,,,AUTH_REQUIRED,CDSE OAuth2 credentials not configured in environment.,,,,,,AUTH_REQUIRED,CDSE OAuth2 credentials not configured in environment.,,50x50,"SCL, B04, B08, B11, B12",,,,,50x50,"SCL, B04, B08, B11, B12",,,,,,,,,,,,,,,,,,,,,,,,,,,,,,,,,,,,,,,,,,,,,,,,,,INVALID_INPUT,Both pre_features and post_features are None.,,,,,,,,,,,,,,,,
FIRMS_TN_0184,11.80998,77.9227,2024-12-28,HIGH,Built-up,1.43,AUTH_REQUIRED,False,CDSE OAuth2 credentials not configured in environment.,1000m x 1000m,50x50,"SCL, B04, B08, B11, B12",,,,,,AUTH_REQUIRED,CDSE OAuth2 credentials not configured in environment.,,,,,,AUTH_REQUIRED,CDSE OAuth2 credentials not configured in environment.,,50x50,"SCL, B04, B08, B11, B12",,,,,50x50,"SCL, B04, B08, B11, B12",,,,,,,,,,,,,,,,,,,,,,,,,,,,,,,,,,,,,,,,,,,,,,,,,,INVALID_INPUT,Both pre_features and post_features are None.,,,,,,,,,,,,,,,,
FIRMS_TN_0185,11.36158,79.23222,2024-12-28,MEDIUM,Built-up,0.55,AUTH_REQUIRED,False,CDSE OAuth2 credentials not configured in environment.,1000m x 1000m,50x50,"SCL, B04, B08, B11, B12",,,,,,AUTH_REQUIRED,CDSE OAuth2 credentials not configured in environment.,,,,,,AUTH_REQUIRED,CDSE OAuth2 credentials not configured in environment.,,50x50,"SCL, B04, B08, B11, B12",,,,,50x50,"SCL, B04, B08, B11, B12",,,,,,,,,,,,,,,,,,,,,,,,,,,,,,,,,,,,,,,,,,,,,,,,,,INVALID_INPUT,Both pre_features and post_features are None.,,,,,,,,,,,,,,,,
FIRMS_TN_0186,13.19071,80.22569,2024-12-28,LOW,Cropland,1.75,AUTH_REQUIRED,False,CDSE OAuth2 credentials not configured in environment.,1000m x 1000m,50x50,"SCL, B04, B08, B11, B12",,,,,,AUTH_REQUIRED,CDSE OAuth2 credentials not configured in environment.,,,,,,AUTH_REQUIRED,CDSE OAuth2 credentials not configured in environment.,,50x50,"SCL, B04, B08, B11, B12",,,,,50x50,"SCL, B04, B08, B11, B12",,,,,,,,,,,,,,,,,,,,,,,,,,,,,,,,,,,,,,,,,,,,,,,,,,INVALID_INPUT,Both pre_features and post_features are None.,,,,,,,,,,,,,,,,
FIRMS_TN_0187,11.818,77.91617,2024-12-28,HIGH,Tree cover,1.51,AUTH_REQUIRED,False,CDSE OAuth2 credentials not configured in environment.,1000m x 1000m,50x50,"SCL, B04, B08, B11, B12",,,,,,AUTH_REQUIRED,CDSE OAuth2 credentials not configured in environment.,,,,,,AUTH_REQUIRED,CDSE OAuth2 credentials not configured in environment.,,50x50,"SCL, B04, B08, B11, B12",,,,,50x50,"SCL, B04, B08, B11, B12",,,,,,,,,,,,,,,,,,,,,,,,,,,,,,,,,,,,,,,,,,,,,,,,,,INVALID_INPUT,Both pre_features and post_features are None.,,,,,,,,,,,,,,,,
FIRMS_TN_0188,13.39401,80.10009,2024-12-28,MEDIUM,Grassland,1.64,AUTH_REQUIRED,False,CDSE OAuth2 credentials not configured in environment.,1000m x 1000m,50x50,"SCL, B04, B08, B11, B12",,,,,,AUTH_REQUIRED,CDSE OAuth2 credentials not configured in environment.,,,,,,AUTH_REQUIRED,CDSE OAuth2 credentials not configured in environment.,,50x50,"SCL, B04, B08, B11, B12",,,,,50x50,"SCL, B04, B08, B11, B12",,,,,,,,,,,,,,,,,,,,,,,,,,,,,,,,,,,,,,,,,,,,,,,,,,INVALID_INPUT,Both pre_features and post_features are None.,,,,,,,,,,,,,,,,
FIRMS_TN_0189,13.16097,80.28578,2024-12-28,MEDIUM,Built-up,2.17,AUTH_REQUIRED,False,CDSE OAuth2 credentials not configured in environment.,1000m x 1000m,50x50,"SCL, B04, B08, B11, B12",,,,,,AUTH_REQUIRED,CDSE OAuth2 credentials not configured in environment.,,,,,,AUTH_REQUIRED,CDSE OAuth2 credentials not configured in environment.,,50x50,"SCL, B04, B08, B11, B12",,,,,50x50,"SCL, B04, B08, B11, B12",,,,,,,,,,,,,,,,,,,,,,,,,,,,,,,,,,,,,,,,,,,,,,,,,,INVALID_INPUT,Both pre_features and post_features are None.,,,,,,,,,,,,,,,,
FIRMS_TN_0190,13.06441,80.18712,2024-12-28,LOW,Tree cover,0.56,AUTH_REQUIRED,False,CDSE OAuth2 credentials not configured in environment.,1000m x 1000m,50x50,"SCL, B04, B08, B11, B12",,,,,,AUTH_REQUIRED,CDSE OAuth2 credentials not configured in environment.,,,,,,AUTH_REQUIRED,CDSE OAuth2 credentials not configured in environment.,,50x50,"SCL, B04, B08, B11, B12",,,,,50x50,"SCL, B04, B08, B11, B12",,,,,,,,,,,,,,,,,,,,,,,,,,,,,,,,,,,,,,,,,,,,,,,,,,INVALID_INPUT,Both pre_features and post_features are None.,,,,,,,,,,,,,,,,
FIRMS_TN_0191,11.10632,79.16979,2024-12-28,MEDIUM,Built-up,0.4,AUTH_REQUIRED,False,CDSE OAuth2 credentials not configured in environment.,1000m x 1000m,50x50,"SCL, B04, B08, B11, B12",,,,,,AUTH_REQUIRED,CDSE OAuth2 credentials not configured in environment.,,,,,,AUTH_REQUIRED,CDSE OAuth2 credentials not configured in environment.,,50x50,"SCL, B04, B08, B11, B12",,,,,50x50,"SCL, B04, B08, B11, B12",,,,,,,,,,,,,,,,,,,,,,,,,,,,,,,,,,,,,,,,,,,,,,,,,,INVALID_INPUT,Both pre_features and post_features are None.,,,,,,,,,,,,,,,,
FIRMS_TN_0192,11.18189,79.09865,2024-12-28,MEDIUM,Built-up,0.8,AUTH_REQUIRED,False,CDSE OAuth2 credentials not configured in environment.,1000m x 1000m,50x50,"SCL, B04, B08, B11, B12",,,,,,AUTH_REQUIRED,CDSE OAuth2 credentials not configured in environment.,,,,,,AUTH_REQUIRED,CDSE OAuth2 credentials not configured in environment.,,50x50,"SCL, B04, B08, B11, B12",,,,,50x50,"SCL, B04, B08, B11, B12",,,,,,,,,,,,,,,,,,,,,,,,,,,,,,,,,,,,,,,,,,,,,,,,,,INVALID_INPUT,Both pre_features and post_features are None.,,,,,,,,,,,,,,,,
FIRMS_TN_0193,13.42006,80.09048,2024-12-29,LOW,Grassland,1.07,AUTH_REQUIRED,False,CDSE OAuth2 credentials not configured in environment.,1000m x 1000m,50x50,"SCL, B04, B08, B11, B12",,,,,,AUTH_REQUIRED,CDSE OAuth2 credentials not configured in environment.,,,,,,AUTH_REQUIRED,CDSE OAuth2 credentials not configured in environment.,,50x50,"SCL, B04, B08, B11, B12",,,,,50x50,"SCL, B04, B08, B11, B12",,,,,,,,,,,,,,,,,,,,,,,,,,,,,,,,,,,,,,,,,,,,,,,,,,INVALID_INPUT,Both pre_features and post_features are None.,,,,,,,,,,,,,,,,
FIRMS_TN_0194,13.00249,79.90515,2024-12-30,LOW,Shrubland,0.83,AUTH_REQUIRED,False,CDSE OAuth2 credentials not configured in environment.,1000m x 1000m,50x50,"SCL, B04, B08, B11, B12",,,,,,AUTH_REQUIRED,CDSE OAuth2 credentials not configured in environment.,,,,,,AUTH_REQUIRED,CDSE OAuth2 credentials not configured in environment.,,50x50,"SCL, B04, B08, B11, B12",,,,,50x50,"SCL, B04, B08, B11, B12",,,,,,,,,,,,,,,,,,,,,,,,,,,,,,,,,,,,,,,,,,,,,,,,,,INVALID_INPUT,Both pre_features and post_features are None.,,,,,,,,,,,,,,,,
FIRMS_TN_0195,11.4404,77.99475,2024-12-31,MEDIUM,Cropland,3.43,AUTH_REQUIRED,False,CDSE OAuth2 credentials not configured in environment.,1000m x 1000m,50x50,"SCL, B04, B08, B11, B12",,,,,,AUTH_REQUIRED,CDSE OAuth2 credentials not configured in environment.,,,,,,AUTH_REQUIRED,CDSE OAuth2 credentials not configured in environment.,,50x50,"SCL, B04, B08, B11, B12",,,,,50x50,"SCL, B04, B08, B11, B12",,,,,,,,,,,,,,,,,,,,,,,,,,,,,,,,,,,,,,,,,,,,,,,,,,INVALID_INPUT,Both pre_features and post_features are None.,,,,,,,,,,,,,,,,
FIRMS_TN_0196,11.68432,79.29988,2024-12-31,MEDIUM,Tree cover,2.41,AUTH_REQUIRED,False,CDSE OAuth2 credentials not configured in environment.,1000m x 1000m,50x50,"SCL, B04, B08, B11, B12",,,,,,AUTH_REQUIRED,CDSE OAuth2 credentials not configured in environment.,,,,,,AUTH_REQUIRED,CDSE OAuth2 credentials not configured in environment.,,50x50,"SCL, B04, B08, B11, B12",,,,,50x50,"SCL, B04, B08, B11, B12",,,,,,,,,,,,,,,,,,,,,,,,,,,,,,,,,,,,,,,,,,,,,,,,,,INVALID_INPUT,Both pre_features and post_features are None.,,,,,,,,,,,,,,,,
FIRMS_TN_0197,12.26136,77.4773,2024-12-31,MEDIUM,Tree cover,10.24,AUTH_REQUIRED,False,CDSE OAuth2 credentials not configured in environment.,1000m x 1000m,50x50,"SCL, B04, B08, B11, B12",,,,,,AUTH_REQUIRED,CDSE OAuth2 credentials not configured in environment.,,,,,,AUTH_REQUIRED,CDSE OAuth2 credentials not configured in environment.,,50x50,"SCL, B04, B08, B11, B12",,,,,50x50,"SCL, B04, B08, B11, B12",,,,,,,,,,,,,,,,,,,,,,,,,,,,,,,,,,,,,,,,,,,,,,,,,,INVALID_INPUT,Both pre_features and post_features are None.,,,,,,,,,,,,,,,,
FIRMS_TN_0198,12.24911,77.47062,2024-12-31,LOW,Shrubland,3.31,AUTH_REQUIRED,False,CDSE OAuth2 credentials not configured in environment.,1000m x 1000m,50x50,"SCL, B04, B08, B11, B12",,,,,,AUTH_REQUIRED,CDSE OAuth2 credentials not configured in environment.,,,,,,AUTH_REQUIRED,CDSE OAuth2 credentials not configured in environment.,,50x50,"SCL, B04, B08, B11, B12",,,,,50x50,"SCL, B04, B08, B11, B12",,,,,,,,,,,,,,,,,,,,,,,,,,,,,,,,,,,,,,,,,,,,,,,,,,INVALID_INPUT,Both pre_features and post_features are None.,,,,,,,,,,,,,,,,
FIRMS_TN_0199,13.15986,80.28521,2024-12-31,MEDIUM,Built-up,1.12,AUTH_REQUIRED,False,CDSE OAuth2 credentials not configured in environment.,1000m x 1000m,50x50,"SCL, B04, B08, B11, B12",,,,,,AUTH_REQUIRED,CDSE OAuth2 credentials not configured in environment.,,,,,,AUTH_REQUIRED,CDSE OAuth2 credentials not configured in environment.,,50x50,"SCL, B04, B08, B11, B12",,,,,50x50,"SCL, B04, B08, B11, B12",,,,,,,,,,,,,,,,,,,,,,,,,,,,,,,,,,,,,,,,,,,,,,,,,,INVALID_INPUT,Both pre_features and post_features are None.,,,,,,,,,,,,,,,,
FIRMS_TN_0200,11.78081,77.7215,2024-12-31,MEDIUM,Cropland,0.76,AUTH_REQUIRED,False,CDSE OAuth2 credentials not configured in environment.,1000m x 1000m,50x50,"SCL, B04, B08, B11, B12",,,,,,AUTH_REQUIRED,CDSE OAuth2 credentials not configured in environment.,,,,,,AUTH_REQUIRED,CDSE OAuth2 credentials not configured in environment.,,50x50,"SCL, B04, B08, B11, B12",,,,,50x50,"SCL, B04, B08, B11, B12",,,,,,,,,,,,,,,,,,,,,,,,,,,,,,,,,,,,,,,,,,,,,,,,,,INVALID_INPUT,Both pre_features and post_features are None.,,,,,,,,,,,,,,,,
FIRMS_TN_0201,11.77863,77.72128,2024-12-31,MEDIUM,Cropland,0.68,AUTH_REQUIRED,False,CDSE OAuth2 credentials not configured in environment.,1000m x 1000m,50x50,"SCL, B04, B08, B11, B12",,,,,,AUTH_REQUIRED,CDSE OAuth2 credentials not configured in environment.,,,,,,AUTH_REQUIRED,CDSE OAuth2 credentials not configured in environment.,,50x50,"SCL, B04, B08, B11, B12",,,,,50x50,"SCL, B04, B08, B11, B12",,,,,,,,,,,,,,,,,,,,,,,,,,,,,,,,,,,,,,,,,,,,,,,,,,INVALID_INPUT,Both pre_features and post_features are None.,,,,,,,,,,,,,,,,
FIRMS_TN_0202,11.184,79.09882,2024-12-31,MEDIUM,Built-up,0.44,AUTH_REQUIRED,False,CDSE OAuth2 credentials not configured in environment.,1000m x 1000m,50x50,"SCL, B04, B08, B11, B12",,,,,,AUTH_REQUIRED,CDSE OAuth2 credentials not configured in environment.,,,,,,AUTH_REQUIRED,CDSE OAuth2 credentials not configured in environment.,,50x50,"SCL, B04, B08, B11, B12",,,,,50x50,"SCL, B04, B08, B11, B12",,,,,,,,,,,,,,,,,,,,,,,,,,,,,,,,,,,,,,,,,,,,,,,,,,INVALID_INPUT,Both pre_features and post_features are None.,,,,,,,,,,,,,,,,
FIRMS_TN_0203,10.9299,77.06393,2024-12-31,LOW,Cropland,0.51,AUTH_REQUIRED,False,CDSE OAuth2 credentials not configured in environment.,1000m x 1000m,50x50,"SCL, B04, B08, B11, B12",,,,,,AUTH_REQUIRED,CDSE OAuth2 credentials not configured in environment.,,,,,,AUTH_REQUIRED,CDSE OAuth2 credentials not configured in environment.,,50x50,"SCL, B04, B08, B11, B12",,,,,50x50,"SCL, B04, B08, B11, B12",,,,,,,,,,,,,,,,,,,,,,,,,,,,,,,,,,,,,,,,,,,,,,,,,,INVALID_INPUT,Both pre_features and post_features are None.,,,,,,,,,,,,,,,,
FIRMS_TN_0204,10.93015,77.06202,2024-12-31,LOW,Cropland,0.41,AUTH_REQUIRED,False,CDSE OAuth2 credentials not configured in environment.,1000m x 1000m,50x50,"SCL, B04, B08, B11, B12",,,,,,AUTH_REQUIRED,CDSE OAuth2 credentials not configured in environment.,,,,,,AUTH_REQUIRED,CDSE OAuth2 credentials not configured in environment.,,50x50,"SCL, B04, B08, B11, B12",,,,,50x50,"SCL, B04, B08, B11, B12",,,,,,,,,,,,,,,,,,,,,,,,,,,,,,,,,,,,,,,,,,,,,,,,,,INVALID_INPUT,Both pre_features and post_features are None.,,,,,,,,,,,,,,,,
FIRMS_TN_0205,8.98492,77.60124,2025-01-01,MEDIUM,Grassland,8.35,AUTH_REQUIRED,False,CDSE OAuth2 credentials not configured in environment.,1000m x 1000m,50x50,"SCL, B04, B08, B11, B12",,,,,,AUTH_REQUIRED,CDSE OAuth2 credentials not configured in environment.,,,,,,AUTH_REQUIRED,CDSE OAuth2 credentials not configured in environment.,,50x50,"SCL, B04, B08, B11, B12",,,,,50x50,"SCL, B04, B08, B11, B12",,,,,,,,,,,,,,,,,,,,,,,,,,,,,,,,,,,,,,,,,,,,,,,,,,INVALID_INPUT,Both pre_features and post_features are None.,,,,,,,,,,,,,,,,
FIRMS_TN_0206,9.00014,77.61005,2025-01-01,MEDIUM,Cropland,2.68,AUTH_REQUIRED,False,CDSE OAuth2 credentials not configured in environment.,1000m x 1000m,50x50,"SCL, B04, B08, B11, B12",,,,,,AUTH_REQUIRED,CDSE OAuth2 credentials not configured in environment.,,,,,,AUTH_REQUIRED,CDSE OAuth2 credentials not configured in environment.,,50x50,"SCL, B04, B08, B11, B12",,,,,50x50,"SCL, B04, B08, B11, B12",,,,,,,,,,,,,,,,,,,,,,,,,,,,,,,,,,,,,,,,,,,,,,,,,,INVALID_INPUT,Both pre_features and post_features are None.,,,,,,,,,,,,,,,,
FIRMS_TN_0207,12.76551,77.78887,2025-01-01,MEDIUM,Built-up,4.8,AUTH_REQUIRED,False,CDSE OAuth2 credentials not configured in environment.,1000m x 1000m,50x50,"SCL, B04, B08, B11, B12",,,,,,AUTH_REQUIRED,CDSE OAuth2 credentials not configured in environment.,,,,,,AUTH_REQUIRED,CDSE OAuth2 credentials not configured in environment.,,50x50,"SCL, B04, B08, B11, B12",,,,,50x50,"SCL, B04, B08, B11, B12",,,,,,,,,,,,,,,,,,,,,,,,,,,,,,,,,,,,,,,,,,,,,,,,,,INVALID_INPUT,Both pre_features and post_features are None.,,,,,,,,,,,,,,,,
FIRMS_TN_0208,12.76221,77.7894,2025-01-01,MEDIUM,Built-up,2.68,AUTH_REQUIRED,False,CDSE OAuth2 credentials not configured in environment.,1000m x 1000m,50x50,"SCL, B04, B08, B11, B12",,,,,,AUTH_REQUIRED,CDSE OAuth2 credentials not configured in environment.,,,,,,AUTH_REQUIRED,CDSE OAuth2 credentials not configured in environment.,,50x50,"SCL, B04, B08, B11, B12",,,,,50x50,"SCL, B04, B08, B11, B12",,,,,,,,,,,,,,,,,,,,,,,,,,,,,,,,,,,,,,,,,,,,,,,,,,INVALID_INPUT,Both pre_features and post_features are None.,,,,,,,,,,,,,,,,
FIRMS_TN_0209,9.27809,78.04165,2025-01-01,LOW,Tree cover,1.58,AUTH_REQUIRED,False,CDSE OAuth2 credentials not configured in environment.,1000m x 1000m,50x50,"SCL, B04, B08, B11, B12",,,,,,AUTH_REQUIRED,CDSE OAuth2 credentials not configured in environment.,,,,,,AUTH_REQUIRED,CDSE OAuth2 credentials not configured in environment.,,50x50,"SCL, B04, B08, B11, B12",,,,,50x50,"SCL, B04, B08, B11, B12",,,,,,,,,,,,,,,,,,,,,,,,,,,,,,,,,,,,,,,,,,,,,,,,,,INVALID_INPUT,Both pre_features and post_features are None.,,,,,,,,,,,,,,,,
FIRMS_TN_0210,9.95182,77.59099,2025-01-01,MEDIUM,Cropland,2.79,AUTH_REQUIRED,False,CDSE OAuth2 credentials not configured in environment.,1000m x 1000m,50x50,"SCL, B04, B08, B11, B12",,,,,,AUTH_REQUIRED,CDSE OAuth2 credentials not configured in environment.,,,,,,AUTH_REQUIRED,CDSE OAuth2 credentials not configured in environment.,,50x50,"SCL, B04, B08, B11, B12",,,,,50x50,"SCL, B04, B08, B11, B12",,,,,,,,,,,,,,,,,,,,,,,,,,,,,,,,,,,,,,,,,,,,,,,,,,INVALID_INPUT,Both pre_features and post_features are None.,,,,,,,,,,,,,,,,
FIRMS_TN_0211,10.33826,78.88723,2025-01-01,MEDIUM,Shrubland,3.52,AUTH_REQUIRED,False,CDSE OAuth2 credentials not configured in environment.,1000m x 1000m,50x50,"SCL, B04, B08, B11, B12",,,,,,AUTH_REQUIRED,CDSE OAuth2 credentials not configured in environment.,,,,,,AUTH_REQUIRED,CDSE OAuth2 credentials not configured in environment.,,50x50,"SCL, B04, B08, B11, B12",,,,,50x50,"SCL, B04, B08, B11, B12",,,,,,,,,,,,,,,,,,,,,,,,,,,,,,,,,,,,,,,,,,,,,,,,,,INVALID_INPUT,Both pre_features and post_features are None.,,,,,,,,,,,,,,,,
FIRMS_TN_0212,10.69594,77.54763,2025-01-01,MEDIUM,Built-up,1.55,AUTH_REQUIRED,False,CDSE OAuth2 credentials not configured in environment.,1000m x 1000m,50x50,"SCL, B04, B08, B11, B12",,,,,,AUTH_REQUIRED,CDSE OAuth2 credentials not configured in environment.,,,,,,AUTH_REQUIRED,CDSE OAuth2 credentials not configured in environment.,,50x50,"SCL, B04, B08, B11, B12",,,,,50x50,"SCL, B04, B08, B11, B12",,,,,,,,,,,,,,,,,,,,,,,,,,,,,,,,,,,,,,,,,,,,,,,,,,INVALID_INPUT,Both pre_features and post_features are None.,,,,,,,,,,,,,,,,
FIRMS_TN_0213,10.94611,79.13213,2025-01-01,LOW,Tree cover,2.79,AUTH_REQUIRED,False,CDSE OAuth2 credentials not configured in environment.,1000m x 1000m,50x50,"SCL, B04, B08, B11, B12",,,,,,AUTH_REQUIRED,CDSE OAuth2 credentials not configured in environment.,,,,,,AUTH_REQUIRED,CDSE OAuth2 credentials not configured in environment.,,50x50,"SCL, B04, B08, B11, B12",,,,,50x50,"SCL, B04, B08, B11, B12",,,,,,,,,,,,,,,,,,,,,,,,,,,,,,,,,,,,,,,,,,,,,,,,,,INVALID_INPUT,Both pre_features and post_features are None.,,,,,,,,,,,,,,,,
FIRMS_TN_0214,11.25105,77.11478,2025-01-01,LOW,Grassland,1.99,AUTH_REQUIRED,False,CDSE OAuth2 credentials not configured in environment.,1000m x 1000m,50x50,"SCL, B04, B08, B11, B12",,,,,,AUTH_REQUIRED,CDSE OAuth2 credentials not configured in environment.,,,,,,AUTH_REQUIRED,CDSE OAuth2 credentials not configured in environment.,,50x50,"SCL, B04, B08, B11, B12",,,,,50x50,"SCL, B04, B08, B11, B12",,,,,,,,,,,,,,,,,,,,,,,,,,,,,,,,,,,,,,,,,,,,,,,,,,INVALID_INPUT,Both pre_features and post_features are None.,,,,,,,,,,,,,,,,
FIRMS_TN_0215,11.94915,78.9861,2025-01-01,MEDIUM,Grassland,3.36,AUTH_REQUIRED,False,CDSE OAuth2 credentials not configured in environment.,1000m x 1000m,50x50,"SCL, B04, B08, B11, B12",,,,,,AUTH_REQUIRED,CDSE OAuth2 credentials not configured in environment.,,,,,,AUTH_REQUIRED,CDSE OAuth2 credentials not configured in environment.,,50x50,"SCL, B04, B08, B11, B12",,,,,50x50,"SCL, B04, B08, B11, B12",,,,,,,,,,,,,,,,,,,,,,,,,,,,,,,,,,,,,,,,,,,,,,,,,,INVALID_INPUT,Both pre_features and post_features are None.,,,,,,,,,,,,,,,,
FIRMS_TN_0216,11.70016,77.97418,2025-01-01,MEDIUM,Grassland,1.69,AUTH_REQUIRED,False,CDSE OAuth2 credentials not configured in environment.,1000m x 1000m,50x50,"SCL, B04, B08, B11, B12",,,,,,AUTH_REQUIRED,CDSE OAuth2 credentials not configured in environment.,,,,,,AUTH_REQUIRED,CDSE OAuth2 credentials not configured in environment.,,50x50,"SCL, B04, B08, B11, B12",,,,,50x50,"SCL, B04, B08, B11, B12",,,,,,,,,,,,,,,,,,,,,,,,,,,,,,,,,,,,,,,,,,,,,,,,,,INVALID_INPUT,Both pre_features and post_features are None.,,,,,,,,,,,,,,,,
FIRMS_TN_0217,11.88465,79.34978,2025-01-01,MEDIUM,Tree cover,3.68,AUTH_REQUIRED,False,CDSE OAuth2 credentials not configured in environment.,1000m x 1000m,50x50,"SCL, B04, B08, B11, B12",,,,,,AUTH_REQUIRED,CDSE OAuth2 credentials not configured in environment.,,,,,,AUTH_REQUIRED,CDSE OAuth2 credentials not configured in environment.,,50x50,"SCL, B04, B08, B11, B12",,,,,50x50,"SCL, B04, B08, B11, B12",,,,,,,,,,,,,,,,,,,,,,,,,,,,,,,,,,,,,,,,,,,,,,,,,,INVALID_INPUT,Both pre_features and post_features are None.,,,,,,,,,,,,,,,,
FIRMS_TN_0218,11.5132,78.5043,2025-01-01,MEDIUM,Cropland,10.79,AUTH_REQUIRED,False,CDSE OAuth2 credentials not configured in environment.,1000m x 1000m,50x50,"SCL, B04, B08, B11, B12",,,,,,AUTH_REQUIRED,CDSE OAuth2 credentials not configured in environment.,,,,,,AUTH_REQUIRED,CDSE OAuth2 credentials not configured in environment.,,50x50,"SCL, B04, B08, B11, B12",,,,,50x50,"SCL, B04, B08, B11, B12",,,,,,,,,,,,,,,,,,,,,,,,,,,,,,,,,,,,,,,,,,,,,,,,,,INVALID_INPUT,Both pre_features and post_features are None.,,,,,,,,,,,,,,,,
FIRMS_TN_0219,11.35749,77.60499,2025-01-01,MEDIUM,Cropland,2.28,AUTH_REQUIRED,False,CDSE OAuth2 credentials not configured in environment.,1000m x 1000m,50x50,"SCL, B04, B08, B11, B12",,,,,,AUTH_REQUIRED,CDSE OAuth2 credentials not configured in environment.,,,,,,AUTH_REQUIRED,CDSE OAuth2 credentials not configured in environment.,,50x50,"SCL, B04, B08, B11, B12",,,,,50x50,"SCL, B04, B08, B11, B12",,,,,,,,,,,,,,,,,,,,,,,,,,,,,,,,,,,,,,,,,,,,,,,,,,INVALID_INPUT,Both pre_features and post_features are None.,,,,,,,,,,,,,,,,
FIRMS_TN_0220,11.81757,77.91451,2025-01-01,MEDIUM,Bare/sparse vegetation,1.33,AUTH_REQUIRED,False,CDSE OAuth2 credentials not configured in environment.,1000m x 1000m,50x50,"SCL, B04, B08, B11, B12",,,,,,AUTH_REQUIRED,CDSE OAuth2 credentials not configured in environment.,,,,,,AUTH_REQUIRED,CDSE OAuth2 credentials not configured in environment.,,50x50,"SCL, B04, B08, B11, B12",,,,,50x50,"SCL, B04, B08, B11, B12",,,,,,,,,,,,,,,,,,,,,,,,,,,,,,,,,,,,,,,,,,,,,,,,,,INVALID_INPUT,Both pre_features and post_features are None.,,,,,,,,,,,,,,,,
FIRMS_TN_0221,11.18145,79.09953,2025-01-01,MEDIUM,Built-up,1.23,AUTH_REQUIRED,False,CDSE OAuth2 credentials not configured in environment.,1000m x 1000m,50x50,"SCL, B04, B08, B11, B12",,,,,,AUTH_REQUIRED,CDSE OAuth2 credentials not configured in environment.,,,,,,AUTH_REQUIRED,CDSE OAuth2 credentials not configured in environment.,,50x50,"SCL, B04, B08, B11, B12",,,,,50x50,"SCL, B04, B08, B11, B12",,,,,,,,,,,,,,,,,,,,,,,,,,,,,,,,,,,,,,,,,,,,,,,,,,INVALID_INPUT,Both pre_features and post_features are None.,,,,,,,,,,,,,,,,
FIRMS_TN_0222,11.81676,77.91927,2025-01-01,MEDIUM,Built-up,1.33,AUTH_REQUIRED,False,CDSE OAuth2 credentials not configured in environment.,1000m x 1000m,50x50,"SCL, B04, B08, B11, B12",,,,,,AUTH_REQUIRED,CDSE OAuth2 credentials not configured in environment.,,,,,,AUTH_REQUIRED,CDSE OAuth2 credentials not configured in environment.,,50x50,"SCL, B04, B08, B11, B12",,,,,50x50,"SCL, B04, B08, B11, B12",,,,,,,,,,,,,,,,,,,,,,,,,,,,,,,,,,,,,,,,,,,,,,,,,,INVALID_INPUT,Both pre_features and post_features are None.,,,,,,,,,,,,,,,,
FIRMS_TN_0223,11.35407,77.32398,2025-01-01,MEDIUM,Built-up,0.5,AUTH_REQUIRED,False,CDSE OAuth2 credentials not configured in environment.,1000m x 1000m,50x50,"SCL, B04, B08, B11, B12",,,,,,AUTH_REQUIRED,CDSE OAuth2 credentials not configured in environment.,,,,,,AUTH_REQUIRED,CDSE OAuth2 credentials not configured in environment.,,50x50,"SCL, B04, B08, B11, B12",,,,,50x50,"SCL, B04, B08, B11, B12",,,,,,,,,,,,,,,,,,,,,,,,,,,,,,,,,,,,,,,,,,,,,,,,,,INVALID_INPUT,Both pre_features and post_features are None.,,,,,,,,,,,,,,,,
FIRMS_TN_0224,11.18356,79.10158,2025-01-01,MEDIUM,Built-up,1.27,AUTH_REQUIRED,False,CDSE OAuth2 credentials not configured in environment.,1000m x 1000m,50x50,"SCL, B04, B08, B11, B12",,,,,,AUTH_REQUIRED,CDSE OAuth2 credentials not configured in environment.,,,,,,AUTH_REQUIRED,CDSE OAuth2 credentials not configured in environment.,,50x50,"SCL, B04, B08, B11, B12",,,,,50x50,"SCL, B04, B08, B11, B12",,,,,,,,,,,,,,,,,,,,,,,,,,,,,,,,,,,,,,,,,,,,,,,,,,INVALID_INPUT,Both pre_features and post_features are None.,,,,,,,,,,,,,,,,
FIRMS_TN_0225,11.49499,77.31486,2025-01-01,MEDIUM,Cropland,1.25,AUTH_REQUIRED,False,CDSE OAuth2 credentials not configured in environment.,1000m x 1000m,50x50,"SCL, B04, B08, B11, B12",,,,,,AUTH_REQUIRED,CDSE OAuth2 credentials not configured in environment.,,,,,,AUTH_REQUIRED,CDSE OAuth2 credentials not configured in environment.,,50x50,"SCL, B04, B08, B11, B12",,,,,50x50,"SCL, B04, B08, B11, B12",,,,,,,,,,,,,,,,,,,,,,,,,,,,,,,,,,,,,,,,,,,,,,,,,,INVALID_INPUT,Both pre_features and post_features are None.,,,,,,,,,,,,,,,,
FIRMS_TN_0226,11.49306,77.31637,2025-01-01,MEDIUM,Tree cover,1.27,AUTH_REQUIRED,False,CDSE OAuth2 credentials not configured in environment.,1000m x 1000m,50x50,"SCL, B04, B08, B11, B12",,,,,,AUTH_REQUIRED,CDSE OAuth2 credentials not configured in environment.,,,,,,AUTH_REQUIRED,CDSE OAuth2 credentials not configured in environment.,,50x50,"SCL, B04, B08, B11, B12",,,,,50x50,"SCL, B04, B08, B11, B12",,,,,,,,,,,,,,,,,,,,,,,,,,,,,,,,,,,,,,,,,,,,,,,,,,INVALID_INPUT,Both pre_features and post_features are None.,,,,,,,,,,,,,,,,
FIRMS_TN_0227,13.0309,79.92147,2025-01-01,LOW,Tree cover,0.61,AUTH_REQUIRED,False,CDSE OAuth2 credentials not configured in environment.,1000m x 1000m,50x50,"SCL, B04, B08, B11, B12",,,,,,AUTH_REQUIRED,CDSE OAuth2 credentials not configured in environment.,,,,,,AUTH_REQUIRED,CDSE OAuth2 credentials not configured in environment.,,50x50,"SCL, B04, B08, B11, B12",,,,,50x50,"SCL, B04, B08, B11, B12",,,,,,,,,,,,,,,,,,,,,,,,,,,,,,,,,,,,,,,,,,,,,,,,,,INVALID_INPUT,Both pre_features and post_features are None.,,,,,,,,,,,,,,,,
FIRMS_TN_0228,13.39424,80.09948,2025-01-01,LOW,Grassland,0.94,AUTH_REQUIRED,False,CDSE OAuth2 credentials not configured in environment.,1000m x 1000m,50x50,"SCL, B04, B08, B11, B12",,,,,,AUTH_REQUIRED,CDSE OAuth2 credentials not configured in environment.,,,,,,AUTH_REQUIRED,CDSE OAuth2 credentials not configured in environment.,,50x50,"SCL, B04, B08, B11, B12",,,,,50x50,"SCL, B04, B08, B11, B12",,,,,,,,,,,,,,,,,,,,,,,,,,,,,,,,,,,,,,,,,,,,,,,,,,INVALID_INPUT,Both pre_features and post_features are None.,,,,,,,,,,,,,,,,
FIRMS_TN_0229,11.00075,78.41774,2025-01-02,MEDIUM,Cropland,1.61,AUTH_REQUIRED,False,CDSE OAuth2 credentials not configured in environment.,1000m x 1000m,50x50,"SCL, B04, B08, B11, B12",,,,,,AUTH_REQUIRED,CDSE OAuth2 credentials not configured in environment.,,,,,,AUTH_REQUIRED,CDSE OAuth2 credentials not configured in environment.,,50x50,"SCL, B04, B08, B11, B12",,,,,50x50,"SCL, B04, B08, B11, B12",,,,,,,,,,,,,,,,,,,,,,,,,,,,,,,,,,,,,,,,,,,,,,,,,,INVALID_INPUT,Both pre_features and post_features are None.,,,,,,,,,,,,,,,,
FIRMS_TN_0230,12.76237,78.00354,2025-01-02,LOW,Grassland,2.5,AUTH_REQUIRED,False,CDSE OAuth2 credentials not configured in environment.,1000m x 1000m,50x50,"SCL, B04, B08, B11, B12",,,,,,AUTH_REQUIRED,CDSE OAuth2 credentials not configured in environment.,,,,,,AUTH_REQUIRED,CDSE OAuth2 credentials not configured in environment.,,50x50,"SCL, B04, B08, B11, B12",,,,,50x50,"SCL, B04, B08, B11, B12",,,,,,,,,,,,,,,,,,,,,,,,,,,,,,,,,,,,,,,,,,,,,,,,,,INVALID_INPUT,Both pre_features and post_features are None.,,,,,,,,,,,,,,,,
FIRMS_TN_0231,13.16646,79.46835,2025-01-02,MEDIUM,Cropland,3.63,AUTH_REQUIRED,False,CDSE OAuth2 credentials not configured in environment.,1000m x 1000m,50x50,"SCL, B04, B08, B11, B12",,,,,,AUTH_REQUIRED,CDSE OAuth2 credentials not configured in environment.,,,,,,AUTH_REQUIRED,CDSE OAuth2 credentials not configured in environment.,,50x50,"SCL, B04, B08, B11, B12",,,,,50x50,"SCL, B04, B08, B11, B12",,,,,,,,,,,,,,,,,,,,,,,,,,,,,,,,,,,,,,,,,,,,,,,,,,INVALID_INPUT,Both pre_features and post_features are None.,,,,,,,,,,,,,,,,
FIRMS_TN_0232,13.14527,79.34011,2025-01-02,MEDIUM,Shrubland,4.12,AUTH_REQUIRED,False,CDSE OAuth2 credentials not configured in environment.,1000m x 1000m,50x50,"SCL, B04, B08, B11, B12",,,,,,AUTH_REQUIRED,CDSE OAuth2 credentials not configured in environment.,,,,,,AUTH_REQUIRED,CDSE OAuth2 credentials not configured in environment.,,50x50,"SCL, B04, B08, B11, B12",,,,,50x50,"SCL, B04, B08, B11, B12",,,,,,,,,,,,,,,,,,,,,,,,,,,,,,,,,,,,,,,,,,,,,,,,,,INVALID_INPUT,Both pre_features and post_features are None.,,,,,,,,,,,,,,,,
FIRMS_TN_0233,11.74678,78.1469,2025-01-02,MEDIUM,Bare/sparse vegetation,0.48,AUTH_REQUIRED,False,CDSE OAuth2 credentials not configured in environment.,1000m x 1000m,50x50,"SCL, B04, B08, B11, B12",,,,,,AUTH_REQUIRED,CDSE OAuth2 credentials not configured in environment.,,,,,,AUTH_REQUIRED,CDSE OAuth2 credentials not configured in environment.,,50x50,"SCL, B04, B08, B11, B12",,,,,50x50,"SCL, B04, B08, B11, B12",,,,,,,,,,,,,,,,,,,,,,,,,,,,,,,,,,,,,,,,,,,,,,,,,,INVALID_INPUT,Both pre_features and post_features are None.,,,,,,,,,,,,,,,,
FIRMS_TN_0234,13.16005,80.28485,2025-01-02,MEDIUM,Built-up,1.28,AUTH_REQUIRED,False,CDSE OAuth2 credentials not configured in environment.,1000m x 1000m,50x50,"SCL, B04, B08, B11, B12",,,,,,AUTH_REQUIRED,CDSE OAuth2 credentials not configured in environment.,,,,,,AUTH_REQUIRED,CDSE OAuth2 credentials not configured in environment.,,50x50,"SCL, B04, B08, B11, B12",,,,,50x50,"SCL, B04, B08, B11, B12",,,,,,,,,,,,,,,,,,,,,,,,,,,,,,,,,,,,,,,,,,,,,,,,,,INVALID_INPUT,Both pre_features and post_features are None.,,,,,,,,,,,,,,,,
FIRMS_TN_0235,12.968,79.91467,2025-01-02,LOW,Shrubland,0.42,AUTH_REQUIRED,False,CDSE OAuth2 credentials not configured in environment.,1000m x 1000m,50x50,"SCL, B04, B08, B11, B12",,,,,,AUTH_REQUIRED,CDSE OAuth2 credentials not configured in environment.,,,,,,AUTH_REQUIRED,CDSE OAuth2 credentials not configured in environment.,,50x50,"SCL, B04, B08, B11, B12",,,,,50x50,"SCL, B04, B08, B11, B12",,,,,,,,,,,,,,,,,,,,,,,,,,,,,,,,,,,,,,,,,,,,,,,,,,INVALID_INPUT,Both pre_features and post_features are None.,,,,,,,,,,,,,,,,
FIRMS_TN_0236,11.81654,77.9172,2025-01-02,HIGH,Built-up,1.84,AUTH_REQUIRED,False,CDSE OAuth2 credentials not configured in environment.,1000m x 1000m,50x50,"SCL, B04, B08, B11, B12",,,,,,AUTH_REQUIRED,CDSE OAuth2 credentials not configured in environment.,,,,,,AUTH_REQUIRED,CDSE OAuth2 credentials not configured in environment.,,50x50,"SCL, B04, B08, B11, B12",,,,,50x50,"SCL, B04, B08, B11, B12",,,,,,,,,,,,,,,,,,,,,,,,,,,,,,,,,,,,,,,,,,,,,,,,,,INVALID_INPUT,Both pre_features and post_features are None.,,,,,,,,,,,,,,,,
FIRMS_TN_0237,11.80883,77.92317,2025-01-02,MEDIUM,Built-up,1.63,AUTH_REQUIRED,False,CDSE OAuth2 credentials not configured in environment.,1000m x 1000m,50x50,"SCL, B04, B08, B11, B12",,,,,,AUTH_REQUIRED,CDSE OAuth2 credentials not configured in environment.,,,,,,AUTH_REQUIRED,CDSE OAuth2 credentials not configured in environment.,,50x50,"SCL, B04, B08, B11, B12",,,,,50x50,"SCL, B04, B08, B11, B12",,,,,,,,,,,,,,,,,,,,,,,,,,,,,,,,,,,,,,,,,,,,,,,,,,INVALID_INPUT,Both pre_features and post_features are None.,,,,,,,,,,,,,,,,
FIRMS_TN_0238,11.18149,79.09891,2025-01-02,MEDIUM,Built-up,1.34,AUTH_REQUIRED,False,CDSE OAuth2 credentials not configured in environment.,1000m x 1000m,50x50,"SCL, B04, B08, B11, B12",,,,,,AUTH_REQUIRED,CDSE OAuth2 credentials not configured in environment.,,,,,,AUTH_REQUIRED,CDSE OAuth2 credentials not configured in environment.,,50x50,"SCL, B04, B08, B11, B12",,,,,50x50,"SCL, B04, B08, B11, B12",,,,,,,,,,,,,,,,,,,,,,,,,,,,,,,,,,,,,,,,,,,,,,,,,,INVALID_INPUT,Both pre_features and post_features are None.,,,,,,,,,,,,,,,,
FIRMS_TN_0239,11.00624,76.89335,2025-01-02,LOW,Built-up,0.36,AUTH_REQUIRED,False,CDSE OAuth2 credentials not configured in environment.,1000m x 1000m,50x50,"SCL, B04, B08, B11, B12",,,,,,AUTH_REQUIRED,CDSE OAuth2 credentials not configured in environment.,,,,,,AUTH_REQUIRED,CDSE OAuth2 credentials not configured in environment.,,50x50,"SCL, B04, B08, B11, B12",,,,,50x50,"SCL, B04, B08, B11, B12",,,,,,,,,,,,,,,,,,,,,,,,,,,,,,,,,,,,,,,,,,,,,,,,,,INVALID_INPUT,Both pre_features and post_features are None.,,,,,,,,,,,,,,,,
FIRMS_TN_0240,8.20461,77.64593,2025-01-03,MEDIUM,Shrubland,3.94,AUTH_REQUIRED,False,CDSE OAuth2 credentials not configured in environment.,1000m x 1000m,50x50,"SCL, B04, B08, B11, B12",,,,,,AUTH_REQUIRED,CDSE OAuth2 credentials not configured in environment.,,,,,,AUTH_REQUIRED,CDSE OAuth2 credentials not configured in environment.,,50x50,"SCL, B04, B08, B11, B12",,,,,50x50,"SCL, B04, B08, B11, B12",,,,,,,,,,,,,,,,,,,,,,,,,,,,,,,,,,,,,,,,,,,,,,,,,,INVALID_INPUT,Both pre_features and post_features are None.,,,,,,,,,,,,,,,,
FIRMS_TN_0241,10.74361,77.07713,2025-01-03,MEDIUM,Grassland,11.51,AUTH_REQUIRED,False,CDSE OAuth2 credentials not configured in environment.,1000m x 1000m,50x50,"SCL, B04, B08, B11, B12",,,,,,AUTH_REQUIRED,CDSE OAuth2 credentials not configured in environment.,,,,,,AUTH_REQUIRED,CDSE OAuth2 credentials not configured in environment.,,50x50,"SCL, B04, B08, B11, B12",,,,,50x50,"SCL, B04, B08, B11, B12",,,,,,,,,,,,,,,,,,,,,,,,,,,,,,,,,,,,,,,,,,,,,,,,,,INVALID_INPUT,Both pre_features and post_features are None.,,,,,,,,,,,,,,,,
FIRMS_TN_0242,10.74274,77.0725,2025-01-03,MEDIUM,Grassland,11.26,AUTH_REQUIRED,False,CDSE OAuth2 credentials not configured in environment.,1000m x 1000m,50x50,"SCL, B04, B08, B11, B12",,,,,,AUTH_REQUIRED,CDSE OAuth2 credentials not configured in environment.,,,,,,AUTH_REQUIRED,CDSE OAuth2 credentials not configured in environment.,,50x50,"SCL, B04, B08, B11, B12",,,,,50x50,"SCL, B04, B08, B11, B12",,,,,,,,,,,,,,,,,,,,,,,,,,,,,,,,,,,,,,,,,,,,,,,,,,INVALID_INPUT,Both pre_features and post_features are None.,,,,,,,,,,,,,,,,
FIRMS_TN_0243,10.74473,77.07406,2025-01-03,MEDIUM,Grassland,15.17,AUTH_REQUIRED,False,CDSE OAuth2 credentials not configured in environment.,1000m x 1000m,50x50,"SCL, B04, B08, B11, B12",,,,,,AUTH_REQUIRED,CDSE OAuth2 credentials not configured in environment.,,,,,,AUTH_REQUIRED,CDSE OAuth2 credentials not configured in environment.,,50x50,"SCL, B04, B08, B11, B12",,,,,50x50,"SCL, B04, B08, B11, B12",,,,,,,,,,,,,,,,,,,,,,,,,,,,,,,,,,,,,,,,,,,,,,,,,,INVALID_INPUT,Both pre_features and post_features are None.,,,,,,,,,,,,,,,,
FIRMS_TN_0244,12.22936,79.20753,2025-01-03,MEDIUM,Cropland,3.78,AUTH_REQUIRED,False,CDSE OAuth2 credentials not configured in environment.,1000m x 1000m,50x50,"SCL, B04, B08, B11, B12",,,,,,AUTH_REQUIRED,CDSE OAuth2 credentials not configured in environment.,,,,,,AUTH_REQUIRED,CDSE OAuth2 credentials not configured in environment.,,50x50,"SCL, B04, B08, B11, B12",,,,,50x50,"SCL, B04, B08, B11, B12",,,,,,,,,,,,,,,,,,,,,,,,,,,,,,,,,,,,,,,,,,,,,,,,,,INVALID_INPUT,Both pre_features and post_features are None.,,,,,,,,,,,,,,,,
FIRMS_TN_0245,12.2317,79.20523,2025-01-03,MEDIUM,Cropland,4.25,AUTH_REQUIRED,False,CDSE OAuth2 credentials not configured in environment.,1000m x 1000m,50x50,"SCL, B04, B08, B11, B12",,,,,,AUTH_REQUIRED,CDSE OAuth2 credentials not configured in environment.,,,,,,AUTH_REQUIRED,CDSE OAuth2 credentials not configured in environment.,,50x50,"SCL, B04, B08, B11, B12",,,,,50x50,"SCL, B04, B08, B11, B12",,,,,,,,,,,,,,,,,,,,,,,,,,,,,,,,,,,,,,,,,,,,,,,,,,INVALID_INPUT,Both pre_features and post_features are None.,,,,,,,,,,,,,,,,
FIRMS_TN_0246,11.90528,78.9305,2025-01-03,MEDIUM,Cropland,5.28,AUTH_REQUIRED,False,CDSE OAuth2 credentials not configured in environment.,1000m x 1000m,50x50,"SCL, B04, B08, B11, B12",,,,,,AUTH_REQUIRED,CDSE OAuth2 credentials not configured in environment.,,,,,,AUTH_REQUIRED,CDSE OAuth2 credentials not configured in environment.,,50x50,"SCL, B04, B08, B11, B12",,,,,50x50,"SCL, B04, B08, B11, B12",,,,,,,,,,,,,,,,,,,,,,,,,,,,,,,,,,,,,,,,,,,,,,,,,,INVALID_INPUT,Both pre_features and post_features are None.,,,,,,,,,,,,,,,,
FIRMS_TN_0247,11.43129,77.46838,2025-01-03,MEDIUM,Cropland,0.8,AUTH_REQUIRED,False,CDSE OAuth2 credentials not configured in environment.,1000m x 1000m,50x50,"SCL, B04, B08, B11, B12",,,,,,AUTH_REQUIRED,CDSE OAuth2 credentials not configured in environment.,,,,,,AUTH_REQUIRED,CDSE OAuth2 credentials not configured in environment.,,50x50,"SCL, B04, B08, B11, B12",,,,,50x50,"SCL, B04, B08, B11, B12",,,,,,,,,,,,,,,,,,,,,,,,,,,,,,,,,,,,,,,,,,,,,,,,,,INVALID_INPUT,Both pre_features and post_features are None.,,,,,,,,,,,,,,,,
FIRMS_TN_0248,11.80808,77.92257,2025-01-03,MEDIUM,Built-up,2.1,AUTH_REQUIRED,False,CDSE OAuth2 credentials not configured in environment.,1000m x 1000m,50x50,"SCL, B04, B08, B11, B12",,,,,,AUTH_REQUIRED,CDSE OAuth2 credentials not configured in environment.,,,,,,AUTH_REQUIRED,CDSE OAuth2 credentials not configured in environment.,,50x50,"SCL, B04, B08, B11, B12",,,,,50x50,"SCL, B04, B08, B11, B12",,,,,,,,,,,,,,,,,,,,,,,,,,,,,,,,,,,,,,,,,,,,,,,,,,INVALID_INPUT,Both pre_features and post_features are None.,,,,,,,,,,,,,,,,
FIRMS_TN_0249,11.81264,77.91956,2025-01-03,HIGH,Built-up,1.48,AUTH_REQUIRED,False,CDSE OAuth2 credentials not configured in environment.,1000m x 1000m,50x50,"SCL, B04, B08, B11, B12",,,,,,AUTH_REQUIRED,CDSE OAuth2 credentials not configured in environment.,,,,,,AUTH_REQUIRED,CDSE OAuth2 credentials not configured in environment.,,50x50,"SCL, B04, B08, B11, B12",,,,,50x50,"SCL, B04, B08, B11, B12",,,,,,,,,,,,,,,,,,,,,,,,,,,,,,,,,,,,,,,,,,,,,,,,,,INVALID_INPUT,Both pre_features and post_features are None.,,,,,,,,,,,,,,,,
FIRMS_TN_0250,12.32897,78.5715,2025-01-03,LOW,Shrubland,0.93,AUTH_REQUIRED,False,CDSE OAuth2 credentials not configured in environment.,1000m x 1000m,50x50,"SCL, B04, B08, B11, B12",,,,,,AUTH_REQUIRED,CDSE OAuth2 credentials not configured in environment.,,,,,,AUTH_REQUIRED,CDSE OAuth2 credentials not configured in environment.,,50x50,"SCL, B04, B08, B11, B12",,,,,50x50,"SCL, B04, B08, B11, B12",,,,,,,,,,,,,,,,,,,,,,,,,,,,,,,,,,,,,,,,,,,,,,,,,,INVALID_INPUT,Both pre_features and post_features are None.,,,,,,,,,,,,,,,,
FIRMS_TN_0251,12.85007,79.90411,2025-01-03,MEDIUM,Shrubland,2.44,AUTH_REQUIRED,False,CDSE OAuth2 credentials not configured in environment.,1000m x 1000m,50x50,"SCL, B04, B08, B11, B12",,,,,,AUTH_REQUIRED,CDSE OAuth2 credentials not configured in environment.,,,,,,AUTH_REQUIRED,CDSE OAuth2 credentials not configured in environment.,,50x50,"SCL, B04, B08, B11, B12",,,,,50x50,"SCL, B04, B08, B11, B12",,,,,,,,,,,,,,,,,,,,,,,,,,,,,,,,,,,,,,,,,,,,,,,,,,INVALID_INPUT,Both pre_features and post_features are None.,,,,,,,,,,,,,,,,
FIRMS_TN_0252,11.90245,79.34005,2025-01-04,MEDIUM,Tree cover,7.06,AUTH_REQUIRED,False,CDSE OAuth2 credentials not configured in environment.,1000m x 1000m,50x50,"SCL, B04, B08, B11, B12",,,,,,AUTH_REQUIRED,CDSE OAuth2 credentials not configured in environment.,,,,,,AUTH_REQUIRED,CDSE OAuth2 credentials not configured in environment.,,50x50,"SCL, B04, B08, B11, B12",,,,,50x50,"SCL, B04, B08, B11, B12",,,,,,,,,,,,,,,,,,,,,,,,,,,,,,,,,,,,,,,,,,,,,,,,,,INVALID_INPUT,Both pre_features and post_features are None.,,,,,,,,,,,,,,,,
FIRMS_TN_0253,11.90354,79.34016,2025-01-04,MEDIUM,Shrubland,6.42,AUTH_REQUIRED,False,CDSE OAuth2 credentials not configured in environment.,1000m x 1000m,50x50,"SCL, B04, B08, B11, B12",,,,,,AUTH_REQUIRED,CDSE OAuth2 credentials not configured in environment.,,,,,,AUTH_REQUIRED,CDSE OAuth2 credentials not configured in environment.,,50x50,"SCL, B04, B08, B11, B12",,,,,50x50,"SCL, B04, B08, B11, B12",,,,,,,,,,,,,,,,,,,,,,,,,,,,,,,,,,,,,,,,,,,,,,,,,,INVALID_INPUT,Both pre_features and post_features are None.,,,,,,,,,,,,,,,,
FIRMS_TN_0254,11.51105,76.51912,2025-01-05,LOW,Tree cover,2.66,AUTH_REQUIRED,False,CDSE OAuth2 credentials not configured in environment.,1000m x 1000m,50x50,"SCL, B04, B08, B11, B12",,,,,,AUTH_REQUIRED,CDSE OAuth2 credentials not configured in environment.,,,,,,AUTH_REQUIRED,CDSE OAuth2 credentials not configured in environment.,,50x50,"SCL, B04, B08, B11, B12",,,,,50x50,"SCL, B04, B08, B11, B12",,,,,,,,,,,,,,,,,,,,,,,,,,,,,,,,,,,,,,,,,,,,,,,,,,INVALID_INPUT,Both pre_features and post_features are None.,,,,,,,,,,,,,,,,
FIRMS_TN_0255,11.55031,78.6932,2025-01-05,MEDIUM,Cropland,3.0,AUTH_REQUIRED,False,CDSE OAuth2 credentials not configured in environment.,1000m x 1000m,50x50,"SCL, B04, B08, B11, B12",,,,,,AUTH_REQUIRED,CDSE OAuth2 credentials not configured in environment.,,,,,,AUTH_REQUIRED,CDSE OAuth2 credentials not configured in environment.,,50x50,"SCL, B04, B08, B11, B12",,,,,50x50,"SCL, B04, B08, B11, B12",,,,,,,,,,,,,,,,,,,,,,,,,,,,,,,,,,,,,,,,,,,,,,,,,,INVALID_INPUT,Both pre_features and post_features are None.,,,,,,,,,,,,,,,,
FIRMS_TN_0256,10.13353,77.27407,2025-01-05,MEDIUM,Tree cover,16.84,AUTH_REQUIRED,False,CDSE OAuth2 credentials not configured in environment.,1000m x 1000m,50x50,"SCL, B04, B08, B11, B12",,,,,,AUTH_REQUIRED,CDSE OAuth2 credentials not configured in environment.,,,,,,AUTH_REQUIRED,CDSE OAuth2 credentials not configured in environment.,,50x50,"SCL, B04, B08, B11, B12",,,,,50x50,"SCL, B04, B08, B11, B12",,,,,,,,,,,,,,,,,,,,,,,,,,,,,,,,,,,,,,,,,,,,,,,,,,INVALID_INPUT,Both pre_features and post_features are None.,,,,,,,,,,,,,,,,
FIRMS_TN_0257,8.16496,77.5927,2025-01-05,MEDIUM,Grassland,3.19,AUTH_REQUIRED,False,CDSE OAuth2 credentials not configured in environment.,1000m x 1000m,50x50,"SCL, B04, B08, B11, B12",,,,,,AUTH_REQUIRED,CDSE OAuth2 credentials not configured in environment.,,,,,,AUTH_REQUIRED,CDSE OAuth2 credentials not configured in environment.,,50x50,"SCL, B04, B08, B11, B12",,,,,50x50,"SCL, B04, B08, B11, B12",,,,,,,,,,,,,,,,,,,,,,,,,,,,,,,,,,,,,,,,,,,,,,,,,,INVALID_INPUT,Both pre_features and post_features are None.,,,,,,,,,,,,,,,,
FIRMS_TN_0258,12.85438,79.90437,2025-01-05,MEDIUM,Grassland,5.28,AUTH_REQUIRED,False,CDSE OAuth2 credentials not configured in environment.,1000m x 1000m,50x50,"SCL, B04, B08, B11, B12",,,,,,AUTH_REQUIRED,CDSE OAuth2 credentials not configured in environment.,,,,,,AUTH_REQUIRED,CDSE OAuth2 credentials not configured in environment.,,50x50,"SCL, B04, B08, B11, B12",,,,,50x50,"SCL, B04, B08, B11, B12",,,,,,,,,,,,,,,,,,,,,,,,,,,,,,,,,,,,,,,,,,,,,,,,,,INVALID_INPUT,Both pre_features and post_features are None.,,,,,,,,,,,,,,,,
FIRMS_TN_0259,10.13427,77.27188,2025-01-05,LOW,Tree cover,1.19,AUTH_REQUIRED,False,CDSE OAuth2 credentials not configured in environment.,1000m x 1000m,50x50,"SCL, B04, B08, B11, B12",,,,,,AUTH_REQUIRED,CDSE OAuth2 credentials not configured in environment.,,,,,,AUTH_REQUIRED,CDSE OAuth2 credentials not configured in environment.,,50x50,"SCL, B04, B08, B11, B12",,,,,50x50,"SCL, B04, B08, B11, B12",,,,,,,,,,,,,,,,,,,,,,,,,,,,,,,,,,,,,,,,,,,,,,,,,,INVALID_INPUT,Both pre_features and post_features are None.,,,,,,,,,,,,,,,,
FIRMS_TN_0260,12.27398,77.48555,2025-01-06,MEDIUM,Grassland,3.72,AUTH_REQUIRED,False,CDSE OAuth2 credentials not configured in environment.,1000m x 1000m,50x50,"SCL, B04, B08, B11, B12",,,,,,AUTH_REQUIRED,CDSE OAuth2 credentials not configured in environment.,,,,,,AUTH_REQUIRED,CDSE OAuth2 credentials not configured in environment.,,50x50,"SCL, B04, B08, B11, B12",,,,,50x50,"SCL, B04, B08, B11, B12",,,,,,,,,,,,,,,,,,,,,,,,,,,,,,,,,,,,,,,,,,,,,,,,,,INVALID_INPUT,Both pre_features and post_features are None.,,,,,,,,,,,,,,,,
FIRMS_TN_0261,12.2745,77.48907,2025-01-06,MEDIUM,Grassland,3.72,AUTH_REQUIRED,False,CDSE OAuth2 credentials not configured in environment.,1000m x 1000m,50x50,"SCL, B04, B08, B11, B12",,,,,,AUTH_REQUIRED,CDSE OAuth2 credentials not configured in environment.,,,,,,AUTH_REQUIRED,CDSE OAuth2 credentials not configured in environment.,,50x50,"SCL, B04, B08, B11, B12",,,,,50x50,"SCL, B04, B08, B11, B12",,,,,,,,,,,,,,,,,,,,,,,,,,,,,,,,,,,,,,,,,,,,,,,,,,INVALID_INPUT,Both pre_features and post_features are None.,,,,,,,,,,,,,,,,
FIRMS_TN_0262,12.0115,78.97699,2025-01-06,MEDIUM,Tree cover,3.84,AUTH_REQUIRED,False,CDSE OAuth2 credentials not configured in environment.,1000m x 1000m,50x50,"SCL, B04, B08, B11, B12",,,,,,AUTH_REQUIRED,CDSE OAuth2 credentials not configured in environment.,,,,,,AUTH_REQUIRED,CDSE OAuth2 credentials not configured in environment.,,50x50,"SCL, B04, B08, B11, B12",,,,,50x50,"SCL, B04, B08, B11, B12",,,,,,,,,,,,,,,,,,,,,,,,,,,,,,,,,,,,,,,,,,,,,,,,,,INVALID_INPUT,Both pre_features and post_features are None.,,,,,,,,,,,,,,,,
FIRMS_TN_0263,12.08129,79.76902,2025-01-06,MEDIUM,Tree cover,4.09,AUTH_REQUIRED,False,CDSE OAuth2 credentials not configured in environment.,1000m x 1000m,50x50,"SCL, B04, B08, B11, B12",,,,,,AUTH_REQUIRED,CDSE OAuth2 credentials not configured in environment.,,,,,,AUTH_REQUIRED,CDSE OAuth2 credentials not configured in environment.,,50x50,"SCL, B04, B08, B11, B12",,,,,50x50,"SCL, B04, B08, B11, B12",,,,,,,,,,,,,,,,,,,,,,,,,,,,,,,,,,,,,,,,,,,,,,,,,,INVALID_INPUT,Both pre_features and post_features are None.,,,,,,,,,,,,,,,,
FIRMS_TN_0264,11.74525,78.10697,2025-01-06,MEDIUM,Cropland,2.82,AUTH_REQUIRED,False,CDSE OAuth2 credentials not configured in environment.,1000m x 1000m,50x50,"SCL, B04, B08, B11, B12",,,,,,AUTH_REQUIRED,CDSE OAuth2 credentials not configured in environment.,,,,,,AUTH_REQUIRED,CDSE OAuth2 credentials not configured in environment.,,50x50,"SCL, B04, B08, B11, B12",,,,,50x50,"SCL, B04, B08, B11, B12",,,,,,,,,,,,,,,,,,,,,,,,,,,,,,,,,,,,,,,,,,,,,,,,,,INVALID_INPUT,Both pre_features and post_features are None.,,,,,,,,,,,,,,,,
FIRMS_TN_0265,10.73405,78.8576,2025-01-06,MEDIUM,Grassland,3.26,AUTH_REQUIRED,False,CDSE OAuth2 credentials not configured in environment.,1000m x 1000m,50x50,"SCL, B04, B08, B11, B12",,,,,,AUTH_REQUIRED,CDSE OAuth2 credentials not configured in environment.,,,,,,AUTH_REQUIRED,CDSE OAuth2 credentials not configured in environment.,,50x50,"SCL, B04, B08, B11, B12",,,,,50x50,"SCL, B04, B08, B11, B12",,,,,,,,,,,,,,,,,,,,,,,,,,,,,,,,,,,,,,,,,,,,,,,,,,INVALID_INPUT,Both pre_features and post_features are None.,,,,,,,,,,,,,,,,
FIRMS_TN_0266,10.65434,78.90324,2025-01-06,MEDIUM,Tree cover,3.05,AUTH_REQUIRED,False,CDSE OAuth2 credentials not configured in environment.,1000m x 1000m,50x50,"SCL, B04, B08, B11, B12",,,,,,AUTH_REQUIRED,CDSE OAuth2 credentials not configured in environment.,,,,,,AUTH_REQUIRED,CDSE OAuth2 credentials not configured in environment.,,50x50,"SCL, B04, B08, B11, B12",,,,,50x50,"SCL, B04, B08, B11, B12",,,,,,,,,,,,,,,,,,,,,,,,,,,,,,,,,,,,,,,,,,,,,,,,,,INVALID_INPUT,Both pre_features and post_features are None.,,,,,,,,,,,,,,,,
FIRMS_TN_0267,10.13398,77.27408,2025-01-06,MEDIUM,Tree cover,8.57,AUTH_REQUIRED,False,CDSE OAuth2 credentials not configured in environment.,1000m x 1000m,50x50,"SCL, B04, B08, B11, B12",,,,,,AUTH_REQUIRED,CDSE OAuth2 credentials not configured in environment.,,,,,,AUTH_REQUIRED,CDSE OAuth2 credentials not configured in environment.,,50x50,"SCL, B04, B08, B11, B12",,,,,50x50,"SCL, B04, B08, B11, B12",,,,,,,,,,,,,,,,,,,,,,,,,,,,,,,,,,,,,,,,,,,,,,,,,,INVALID_INPUT,Both pre_features and post_features are None.,,,,,,,,,,,,,,,,
FIRMS_TN_0268,9.18335,78.58079,2025-01-06,MEDIUM,Tree cover,3.38,AUTH_REQUIRED,False,CDSE OAuth2 credentials not configured in environment.,1000m x 1000m,50x50,"SCL, B04, B08, B11, B12",,,,,,AUTH_REQUIRED,CDSE OAuth2 credentials not configured in environment.,,,,,,AUTH_REQUIRED,CDSE OAuth2 credentials not configured in environment.,,50x50,"SCL, B04, B08, B11, B12",,,,,50x50,"SCL, B04, B08, B11, B12",,,,,,,,,,,,,,,,,,,,,,,,,,,,,,,,,,,,,,,,,,,,,,,,,,INVALID_INPUT,Both pre_features and post_features are None.,,,,,,,,,,,,,,,,
FIRMS_TN_0269,8.66208,78.00376,2025-01-06,MEDIUM,Tree cover,2.81,AUTH_REQUIRED,False,CDSE OAuth2 credentials not configured in environment.,1000m x 1000m,50x50,"SCL, B04, B08, B11, B12",,,,,,AUTH_REQUIRED,CDSE OAuth2 credentials not configured in environment.,,,,,,AUTH_REQUIRED,CDSE OAuth2 credentials not configured in environment.,,50x50,"SCL, B04, B08, B11, B12",,,,,50x50,"SCL, B04, B08, B11, B12",,,,,,,,,,,,,,,,,,,,,,,,,,,,,,,,,,,,,,,,,,,,,,,,,,INVALID_INPUT,Both pre_features and post_features are None.,,,,,,,,,,,,,,,,
FIRMS_TN_0270,8.26385,77.14684,2025-01-06,MEDIUM,Tree cover,3.29,AUTH_REQUIRED,False,CDSE OAuth2 credentials not configured in environment.,1000m x 1000m,50x50,"SCL, B04, B08, B11, B12",,,,,,AUTH_REQUIRED,CDSE OAuth2 credentials not configured in environment.,,,,,,AUTH_REQUIRED,CDSE OAuth2 credentials not configured in environment.,,50x50,"SCL, B04, B08, B11, B12",,,,,50x50,"SCL, B04, B08, B11, B12",,,,,,,,,,,,,,,,,,,,,,,,,,,,,,,,,,,,,,,,,,,,,,,,,,INVALID_INPUT,Both pre_features and post_features are None.,,,,,,,,,,,,,,,,
FIRMS_TN_0271,11.81821,77.91634,2025-01-06,MEDIUM,Built-up,1.47,AUTH_REQUIRED,False,CDSE OAuth2 credentials not configured in environment.,1000m x 1000m,50x50,"SCL, B04, B08, B11, B12",,,,,,AUTH_REQUIRED,CDSE OAuth2 credentials not configured in environment.,,,,,,AUTH_REQUIRED,CDSE OAuth2 credentials not configured in environment.,,50x50,"SCL, B04, B08, B11, B12",,,,,50x50,"SCL, B04, B08, B11, B12",,,,,,,,,,,,,,,,,,,,,,,,,,,,,,,,,,,,,,,,,,,,,,,,,,INVALID_INPUT,Both pre_features and post_features are None.,,,,,,,,,,,,,,,,
FIRMS_TN_0272,11.81328,77.91955,2025-01-06,MEDIUM,Built-up,1.47,AUTH_REQUIRED,False,CDSE OAuth2 credentials not configured in environment.,1000m x 1000m,50x50,"SCL, B04, B08, B11, B12",,,,,,AUTH_REQUIRED,CDSE OAuth2 credentials not configured in environment.,,,,,,AUTH_REQUIRED,CDSE OAuth2 credentials not configured in environment.,,50x50,"SCL, B04, B08, B11, B12",,,,,50x50,"SCL, B04, B08, B11, B12",,,,,,,,,,,,,,,,,,,,,,,,,,,,,,,,,,,,,,,,,,,,,,,,,,INVALID_INPUT,Both pre_features and post_features are None.,,,,,,,,,,,,,,,,
FIRMS_TN_0273,11.81797,77.91679,2025-01-06,HIGH,Built-up,2.03,AUTH_REQUIRED,False,CDSE OAuth2 credentials not configured in environment.,1000m x 1000m,50x50,"SCL, B04, B08, B11, B12",,,,,,AUTH_REQUIRED,CDSE OAuth2 credentials not configured in environment.,,,,,,AUTH_REQUIRED,CDSE OAuth2 credentials not configured in environment.,,50x50,"SCL, B04, B08, B11, B12",,,,,50x50,"SCL, B04, B08, B11, B12",,,,,,,,,,,,,,,,,,,,,,,,,,,,,,,,,,,,,,,,,,,,,,,,,,INVALID_INPUT,Both pre_features and post_features are None.,,,,,,,,,,,,,,,,
FIRMS_TN_0274,11.81306,77.92001,2025-01-06,MEDIUM,Built-up,1.54,AUTH_REQUIRED,False,CDSE OAuth2 credentials not configured in environment.,1000m x 1000m,50x50,"SCL, B04, B08, B11, B12",,,,,,AUTH_REQUIRED,CDSE OAuth2 credentials not configured in environment.,,,,,,AUTH_REQUIRED,CDSE OAuth2 credentials not configured in environment.,,50x50,"SCL, B04, B08, B11, B12",,,,,50x50,"SCL, B04, B08, B11, B12",,,,,,,,,,,,,,,,,,,,,,,,,,,,,,,,,,,,,,,,,,,,,,,,,,INVALID_INPUT,Both pre_features and post_features are None.,,,,,,,,,,,,,,,,
FIRMS_TN_0275,11.77549,76.99091,2025-01-06,LOW,Tree cover,0.59,AUTH_REQUIRED,False,CDSE OAuth2 credentials not configured in environment.,1000m x 1000m,50x50,"SCL, B04, B08, B11, B12",,,,,,AUTH_REQUIRED,CDSE OAuth2 credentials not configured in environment.,,,,,,AUTH_REQUIRED,CDSE OAuth2 credentials not configured in environment.,,50x50,"SCL, B04, B08, B11, B12",,,,,50x50,"SCL, B04, B08, B11, B12",,,,,,,,,,,,,,,,,,,,,,,,,,,,,,,,,,,,,,,,,,,,,,,,,,INVALID_INPUT,Both pre_features and post_features are None.,,,,,,,,,,,,,,,,
FIRMS_TN_0276,10.92894,77.5596,2025-01-06,MEDIUM,Built-up,0.35,AUTH_REQUIRED,False,CDSE OAuth2 credentials not configured in environment.,1000m x 1000m,50x50,"SCL, B04, B08, B11, B12",,,,,,AUTH_REQUIRED,CDSE OAuth2 credentials not configured in environment.,,,,,,AUTH_REQUIRED,CDSE OAuth2 credentials not configured in environment.,,50x50,"SCL, B04, B08, B11, B12",,,,,50x50,"SCL, B04, B08, B11, B12",,,,,,,,,,,,,,,,,,,,,,,,,,,,,,,,,,,,,,,,,,,,,,,,,,INVALID_INPUT,Both pre_features and post_features are None.,,,,,,,,,,,,,,,,
FIRMS_TN_0277,9.77955,77.90776,2025-01-06,MEDIUM,Tree cover,1.11,AUTH_REQUIRED,False,CDSE OAuth2 credentials not configured in environment.,1000m x 1000m,50x50,"SCL, B04, B08, B11, B12",,,,,,AUTH_REQUIRED,CDSE OAuth2 credentials not configured in environment.,,,,,,AUTH_REQUIRED,CDSE OAuth2 credentials not configured in environment.,,50x50,"SCL, B04, B08, B11, B12",,,,,50x50,"SCL, B04, B08, B11, B12",,,,,,,,,,,,,,,,,,,,,,,,,,,,,,,,,,,,,,,,,,,,,,,,,,INVALID_INPUT,Both pre_features and post_features are None.,,,,,,,,,,,,,,,,
FIRMS_TN_0278,8.85111,78.11459,2025-01-07,MEDIUM,Shrubland,3.16,AUTH_REQUIRED,False,CDSE OAuth2 credentials not configured in environment.,1000m x 1000m,50x50,"SCL, B04, B08, B11, B12",,,,,,AUTH_REQUIRED,CDSE OAuth2 credentials not configured in environment.,,,,,,AUTH_REQUIRED,CDSE OAuth2 credentials not configured in environment.,,50x50,"SCL, B04, B08, B11, B12",,,,,50x50,"SCL, B04, B08, B11, B12",,,,,,,,,,,,,,,,,,,,,,,,,,,,,,,,,,,,,,,,,,,,,,,,,,INVALID_INPUT,Both pre_features and post_features are None.,,,,,,,,,,,,,,,,
FIRMS_TN_0279,8.31969,77.4026,2025-01-07,MEDIUM,Tree cover,2.28,AUTH_REQUIRED,False,CDSE OAuth2 credentials not configured in environment.,1000m x 1000m,50x50,"SCL, B04, B08, B11, B12",,,,,,AUTH_REQUIRED,CDSE OAuth2 credentials not configured in environment.,,,,,,AUTH_REQUIRED,CDSE OAuth2 credentials not configured in environment.,,50x50,"SCL, B04, B08, B11, B12",,,,,50x50,"SCL, B04, B08, B11, B12",,,,,,,,,,,,,,,,,,,,,,,,,,,,,,,,,,,,,,,,,,,,,,,,,,INVALID_INPUT,Both pre_features and post_features are None.,,,,,,,,,,,,,,,,
FIRMS_TN_0280,8.22996,77.46539,2025-01-07,MEDIUM,Tree cover,1.65,AUTH_REQUIRED,False,CDSE OAuth2 credentials not configured in environment.,1000m x 1000m,50x50,"SCL, B04, B08, B11, B12",,,,,,AUTH_REQUIRED,CDSE OAuth2 credentials not configured in environment.,,,,,,AUTH_REQUIRED,CDSE OAuth2 credentials not configured in environment.,,50x50,"SCL, B04, B08, B11, B12",,,,,50x50,"SCL, B04, B08, B11, B12",,,,,,,,,,,,,,,,,,,,,,,,,,,,,,,,,,,,,,,,,,,,,,,,,,INVALID_INPUT,Both pre_features and post_features are None.,,,,,,,,,,,,,,,,
FIRMS_TN_0281,9.3789,77.40843,2025-01-07,LOW,Tree cover,1.49,AUTH_REQUIRED,False,CDSE OAuth2 credentials not configured in environment.,1000m x 1000m,50x50,"SCL, B04, B08, B11, B12",,,,,,AUTH_REQUIRED,CDSE OAuth2 credentials not configured in environment.,,,,,,AUTH_REQUIRED,CDSE OAuth2 credentials not configured in environment.,,50x50,"SCL, B04, B08, B11, B12",,,,,50x50,"SCL, B04, B08, B11, B12",,,,,,,,,,,,,,,,,,,,,,,,,,,,,,,,,,,,,,,,,,,,,,,,,,INVALID_INPUT,Both pre_features and post_features are None.,,,,,,,,,,,,,,,,
FIRMS_TN_0282,11.19525,77.8558,2025-01-07,MEDIUM,Tree cover,3.59,AUTH_REQUIRED,False,CDSE OAuth2 credentials not configured in environment.,1000m x 1000m,50x50,"SCL, B04, B08, B11, B12",,,,,,AUTH_REQUIRED,CDSE OAuth2 credentials not configured in environment.,,,,,,AUTH_REQUIRED,CDSE OAuth2 credentials not configured in environment.,,50x50,"SCL, B04, B08, B11, B12",,,,,50x50,"SCL, B04, B08, B11, B12",,,,,,,,,,,,,,,,,,,,,,,,,,,,,,,,,,,,,,,,,,,,,,,,,,INVALID_INPUT,Both pre_features and post_features are None.,,,,,,,,,,,,,,,,
FIRMS_TN_0283,11.19609,77.85741,2025-01-07,MEDIUM,Tree cover,3.07,AUTH_REQUIRED,False,CDSE OAuth2 credentials not configured in environment.,1000m x 1000m,50x50,"SCL, B04, B08, B11, B12",,,,,,AUTH_REQUIRED,CDSE OAuth2 credentials not configured in environment.,,,,,,AUTH_REQUIRED,CDSE OAuth2 credentials not configured in environment.,,50x50,"SCL, B04, B08, B11, B12",,,,,50x50,"SCL, B04, B08, B11, B12",,,,,,,,,,,,,,,,,,,,,,,,,,,,,,,,,,,,,,,,,,,,,,,,,,INVALID_INPUT,Both pre_features and post_features are None.,,,,,,,,,,,,,,,,
FIRMS_TN_0284,11.83409,78.91941,2025-01-07,MEDIUM,Tree cover,2.85,AUTH_REQUIRED,False,CDSE OAuth2 credentials not configured in environment.,1000m x 1000m,50x50,"SCL, B04, B08, B11, B12",,,,,,AUTH_REQUIRED,CDSE OAuth2 credentials not configured in environment.,,,,,,AUTH_REQUIRED,CDSE OAuth2 credentials not configured in environment.,,50x50,"SCL, B04, B08, B11, B12",,,,,50x50,"SCL, B04, B08, B11, B12",,,,,,,,,,,,,,,,,,,,,,,,,,,,,,,,,,,,,,,,,,,,,,,,,,INVALID_INPUT,Both pre_features and post_features are None.,,,,,,,,,,,,,,,,
FIRMS_TN_0285,12.03704,79.81008,2025-01-07,MEDIUM,Tree cover,4.51,AUTH_REQUIRED,False,CDSE OAuth2 credentials not configured in environment.,1000m x 1000m,50x50,"SCL, B04, B08, B11, B12",,,,,,AUTH_REQUIRED,CDSE OAuth2 credentials not configured in environment.,,,,,,AUTH_REQUIRED,CDSE OAuth2 credentials not configured in environment.,,50x50,"SCL, B04, B08, B11, B12",,,,,50x50,"SCL, B04, B08, B11, B12",,,,,,,,,,,,,,,,,,,,,,,,,,,,,,,,,,,,,,,,,,,,,,,,,,INVALID_INPUT,Both pre_features and post_features are None.,,,,,,,,,,,,,,,,
FIRMS_TN_0286,12.56889,77.66099,2025-01-07,MEDIUM,Grassland,3.88,AUTH_REQUIRED,False,CDSE OAuth2 credentials not configured in environment.,1000m x 1000m,50x50,"SCL, B04, B08, B11, B12",,,,,,AUTH_REQUIRED,CDSE OAuth2 credentials not configured in environment.,,,,,,AUTH_REQUIRED,CDSE OAuth2 credentials not configured in environment.,,50x50,"SCL, B04, B08, B11, B12",,,,,50x50,"SCL, B04, B08, B11, B12",,,,,,,,,,,,,,,,,,,,,,,,,,,,,,,,,,,,,,,,,,,,,,,,,,INVALID_INPUT,Both pre_features and post_features are None.,,,,,,,,,,,,,,,,
FIRMS_TN_0287,12.73532,77.78838,2025-01-07,LOW,Built-up,1.51,AUTH_REQUIRED,False,CDSE OAuth2 credentials not configured in environment.,1000m x 1000m,50x50,"SCL, B04, B08, B11, B12",,,,,,AUTH_REQUIRED,CDSE OAuth2 credentials not configured in environment.,,,,,,AUTH_REQUIRED,CDSE OAuth2 credentials not configured in environment.,,50x50,"SCL, B04, B08, B11, B12",,,,,50x50,"SCL, B04, B08, B11, B12",,,,,,,,,,,,,,,,,,,,,,,,,,,,,,,,,,,,,,,,,,,,,,,,,,INVALID_INPUT,Both pre_features and post_features are None.,,,,,,,,,,,,,,,,
FIRMS_TN_0288,13.1301,79.42122,2025-01-07,MEDIUM,Tree cover,7.93,AUTH_REQUIRED,False,CDSE OAuth2 credentials not configured in environment.,1000m x 1000m,50x50,"SCL, B04, B08, B11, B12",,,,,,AUTH_REQUIRED,CDSE OAuth2 credentials not configured in environment.,,,,,,AUTH_REQUIRED,CDSE OAuth2 credentials not configured in environment.,,50x50,"SCL, B04, B08, B11, B12",,,,,50x50,"SCL, B04, B08, B11, B12",,,,,,,,,,,,,,,,,,,,,,,,,,,,,,,,,,,,,,,,,,,,,,,,,,INVALID_INPUT,Both pre_features and post_features are None.,,,,,,,,,,,,,,,,
FIRMS_TN_0289,13.27669,79.65884,2025-01-07,MEDIUM,Cropland,2.73,AUTH_REQUIRED,False,CDSE OAuth2 credentials not configured in environment.,1000m x 1000m,50x50,"SCL, B04, B08, B11, B12",,,,,,AUTH_REQUIRED,CDSE OAuth2 credentials not configured in environment.,,,,,,AUTH_REQUIRED,CDSE OAuth2 credentials not configured in environment.,,50x50,"SCL, B04, B08, B11, B12",,,,,50x50,"SCL, B04, B08, B11, B12",,,,,,,,,,,,,,,,,,,,,,,,,,,,,,,,,,,,,,,,,,,,,,,,,,INVALID_INPUT,Both pre_features and post_features are None.,,,,,,,,,,,,,,,,
FIRMS_TN_0290,13.39254,80.10291,2025-01-07,LOW,Cropland,1.01,AUTH_REQUIRED,False,CDSE OAuth2 credentials not configured in environment.,1000m x 1000m,50x50,"SCL, B04, B08, B11, B12",,,,,,AUTH_REQUIRED,CDSE OAuth2 credentials not configured in environment.,,,,,,AUTH_REQUIRED,CDSE OAuth2 credentials not configured in environment.,,50x50,"SCL, B04, B08, B11, B12",,,,,50x50,"SCL, B04, B08, B11, B12",,,,,,,,,,,,,,,,,,,,,,,,,,,,,,,,,,,,,,,,,,,,,,,,,,INVALID_INPUT,Both pre_features and post_features are None.,,,,,,,,,,,,,,,,
FIRMS_TN_0291,12.96668,79.9149,2025-01-07,LOW,Cropland,0.6,AUTH_REQUIRED,False,CDSE OAuth2 credentials not configured in environment.,1000m x 1000m,50x50,"SCL, B04, B08, B11, B12",,,,,,AUTH_REQUIRED,CDSE OAuth2 credentials not configured in environment.,,,,,,AUTH_REQUIRED,CDSE OAuth2 credentials not configured in environment.,,50x50,"SCL, B04, B08, B11, B12",,,,,50x50,"SCL, B04, B08, B11, B12",,,,,,,,,,,,,,,,,,,,,,,,,,,,,,,,,,,,,,,,,,,,,,,,,,INVALID_INPUT,Both pre_features and post_features are None.,,,,,,,,,,,,,,,,
FIRMS_TN_0292,10.93249,77.06418,2025-01-07,LOW,Cropland,0.29,AUTH_REQUIRED,False,CDSE OAuth2 credentials not configured in environment.,1000m x 1000m,50x50,"SCL, B04, B08, B11, B12",,,,,,AUTH_REQUIRED,CDSE OAuth2 credentials not configured in environment.,,,,,,AUTH_REQUIRED,CDSE OAuth2 credentials not configured in environment.,,50x50,"SCL, B04, B08, B11, B12",,,,,50x50,"SCL, B04, B08, B11, B12",,,,,,,,,,,,,,,,,,,,,,,,,,,,,,,,,,,,,,,,,,,,,,,,,,INVALID_INPUT,Both pre_features and post_features are None.,,,,,,,,,,,,,,,,
FIRMS_TN_0293,10.92919,77.06364,2025-01-07,LOW,Cropland,0.73,AUTH_REQUIRED,False,CDSE OAuth2 credentials not configured in environment.,1000m x 1000m,50x50,"SCL, B04, B08, B11, B12",,,,,,AUTH_REQUIRED,CDSE OAuth2 credentials not configured in environment.,,,,,,AUTH_REQUIRED,CDSE OAuth2 credentials not configured in environment.,,50x50,"SCL, B04, B08, B11, B12",,,,,50x50,"SCL, B04, B08, B11, B12",,,,,,,,,,,,,,,,,,,,,,,,,,,,,,,,,,,,,,,,,,,,,,,,,,INVALID_INPUT,Both pre_features and post_features are None.,,,,,,,,,,,,,,,,
FIRMS_TN_0294,12.69209,77.94728,2025-01-07,LOW,Cropland,0.36,AUTH_REQUIRED,False,CDSE OAuth2 credentials not configured in environment.,1000m x 1000m,50x50,"SCL, B04, B08, B11, B12",,,,,,AUTH_REQUIRED,CDSE OAuth2 credentials not configured in environment.,,,,,,AUTH_REQUIRED,CDSE OAuth2 credentials not configured in environment.,,50x50,"SCL, B04, B08, B11, B12",,,,,50x50,"SCL, B04, B08, B11, B12",,,,,,,,,,,,,,,,,,,,,,,,,,,,,,,,,,,,,,,,,,,,,,,,,,INVALID_INPUT,Both pre_features and post_features are None.,,,,,,,,,,,,,,,,
FIRMS_TN_0295,11.81625,77.91691,2025-01-07,HIGH,Built-up,2.43,AUTH_REQUIRED,False,CDSE OAuth2 credentials not configured in environment.,1000m x 1000m,50x50,"SCL, B04, B08, B11, B12",,,,,,AUTH_REQUIRED,CDSE OAuth2 credentials not configured in environment.,,,,,,AUTH_REQUIRED,CDSE OAuth2 credentials not configured in environment.,,50x50,"SCL, B04, B08, B11, B12",,,,,50x50,"SCL, B04, B08, B11, B12",,,,,,,,,,,,,,,,,,,,,,,,,,,,,,,,,,,,,,,,,,,,,,,,,,INVALID_INPUT,Both pre_features and post_features are None.,,,,,,,,,,,,,,,,
FIRMS_TN_0296,11.18222,79.09943,2025-01-07,MEDIUM,Built-up,1.04,AUTH_REQUIRED,False,CDSE OAuth2 credentials not configured in environment.,1000m x 1000m,50x50,"SCL, B04, B08, B11, B12",,,,,,AUTH_REQUIRED,CDSE OAuth2 credentials not configured in environment.,,,,,,AUTH_REQUIRED,CDSE OAuth2 credentials not configured in environment.,,50x50,"SCL, B04, B08, B11, B12",,,,,50x50,"SCL, B04, B08, B11, B12",,,,,,,,,,,,,,,,,,,,,,,,,,,,,,,,,,,,,,,,,,,,,,,,,,INVALID_INPUT,Both pre_features and post_features are None.,,,,,,,,,,,,,,,,
FIRMS_TN_0297,12.03586,79.81428,2025-01-08,HIGH,Tree cover,13.34,AUTH_REQUIRED,False,CDSE OAuth2 credentials not configured in environment.,1000m x 1000m,50x50,"SCL, B04, B08, B11, B12",,,,,,AUTH_REQUIRED,CDSE OAuth2 credentials not configured in environment.,,,,,,AUTH_REQUIRED,CDSE OAuth2 credentials not configured in environment.,,50x50,"SCL, B04, B08, B11, B12",,,,,50x50,"SCL, B04, B08, B11, B12",,,,,,,,,,,,,,,,,,,,,,,,,,,,,,,,,,,,,,,,,,,,,,,,,,INVALID_INPUT,Both pre_features and post_features are None.,,,,,,,,,,,,,,,,
FIRMS_TN_0298,11.49851,77.90342,2025-01-08,MEDIUM,Grassland,1.85,AUTH_REQUIRED,False,CDSE OAuth2 credentials not configured in environment.,1000m x 1000m,50x50,"SCL, B04, B08, B11, B12",,,,,,AUTH_REQUIRED,CDSE OAuth2 credentials not configured in environment.,,,,,,AUTH_REQUIRED,CDSE OAuth2 credentials not configured in environment.,,50x50,"SCL, B04, B08, B11, B12",,,,,50x50,"SCL, B04, B08, B11, B12",,,,,,,,,,,,,,,,,,,,,,,,,,,,,,,,,,,,,,,,,,,,,,,,,,INVALID_INPUT,Both pre_features and post_features are None.,,,,,,,,,,,,,,,,
FIRMS_TN_0299,11.09697,79.0728,2025-01-08,MEDIUM,Tree cover,4.14,AUTH_REQUIRED,False,CDSE OAuth2 credentials not configured in environment.,1000m x 1000m,50x50,"SCL, B04, B08, B11, B12",,,,,,AUTH_REQUIRED,CDSE OAuth2 credentials not configured in environment.,,,,,,AUTH_REQUIRED,CDSE OAuth2 credentials not configured in environment.,,50x50,"SCL, B04, B08, B11, B12",,,,,50x50,"SCL, B04, B08, B11, B12",,,,,,,,,,,,,,,,,,,,,,,,,,,,,,,,,,,,,,,,,,,,,,,,,,INVALID_INPUT,Both pre_features and post_features are None.,,,,,,,,,,,,,,,,
FIRMS_TN_0300,9.97193,77.53833,2025-01-08,HIGH,Grassland,5.18,AUTH_REQUIRED,False,CDSE OAuth2 credentials not configured in environment.,1000m x 1000m,50x50,"SCL, B04, B08, B11, B12",,,,,,AUTH_REQUIRED,CDSE OAuth2 credentials not configured in environment.,,,,,,AUTH_REQUIRED,CDSE OAuth2 credentials not configured in environment.,,50x50,"SCL, B04, B08, B11, B12",,,,,50x50,"SCL, B04, B08, B11, B12",,,,,,,,,,,,,,,,,,,,,,,,,,,,,,,,,,,,,,,,,,,,,,,,,,INVALID_INPUT,Both pre_features and post_features are None.,,,,,,,,,,,,,,,,
FIRMS_TN_0301,12.99833,79.90717,2025-01-08,LOW,Grassland,0.35,AUTH_REQUIRED,False,CDSE OAuth2 credentials not configured in environment.,1000m x 1000m,50x50,"SCL, B04, B08, B11, B12",,,,,,AUTH_REQUIRED,CDSE OAuth2 credentials not configured in environment.,,,,,,AUTH_REQUIRED,CDSE OAuth2 credentials not configured in environment.,,50x50,"SCL, B04, B08, B11, B12",,,,,50x50,"SCL, B04, B08, B11, B12",,,,,,,,,,,,,,,,,,,,,,,,,,,,,,,,,,,,,,,,,,,,,,,,,,INVALID_INPUT,Both pre_features and post_features are None.,,,,,,,,,,,,,,,,
FIRMS_TN_0302,12.87515,79.88918,2025-01-08,LOW,Grassland,0.4,AUTH_REQUIRED,False,CDSE OAuth2 credentials not configured in environment.,1000m x 1000m,50x50,"SCL, B04, B08, B11, B12",,,,,,AUTH_REQUIRED,CDSE OAuth2 credentials not configured in environment.,,,,,,AUTH_REQUIRED,CDSE OAuth2 credentials not configured in environment.,,50x50,"SCL, B04, B08, B11, B12",,,,,50x50,"SCL, B04, B08, B11, B12",,,,,,,,,,,,,,,,,,,,,,,,,,,,,,,,,,,,,,,,,,,,,,,,,,INVALID_INPUT,Both pre_features and post_features are None.,,,,,,,,,,,,,,,,
FIRMS_TN_0303,12.87471,79.8894,2025-01-08,LOW,Grassland,0.52,AUTH_REQUIRED,False,CDSE OAuth2 credentials not configured in environment.,1000m x 1000m,50x50,"SCL, B04, B08, B11, B12",,,,,,AUTH_REQUIRED,CDSE OAuth2 credentials not configured in environment.,,,,,,AUTH_REQUIRED,CDSE OAuth2 credentials not configured in environment.,,50x50,"SCL, B04, B08, B11, B12",,,,,50x50,"SCL, B04, B08, B11, B12",,,,,,,,,,,,,,,,,,,,,,,,,,,,,,,,,,,,,,,,,,,,,,,,,,INVALID_INPUT,Both pre_features and post_features are None.,,,,,,,,,,,,,,,,
FIRMS_TN_0304,12.85482,79.90556,2025-01-08,MEDIUM,Grassland,1.66,AUTH_REQUIRED,False,CDSE OAuth2 credentials not configured in environment.,1000m x 1000m,50x50,"SCL, B04, B08, B11, B12",,,,,,AUTH_REQUIRED,CDSE OAuth2 credentials not configured in environment.,,,,,,AUTH_REQUIRED,CDSE OAuth2 credentials not configured in environment.,,50x50,"SCL, B04, B08, B11, B12",,,,,50x50,"SCL, B04, B08, B11, B12",,,,,,,,,,,,,,,,,,,,,,,,,,,,,,,,,,,,,,,,,,,,,,,,,,INVALID_INPUT,Both pre_features and post_features are None.,,,,,,,,,,,,,,,,
FIRMS_TN_0305,12.70463,77.80582,2025-01-08,LOW,Cropland,1.06,AUTH_REQUIRED,False,CDSE OAuth2 credentials not configured in environment.,1000m x 1000m,50x50,"SCL, B04, B08, B11, B12",,,,,,AUTH_REQUIRED,CDSE OAuth2 credentials not configured in environment.,,,,,,AUTH_REQUIRED,CDSE OAuth2 credentials not configured in environment.,,50x50,"SCL, B04, B08, B11, B12",,,,,50x50,"SCL, B04, B08, B11, B12",,,,,,,,,,,,,,,,,,,,,,,,,,,,,,,,,,,,,,,,,,,,,,,,,,INVALID_INPUT,Both pre_features and post_features are None.,,,,,,,,,,,,,,,,
FIRMS_TN_0306,11.8722,79.22449,2025-01-08,LOW,Tree cover,0.67,AUTH_REQUIRED,False,CDSE OAuth2 credentials not configured in environment.,1000m x 1000m,50x50,"SCL, B04, B08, B11, B12",,,,,,AUTH_REQUIRED,CDSE OAuth2 credentials not configured in environment.,,,,,,AUTH_REQUIRED,CDSE OAuth2 credentials not configured in environment.,,50x50,"SCL, B04, B08, B11, B12",,,,,50x50,"SCL, B04, B08, B11, B12",,,,,,,,,,,,,,,,,,,,,,,,,,,,,,,,,,,,,,,,,,,,,,,,,,INVALID_INPUT,Both pre_features and post_features are None.,,,,,,,,,,,,,,,,
FIRMS_TN_0307,11.81092,77.92183,2025-01-08,MEDIUM,Built-up,3.02,AUTH_REQUIRED,False,CDSE OAuth2 credentials not configured in environment.,1000m x 1000m,50x50,"SCL, B04, B08, B11, B12",,,,,,AUTH_REQUIRED,CDSE OAuth2 credentials not configured in environment.,,,,,,AUTH_REQUIRED,CDSE OAuth2 credentials not configured in environment.,,50x50,"SCL, B04, B08, B11, B12",,,,,50x50,"SCL, B04, B08, B11, B12",,,,,,,,,,,,,,,,,,,,,,,,,,,,,,,,,,,,,,,,,,,,,,,,,,INVALID_INPUT,Both pre_features and post_features are None.,,,,,,,,,,,,,,,,
FIRMS_TN_0308,11.6535,78.02995,2025-01-08,MEDIUM,Built-up,1.3,AUTH_REQUIRED,False,CDSE OAuth2 credentials not configured in environment.,1000m x 1000m,50x50,"SCL, B04, B08, B11, B12",,,,,,AUTH_REQUIRED,CDSE OAuth2 credentials not configured in environment.,,,,,,AUTH_REQUIRED,CDSE OAuth2 credentials not configured in environment.,,50x50,"SCL, B04, B08, B11, B12",,,,,50x50,"SCL, B04, B08, B11, B12",,,,,,,,,,,,,,,,,,,,,,,,,,,,,,,,,,,,,,,,,,,,,,,,,,INVALID_INPUT,Both pre_features and post_features are None.,,,,,,,,,,,,,,,,
FIRMS_TN_0309,11.18334,79.0993,2025-01-08,MEDIUM,Built-up,0.7,AUTH_REQUIRED,False,CDSE OAuth2 credentials not configured in environment.,1000m x 1000m,50x50,"SCL, B04, B08, B11, B12",,,,,,AUTH_REQUIRED,CDSE OAuth2 credentials not configured in environment.,,,,,,AUTH_REQUIRED,CDSE OAuth2 credentials not configured in environment.,,50x50,"SCL, B04, B08, B11, B12",,,,,50x50,"SCL, B04, B08, B11, B12",,,,,,,,,,,,,,,,,,,,,,,,,,,,,,,,,,,,,,,,,,,,,,,,,,INVALID_INPUT,Both pre_features and post_features are None.,,,,,,,,,,,,,,,,
FIRMS_TN_0310,10.49672,77.46429,2025-01-08,MEDIUM,Cropland,0.45,AUTH_REQUIRED,False,CDSE OAuth2 credentials not configured in environment.,1000m x 1000m,50x50,"SCL, B04, B08, B11, B12",,,,,,AUTH_REQUIRED,CDSE OAuth2 credentials not configured in environment.,,,,,,AUTH_REQUIRED,CDSE OAuth2 credentials not configured in environment.,,50x50,"SCL, B04, B08, B11, B12",,,,,50x50,"SCL, B04, B08, B11, B12",,,,,,,,,,,,,,,,,,,,,,,,,,,,,,,,,,,,,,,,,,,,,,,,,,INVALID_INPUT,Both pre_features and post_features are None.,,,,,,,,,,,,,,,,
FIRMS_TN_0311,10.75285,78.90936,2025-01-08,MEDIUM,Grassland,0.58,AUTH_REQUIRED,False,CDSE OAuth2 credentials not configured in environment.,1000m x 1000m,50x50,"SCL, B04, B08, B11, B12",,,,,,AUTH_REQUIRED,CDSE OAuth2 credentials not configured in environment.,,,,,,AUTH_REQUIRED,CDSE OAuth2 credentials not configured in environment.,,50x50,"SCL, B04, B08, B11, B12",,,,,50x50,"SCL, B04, B08, B11, B12",,,,,,,,,,,,,,,,,,,,,,,,,,,,,,,,,,,,,,,,,,,,,,,,,,INVALID_INPUT,Both pre_features and post_features are None.,,,,,,,,,,,,,,,,
FIRMS_TN_0312,11.17813,79.08661,2025-01-08,MEDIUM,Built-up,0.67,AUTH_REQUIRED,False,CDSE OAuth2 credentials not configured in environment.,1000m x 1000m,50x50,"SCL, B04, B08, B11, B12",,,,,,AUTH_REQUIRED,CDSE OAuth2 credentials not configured in environment.,,,,,,AUTH_REQUIRED,CDSE OAuth2 credentials not configured in environment.,,50x50,"SCL, B04, B08, B11, B12",,,,,50x50,"SCL, B04, B08, B11, B12",,,,,,,,,,,,,,,,,,,,,,,,,,,,,,,,,,,,,,,,,,,,,,,,,,INVALID_INPUT,Both pre_features and post_features are None.,,,,,,,,,,,,,,,,
FIRMS_TN_0313,13.39291,80.10188,2025-01-08,LOW,Cropland,1.19,AUTH_REQUIRED,False,CDSE OAuth2 credentials not configured in environment.,1000m x 1000m,50x50,"SCL, B04, B08, B11, B12",,,,,,AUTH_REQUIRED,CDSE OAuth2 credentials not configured in environment.,,,,,,AUTH_REQUIRED,CDSE OAuth2 credentials not configured in environment.,,50x50,"SCL, B04, B08, B11, B12",,,,,50x50,"SCL, B04, B08, B11, B12",,,,,,,,,,,,,,,,,,,,,,,,,,,,,,,,,,,,,,,,,,,,,,,,,,INVALID_INPUT,Both pre_features and post_features are None.,,,,,,,,,,,,,,,,
FIRMS_TN_0314,13.39286,80.0788,2025-01-08,LOW,Cropland,0.29,AUTH_REQUIRED,False,CDSE OAuth2 credentials not configured in environment.,1000m x 1000m,50x50,"SCL, B04, B08, B11, B12",,,,,,AUTH_REQUIRED,CDSE OAuth2 credentials not configured in environment.,,,,,,AUTH_REQUIRED,CDSE OAuth2 credentials not configured in environment.,,50x50,"SCL, B04, B08, B11, B12",,,,,50x50,"SCL, B04, B08, B11, B12",,,,,,,,,,,,,,,,,,,,,,,,,,,,,,,,,,,,,,,,,,,,,,,,,,INVALID_INPUT,Both pre_features and post_features are None.,,,,,,,,,,,,,,,,
FIRMS_TN_0315,13.1593,80.28298,2025-01-08,LOW,Built-up,0.61,AUTH_REQUIRED,False,CDSE OAuth2 credentials not configured in environment.,1000m x 1000m,50x50,"SCL, B04, B08, B11, B12",,,,,,AUTH_REQUIRED,CDSE OAuth2 credentials not configured in environment.,,,,,,AUTH_REQUIRED,CDSE OAuth2 credentials not configured in environment.,,50x50,"SCL, B04, B08, B11, B12",,,,,50x50,"SCL, B04, B08, B11, B12",,,,,,,,,,,,,,,,,,,,,,,,,,,,,,,,,,,,,,,,,,,,,,,,,,INVALID_INPUT,Both pre_features and post_features are None.,,,,,,,,,,,,,,,,
FIRMS_TN_0316,13.06491,80.18908,2025-01-08,LOW,Built-up,0.52,AUTH_REQUIRED,False,CDSE OAuth2 credentials not configured in environment.,1000m x 1000m,50x50,"SCL, B04, B08, B11, B12",,,,,,AUTH_REQUIRED,CDSE OAuth2 credentials not configured in environment.,,,,,,AUTH_REQUIRED,CDSE OAuth2 credentials not configured in environment.,,50x50,"SCL, B04, B08, B11, B12",,,,,50x50,"SCL, B04, B08, B11, B12",,,,,,,,,,,,,,,,,,,,,,,,,,,,,,,,,,,,,,,,,,,,,,,,,,INVALID_INPUT,Both pre_features and post_features are None.,,,,,,,,,,,,,,,,
FIRMS_TN_0317,13.08191,79.98158,2025-01-08,LOW,Bare/sparse vegetation,0.78,AUTH_REQUIRED,False,CDSE OAuth2 credentials not configured in environment.,1000m x 1000m,50x50,"SCL, B04, B08, B11, B12",,,,,,AUTH_REQUIRED,CDSE OAuth2 credentials not configured in environment.,,,,,,AUTH_REQUIRED,CDSE OAuth2 credentials not configured in environment.,,50x50,"SCL, B04, B08, B11, B12",,,,,50x50,"SCL, B04, B08, B11, B12",,,,,,,,,,,,,,,,,,,,,,,,,,,,,,,,,,,,,,,,,,,,,,,,,,INVALID_INPUT,Both pre_features and post_features are None.,,,,,,,,,,,,,,,,
FIRMS_TN_0318,9.85275,78.15184,2025-01-09,MEDIUM,Shrubland,0.87,AUTH_REQUIRED,False,CDSE OAuth2 credentials not configured in environment.,1000m x 1000m,50x50,"SCL, B04, B08, B11, B12",,,,,,AUTH_REQUIRED,CDSE OAuth2 credentials not configured in environment.,,,,,,AUTH_REQUIRED,CDSE OAuth2 credentials not configured in environment.,,50x50,"SCL, B04, B08, B11, B12",,,,,50x50,"SCL, B04, B08, B11, B12",,,,,,,,,,,,,,,,,,,,,,,,,,,,,,,,,,,,,,,,,,,,,,,,,,INVALID_INPUT,Both pre_features and post_features are None.,,,,,,,,,,,,,,,,
FIRMS_TN_0319,11.81362,77.9201,2025-01-09,MEDIUM,Built-up,0.8,AUTH_REQUIRED,False,CDSE OAuth2 credentials not configured in environment.,1000m x 1000m,50x50,"SCL, B04, B08, B11, B12",,,,,,AUTH_REQUIRED,CDSE OAuth2 credentials not configured in environment.,,,,,,AUTH_REQUIRED,CDSE OAuth2 credentials not configured in environment.,,50x50,"SCL, B04, B08, B11, B12",,,,,50x50,"SCL, B04, B08, B11, B12",,,,,,,,,,,,,,,,,,,,,,,,,,,,,,,,,,,,,,,,,,,,,,,,,,INVALID_INPUT,Both pre_features and post_features are None.,,,,,,,,,,,,,,,,
FIRMS_TN_0320,13.41907,80.08904,2025-01-09,LOW,Cropland,0.65,AUTH_REQUIRED,False,CDSE OAuth2 credentials not configured in environment.,1000m x 1000m,50x50,"SCL, B04, B08, B11, B12",,,,,,AUTH_REQUIRED,CDSE OAuth2 credentials not configured in environment.,,,,,,AUTH_REQUIRED,CDSE OAuth2 credentials not configured in environment.,,50x50,"SCL, B04, B08, B11, B12",,,,,50x50,"SCL, B04, B08, B11, B12",,,,,,,,,,,,,,,,,,,,,,,,,,,,,,,,,,,,,,,,,,,,,,,,,,INVALID_INPUT,Both pre_features and post_features are None.,,,,,,,,,,,,,,,,
FIRMS_TN_0321,13.39514,80.0994,2025-01-09,LOW,Cropland,0.42,AUTH_REQUIRED,False,CDSE OAuth2 credentials not configured in environment.,1000m x 1000m,50x50,"SCL, B04, B08, B11, B12",,,,,,AUTH_REQUIRED,CDSE OAuth2 credentials not configured in environment.,,,,,,AUTH_REQUIRED,CDSE OAuth2 credentials not configured in environment.,,50x50,"SCL, B04, B08, B11, B12",,,,,50x50,"SCL, B04, B08, B11, B12",,,,,,,,,,,,,,,,,,,,,,,,,,,,,,,,,,,,,,,,,,,,,,,,,,INVALID_INPUT,Both pre_features and post_features are None.,,,,,,,,,,,,,,,,
FIRMS_TN_0322,13.16071,80.28396,2025-01-09,LOW,Built-up,1.38,AUTH_REQUIRED,False,CDSE OAuth2 credentials not configured in environment.,1000m x 1000m,50x50,"SCL, B04, B08, B11, B12",,,,,,AUTH_REQUIRED,CDSE OAuth2 credentials not configured in environment.,,,,,,AUTH_REQUIRED,CDSE OAuth2 credentials not configured in environment.,,50x50,"SCL, B04, B08, B11, B12",,,,,50x50,"SCL, B04, B08, B11, B12",,,,,,,,,,,,,,,,,,,,,,,,,,,,,,,,,,,,,,,,,,,,,,,,,,INVALID_INPUT,Both pre_features and post_features are None.,,,,,,,,,,,,,,,,
FIRMS_TN_0323,13.08376,79.97999,2025-01-09,LOW,Shrubland,1.17,AUTH_REQUIRED,False,CDSE OAuth2 credentials not configured in environment.,1000m x 1000m,50x50,"SCL, B04, B08, B11, B12",,,,,,AUTH_REQUIRED,CDSE OAuth2 credentials not configured in environment.,,,,,,AUTH_REQUIRED,CDSE OAuth2 credentials not configured in environment.,,50x50,"SCL, B04, B08, B11, B12",,,,,50x50,"SCL, B04, B08, B11, B12",,,,,,,,,,,,,,,,,,,,,,,,,,,,,,,,,,,,,,,,,,,,,,,,,,INVALID_INPUT,Both pre_features and post_features are None.,,,,,,,,,,,,,,,,
FIRMS_TN_0324,10.93198,77.55813,2025-01-09,MEDIUM,Cropland,0.28,AUTH_REQUIRED,False,CDSE OAuth2 credentials not configured in environment.,1000m x 1000m,50x50,"SCL, B04, B08, B11, B12",,,,,,AUTH_REQUIRED,CDSE OAuth2 credentials not configured in environment.,,,,,,AUTH_REQUIRED,CDSE OAuth2 credentials not configured in environment.,,50x50,"SCL, B04, B08, B11, B12",,,,,50x50,"SCL, B04, B08, B11, B12",,,,,,,,,,,,,,,,,,,,,,,,,,,,,,,,,,,,,,,,,,,,,,,,,,INVALID_INPUT,Both pre_features and post_features are None.,,,,,,,,,,,,,,,,
FIRMS_TN_0325,11.37769,77.35635,2025-01-10,MEDIUM,Tree cover,1.71,AUTH_REQUIRED,False,CDSE OAuth2 credentials not configured in environment.,1000m x 1000m,50x50,"SCL, B04, B08, B11, B12",,,,,,AUTH_REQUIRED,CDSE OAuth2 credentials not configured in environment.,,,,,,AUTH_REQUIRED,CDSE OAuth2 credentials not configured in environment.,,50x50,"SCL, B04, B08, B11, B12",,,,,50x50,"SCL, B04, B08, B11, B12",,,,,,,,,,,,,,,,,,,,,,,,,,,,,,,,,,,,,,,,,,,,,,,,,,INVALID_INPUT,Both pre_features and post_features are None.,,,,,,,,,,,,,,,,
FIRMS_TN_0326,13.19121,80.2813,2025-01-10,LOW,Cropland,0.57,AUTH_REQUIRED,False,CDSE OAuth2 credentials not configured in environment.,1000m x 1000m,50x50,"SCL, B04, B08, B11, B12",,,,,,AUTH_REQUIRED,CDSE OAuth2 credentials not configured in environment.,,,,,,AUTH_REQUIRED,CDSE OAuth2 credentials not configured in environment.,,50x50,"SCL, B04, B08, B11, B12",,,,,50x50,"SCL, B04, B08, B11, B12",,,,,,,,,,,,,,,,,,,,,,,,,,,,,,,,,,,,,,,,,,,,,,,,,,INVALID_INPUT,Both pre_features and post_features are None.,,,,,,,,,,,,,,,,
FIRMS_TN_0327,13.16068,80.2821,2025-01-10,LOW,Built-up,1.19,AUTH_REQUIRED,False,CDSE OAuth2 credentials not configured in environment.,1000m x 1000m,50x50,"SCL, B04, B08, B11, B12",,,,,,AUTH_REQUIRED,CDSE OAuth2 credentials not configured in environment.,,,,,,AUTH_REQUIRED,CDSE OAuth2 credentials not configured in environment.,,50x50,"SCL, B04, B08, B11, B12",,,,,50x50,"SCL, B04, B08, B11, B12",,,,,,,,,,,,,,,,,,,,,,,,,,,,,,,,,,,,,,,,,,,,,,,,,,INVALID_INPUT,Both pre_features and post_features are None.,,,,,,,,,,,,,,,,
FIRMS_TN_0328,12.99741,79.90338,2025-01-10,LOW,Grassland,0.66,AUTH_REQUIRED,False,CDSE OAuth2 credentials not configured in environment.,1000m x 1000m,50x50,"SCL, B04, B08, B11, B12",,,,,,AUTH_REQUIRED,CDSE OAuth2 credentials not configured in environment.,,,,,,AUTH_REQUIRED,CDSE OAuth2 credentials not configured in environment.,,50x50,"SCL, B04, B08, B11, B12",,,,,50x50,"SCL, B04, B08, B11, B12",,,,,,,,,,,,,,,,,,,,,,,,,,,,,,,,,,,,,,,,,,,,,,,,,,INVALID_INPUT,Both pre_features and post_features are None.,,,,,,,,,,,,,,,,
FIRMS_TN_0329,12.99128,79.90255,2025-01-10,LOW,Tree cover,0.66,AUTH_REQUIRED,False,CDSE OAuth2 credentials not configured in environment.,1000m x 1000m,50x50,"SCL, B04, B08, B11, B12",,,,,,AUTH_REQUIRED,CDSE OAuth2 credentials not configured in environment.,,,,,,AUTH_REQUIRED,CDSE OAuth2 credentials not configured in environment.,,50x50,"SCL, B04, B08, B11, B12",,,,,50x50,"SCL, B04, B08, B11, B12",,,,,,,,,,,,,,,,,,,,,,,,,,,,,,,,,,,,,,,,,,,,,,,,,,INVALID_INPUT,Both pre_features and post_features are None.,,,,,,,,,,,,,,,,
FIRMS_TN_0330,9.55959,77.2526,2025-01-11,MEDIUM,Grassland,4.69,AUTH_REQUIRED,False,CDSE OAuth2 credentials not configured in environment.,1000m x 1000m,50x50,"SCL, B04, B08, B11, B12",,,,,,AUTH_REQUIRED,CDSE OAuth2 credentials not configured in environment.,,,,,,AUTH_REQUIRED,CDSE OAuth2 credentials not configured in environment.,,50x50,"SCL, B04, B08, B11, B12",,,,,50x50,"SCL, B04, B08, B11, B12",,,,,,,,,,,,,,,,,,,,,,,,,,,,,,,,,,,,,,,,,,,,,,,,,,INVALID_INPUT,Both pre_features and post_features are None.,,,,,,,,,,,,,,,,
FIRMS_TN_0331,9.56013,77.25623,2025-01-11,MEDIUM,Tree cover,4.69,AUTH_REQUIRED,False,CDSE OAuth2 credentials not configured in environment.,1000m x 1000m,50x50,"SCL, B04, B08, B11, B12",,,,,,AUTH_REQUIRED,CDSE OAuth2 credentials not configured in environment.,,,,,,AUTH_REQUIRED,CDSE OAuth2 credentials not configured in environment.,,50x50,"SCL, B04, B08, B11, B12",,,,,50x50,"SCL, B04, B08, B11, B12",,,,,,,,,,,,,,,,,,,,,,,,,,,,,,,,,,,,,,,,,,,,,,,,,,INVALID_INPUT,Both pre_features and post_features are None.,,,,,,,,,,,,,,,,
FIRMS_TN_0332,8.13922,77.58295,2025-01-11,MEDIUM,Tree cover,2.61,AUTH_REQUIRED,False,CDSE OAuth2 credentials not configured in environment.,1000m x 1000m,50x50,"SCL, B04, B08, B11, B12",,,,,,AUTH_REQUIRED,CDSE OAuth2 credentials not configured in environment.,,,,,,AUTH_REQUIRED,CDSE OAuth2 credentials not configured in environment.,,50x50,"SCL, B04, B08, B11, B12",,,,,50x50,"SCL, B04, B08, B11, B12",,,,,,,,,,,,,,,,,,,,,,,,,,,,,,,,,,,,,,,,,,,,,,,,,,INVALID_INPUT,Both pre_features and post_features are None.,,,,,,,,,,,,,,,,
FIRMS_TN_0333,12.99835,79.90646,2025-01-11,LOW,Grassland,1.02,AUTH_REQUIRED,False,CDSE OAuth2 credentials not configured in environment.,1000m x 1000m,50x50,"SCL, B04, B08, B11, B12",,,,,,AUTH_REQUIRED,CDSE OAuth2 credentials not configured in environment.,,,,,,AUTH_REQUIRED,CDSE OAuth2 credentials not configured in environment.,,50x50,"SCL, B04, B08, B11, B12",,,,,50x50,"SCL, B04, B08, B11, B12",,,,,,,,,,,,,,,,,,,,,,,,,,,,,,,,,,,,,,,,,,,,,,,,,,INVALID_INPUT,Both pre_features and post_features are None.,,,,,,,,,,,,,,,,
FIRMS_TN_0334,11.81491,77.91808,2025-01-11,HIGH,Built-up,1.9,AUTH_REQUIRED,False,CDSE OAuth2 credentials not configured in environment.,1000m x 1000m,50x50,"SCL, B04, B08, B11, B12",,,,,,AUTH_REQUIRED,CDSE OAuth2 credentials not configured in environment.,,,,,,AUTH_REQUIRED,CDSE OAuth2 credentials not configured in environment.,,50x50,"SCL, B04, B08, B11, B12",,,,,50x50,"SCL, B04, B08, B11, B12",,,,,,,,,,,,,,,,,,,,,,,,,,,,,,,,,,,,,,,,,,,,,,,,,,INVALID_INPUT,Both pre_features and post_features are None.,,,,,,,,,,,,,,,,
FIRMS_TN_0335,11.18388,79.0989,2025-01-11,MEDIUM,Built-up,0.81,AUTH_REQUIRED,False,CDSE OAuth2 credentials not configured in environment.,1000m x 1000m,50x50,"SCL, B04, B08, B11, B12",,,,,,AUTH_REQUIRED,CDSE OAuth2 credentials not configured in environment.,,,,,,AUTH_REQUIRED,CDSE OAuth2 credentials not configured in environment.,,50x50,"SCL, B04, B08, B11, B12",,,,,50x50,"SCL, B04, B08, B11, B12",,,,,,,,,,,,,,,,,,,,,,,,,,,,,,,,,,,,,,,,,,,,,,,,,,INVALID_INPUT,Both pre_features and post_features are None.,,,,,,,,,,,,,,,,
FIRMS_TN_0336,11.43351,77.34338,2025-01-11,MEDIUM,Shrubland,0.99,AUTH_REQUIRED,False,CDSE OAuth2 credentials not configured in environment.,1000m x 1000m,50x50,"SCL, B04, B08, B11, B12",,,,,,AUTH_REQUIRED,CDSE OAuth2 credentials not configured in environment.,,,,,,AUTH_REQUIRED,CDSE OAuth2 credentials not configured in environment.,,50x50,"SCL, B04, B08, B11, B12",,,,,50x50,"SCL, B04, B08, B11, B12",,,,,,,,,,,,,,,,,,,,,,,,,,,,,,,,,,,,,,,,,,,,,,,,,,INVALID_INPUT,Both pre_features and post_features are None.,,,,,,,,,,,,,,,,
FIRMS_TN_0337,12.99838,79.90594,2025-01-11,LOW,Shrubland,0.86,AUTH_REQUIRED,False,CDSE OAuth2 credentials not configured in environment.,1000m x 1000m,50x50,"SCL, B04, B08, B11, B12",,,,,,AUTH_REQUIRED,CDSE OAuth2 credentials not configured in environment.,,,,,,AUTH_REQUIRED,CDSE OAuth2 credentials not configured in environment.,,50x50,"SCL, B04, B08, B11, B12",,,,,50x50,"SCL, B04, B08, B11, B12",,,,,,,,,,,,,,,,,,,,,,,,,,,,,,,,,,,,,,,,,,,,,,,,,,INVALID_INPUT,Both pre_features and post_features are None.,,,,,,,,,,,,,,,,
FIRMS_TN_0338,13.3941,80.10033,2025-01-11,LOW,Grassland,0.74,AUTH_REQUIRED,False,CDSE OAuth2 credentials not configured in environment.,1000m x 1000m,50x50,"SCL, B04, B08, B11, B12",,,,,,AUTH_REQUIRED,CDSE OAuth2 credentials not configured in environment.,,,,,,AUTH_REQUIRED,CDSE OAuth2 credentials not configured in environment.,,50x50,"SCL, B04, B08, B11, B12",,,,,50x50,"SCL, B04, B08, B11, B12",,,,,,,,,,,,,,,,,,,,,,,,,,,,,,,,,,,,,,,,,,,,,,,,,,INVALID_INPUT,Both pre_features and post_features are None.,,,,,,,,,,,,,,,,
FIRMS_TN_0339,13.30202,79.47368,2025-01-12,LOW,Tree cover,0.71,AUTH_REQUIRED,False,CDSE OAuth2 credentials not configured in environment.,1000m x 1000m,50x50,"SCL, B04, B08, B11, B12",,,,,,AUTH_REQUIRED,CDSE OAuth2 credentials not configured in environment.,,,,,,AUTH_REQUIRED,CDSE OAuth2 credentials not configured in environment.,,50x50,"SCL, B04, B08, B11, B12",,,,,50x50,"SCL, B04, B08, B11, B12",,,,,,,,,,,,,,,,,,,,,,,,,,,,,,,,,,,,,,,,,,,,,,,,,,INVALID_INPUT,Both pre_features and post_features are None.,,,,,,,,,,,,,,,,
FIRMS_TN_0340,13.0976,79.75738,2025-01-12,LOW,Shrubland,0.42,AUTH_REQUIRED,False,CDSE OAuth2 credentials not configured in environment.,1000m x 1000m,50x50,"SCL, B04, B08, B11, B12",,,,,,AUTH_REQUIRED,CDSE OAuth2 credentials not configured in environment.,,,,,,AUTH_REQUIRED,CDSE OAuth2 credentials not configured in environment.,,50x50,"SCL, B04, B08, B11, B12",,,,,50x50,"SCL, B04, B08, B11, B12",,,,,,,,,,,,,,,,,,,,,,,,,,,,,,,,,,,,,,,,,,,,,,,,,,INVALID_INPUT,Both pre_features and post_features are None.,,,,,,,,,,,,,,,,
FIRMS_TN_0341,8.90227,77.86367,2024-11-01,MEDIUM,Cropland,4.54,AUTH_REQUIRED,False,CDSE OAuth2 credentials not configured in environment.,1000m x 1000m,50x50,"SCL, B04, B08, B11, B12",,,,,,AUTH_REQUIRED,CDSE OAuth2 credentials not configured in environment.,,,,,,AUTH_REQUIRED,CDSE OAuth2 credentials not configured in environment.,,50x50,"SCL, B04, B08, B11, B12",,,,,50x50,"SCL, B04, B08, B11, B12",,,,,,,,,,,,,,,,,,,,,,,,,,,,,,,,,,,,,,,,,,,,,,,,,,INVALID_INPUT,Both pre_features and post_features are None.,,,,,,,,,,,,,,,,
FIRMS_TN_0342,10.46357,77.84547,2024-11-01,MEDIUM,Grassland,3.68,AUTH_REQUIRED,False,CDSE OAuth2 credentials not configured in environment.,1000m x 1000m,50x50,"SCL, B04, B08, B11, B12",,,,,,AUTH_REQUIRED,CDSE OAuth2 credentials not configured in environment.,,,,,,AUTH_REQUIRED,CDSE OAuth2 credentials not configured in environment.,,50x50,"SCL, B04, B08, B11, B12",,,,,50x50,"SCL, B04, B08, B11, B12",,,,,,,,,,,,,,,,,,,,,,,,,,,,,,,,,,,,,,,,,,,,,,,,,,INVALID_INPUT,Both pre_features and post_features are None.,,,,,,,,,,,,,,,,
FIRMS_TN_0343,13.15854,80.28359,2024-11-01,MEDIUM,Built-up,5.59,AUTH_REQUIRED,False,CDSE OAuth2 credentials not configured in environment.,1000m x 1000m,50x50,"SCL, B04, B08, B11, B12",,,,,,AUTH_REQUIRED,CDSE OAuth2 credentials not configured in environment.,,,,,,AUTH_REQUIRED,CDSE OAuth2 credentials not configured in environment.,,50x50,"SCL, B04, B08, B11, B12",,,,,50x50,"SCL, B04, B08, B11, B12",,,,,,,,,,,,,,,,,,,,,,,,,,,,,,,,,,,,,,,,,,,,,,,,,,INVALID_INPUT,Both pre_features and post_features are None.,,,,,,,,,,,,,,,,
FIRMS_TN_0344,13.15899,80.28084,2024-11-01,MEDIUM,Built-up,5.64,AUTH_REQUIRED,False,CDSE OAuth2 credentials not configured in environment.,1000m x 1000m,50x50,"SCL, B04, B08, B11, B12",,,,,,AUTH_REQUIRED,CDSE OAuth2 credentials not configured in environment.,,,,,,AUTH_REQUIRED,CDSE OAuth2 credentials not configured in environment.,,50x50,"SCL, B04, B08, B11, B12",,,,,50x50,"SCL, B04, B08, B11, B12",,,,,,,,,,,,,,,,,,,,,,,,,,,,,,,,,,,,,,,,,,,,,,,,,,INVALID_INPUT,Both pre_features and post_features are None.,,,,,,,,,,,,,,,,
FIRMS_TN_0345,11.18414,79.10126,2024-11-01,MEDIUM,Built-up,0.58,AUTH_REQUIRED,False,CDSE OAuth2 credentials not configured in environment.,1000m x 1000m,50x50,"SCL, B04, B08, B11, B12",,,,,,AUTH_REQUIRED,CDSE OAuth2 credentials not configured in environment.,,,,,,AUTH_REQUIRED,CDSE OAuth2 credentials not configured in environment.,,50x50,"SCL, B04, B08, B11, B12",,,,,50x50,"SCL, B04, B08, B11, B12",,,,,,,,,,,,,,,,,,,,,,,,,,,,,,,,,,,,,,,,,,,,,,,,,,INVALID_INPUT,Both pre_features and post_features are None.,,,,,,,,,,,,,,,,
FIRMS_TN_0346,11.80874,77.9237,2024-11-01,HIGH,Built-up,1.85,AUTH_REQUIRED,False,CDSE OAuth2 credentials not configured in environment.,1000m x 1000m,50x50,"SCL, B04, B08, B11, B12",,,,,,AUTH_REQUIRED,CDSE OAuth2 credentials not configured in environment.,,,,,,AUTH_REQUIRED,CDSE OAuth2 credentials not configured in environment.,,50x50,"SCL, B04, B08, B11, B12",,,,,50x50,"SCL, B04, B08, B11, B12",,,,,,,,,,,,,,,,,,,,,,,,,,,,,,,,,,,,,,,,,,,,,,,,,,INVALID_INPUT,Both pre_features and post_features are None.,,,,,,,,,,,,,,,,
FIRMS_TN_0347,9.29491,79.06944,2024-11-02,HIGH,Tree cover,5.41,AUTH_REQUIRED,False,CDSE OAuth2 credentials not configured in environment.,1000m x 1000m,50x50,"SCL, B04, B08, B11, B12",,,,,,AUTH_REQUIRED,CDSE OAuth2 credentials not configured in environment.,,,,,,AUTH_REQUIRED,CDSE OAuth2 credentials not configured in environment.,,50x50,"SCL, B04, B08, B11, B12",,,,,50x50,"SCL, B04, B08, B11, B12",,,,,,,,,,,,,,,,,,,,,,,,,,,,,,,,,,,,,,,,,,,,,,,,,,INVALID_INPUT,Both pre_features and post_features are None.,,,,,,,,,,,,,,,,
FIRMS_TN_0348,10.63004,77.4669,2024-11-02,MEDIUM,Grassland,3.01,AUTH_REQUIRED,False,CDSE OAuth2 credentials not configured in environment.,1000m x 1000m,50x50,"SCL, B04, B08, B11, B12",,,,,,AUTH_REQUIRED,CDSE OAuth2 credentials not configured in environment.,,,,,,AUTH_REQUIRED,CDSE OAuth2 credentials not configured in environment.,,50x50,"SCL, B04, B08, B11, B12",,,,,50x50,"SCL, B04, B08, B11, B12",,,,,,,,,,,,,,,,,,,,,,,,,,,,,,,,,,,,,,,,,,,,,,,,,,INVALID_INPUT,Both pre_features and post_features are None.,,,,,,,,,,,,,,,,
FIRMS_TN_0349,10.79266,78.01292,2024-11-02,MEDIUM,Cropland,1.9,AUTH_REQUIRED,False,CDSE OAuth2 credentials not configured in environment.,1000m x 1000m,50x50,"SCL, B04, B08, B11, B12",,,,,,AUTH_REQUIRED,CDSE OAuth2 credentials not configured in environment.,,,,,,AUTH_REQUIRED,CDSE OAuth2 credentials not configured in environment.,,50x50,"SCL, B04, B08, B11, B12",,,,,50x50,"SCL, B04, B08, B11, B12",,,,,,,,,,,,,,,,,,,,,,,,,,,,,,,,,,,,,,,,,,,,,,,,,,INVALID_INPUT,Both pre_features and post_features are None.,,,,,,,,,,,,,,,,
FIRMS_TN_0350,11.68599,79.03794,2024-11-02,MEDIUM,Tree cover,3.0,AUTH_REQUIRED,False,CDSE OAuth2 credentials not configured in environment.,1000m x 1000m,50x50,"SCL, B04, B08, B11, B12",,,,,,AUTH_REQUIRED,CDSE OAuth2 credentials not configured in environment.,,,,,,AUTH_REQUIRED,CDSE OAuth2 credentials not configured in environment.,,50x50,"SCL, B04, B08, B11, B12",,,,,50x50,"SCL, B04, B08, B11, B12",,,,,,,,,,,,,,,,,,,,,,,,,,,,,,,,,,,,,,,,,,,,,,,,,,INVALID_INPUT,Both pre_features and post_features are None.,,,,,,,,,,,,,,,,
FIRMS_TN_0351,13.39204,80.10352,2024-11-02,MEDIUM,Grassland,2.97,AUTH_REQUIRED,False,CDSE OAuth2 credentials not configured in environment.,1000m x 1000m,50x50,"SCL, B04, B08, B11, B12",,,,,,AUTH_REQUIRED,CDSE OAuth2 credentials not configured in environment.,,,,,,AUTH_REQUIRED,CDSE OAuth2 credentials not configured in environment.,,50x50,"SCL, B04, B08, B11, B12",,,,,50x50,"SCL, B04, B08, B11, B12",,,,,,,,,,,,,,,,,,,,,,,,,,,,,,,,,,,,,,,,,,,,,,,,,,INVALID_INPUT,Both pre_features and post_features are None.,,,,,,,,,,,,,,,,
FIRMS_TN_0352,11.18124,79.09919,2024-11-02,MEDIUM,Built-up,1.04,AUTH_REQUIRED,False,CDSE OAuth2 credentials not configured in environment.,1000m x 1000m,50x50,"SCL, B04, B08, B11, B12",,,,,,AUTH_REQUIRED,CDSE OAuth2 credentials not configured in environment.,,,,,,AUTH_REQUIRED,CDSE OAuth2 credentials not configured in environment.,,50x50,"SCL, B04, B08, B11, B12",,,,,50x50,"SCL, B04, B08, B11, B12",,,,,,,,,,,,,,,,,,,,,,,,,,,,,,,,,,,,,,,,,,,,,,,,,,INVALID_INPUT,Both pre_features and post_features are None.,,,,,,,,,,,,,,,,
FIRMS_TN_0353,11.808,77.92326,2024-11-02,HIGH,Built-up,1.92,AUTH_REQUIRED,False,CDSE OAuth2 credentials not configured in environment.,1000m x 1000m,50x50,"SCL, B04, B08, B11, B12",,,,,,AUTH_REQUIRED,CDSE OAuth2 credentials not configured in environment.,,,,,,AUTH_REQUIRED,CDSE OAuth2 credentials not configured in environment.,,50x50,"SCL, B04, B08, B11, B12",,,,,50x50,"SCL, B04, B08, B11, B12",,,,,,,,,,,,,,,,,,,,,,,,,,,,,,,,,,,,,,,,,,,,,,,,,,INVALID_INPUT,Both pre_features and post_features are None.,,,,,,,,,,,,,,,,
FIRMS_TN_0354,11.81181,77.92392,2024-11-02,HIGH,Tree cover,1.33,AUTH_REQUIRED,False,CDSE OAuth2 credentials not configured in environment.,1000m x 1000m,50x50,"SCL, B04, B08, B11, B12",,,,,,AUTH_REQUIRED,CDSE OAuth2 credentials not configured in environment.,,,,,,AUTH_REQUIRED,CDSE OAuth2 credentials not configured in environment.,,50x50,"SCL, B04, B08, B11, B12",,,,,50x50,"SCL, B04, B08, B11, B12",,,,,,,,,,,,,,,,,,,,,,,,,,,,,,,,,,,,,,,,,,,,,,,,,,INVALID_INPUT,Both pre_features and post_features are None.,,,,,,,,,,,,,,,,
FIRMS_TN_0355,11.18253,79.10263,2024-11-02,MEDIUM,Tree cover,1.26,AUTH_REQUIRED,False,CDSE OAuth2 credentials not configured in environment.,1000m x 1000m,50x50,"SCL, B04, B08, B11, B12",,,,,,AUTH_REQUIRED,CDSE OAuth2 credentials not configured in environment.,,,,,,AUTH_REQUIRED,CDSE OAuth2 credentials not configured in environment.,,50x50,"SCL, B04, B08, B11, B12",,,,,50x50,"SCL, B04, B08, B11, B12",,,,,,,,,,,,,,,,,,,,,,,,,,,,,,,,,,,,,,,,,,,,,,,,,,INVALID_INPUT,Both pre_features and post_features are None.,,,,,,,,,,,,,,,,
FIRMS_TN_0356,12.91178,79.89191,2024-11-03,MEDIUM,Cropland,8.03,AUTH_REQUIRED,False,CDSE OAuth2 credentials not configured in environment.,1000m x 1000m,50x50,"SCL, B04, B08, B11, B12",,,,,,AUTH_REQUIRED,CDSE OAuth2 credentials not configured in environment.,,,,,,AUTH_REQUIRED,CDSE OAuth2 credentials not configured in environment.,,50x50,"SCL, B04, B08, B11, B12",,,,,50x50,"SCL, B04, B08, B11, B12",,,,,,,,,,,,,,,,,,,,,,,,,,,,,,,,,,,,,,,,,,,,,,,,,,INVALID_INPUT,Both pre_features and post_features are None.,,,,,,,,,,,,,,,,
FIRMS_TN_0357,11.39463,77.1191,2024-11-09,LOW,Grassland,2.54,AUTH_REQUIRED,False,CDSE OAuth2 credentials not configured in environment.,1000m x 1000m,50x50,"SCL, B04, B08, B11, B12",,,,,,AUTH_REQUIRED,CDSE OAuth2 credentials not configured in environment.,,,,,,AUTH_REQUIRED,CDSE OAuth2 credentials not configured in environment.,,50x50,"SCL, B04, B08, B11, B12",,,,,50x50,"SCL, B04, B08, B11, B12",,,,,,,,,,,,,,,,,,,,,,,,,,,,,,,,,,,,,,,,,,,,,,,,,,INVALID_INPUT,Both pre_features and post_features are None.,,,,,,,,,,,,,,,,
FIRMS_TN_0358,11.14266,76.89446,2024-11-09,MEDIUM,Grassland,2.44,AUTH_REQUIRED,False,CDSE OAuth2 credentials not configured in environment.,1000m x 1000m,50x50,"SCL, B04, B08, B11, B12",,,,,,AUTH_REQUIRED,CDSE OAuth2 credentials not configured in environment.,,,,,,AUTH_REQUIRED,CDSE OAuth2 credentials not configured in environment.,,50x50,"SCL, B04, B08, B11, B12",,,,,50x50,"SCL, B04, B08, B11, B12",,,,,,,,,,,,,,,,,,,,,,,,,,,,,,,,,,,,,,,,,,,,,,,,,,INVALID_INPUT,Both pre_features and post_features are None.,,,,,,,,,,,,,,,,
FIRMS_TN_0359,13.12178,79.84028,2024-11-09,MEDIUM,Cropland,5.33,AUTH_REQUIRED,False,CDSE OAuth2 credentials not configured in environment.,1000m x 1000m,50x50,"SCL, B04, B08, B11, B12",,,,,,AUTH_REQUIRED,CDSE OAuth2 credentials not configured in environment.,,,,,,AUTH_REQUIRED,CDSE OAuth2 credentials not configured in environment.,,50x50,"SCL, B04, B08, B11, B12",,,,,50x50,"SCL, B04, B08, B11, B12",,,,,,,,,,,,,,,,,,,,,,,,,,,,,,,,,,,,,,,,,,,,,,,,,,INVALID_INPUT,Both pre_features and post_features are None.,,,,,,,,,,,,,,,,
FIRMS_TN_0360,13.08049,79.98437,2024-11-09,LOW,Grassland,0.63,AUTH_REQUIRED,False,CDSE OAuth2 credentials not configured in environment.,1000m x 1000m,50x50,"SCL, B04, B08, B11, B12",,,,,,AUTH_REQUIRED,CDSE OAuth2 credentials not configured in environment.,,,,,,AUTH_REQUIRED,CDSE OAuth2 credentials not configured in environment.,,50x50,"SCL, B04, B08, B11, B12",,,,,50x50,"SCL, B04, B08, B11, B12",,,,,,,,,,,,,,,,,,,,,,,,,,,,,,,,,,,,,,,,,,,,,,,,,,INVALID_INPUT,Both pre_features and post_features are None.,,,,,,,,,,,,,,,,
FIRMS_TN_0361,13.08105,79.98058,2024-11-09,MEDIUM,Tree cover,1.14,AUTH_REQUIRED,False,CDSE OAuth2 credentials not configured in environment.,1000m x 1000m,50x50,"SCL, B04, B08, B11, B12",,,,,,AUTH_REQUIRED,CDSE OAuth2 credentials not configured in environment.,,,,,,AUTH_REQUIRED,CDSE OAuth2 credentials not configured in environment.,,50x50,"SCL, B04, B08, B11, B12",,,,,50x50,"SCL, B04, B08, B11, B12",,,,,,,,,,,,,,,,,,,,,,,,,,,,,,,,,,,,,,,,,,,,,,,,,,INVALID_INPUT,Both pre_features and post_features are None.,,,,,,,,,,,,,,,,
FIRMS_TN_0362,13.39108,80.10101,2024-11-09,MEDIUM,Cropland,0.89,AUTH_REQUIRED,False,CDSE OAuth2 credentials not configured in environment.,1000m x 1000m,50x50,"SCL, B04, B08, B11, B12",,,,,,AUTH_REQUIRED,CDSE OAuth2 credentials not configured in environment.,,,,,,AUTH_REQUIRED,CDSE OAuth2 credentials not configured in environment.,,50x50,"SCL, B04, B08, B11, B12",,,,,50x50,"SCL, B04, B08, B11, B12",,,,,,,,,,,,,,,,,,,,,,,,,,,,,,,,,,,,,,,,,,,,,,,,,,INVALID_INPUT,Both pre_features and post_features are None.,,,,,,,,,,,,,,,,
FIRMS_TN_0363,12.85254,79.90463,2024-11-09,LOW,Grassland,1.24,AUTH_REQUIRED,False,CDSE OAuth2 credentials not configured in environment.,1000m x 1000m,50x50,"SCL, B04, B08, B11, B12",,,,,,AUTH_REQUIRED,CDSE OAuth2 credentials not configured in environment.,,,,,,AUTH_REQUIRED,CDSE OAuth2 credentials not configured in environment.,,50x50,"SCL, B04, B08, B11, B12",,,,,50x50,"SCL, B04, B08, B11, B12",,,,,,,,,,,,,,,,,,,,,,,,,,,,,,,,,,,,,,,,,,,,,,,,,,INVALID_INPUT,Both pre_features and post_features are None.,,,,,,,,,,,,,,,,
FIRMS_TN_0364,12.85171,79.90358,2024-11-09,MEDIUM,Bare/sparse vegetation,1.35,AUTH_REQUIRED,False,CDSE OAuth2 credentials not configured in environment.,1000m x 1000m,50x50,"SCL, B04, B08, B11, B12",,,,,,AUTH_REQUIRED,CDSE OAuth2 credentials not configured in environment.,,,,,,AUTH_REQUIRED,CDSE OAuth2 credentials not configured in environment.,,50x50,"SCL, B04, B08, B11, B12",,,,,50x50,"SCL, B04, B08, B11, B12",,,,,,,,,,,,,,,,,,,,,,,,,,,,,,,,,,,,,,,,,,,,,,,,,,INVALID_INPUT,Both pre_features and post_features are None.,,,,,,,,,,,,,,,,
FIRMS_TN_0365,12.84911,79.9041,2024-11-09,LOW,Shrubland,1.24,AUTH_REQUIRED,False,CDSE OAuth2 credentials not configured in environment.,1000m x 1000m,50x50,"SCL, B04, B08, B11, B12",,,,,,AUTH_REQUIRED,CDSE OAuth2 credentials not configured in environment.,,,,,,AUTH_REQUIRED,CDSE OAuth2 credentials not configured in environment.,,50x50,"SCL, B04, B08, B11, B12",,,,,50x50,"SCL, B04, B08, B11, B12",,,,,,,,,,,,,,,,,,,,,,,,,,,,,,,,,,,,,,,,,,,,,,,,,,INVALID_INPUT,Both pre_features and post_features are None.,,,,,,,,,,,,,,,,
FIRMS_TN_0366,11.20334,77.56705,2024-11-09,MEDIUM,Grassland,0.53,AUTH_REQUIRED,False,CDSE OAuth2 credentials not configured in environment.,1000m x 1000m,50x50,"SCL, B04, B08, B11, B12",,,,,,AUTH_REQUIRED,CDSE OAuth2 credentials not configured in environment.,,,,,,AUTH_REQUIRED,CDSE OAuth2 credentials not configured in environment.,,50x50,"SCL, B04, B08, B11, B12",,,,,50x50,"SCL, B04, B08, B11, B12",,,,,,,,,,,,,,,,,,,,,,,,,,,,,,,,,,,,,,,,,,,,,,,,,,INVALID_INPUT,Both pre_features and post_features are None.,,,,,,,,,,,,,,,,
FIRMS_TN_0367,12.71976,79.57167,2024-11-10,MEDIUM,Cropland,5.91,AUTH_REQUIRED,False,CDSE OAuth2 credentials not configured in environment.,1000m x 1000m,50x50,"SCL, B04, B08, B11, B12",,,,,,AUTH_REQUIRED,CDSE OAuth2 credentials not configured in environment.,,,,,,AUTH_REQUIRED,CDSE OAuth2 credentials not configured in environment.,,50x50,"SCL, B04, B08, B11, B12",,,,,50x50,"SCL, B04, B08, B11, B12",,,,,,,,,,,,,,,,,,,,,,,,,,,,,,,,,,,,,,,,,,,,,,,,,,INVALID_INPUT,Both pre_features and post_features are None.,,,,,,,,,,,,,,,,
FIRMS_TN_0368,12.18344,79.5451,2024-11-10,MEDIUM,Cropland,6.93,AUTH_REQUIRED,False,CDSE OAuth2 credentials not configured in environment.,1000m x 1000m,50x50,"SCL, B04, B08, B11, B12",,,,,,AUTH_REQUIRED,CDSE OAuth2 credentials not configured in environment.,,,,,,AUTH_REQUIRED,CDSE OAuth2 credentials not configured in environment.,,50x50,"SCL, B04, B08, B11, B12",,,,,50x50,"SCL, B04, B08, B11, B12",,,,,,,,,,,,,,,,,,,,,,,,,,,,,,,,,,,,,,,,,,,,,,,,,,INVALID_INPUT,Both pre_features and post_features are None.,,,,,,,,,,,,,,,,
FIRMS_TN_0369,11.69097,79.10184,2024-11-10,MEDIUM,Cropland,3.5,AUTH_REQUIRED,False,CDSE OAuth2 credentials not configured in environment.,1000m x 1000m,50x50,"SCL, B04, B08, B11, B12",,,,,,AUTH_REQUIRED,CDSE OAuth2 credentials not configured in environment.,,,,,,AUTH_REQUIRED,CDSE OAuth2 credentials not configured in environment.,,50x50,"SCL, B04, B08, B11, B12",,,,,50x50,"SCL, B04, B08, B11, B12",,,,,,,,,,,,,,,,,,,,,,,,,,,,,,,,,,,,,,,,,,,,,,,,,,INVALID_INPUT,Both pre_features and post_features are None.,,,,,,,,,,,,,,,,
FIRMS_TN_0370,11.81698,77.91642,2024-11-10,HIGH,Built-up,1.23,AUTH_REQUIRED,False,CDSE OAuth2 credentials not configured in environment.,1000m x 1000m,50x50,"SCL, B04, B08, B11, B12",,,,,,AUTH_REQUIRED,CDSE OAuth2 credentials not configured in environment.,,,,,,AUTH_REQUIRED,CDSE OAuth2 credentials not configured in environment.,,50x50,"SCL, B04, B08, B11, B12",,,,,50x50,"SCL, B04, B08, B11, B12",,,,,,,,,,,,,,,,,,,,,,,,,,,,,,,,,,,,,,,,,,,,,,,,,,INVALID_INPUT,Both pre_features and post_features are None.,,,,,,,,,,,,,,,,
FIRMS_TN_0371,10.23154,78.85571,2024-11-11,LOW,Shrubland,2.1,AUTH_REQUIRED,False,CDSE OAuth2 credentials not configured in environment.,1000m x 1000m,50x50,"SCL, B04, B08, B11, B12",,,,,,AUTH_REQUIRED,CDSE OAuth2 credentials not configured in environment.,,,,,,AUTH_REQUIRED,CDSE OAuth2 credentials not configured in environment.,,50x50,"SCL, B04, B08, B11, B12",,,,,50x50,"SCL, B04, B08, B11, B12",,,,,,,,,,,,,,,,,,,,,,,,,,,,,,,,,,,,,,,,,,,,,,,,,,INVALID_INPUT,Both pre_features and post_features are None.,,,,,,,,,,,,,,,,
FIRMS_TN_0372,8.63081,77.77,2024-11-12,MEDIUM,Shrubland,2.7,AUTH_REQUIRED,False,CDSE OAuth2 credentials not configured in environment.,1000m x 1000m,50x50,"SCL, B04, B08, B11, B12",,,,,,AUTH_REQUIRED,CDSE OAuth2 credentials not configured in environment.,,,,,,AUTH_REQUIRED,CDSE OAuth2 credentials not configured in environment.,,50x50,"SCL, B04, B08, B11, B12",,,,,50x50,"SCL, B04, B08, B11, B12",,,,,,,,,,,,,,,,,,,,,,,,,,,,,,,,,,,,,,,,,,,,,,,,,,INVALID_INPUT,Both pre_features and post_features are None.,,,,,,,,,,,,,,,,
FIRMS_TN_0373,8.63009,77.76981,2024-11-12,LOW,Shrubland,1.66,AUTH_REQUIRED,False,CDSE OAuth2 credentials not configured in environment.,1000m x 1000m,50x50,"SCL, B04, B08, B11, B12",,,,,,AUTH_REQUIRED,CDSE OAuth2 credentials not configured in environment.,,,,,,AUTH_REQUIRED,CDSE OAuth2 credentials not configured in environment.,,50x50,"SCL, B04, B08, B11, B12",,,,,50x50,"SCL, B04, B08, B11, B12",,,,,,,,,,,,,,,,,,,,,,,,,,,,,,,,,,,,,,,,,,,,,,,,,,INVALID_INPUT,Both pre_features and post_features are None.,,,,,,,,,,,,,,,,
FIRMS_TN_0374,9.9609,77.73166,2024-11-13,LOW,Cropland,2.23,AUTH_REQUIRED,False,CDSE OAuth2 credentials not configured in environment.,1000m x 1000m,50x50,"SCL, B04, B08, B11, B12",,,,,,AUTH_REQUIRED,CDSE OAuth2 credentials not configured in environment.,,,,,,AUTH_REQUIRED,CDSE OAuth2 credentials not configured in environment.,,50x50,"SCL, B04, B08, B11, B12",,,,,50x50,"SCL, B04, B08, B11, B12",,,,,,,,,,,,,,,,,,,,,,,,,,,,,,,,,,,,,,,,,,,,,,,,,,INVALID_INPUT,Both pre_features and post_features are None.,,,,,,,,,,,,,,,,
FIRMS_TN_0375,8.89287,77.77798,2024-11-13,MEDIUM,Cropland,2.75,AUTH_REQUIRED,False,CDSE OAuth2 credentials not configured in environment.,1000m x 1000m,50x50,"SCL, B04, B08, B11, B12",,,,,,AUTH_REQUIRED,CDSE OAuth2 credentials not configured in environment.,,,,,,AUTH_REQUIRED,CDSE OAuth2 credentials not configured in environment.,,50x50,"SCL, B04, B08, B11, B12",,,,,50x50,"SCL, B04, B08, B11, B12",,,,,,,,,,,,,,,,,,,,,,,,,,,,,,,,,,,,,,,,,,,,,,,,,,INVALID_INPUT,Both pre_features and post_features are None.,,,,,,,,,,,,,,,,
FIRMS_TN_0376,8.61749,77.78497,2024-11-13,MEDIUM,Grassland,3.08,AUTH_REQUIRED,False,CDSE OAuth2 credentials not configured in environment.,1000m x 1000m,50x50,"SCL, B04, B08, B11, B12",,,,,,AUTH_REQUIRED,CDSE OAuth2 credentials not configured in environment.,,,,,,AUTH_REQUIRED,CDSE OAuth2 credentials not configured in environment.,,50x50,"SCL, B04, B08, B11, B12",,,,,50x50,"SCL, B04, B08, B11, B12",,,,,,,,,,,,,,,,,,,,,,,,,,,,,,,,,,,,,,,,,,,,,,,,,,INVALID_INPUT,Both pre_features and post_features are None.,,,,,,,,,,,,,,,,
FIRMS_TN_0377,13.1593,80.28202,2024-11-15,MEDIUM,Built-up,2.5,AUTH_REQUIRED,False,CDSE OAuth2 credentials not configured in environment.,1000m x 1000m,50x50,"SCL, B04, B08, B11, B12",,,,,,AUTH_REQUIRED,CDSE OAuth2 credentials not configured in environment.,,,,,,AUTH_REQUIRED,CDSE OAuth2 credentials not configured in environment.,,50x50,"SCL, B04, B08, B11, B12",,,,,50x50,"SCL, B04, B08, B11, B12",,,,,,,,,,,,,,,,,,,,,,,,,,,,,,,,,,,,,,,,,,,,,,,,,,INVALID_INPUT,Both pre_features and post_features are None.,,,,,,,,,,,,,,,,
FIRMS_TN_0378,11.18377,79.1026,2024-11-17,MEDIUM,Tree cover,1.04,AUTH_REQUIRED,False,CDSE OAuth2 credentials not configured in environment.,1000m x 1000m,50x50,"SCL, B04, B08, B11, B12",,,,,,AUTH_REQUIRED,CDSE OAuth2 credentials not configured in environment.,,,,,,AUTH_REQUIRED,CDSE OAuth2 credentials not configured in environment.,,50x50,"SCL, B04, B08, B11, B12",,,,,50x50,"SCL, B04, B08, B11, B12",,,,,,,,,,,,,,,,,,,,,,,,,,,,,,,,,,,,,,,,,,,,,,,,,,INVALID_INPUT,Both pre_features and post_features are None.,,,,,,,,,,,,,,,,
FIRMS_TN_0379,12.87528,79.8847,2024-11-18,MEDIUM,Cropland,1.89,AUTH_REQUIRED,False,CDSE OAuth2 credentials not configured in environment.,1000m x 1000m,50x50,"SCL, B04, B08, B11, B12",,,,,,AUTH_REQUIRED,CDSE OAuth2 credentials not configured in environment.,,,,,,AUTH_REQUIRED,CDSE OAuth2 credentials not configured in environment.,,50x50,"SCL, B04, B08, B11, B12",,,,,50x50,"SCL, B04, B08, B11, B12",,,,,,,,,,,,,,,,,,,,,,,,,,,,,,,,,,,,,,,,,,,,,,,,,,INVALID_INPUT,Both pre_features and post_features are None.,,,,,,,,,,,,,,,,
FIRMS_TN_0380,11.91846,79.64741,2024-11-18,MEDIUM,Built-up,1.05,AUTH_REQUIRED,False,CDSE OAuth2 credentials not configured in environment.,1000m x 1000m,50x50,"SCL, B04, B08, B11, B12",,,,,,AUTH_REQUIRED,CDSE OAuth2 credentials not configured in environment.,,,,,,AUTH_REQUIRED,CDSE OAuth2 credentials not configured in environment.,,50x50,"SCL, B04, B08, B11, B12",,,,,50x50,"SCL, B04, B08, B11, B12",,,,,,,,,,,,,,,,,,,,,,,,,,,,,,,,,,,,,,,,,,,,,,,,,,INVALID_INPUT,Both pre_features and post_features are None.,,,,,,,,,,,,,,,,
FIRMS_TN_0381,11.81552,77.91557,2024-11-18,HIGH,Tree cover,0.62,AUTH_REQUIRED,False,CDSE OAuth2 credentials not configured in environment.,1000m x 1000m,50x50,"SCL, B04, B08, B11, B12",,,,,,AUTH_REQUIRED,CDSE OAuth2 credentials not configured in environment.,,,,,,AUTH_REQUIRED,CDSE OAuth2 credentials not configured in environment.,,50x50,"SCL, B04, B08, B11, B12",,,,,50x50,"SCL, B04, B08, B11, B12",,,,,,,,,,,,,,,,,,,,,,,,,,,,,,,,,,,,,,,,,,,,,,,,,,INVALID_INPUT,Both pre_features and post_features are None.,,,,,,,,,,,,,,,,
FIRMS_TN_0382,11.81103,77.92401,2024-11-19,MEDIUM,Bare/sparse vegetation,0.9,AUTH_REQUIRED,False,CDSE OAuth2 credentials not configured in environment.,1000m x 1000m,50x50,"SCL, B04, B08, B11, B12",,,,,,AUTH_REQUIRED,CDSE OAuth2 credentials not configured in environment.,,,,,,AUTH_REQUIRED,CDSE OAuth2 credentials not configured in environment.,,50x50,"SCL, B04, B08, B11, B12",,,,,50x50,"SCL, B04, B08, B11, B12",,,,,,,,,,,,,,,,,,,,,,,,,,,,,,,,,,,,,,,,,,,,,,,,,,INVALID_INPUT,Both pre_features and post_features are None.,,,,,,,,,,,,,,,,
FIRMS_TN_0383,11.81158,77.92048,2024-11-19,HIGH,Tree cover,0.71,AUTH_REQUIRED,False,CDSE OAuth2 credentials not configured in environment.,1000m x 1000m,50x50,"SCL, B04, B08, B11, B12",,,,,,AUTH_REQUIRED,CDSE OAuth2 credentials not configured in environment.,,,,,,AUTH_REQUIRED,CDSE OAuth2 credentials not configured in environment.,,50x50,"SCL, B04, B08, B11, B12",,,,,50x50,"SCL, B04, B08, B11, B12",,,,,,,,,,,,,,,,,,,,,,,,,,,,,,,,,,,,,,,,,,,,,,,,,,INVALID_INPUT,Both pre_features and post_features are None.,,,,,,,,,,,,,,,,
FIRMS_TN_0384,11.81545,77.91749,2024-11-19,HIGH,Built-up,0.71,AUTH_REQUIRED,False,CDSE OAuth2 credentials not configured in environment.,1000m x 1000m,50x50,"SCL, B04, B08, B11, B12",,,,,,AUTH_REQUIRED,CDSE OAuth2 credentials not configured in environment.,,,,,,AUTH_REQUIRED,CDSE OAuth2 credentials not configured in environment.,,50x50,"SCL, B04, B08, B11, B12",,,,,50x50,"SCL, B04, B08, B11, B12",,,,,,,,,,,,,,,,,,,,,,,,,,,,,,,,,,,,,,,,,,,,,,,,,,INVALID_INPUT,Both pre_features and post_features are None.,,,,,,,,,,,,,,,,
FIRMS_TN_0385,13.0831,79.98327,2024-11-19,MEDIUM,Shrubland,0.57,AUTH_REQUIRED,False,CDSE OAuth2 credentials not configured in environment.,1000m x 1000m,50x50,"SCL, B04, B08, B11, B12",,,,,,AUTH_REQUIRED,CDSE OAuth2 credentials not configured in environment.,,,,,,AUTH_REQUIRED,CDSE OAuth2 credentials not configured in environment.,,50x50,"SCL, B04, B08, B11, B12",,,,,50x50,"SCL, B04, B08, B11, B12",,,,,,,,,,,,,,,,,,,,,,,,,,,,,,,,,,,,,,,,,,,,,,,,,,INVALID_INPUT,Both pre_features and post_features are None.,,,,,,,,,,,,,,,,
FIRMS_TN_0386,13.42058,80.08909,2024-11-20,LOW,Tree cover,0.37,AUTH_REQUIRED,False,CDSE OAuth2 credentials not configured in environment.,1000m x 1000m,50x50,"SCL, B04, B08, B11, B12",,,,,,AUTH_REQUIRED,CDSE OAuth2 credentials not configured in environment.,,,,,,AUTH_REQUIRED,CDSE OAuth2 credentials not configured in environment.,,50x50,"SCL, B04, B08, B11, B12",,,,,50x50,"SCL, B04, B08, B11, B12",,,,,,,,,,,,,,,,,,,,,,,,,,,,,,,,,,,,,,,,,,,,,,,,,,INVALID_INPUT,Both pre_features and post_features are None.,,,,,,,,,,,,,,,,
FIRMS_TN_0387,13.44849,80.09657,2024-11-20,LOW,Cropland,0.7,AUTH_REQUIRED,False,CDSE OAuth2 credentials not configured in environment.,1000m x 1000m,50x50,"SCL, B04, B08, B11, B12",,,,,,AUTH_REQUIRED,CDSE OAuth2 credentials not configured in environment.,,,,,,AUTH_REQUIRED,CDSE OAuth2 credentials not configured in environment.,,50x50,"SCL, B04, B08, B11, B12",,,,,50x50,"SCL, B04, B08, B11, B12",,,,,,,,,,,,,,,,,,,,,,,,,,,,,,,,,,,,,,,,,,,,,,,,,,INVALID_INPUT,Both pre_features and post_features are None.,,,,,,,,,,,,,,,,
FIRMS_TN_0388,13.16111,80.28606,2024-11-20,MEDIUM,Tree cover,0.52,AUTH_REQUIRED,False,CDSE OAuth2 credentials not configured in environment.,1000m x 1000m,50x50,"SCL, B04, B08, B11, B12",,,,,,AUTH_REQUIRED,CDSE OAuth2 credentials not configured in environment.,,,,,,AUTH_REQUIRED,CDSE OAuth2 credentials not configured in environment.,,50x50,"SCL, B04, B08, B11, B12",,,,,50x50,"SCL, B04, B08, B11, B12",,,,,,,,,,,,,,,,,,,,,,,,,,,,,,,,,,,,,,,,,,,,,,,,,,INVALID_INPUT,Both pre_features and post_features are None.,,,,,,,,,,,,,,,,
FIRMS_TN_0389,13.39223,80.103,2024-11-20,MEDIUM,Grassland,0.67,AUTH_REQUIRED,False,CDSE OAuth2 credentials not configured in environment.,1000m x 1000m,50x50,"SCL, B04, B08, B11, B12",,,,,,AUTH_REQUIRED,CDSE OAuth2 credentials not configured in environment.,,,,,,AUTH_REQUIRED,CDSE OAuth2 credentials not configured in environment.,,50x50,"SCL, B04, B08, B11, B12",,,,,50x50,"SCL, B04, B08, B11, B12",,,,,,,,,,,,,,,,,,,,,,,,,,,,,,,,,,,,,,,,,,,,,,,,,,INVALID_INPUT,Both pre_features and post_features are None.,,,,,,,,,,,,,,,,
FIRMS_TN_0390,13.15981,80.28191,2024-11-21,MEDIUM,Built-up,2.41,AUTH_REQUIRED,False,CDSE OAuth2 credentials not configured in environment.,1000m x 1000m,50x50,"SCL, B04, B08, B11, B12",,,,,,AUTH_REQUIRED,CDSE OAuth2 credentials not configured in environment.,,,,,,AUTH_REQUIRED,CDSE OAuth2 credentials not configured in environment.,,50x50,"SCL, B04, B08, B11, B12",,,,,50x50,"SCL, B04, B08, B11, B12",,,,,,,,,,,,,,,,,,,,,,,,,,,,,,,,,,,,,,,,,,,,,,,,,,INVALID_INPUT,Both pre_features and post_features are None.,,,,,,,,,,,,,,,,
FIRMS_TN_0391,11.6506,78.03009,2024-11-21,MEDIUM,Built-up,0.63,AUTH_REQUIRED,False,CDSE OAuth2 credentials not configured in environment.,1000m x 1000m,50x50,"SCL, B04, B08, B11, B12",,,,,,AUTH_REQUIRED,CDSE OAuth2 credentials not configured in environment.,,,,,,AUTH_REQUIRED,CDSE OAuth2 credentials not configured in environment.,,50x50,"SCL, B04, B08, B11, B12",,,,,50x50,"SCL, B04, B08, B11, B12",,,,,,,,,,,,,,,,,,,,,,,,,,,,,,,,,,,,,,,,,,,,,,,,,,INVALID_INPUT,Both pre_features and post_features are None.,,,,,,,,,,,,,,,,
FIRMS_TN_0392,10.87733,78.95669,2024-11-22,MEDIUM,Tree cover,3.84,AUTH_REQUIRED,False,CDSE OAuth2 credentials not configured in environment.,1000m x 1000m,50x50,"SCL, B04, B08, B11, B12",,,,,,AUTH_REQUIRED,CDSE OAuth2 credentials not configured in environment.,,,,,,AUTH_REQUIRED,CDSE OAuth2 credentials not configured in environment.,,50x50,"SCL, B04, B08, B11, B12",,,,,50x50,"SCL, B04, B08, B11, B12",,,,,,,,,,,,,,,,,,,,,,,,,,,,,,,,,,,,,,,,,,,,,,,,,,INVALID_INPUT,Both pre_features and post_features are None.,,,,,,,,,,,,,,,,
FIRMS_TN_0393,11.38068,77.52322,2024-11-22,MEDIUM,Tree cover,1.97,AUTH_REQUIRED,False,CDSE OAuth2 credentials not configured in environment.,1000m x 1000m,50x50,"SCL, B04, B08, B11, B12",,,,,,AUTH_REQUIRED,CDSE OAuth2 credentials not configured in environment.,,,,,,AUTH_REQUIRED,CDSE OAuth2 credentials not configured in environment.,,50x50,"SCL, B04, B08, B11, B12",,,,,50x50,"SCL, B04, B08, B11, B12",,,,,,,,,,,,,,,,,,,,,,,,,,,,,,,,,,,,,,,,,,,,,,,,,,INVALID_INPUT,Both pre_features and post_features are None.,,,,,,,,,,,,,,,,
FIRMS_TN_0394,12.06948,78.48637,2024-11-22,MEDIUM,Cropland,3.58,AUTH_REQUIRED,False,CDSE OAuth2 credentials not configured in environment.,1000m x 1000m,50x50,"SCL, B04, B08, B11, B12",,,,,,AUTH_REQUIRED,CDSE OAuth2 credentials not configured in environment.,,,,,,AUTH_REQUIRED,CDSE OAuth2 credentials not configured in environment.,,50x50,"SCL, B04, B08, B11, B12",,,,,50x50,"SCL, B04, B08, B11, B12",,,,,,,,,,,,,,,,,,,,,,,,,,,,,,,,,,,,,,,,,,,,,,,,,,INVALID_INPUT,Both pre_features and post_features are None.,,,,,,,,,,,,,,,,
FIRMS_TN_0395,10.12921,77.86756,2024-11-23,MEDIUM,Shrubland,1.78,AUTH_REQUIRED,False,CDSE OAuth2 credentials not configured in environment.,1000m x 1000m,50x50,"SCL, B04, B08, B11, B12",,,,,,AUTH_REQUIRED,CDSE OAuth2 credentials not configured in environment.,,,,,,AUTH_REQUIRED,CDSE OAuth2 credentials not configured in environment.,,50x50,"SCL, B04, B08, B11, B12",,,,,50x50,"SCL, B04, B08, B11, B12",,,,,,,,,,,,,,,,,,,,,,,,,,,,,,,,,,,,,,,,,,,,,,,,,,INVALID_INPUT,Both pre_features and post_features are None.,,,,,,,,,,,,,,,,
FIRMS_TN_0396,10.12589,77.86807,2024-11-23,MEDIUM,Cropland,1.78,AUTH_REQUIRED,False,CDSE OAuth2 credentials not configured in environment.,1000m x 1000m,50x50,"SCL, B04, B08, B11, B12",,,,,,AUTH_REQUIRED,CDSE OAuth2 credentials not configured in environment.,,,,,,AUTH_REQUIRED,CDSE OAuth2 credentials not configured in environment.,,50x50,"SCL, B04, B08, B11, B12",,,,,50x50,"SCL, B04, B08, B11, B12",,,,,,,,,,,,,,,,,,,,,,,,,,,,,,,,,,,,,,,,,,,,,,,,,,INVALID_INPUT,Both pre_features and post_features are None.,,,,,,,,,,,,,,,,
FIRMS_TN_0397,12.85529,79.90582,2024-11-23,MEDIUM,Cropland,2.23,AUTH_REQUIRED,False,CDSE OAuth2 credentials not configured in environment.,1000m x 1000m,50x50,"SCL, B04, B08, B11, B12",,,,,,AUTH_REQUIRED,CDSE OAuth2 credentials not configured in environment.,,,,,,AUTH_REQUIRED,CDSE OAuth2 credentials not configured in environment.,,50x50,"SCL, B04, B08, B11, B12",,,,,50x50,"SCL, B04, B08, B11, B12",,,,,,,,,,,,,,,,,,,,,,,,,,,,,,,,,,,,,,,,,,,,,,,,,,INVALID_INPUT,Both pre_features and post_features are None.,,,,,,,,,,,,,,,,
FIRMS_TN_0398,10.92857,77.0635,2024-11-23,LOW,Grassland,0.83,AUTH_REQUIRED,False,CDSE OAuth2 credentials not configured in environment.,1000m x 1000m,50x50,"SCL, B04, B08, B11, B12",,,,,,AUTH_REQUIRED,CDSE OAuth2 credentials not configured in environment.,,,,,,AUTH_REQUIRED,CDSE OAuth2 credentials not configured in environment.,,50x50,"SCL, B04, B08, B11, B12",,,,,50x50,"SCL, B04, B08, B11, B12",,,,,,,,,,,,,,,,,,,,,,,,,,,,,,,,,,,,,,,,,,,,,,,,,,INVALID_INPUT,Both pre_features and post_features are None.,,,,,,,,,,,,,,,,
FIRMS_TN_0399,13.16088,80.28236,2024-12-02,MEDIUM,Built-up,0.83,AUTH_REQUIRED,False,CDSE OAuth2 credentials not configured in environment.,1000m x 1000m,50x50,"SCL, B04, B08, B11, B12",,,,,,AUTH_REQUIRED,CDSE OAuth2 credentials not configured in environment.,,,,,,AUTH_REQUIRED,CDSE OAuth2 credentials not configured in environment.,,50x50,"SCL, B04, B08, B11, B12",,,,,50x50,"SCL, B04, B08, B11, B12",,,,,,,,,,,,,,,,,,,,,,,,,,,,,,,,,,,,,,,,,,,,,,,,,,INVALID_INPUT,Both pre_features and post_features are None.,,,,,,,,,,,,,,,,
FIRMS_TN_0400,8.25705,77.52367,2024-12-03,MEDIUM,Built-up,4.22,AUTH_REQUIRED,False,CDSE OAuth2 credentials not configured in environment.,1000m x 1000m,50x50,"SCL, B04, B08, B11, B12",,,,,,AUTH_REQUIRED,CDSE OAuth2 credentials not configured in environment.,,,,,,AUTH_REQUIRED,CDSE OAuth2 credentials not configured in environment.,,50x50,"SCL, B04, B08, B11, B12",,,,,50x50,"SCL, B04, B08, B11, B12",,,,,,,,,,,,,,,,,,,,,,,,,,,,,,,,,,,,,,,,,,,,,,,,,,INVALID_INPUT,Both pre_features and post_features are None.,,,,,,,,,,,,,,,,
FIRMS_TN_0401,8.26062,77.52313,2024-12-03,MEDIUM,Cropland,4.22,AUTH_REQUIRED,False,CDSE OAuth2 credentials not configured in environment.,1000m x 1000m,50x50,"SCL, B04, B08, B11, B12",,,,,,AUTH_REQUIRED,CDSE OAuth2 credentials not configured in environment.,,,,,,AUTH_REQUIRED,CDSE OAuth2 credentials not configured in environment.,,50x50,"SCL, B04, B08, B11, B12",,,,,50x50,"SCL, B04, B08, B11, B12",,,,,,,,,,,,,,,,,,,,,,,,,,,,,,,,,,,,,,,,,,,,,,,,,,INVALID_INPUT,Both pre_features and post_features are None.,,,,,,,,,,,,,,,,
FIRMS_TN_0402,8.62227,77.64931,2024-12-03,MEDIUM,Grassland,3.28,AUTH_REQUIRED,False,CDSE OAuth2 credentials not configured in environment.,1000m x 1000m,50x50,"SCL, B04, B08, B11, B12",,,,,,AUTH_REQUIRED,CDSE OAuth2 credentials not configured in environment.,,,,,,AUTH_REQUIRED,CDSE OAuth2 credentials not configured in environment.,,50x50,"SCL, B04, B08, B11, B12",,,,,50x50,"SCL, B04, B08, B11, B12",,,,,,,,,,,,,,,,,,,,,,,,,,,,,,,,,,,,,,,,,,,,,,,,,,INVALID_INPUT,Both pre_features and post_features are None.,,,,,,,,,,,,,,,,
FIRMS_TN_0403,13.08326,79.98197,2024-12-03,MEDIUM,Shrubland,0.5,AUTH_REQUIRED,False,CDSE OAuth2 credentials not configured in environment.,1000m x 1000m,50x50,"SCL, B04, B08, B11, B12",,,,,,AUTH_REQUIRED,CDSE OAuth2 credentials not configured in environment.,,,,,,AUTH_REQUIRED,CDSE OAuth2 credentials not configured in environment.,,50x50,"SCL, B04, B08, B11, B12",,,,,50x50,"SCL, B04, B08, B11, B12",,,,,,,,,,,,,,,,,,,,,,,,,,,,,,,,,,,,,,,,,,,,,,,,,,INVALID_INPUT,Both pre_features and post_features are None.,,,,,,,,,,,,,,,,
FIRMS_TN_0404,13.08462,79.98254,2024-12-03,MEDIUM,Grassland,0.64,AUTH_REQUIRED,False,CDSE OAuth2 credentials not configured in environment.,1000m x 1000m,50x50,"SCL, B04, B08, B11, B12",,,,,,AUTH_REQUIRED,CDSE OAuth2 credentials not configured in environment.,,,,,,AUTH_REQUIRED,CDSE OAuth2 credentials not configured in environment.,,50x50,"SCL, B04, B08, B11, B12",,,,,50x50,"SCL, B04, B08, B11, B12",,,,,,,,,,,,,,,,,,,,,,,,,,,,,,,,,,,,,,,,,,,,,,,,,,INVALID_INPUT,Both pre_features and post_features are None.,,,,,,,,,,,,,,,,
FIRMS_TN_0405,13.07881,79.98133,2024-12-03,LOW,Shrubland,0.5,AUTH_REQUIRED,False,CDSE OAuth2 credentials not configured in environment.,1000m x 1000m,50x50,"SCL, B04, B08, B11, B12",,,,,,AUTH_REQUIRED,CDSE OAuth2 credentials not configured in environment.,,,,,,AUTH_REQUIRED,CDSE OAuth2 credentials not configured in environment.,,50x50,"SCL, B04, B08, B11, B12",,,,,50x50,"SCL, B04, B08, B11, B12",,,,,,,,,,,,,,,,,,,,,,,,,,,,,,,,,,,,,,,,,,,,,,,,,,INVALID_INPUT,Both pre_features and post_features are None.,,,,,,,,,,,,,,,,
FIRMS_TN_0406,8.26011,77.52467,2024-12-04,MEDIUM,Tree cover,4.14,AUTH_REQUIRED,False,CDSE OAuth2 credentials not configured in environment.,1000m x 1000m,50x50,"SCL, B04, B08, B11, B12",,,,,,AUTH_REQUIRED,CDSE OAuth2 credentials not configured in environment.,,,,,,AUTH_REQUIRED,CDSE OAuth2 credentials not configured in environment.,,50x50,"SCL, B04, B08, B11, B12",,,,,50x50,"SCL, B04, B08, B11, B12",,,,,,,,,,,,,,,,,,,,,,,,,,,,,,,,,,,,,,,,,,,,,,,,,,INVALID_INPUT,Both pre_features and post_features are None.,,,,,,,,,,,,,,,,
FIRMS_TN_0407,11.17877,77.88016,2024-12-04,MEDIUM,Tree cover,4.49,AUTH_REQUIRED,False,CDSE OAuth2 credentials not configured in environment.,1000m x 1000m,50x50,"SCL, B04, B08, B11, B12",,,,,,AUTH_REQUIRED,CDSE OAuth2 credentials not configured in environment.,,,,,,AUTH_REQUIRED,CDSE OAuth2 credentials not configured in environment.,,50x50,"SCL, B04, B08, B11, B12",,,,,50x50,"SCL, B04, B08, B11, B12",,,,,,,,,,,,,,,,,,,,,,,,,,,,,,,,,,,,,,,,,,,,,,,,,,INVALID_INPUT,Both pre_features and post_features are None.,,,,,,,,,,,,,,,,
FIRMS_TN_0408,9.76264,78.47953,2024-12-04,MEDIUM,Shrubland,3.98,AUTH_REQUIRED,False,CDSE OAuth2 credentials not configured in environment.,1000m x 1000m,50x50,"SCL, B04, B08, B11, B12",,,,,,AUTH_REQUIRED,CDSE OAuth2 credentials not configured in environment.,,,,,,AUTH_REQUIRED,CDSE OAuth2 credentials not configured in environment.,,50x50,"SCL, B04, B08, B11, B12",,,,,50x50,"SCL, B04, B08, B11, B12",,,,,,,,,,,,,,,,,,,,,,,,,,,,,,,,,,,,,,,,,,,,,,,,,,INVALID_INPUT,Both pre_features and post_features are None.,,,,,,,,,,,,,,,,
FIRMS_TN_0409,9.60918,78.14217,2024-12-04,MEDIUM,Tree cover,2.97,AUTH_REQUIRED,False,CDSE OAuth2 credentials not configured in environment.,1000m x 1000m,50x50,"SCL, B04, B08, B11, B12",,,,,,AUTH_REQUIRED,CDSE OAuth2 credentials not configured in environment.,,,,,,AUTH_REQUIRED,CDSE OAuth2 credentials not configured in environment.,,50x50,"SCL, B04, B08, B11, B12",,,,,50x50,"SCL, B04, B08, B11, B12",,,,,,,,,,,,,,,,,,,,,,,,,,,,,,,,,,,,,,,,,,,,,,,,,,INVALID_INPUT,Both pre_features and post_features are None.,,,,,,,,,,,,,,,,
FIRMS_TN_0410,11.81566,77.91788,2024-12-04,HIGH,Bare/sparse vegetation,0.99,AUTH_REQUIRED,False,CDSE OAuth2 credentials not configured in environment.,1000m x 1000m,50x50,"SCL, B04, B08, B11, B12",,,,,,AUTH_REQUIRED,CDSE OAuth2 credentials not configured in environment.,,,,,,AUTH_REQUIRED,CDSE OAuth2 credentials not configured in environment.,,50x50,"SCL, B04, B08, B11, B12",,,,,50x50,"SCL, B04, B08, B11, B12",,,,,,,,,,,,,,,,,,,,,,,,,,,,,,,,,,,,,,,,,,,,,,,,,,INVALID_INPUT,Both pre_features and post_features are None.,,,,,,,,,,,,,,,,
FIRMS_TN_0411,11.18365,79.10008,2024-12-04,MEDIUM,Built-up,1.34,AUTH_REQUIRED,False,CDSE OAuth2 credentials not configured in environment.,1000m x 1000m,50x50,"SCL, B04, B08, B11, B12",,,,,,AUTH_REQUIRED,CDSE OAuth2 credentials not configured in environment.,,,,,,AUTH_REQUIRED,CDSE OAuth2 credentials not configured in environment.,,50x50,"SCL, B04, B08, B11, B12",,,,,50x50,"SCL, B04, B08, B11, B12",,,,,,,,,,,,,,,,,,,,,,,,,,,,,,,,,,,,,,,,,,,,,,,,,,INVALID_INPUT,Both pre_features and post_features are None.,,,,,,,,,,,,,,,,
FIRMS_TN_0412,11.18443,79.09995,2024-12-04,MEDIUM,Tree cover,0.79,AUTH_REQUIRED,False,CDSE OAuth2 credentials not configured in environment.,1000m x 1000m,50x50,"SCL, B04, B08, B11, B12",,,,,,AUTH_REQUIRED,CDSE OAuth2 credentials not configured in environment.,,,,,,AUTH_REQUIRED,CDSE OAuth2 credentials not configured in environment.,,50x50,"SCL, B04, B08, B11, B12",,,,,50x50,"SCL, B04, B08, B11, B12",,,,,,,,,,,,,,,,,,,,,,,,,,,,,,,,,,,,,,,,,,,,,,,,,,INVALID_INPUT,Both pre_features and post_features are None.,,,,,,,,,,,,,,,,
FIRMS_TN_0413,12.9988,79.9073,2024-12-04,LOW,Grassland,0.59,AUTH_REQUIRED,False,CDSE OAuth2 credentials not configured in environment.,1000m x 1000m,50x50,"SCL, B04, B08, B11, B12",,,,,,AUTH_REQUIRED,CDSE OAuth2 credentials not configured in environment.,,,,,,AUTH_REQUIRED,CDSE OAuth2 credentials not configured in environment.,,50x50,"SCL, B04, B08, B11, B12",,,,,50x50,"SCL, B04, B08, B11, B12",,,,,,,,,,,,,,,,,,,,,,,,,,,,,,,,,,,,,,,,,,,,,,,,,,INVALID_INPUT,Both pre_features and post_features are None.,,,,,,,,,,,,,,,,
FIRMS_TN_0414,13.10752,80.18994,2024-12-05,MEDIUM,Tree cover,2.67,AUTH_REQUIRED,False,CDSE OAuth2 credentials not configured in environment.,1000m x 1000m,50x50,"SCL, B04, B08, B11, B12",,,,,,AUTH_REQUIRED,CDSE OAuth2 credentials not configured in environment.,,,,,,AUTH_REQUIRED,CDSE OAuth2 credentials not configured in environment.,,50x50,"SCL, B04, B08, B11, B12",,,,,50x50,"SCL, B04, B08, B11, B12",,,,,,,,,,,,,,,,,,,,,,,,,,,,,,,,,,,,,,,,,,,,,,,,,,INVALID_INPUT,Both pre_features and post_features are None.,,,,,,,,,,,,,,,,
FIRMS_TN_0415,10.92776,77.06435,2024-12-05,LOW,Grassland,0.65,AUTH_REQUIRED,False,CDSE OAuth2 credentials not configured in environment.,1000m x 1000m,50x50,"SCL, B04, B08, B11, B12",,,,,,AUTH_REQUIRED,CDSE OAuth2 credentials not configured in environment.,,,,,,AUTH_REQUIRED,CDSE OAuth2 credentials not configured in environment.,,50x50,"SCL, B04, B08, B11, B12",,,,,50x50,"SCL, B04, B08, B11, B12",,,,,,,,,,,,,,,,,,,,,,,,,,,,,,,,,,,,,,,,,,,,,,,,,,INVALID_INPUT,Both pre_features and post_features are None.,,,,,,,,,,,,,,,,
FIRMS_TN_0416,13.16137,80.28695,2024-12-05,MEDIUM,Tree cover,1.58,AUTH_REQUIRED,False,CDSE OAuth2 credentials not configured in environment.,1000m x 1000m,50x50,"SCL, B04, B08, B11, B12",,,,,,AUTH_REQUIRED,CDSE OAuth2 credentials not configured in environment.,,,,,,AUTH_REQUIRED,CDSE OAuth2 credentials not configured in environment.,,50x50,"SCL, B04, B08, B11, B12",,,,,50x50,"SCL, B04, B08, B11, B12",,,,,,,,,,,,,,,,,,,,,,,,,,,,,,,,,,,,,,,,,,,,,,,,,,INVALID_INPUT,Both pre_features and post_features are None.,,,,,,,,,,,,,,,,
FIRMS_TN_0417,11.81004,77.92374,2024-12-05,HIGH,Built-up,1.22,AUTH_REQUIRED,False,CDSE OAuth2 credentials not configured in environment.,1000m x 1000m,50x50,"SCL, B04, B08, B11, B12",,,,,,AUTH_REQUIRED,CDSE OAuth2 credentials not configured in environment.,,,,,,AUTH_REQUIRED,CDSE OAuth2 credentials not configured in environment.,,50x50,"SCL, B04, B08, B11, B12",,,,,50x50,"SCL, B04, B08, B11, B12",,,,,,,,,,,,,,,,,,,,,,,,,,,,,,,,,,,,,,,,,,,,,,,,,,INVALID_INPUT,Both pre_features and post_features are None.,,,,,,,,,,,,,,,,
FIRMS_TN_0418,13.39089,80.10269,2024-12-05,MEDIUM,Bare/sparse vegetation,1.08,AUTH_REQUIRED,False,CDSE OAuth2 credentials not configured in environment.,1000m x 1000m,50x50,"SCL, B04, B08, B11, B12",,,,,,AUTH_REQUIRED,CDSE OAuth2 credentials not configured in environment.,,,,,,AUTH_REQUIRED,CDSE OAuth2 credentials not configured in environment.,,50x50,"SCL, B04, B08, B11, B12",,,,,50x50,"SCL, B04, B08, B11, B12",,,,,,,,,,,,,,,,,,,,,,,,,,,,,,,,,,,,,,,,,,,,,,,,,,INVALID_INPUT,Both pre_features and post_features are None.,,,,,,,,,,,,,,,,
FIRMS_TN_0419,12.99843,79.91005,2024-12-05,LOW,Grassland,0.47,AUTH_REQUIRED,False,CDSE OAuth2 credentials not configured in environment.,1000m x 1000m,50x50,"SCL, B04, B08, B11, B12",,,,,,AUTH_REQUIRED,CDSE OAuth2 credentials not configured in environment.,,,,,,AUTH_REQUIRED,CDSE OAuth2 credentials not configured in environment.,,50x50,"SCL, B04, B08, B11, B12",,,,,50x50,"SCL, B04, B08, B11, B12",,,,,,,,,,,,,,,,,,,,,,,,,,,,,,,,,,,,,,,,,,,,,,,,,,INVALID_INPUT,Both pre_features and post_features are None.,,,,,,,,,,,,,,,,
FIRMS_TN_0420,11.81712,77.91738,2024-12-05,HIGH,Built-up,0.8,AUTH_REQUIRED,False,CDSE OAuth2 credentials not configured in environment.,1000m x 1000m,50x50,"SCL, B04, B08, B11, B12",,,,,,AUTH_REQUIRED,CDSE OAuth2 credentials not configured in environment.,,,,,,AUTH_REQUIRED,CDSE OAuth2 credentials not configured in environment.,,50x50,"SCL, B04, B08, B11, B12",,,,,50x50,"SCL, B04, B08, B11, B12",,,,,,,,,,,,,,,,,,,,,,,,,,,,,,,,,,,,,,,,,,,,,,,,,,INVALID_INPUT,Both pre_features and post_features are None.,,,,,,,,,,,,,,,,
FIRMS_TN_0421,11.20239,77.56619,2024-12-05,MEDIUM,Bare/sparse vegetation,0.8,AUTH_REQUIRED,False,CDSE OAuth2 credentials not configured in environment.,1000m x 1000m,50x50,"SCL, B04, B08, B11, B12",,,,,,AUTH_REQUIRED,CDSE OAuth2 credentials not configured in environment.,,,,,,AUTH_REQUIRED,CDSE OAuth2 credentials not configured in environment.,,50x50,"SCL, B04, B08, B11, B12",,,,,50x50,"SCL, B04, B08, B11, B12",,,,,,,,,,,,,,,,,,,,,,,,,,,,,,,,,,,,,,,,,,,,,,,,,,INVALID_INPUT,Both pre_features and post_features are None.,,,,,,,,,,,,,,,,
FIRMS_TN_0422,13.44818,80.09667,2024-12-05,LOW,Cropland,0.99,AUTH_REQUIRED,False,CDSE OAuth2 credentials not configured in environment.,1000m x 1000m,50x50,"SCL, B04, B08, B11, B12",,,,,,AUTH_REQUIRED,CDSE OAuth2 credentials not configured in environment.,,,,,,AUTH_REQUIRED,CDSE OAuth2 credentials not configured in environment.,,50x50,"SCL, B04, B08, B11, B12",,,,,50x50,"SCL, B04, B08, B11, B12",,,,,,,,,,,,,,,,,,,,,,,,,,,,,,,,,,,,,,,,,,,,,,,,,,INVALID_INPUT,Both pre_features and post_features are None.,,,,,,,,,,,,,,,,
FIRMS_TN_0423,11.81182,77.91952,2024-12-06,HIGH,Built-up,1.54,AUTH_REQUIRED,False,CDSE OAuth2 credentials not configured in environment.,1000m x 1000m,50x50,"SCL, B04, B08, B11, B12",,,,,,AUTH_REQUIRED,CDSE OAuth2 credentials not configured in environment.,,,,,,AUTH_REQUIRED,CDSE OAuth2 credentials not configured in environment.,,50x50,"SCL, B04, B08, B11, B12",,,,,50x50,"SCL, B04, B08, B11, B12",,,,,,,,,,,,,,,,,,,,,,,,,,,,,,,,,,,,,,,,,,,,,,,,,,INVALID_INPUT,Both pre_features and post_features are None.,,,,,,,,,,,,,,,,
FIRMS_TN_0424,13.03769,79.97076,2024-12-06,LOW,Grassland,1.04,AUTH_REQUIRED,False,CDSE OAuth2 credentials not configured in environment.,1000m x 1000m,50x50,"SCL, B04, B08, B11, B12",,,,,,AUTH_REQUIRED,CDSE OAuth2 credentials not configured in environment.,,,,,,AUTH_REQUIRED,CDSE OAuth2 credentials not configured in environment.,,50x50,"SCL, B04, B08, B11, B12",,,,,50x50,"SCL, B04, B08, B11, B12",,,,,,,,,,,,,,,,,,,,,,,,,,,,,,,,,,,,,,,,,,,,,,,,,,INVALID_INPUT,Both pre_features and post_features are None.,,,,,,,,,,,,,,,,
FIRMS_TN_0425,13.08081,79.97988,2024-12-06,MEDIUM,Grassland,1.5,AUTH_REQUIRED,False,CDSE OAuth2 credentials not configured in environment.,1000m x 1000m,50x50,"SCL, B04, B08, B11, B12",,,,,,AUTH_REQUIRED,CDSE OAuth2 credentials not configured in environment.,,,,,,AUTH_REQUIRED,CDSE OAuth2 credentials not configured in environment.,,50x50,"SCL, B04, B08, B11, B12",,,,,50x50,"SCL, B04, B08, B11, B12",,,,,,,,,,,,,,,,,,,,,,,,,,,,,,,,,,,,,,,,,,,,,,,,,,INVALID_INPUT,Both pre_features and post_features are None.,,,,,,,,,,,,,,,,
FIRMS_TN_0426,13.15958,80.28446,2024-12-06,MEDIUM,Built-up,2.63,AUTH_REQUIRED,False,CDSE OAuth2 credentials not configured in environment.,1000m x 1000m,50x50,"SCL, B04, B08, B11, B12",,,,,,AUTH_REQUIRED,CDSE OAuth2 credentials not configured in environment.,,,,,,AUTH_REQUIRED,CDSE OAuth2 credentials not configured in environment.,,50x50,"SCL, B04, B08, B11, B12",,,,,50x50,"SCL, B04, B08, B11, B12",,,,,,,,,,,,,,,,,,,,,,,,,,,,,,,,,,,,,,,,,,,,,,,,,,INVALID_INPUT,Both pre_features and post_features are None.,,,,,,,,,,,,,,,,
FIRMS_TN_0427,8.73038,78.15974,2024-12-07,MEDIUM,Tree cover,1.53,AUTH_REQUIRED,False,CDSE OAuth2 credentials not configured in environment.,1000m x 1000m,50x50,"SCL, B04, B08, B11, B12",,,,,,AUTH_REQUIRED,CDSE OAuth2 credentials not configured in environment.,,,,,,AUTH_REQUIRED,CDSE OAuth2 credentials not configured in environment.,,50x50,"SCL, B04, B08, B11, B12",,,,,50x50,"SCL, B04, B08, B11, B12",,,,,,,,,,,,,,,,,,,,,,,,,,,,,,,,,,,,,,,,,,,,,,,,,,INVALID_INPUT,Both pre_features and post_features are None.,,,,,,,,,,,,,,,,
FIRMS_TN_0428,8.73359,78.15977,2024-12-07,LOW,Shrubland,0.91,AUTH_REQUIRED,False,CDSE OAuth2 credentials not configured in environment.,1000m x 1000m,50x50,"SCL, B04, B08, B11, B12",,,,,,AUTH_REQUIRED,CDSE OAuth2 credentials not configured in environment.,,,,,,AUTH_REQUIRED,CDSE OAuth2 credentials not configured in environment.,,50x50,"SCL, B04, B08, B11, B12",,,,,50x50,"SCL, B04, B08, B11, B12",,,,,,,,,,,,,,,,,,,,,,,,,,,,,,,,,,,,,,,,,,,,,,,,,,INVALID_INPUT,Both pre_features and post_features are None.,,,,,,,,,,,,,,,,
FIRMS_TN_0429,8.65521,78.08772,2024-12-07,MEDIUM,Shrubland,2.74,AUTH_REQUIRED,False,CDSE OAuth2 credentials not configured in environment.,1000m x 1000m,50x50,"SCL, B04, B08, B11, B12",,,,,,AUTH_REQUIRED,CDSE OAuth2 credentials not configured in environment.,,,,,,AUTH_REQUIRED,CDSE OAuth2 credentials not configured in environment.,,50x50,"SCL, B04, B08, B11, B12",,,,,50x50,"SCL, B04, B08, B11, B12",,,,,,,,,,,,,,,,,,,,,,,,,,,,,,,,,,,,,,,,,,,,,,,,,,INVALID_INPUT,Both pre_features and post_features are None.,,,,,,,,,,,,,,,,
FIRMS_TN_0430,11.81017,77.92149,2024-12-07,HIGH,Built-up,1.05,AUTH_REQUIRED,False,CDSE OAuth2 credentials not configured in environment.,1000m x 1000m,50x50,"SCL, B04, B08, B11, B12",,,,,,AUTH_REQUIRED,CDSE OAuth2 credentials not configured in environment.,,,,,,AUTH_REQUIRED,CDSE OAuth2 credentials not configured in environment.,,50x50,"SCL, B04, B08, B11, B12",,,,,50x50,"SCL, B04, B08, B11, B12",,,,,,,,,,,,,,,,,,,,,,,,,,,,,,,,,,,,,,,,,,,,,,,,,,INVALID_INPUT,Both pre_features and post_features are None.,,,,,,,,,,,,,,,,
FIRMS_TN_0431,11.3754,78.20809,2024-12-08,MEDIUM,Cropland,2.31,AUTH_REQUIRED,False,CDSE OAuth2 credentials not configured in environment.,1000m x 1000m,50x50,"SCL, B04, B08, B11, B12",,,,,,AUTH_REQUIRED,CDSE OAuth2 credentials not configured in environment.,,,,,,AUTH_REQUIRED,CDSE OAuth2 credentials not configured in environment.,,50x50,"SCL, B04, B08, B11, B12",,,,,50x50,"SCL, B04, B08, B11, B12",,,,,,,,,,,,,,,,,,,,,,,,,,,,,,,,,,,,,,,,,,,,,,,,,,INVALID_INPUT,Both pre_features and post_features are None.,,,,,,,,,,,,,,,,
FIRMS_TN_0432,11.46885,77.43934,2024-12-08,MEDIUM,Tree cover,2.26,AUTH_REQUIRED,False,CDSE OAuth2 credentials not configured in environment.,1000m x 1000m,50x50,"SCL, B04, B08, B11, B12",,,,,,AUTH_REQUIRED,CDSE OAuth2 credentials not configured in environment.,,,,,,AUTH_REQUIRED,CDSE OAuth2 credentials not configured in environment.,,50x50,"SCL, B04, B08, B11, B12",,,,,50x50,"SCL, B04, B08, B11, B12",,,,,,,,,,,,,,,,,,,,,,,,,,,,,,,,,,,,,,,,,,,,,,,,,,INVALID_INPUT,Both pre_features and post_features are None.,,,,,,,,,,,,,,,,
FIRMS_TN_0433,11.69407,78.08384,2024-12-08,HIGH,Cropland,3.76,AUTH_REQUIRED,False,CDSE OAuth2 credentials not configured in environment.,1000m x 1000m,50x50,"SCL, B04, B08, B11, B12",,,,,,AUTH_REQUIRED,CDSE OAuth2 credentials not configured in environment.,,,,,,AUTH_REQUIRED,CDSE OAuth2 credentials not configured in environment.,,50x50,"SCL, B04, B08, B11, B12",,,,,50x50,"SCL, B04, B08, B11, B12",,,,,,,,,,,,,,,,,,,,,,,,,,,,,,,,,,,,,,,,,,,,,,,,,,INVALID_INPUT,Both pre_features and post_features are None.,,,,,,,,,,,,,,,,
FIRMS_TN_0434,13.16068,80.27818,2024-12-08,MEDIUM,Built-up,1.63,AUTH_REQUIRED,False,CDSE OAuth2 credentials not configured in environment.,1000m x 1000m,50x50,"SCL, B04, B08, B11, B12",,,,,,AUTH_REQUIRED,CDSE OAuth2 credentials not configured in environment.,,,,,,AUTH_REQUIRED,CDSE OAuth2 credentials not configured in environment.,,50x50,"SCL, B04, B08, B11, B12",,,,,50x50,"SCL, B04, B08, B11, B12",,,,,,,,,,,,,,,,,,,,,,,,,,,,,,,,,,,,,,,,,,,,,,,,,,INVALID_INPUT,Both pre_features and post_features are None.,,,,,,,,,,,,,,,,
FIRMS_TN_0435,11.80894,77.92698,2024-12-08,MEDIUM,Grassland,1.01,AUTH_REQUIRED,False,CDSE OAuth2 credentials not configured in environment.,1000m x 1000m,50x50,"SCL, B04, B08, B11, B12",,,,,,AUTH_REQUIRED,CDSE OAuth2 credentials not configured in environment.,,,,,,AUTH_REQUIRED,CDSE OAuth2 credentials not configured in environment.,,50x50,"SCL, B04, B08, B11, B12",,,,,50x50,"SCL, B04, B08, B11, B12",,,,,,,,,,,,,,,,,,,,,,,,,,,,,,,,,,,,,,,,,,,,,,,,,,INVALID_INPUT,Both pre_features and post_features are None.,,,,,,,,,,,,,,,,
FIRMS_TN_0436,13.15905,80.28837,2024-12-08,MEDIUM,Bare/sparse vegetation,1.01,AUTH_REQUIRED,False,CDSE OAuth2 credentials not configured in environment.,1000m x 1000m,50x50,"SCL, B04, B08, B11, B12",,,,,,AUTH_REQUIRED,CDSE OAuth2 credentials not configured in environment.,,,,,,AUTH_REQUIRED,CDSE OAuth2 credentials not configured in environment.,,50x50,"SCL, B04, B08, B11, B12",,,,,50x50,"SCL, B04, B08, B11, B12",,,,,,,,,,,,,,,,,,,,,,,,,,,,,,,,,,,,,,,,,,,,,,,,,,INVALID_INPUT,Both pre_features and post_features are None.,,,,,,,,,,,,,,,,
FIRMS_TN_0437,9.76258,78.48173,2024-12-09,MEDIUM,Tree cover,3.11,AUTH_REQUIRED,False,CDSE OAuth2 credentials not configured in environment.,1000m x 1000m,50x50,"SCL, B04, B08, B11, B12",,,,,,AUTH_REQUIRED,CDSE OAuth2 credentials not configured in environment.,,,,,,AUTH_REQUIRED,CDSE OAuth2 credentials not configured in environment.,,50x50,"SCL, B04, B08, B11, B12",,,,,50x50,"SCL, B04, B08, B11, B12",,,,,,,,,,,,,,,,,,,,,,,,,,,,,,,,,,,,,,,,,,,,,,,,,,INVALID_INPUT,Both pre_features and post_features are None.,,,,,,,,,,,,,,,,
FIRMS_TN_0438,9.76732,77.95178,2024-12-09,MEDIUM,Shrubland,1.87,AUTH_REQUIRED,False,CDSE OAuth2 credentials not configured in environment.,1000m x 1000m,50x50,"SCL, B04, B08, B11, B12",,,,,,AUTH_REQUIRED,CDSE OAuth2 credentials not configured in environment.,,,,,,AUTH_REQUIRED,CDSE OAuth2 credentials not configured in environment.,,50x50,"SCL, B04, B08, B11, B12",,,,,50x50,"SCL, B04, B08, B11, B12",,,,,,,,,,,,,,,,,,,,,,,,,,,,,,,,,,,,,,,,,,,,,,,,,,INVALID_INPUT,Both pre_features and post_features are None.,,,,,,,,,,,,,,,,
FIRMS_TN_0439,9.50536,78.25312,2024-12-09,MEDIUM,Shrubland,1.25,AUTH_REQUIRED,False,CDSE OAuth2 credentials not configured in environment.,1000m x 1000m,50x50,"SCL, B04, B08, B11, B12",,,,,,AUTH_REQUIRED,CDSE OAuth2 credentials not configured in environment.,,,,,,AUTH_REQUIRED,CDSE OAuth2 credentials not configured in environment.,,50x50,"SCL, B04, B08, B11, B12",,,,,50x50,"SCL, B04, B08, B11, B12",,,,,,,,,,,,,,,,,,,,,,,,,,,,,,,,,,,,,,,,,,,,,,,,,,INVALID_INPUT,Both pre_features and post_features are None.,,,,,,,,,,,,,,,,
FIRMS_TN_0440,9.77065,77.95128,2024-12-09,MEDIUM,Shrubland,1.87,AUTH_REQUIRED,False,CDSE OAuth2 credentials not configured in environment.,1000m x 1000m,50x50,"SCL, B04, B08, B11, B12",,,,,,AUTH_REQUIRED,CDSE OAuth2 credentials not configured in environment.,,,,,,AUTH_REQUIRED,CDSE OAuth2 credentials not configured in environment.,,50x50,"SCL, B04, B08, B11, B12",,,,,50x50,"SCL, B04, B08, B11, B12",,,,,,,,,,,,,,,,,,,,,,,,,,,,,,,,,,,,,,,,,,,,,,,,,,INVALID_INPUT,Both pre_features and post_features are None.,,,,,,,,,,,,,,,,
FIRMS_TN_0441,9.85353,79.09533,2024-12-09,LOW,Shrubland,3.85,AUTH_REQUIRED,False,CDSE OAuth2 credentials not configured in environment.,1000m x 1000m,50x50,"SCL, B04, B08, B11, B12",,,,,,AUTH_REQUIRED,CDSE OAuth2 credentials not configured in environment.,,,,,,AUTH_REQUIRED,CDSE OAuth2 credentials not configured in environment.,,50x50,"SCL, B04, B08, B11, B12",,,,,50x50,"SCL, B04, B08, B11, B12",,,,,,,,,,,,,,,,,,,,,,,,,,,,,,,,,,,,,,,,,,,,,,,,,,INVALID_INPUT,Both pre_features and post_features are None.,,,,,,,,,,,,,,,,
FIRMS_TN_0442,9.21547,77.83137,2024-12-09,MEDIUM,Shrubland,2.46,AUTH_REQUIRED,False,CDSE OAuth2 credentials not configured in environment.,1000m x 1000m,50x50,"SCL, B04, B08, B11, B12",,,,,,AUTH_REQUIRED,CDSE OAuth2 credentials not configured in environment.,,,,,,AUTH_REQUIRED,CDSE OAuth2 credentials not configured in environment.,,50x50,"SCL, B04, B08, B11, B12",,,,,50x50,"SCL, B04, B08, B11, B12",,,,,,,,,,,,,,,,,,,,,,,,,,,,,,,,,,,,,,,,,,,,,,,,,,INVALID_INPUT,Both pre_features and post_features are None.,,,,,,,,,,,,,,,,
FIRMS_TN_0443,10.50258,78.95891,2024-12-09,MEDIUM,Shrubland,4.84,AUTH_REQUIRED,False,CDSE OAuth2 credentials not configured in environment.,1000m x 1000m,50x50,"SCL, B04, B08, B11, B12",,,,,,AUTH_REQUIRED,CDSE OAuth2 credentials not configured in environment.,,,,,,AUTH_REQUIRED,CDSE OAuth2 credentials not configured in environment.,,50x50,"SCL, B04, B08, B11, B12",,,,,50x50,"SCL, B04, B08, B11, B12",,,,,,,,,,,,,,,,,,,,,,,,,,,,,,,,,,,,,,,,,,,,,,,,,,INVALID_INPUT,Both pre_features and post_features are None.,,,,,,,,,,,,,,,,
FIRMS_TN_0444,10.97892,78.83411,2024-12-09,MEDIUM,Shrubland,3.16,AUTH_REQUIRED,False,CDSE OAuth2 credentials not configured in environment.,1000m x 1000m,50x50,"SCL, B04, B08, B11, B12",,,,,,AUTH_REQUIRED,CDSE OAuth2 credentials not configured in environment.,,,,,,AUTH_REQUIRED,CDSE OAuth2 credentials not configured in environment.,,50x50,"SCL, B04, B08, B11, B12",,,,,50x50,"SCL, B04, B08, B11, B12",,,,,,,,,,,,,,,,,,,,,,,,,,,,,,,,,,,,,,,,,,,,,,,,,,INVALID_INPUT,Both pre_features and post_features are None.,,,,,,,,,,,,,,,,
FIRMS_TN_0445,11.20422,77.5667,2024-12-09,MEDIUM,Grassland,0.49,AUTH_REQUIRED,False,CDSE OAuth2 credentials not configured in environment.,1000m x 1000m,50x50,"SCL, B04, B08, B11, B12",,,,,,AUTH_REQUIRED,CDSE OAuth2 credentials not configured in environment.,,,,,,AUTH_REQUIRED,CDSE OAuth2 credentials not configured in environment.,,50x50,"SCL, B04, B08, B11, B12",,,,,50x50,"SCL, B04, B08, B11, B12",,,,,,,,,,,,,,,,,,,,,,,,,,,,,,,,,,,,,,,,,,,,,,,,,,INVALID_INPUT,Both pre_features and post_features are None.,,,,,,,,,,,,,,,,
FIRMS_TN_0446,10.49913,78.96156,2024-12-10,MEDIUM,Shrubland,5.45,AUTH_REQUIRED,False,CDSE OAuth2 credentials not configured in environment.,1000m x 1000m,50x50,"SCL, B04, B08, B11, B12",,,,,,AUTH_REQUIRED,CDSE OAuth2 credentials not configured in environment.,,,,,,AUTH_REQUIRED,CDSE OAuth2 credentials not configured in environment.,,50x50,"SCL, B04, B08, B11, B12",,,,,50x50,"SCL, B04, B08, B11, B12",,,,,,,,,,,,,,,,,,,,,,,,,,,,,,,,,,,,,,,,,,,,,,,,,,INVALID_INPUT,Both pre_features and post_features are None.,,,,,,,,,,,,,,,,
FIRMS_TN_0447,9.84898,78.026,2024-12-10,MEDIUM,Built-up,2.91,AUTH_REQUIRED,False,CDSE OAuth2 credentials not configured in environment.,1000m x 1000m,50x50,"SCL, B04, B08, B11, B12",,,,,,AUTH_REQUIRED,CDSE OAuth2 credentials not configured in environment.,,,,,,AUTH_REQUIRED,CDSE OAuth2 credentials not configured in environment.,,50x50,"SCL, B04, B08, B11, B12",,,,,50x50,"SCL, B04, B08, B11, B12",,,,,,,,,,,,,,,,,,,,,,,,,,,,,,,,,,,,,,,,,,,,,,,,,,INVALID_INPUT,Both pre_features and post_features are None.,,,,,,,,,,,,,,,,
FIRMS_TN_0448,9.31199,77.68814,2024-12-10,MEDIUM,Grassland,5.7,AUTH_REQUIRED,False,CDSE OAuth2 credentials not configured in environment.,1000m x 1000m,50x50,"SCL, B04, B08, B11, B12",,,,,,AUTH_REQUIRED,CDSE OAuth2 credentials not configured in environment.,,,,,,AUTH_REQUIRED,CDSE OAuth2 credentials not configured in environment.,,50x50,"SCL, B04, B08, B11, B12",,,,,50x50,"SCL, B04, B08, B11, B12",,,,,,,,,,,,,,,,,,,,,,,,,,,,,,,,,,,,,,,,,,,,,,,,,,INVALID_INPUT,Both pre_features and post_features are None.,,,,,,,,,,,,,,,,
FIRMS_TN_0449,13.2788,79.43861,2024-12-10,MEDIUM,Shrubland,2.29,AUTH_REQUIRED,False,CDSE OAuth2 credentials not configured in environment.,1000m x 1000m,50x50,"SCL, B04, B08, B11, B12",,,,,,AUTH_REQUIRED,CDSE OAuth2 credentials not configured in environment.,,,,,,AUTH_REQUIRED,CDSE OAuth2 credentials not configured in environment.,,50x50,"SCL, B04, B08, B11, B12",,,,,50x50,"SCL, B04, B08, B11, B12",,,,,,,,,,,,,,,,,,,,,,,,,,,,,,,,,,,,,,,,,,,,,,,,,,INVALID_INPUT,Both pre_features and post_features are None.,,,,,,,,,,,,,,,,
FIRMS_TN_0450,13.15948,80.28324,2024-12-13,MEDIUM,Built-up,1.06,AUTH_REQUIRED,False,CDSE OAuth2 credentials not configured in environment.,1000m x 1000m,50x50,"SCL, B04, B08, B11, B12",,,,,,AUTH_REQUIRED,CDSE OAuth2 credentials not configured in environment.,,,,,,AUTH_REQUIRED,CDSE OAuth2 credentials not configured in environment.,,50x50,"SCL, B04, B08, B11, B12",,,,,50x50,"SCL, B04, B08, B11, B12",,,,,,,,,,,,,,,,,,,,,,,,,,,,,,,,,,,,,,,,,,,,,,,,,,INVALID_INPUT,Both pre_features and post_features are None.,,,,,,,,,,,,,,,,
FIRMS_TN_0451,13.16246,80.29005,2024-12-13,LOW,Built-up,1.32,AUTH_REQUIRED,False,CDSE OAuth2 credentials not configured in environment.,1000m x 1000m,50x50,"SCL, B04, B08, B11, B12",,,,,,AUTH_REQUIRED,CDSE OAuth2 credentials not configured in environment.,,,,,,AUTH_REQUIRED,CDSE OAuth2 credentials not configured in environment.,,50x50,"SCL, B04, B08, B11, B12",,,,,50x50,"SCL, B04, B08, B11, B12",,,,,,,,,,,,,,,,,,,,,,,,,,,,,,,,,,,,,,,,,,,,,,,,,,INVALID_INPUT,Both pre_features and post_features are None.,,,,,,,,,,,,,,,,
FIRMS_TN_0452,13.16009,80.29156,2024-12-13,LOW,Cropland,1.09,AUTH_REQUIRED,False,CDSE OAuth2 credentials not configured in environment.,1000m x 1000m,50x50,"SCL, B04, B08, B11, B12",,,,,,AUTH_REQUIRED,CDSE OAuth2 credentials not configured in environment.,,,,,,AUTH_REQUIRED,CDSE OAuth2 credentials not configured in environment.,,50x50,"SCL, B04, B08, B11, B12",,,,,50x50,"SCL, B04, B08, B11, B12",,,,,,,,,,,,,,,,,,,,,,,,,,,,,,,,,,,,,,,,,,,,,,,,,,INVALID_INPUT,Both pre_features and post_features are None.,,,,,,,,,,,,,,,,
FIRMS_TN_0453,11.20285,77.56692,2024-12-14,HIGH,Grassland,1.52,AUTH_REQUIRED,False,CDSE OAuth2 credentials not configured in environment.,1000m x 1000m,50x50,"SCL, B04, B08, B11, B12",,,,,,AUTH_REQUIRED,CDSE OAuth2 credentials not configured in environment.,,,,,,AUTH_REQUIRED,CDSE OAuth2 credentials not configured in environment.,,50x50,"SCL, B04, B08, B11, B12",,,,,50x50,"SCL, B04, B08, B11, B12",,,,,,,,,,,,,,,,,,,,,,,,,,,,,,,,,,,,,,,,,,,,,,,,,,INVALID_INPUT,Both pre_features and post_features are None.,,,,,,,,,,,,,,,,
FIRMS_TN_0454,11.076,79.56938,2024-12-14,MEDIUM,Tree cover,0.43,AUTH_REQUIRED,False,CDSE OAuth2 credentials not configured in environment.,1000m x 1000m,50x50,"SCL, B04, B08, B11, B12",,,,,,AUTH_REQUIRED,CDSE OAuth2 credentials not configured in environment.,,,,,,AUTH_REQUIRED,CDSE OAuth2 credentials not configured in environment.,,50x50,"SCL, B04, B08, B11, B12",,,,,50x50,"SCL, B04, B08, B11, B12",,,,,,,,,,,,,,,,,,,,,,,,,,,,,,,,,,,,,,,,,,,,,,,,,,INVALID_INPUT,Both pre_features and post_features are None.,,,,,,,,,,,,,,,,
FIRMS_TN_0455,11.1806,79.09951,2024-12-14,MEDIUM,Built-up,0.87,AUTH_REQUIRED,False,CDSE OAuth2 credentials not configured in environment.,1000m x 1000m,50x50,"SCL, B04, B08, B11, B12",,,,,,AUTH_REQUIRED,CDSE OAuth2 credentials not configured in environment.,,,,,,AUTH_REQUIRED,CDSE OAuth2 credentials not configured in environment.,,50x50,"SCL, B04, B08, B11, B12",,,,,50x50,"SCL, B04, B08, B11, B12",,,,,,,,,,,,,,,,,,,,,,,,,,,,,,,,,,,,,,,,,,,,,,,,,,INVALID_INPUT,Both pre_features and post_features are None.,,,,,,,,,,,,,,,,
FIRMS_TN_0456,13.42046,80.08818,2024-12-14,LOW,Bare/sparse vegetation,0.41,AUTH_REQUIRED,False,CDSE OAuth2 credentials not configured in environment.,1000m x 1000m,50x50,"SCL, B04, B08, B11, B12",,,,,,AUTH_REQUIRED,CDSE OAuth2 credentials not configured in environment.,,,,,,AUTH_REQUIRED,CDSE OAuth2 credentials not configured in environment.,,50x50,"SCL, B04, B08, B11, B12",,,,,50x50,"SCL, B04, B08, B11, B12",,,,,,,,,,,,,,,,,,,,,,,,,,,,,,,,,,,,,,,,,,,,,,,,,,INVALID_INPUT,Both pre_features and post_features are None.,,,,,,,,,,,,,,,,
FIRMS_TN_0457,9.35392,78.38164,2024-12-15,MEDIUM,Built-up,3.2,AUTH_REQUIRED,False,CDSE OAuth2 credentials not configured in environment.,1000m x 1000m,50x50,"SCL, B04, B08, B11, B12",,,,,,AUTH_REQUIRED,CDSE OAuth2 credentials not configured in environment.,,,,,,AUTH_REQUIRED,CDSE OAuth2 credentials not configured in environment.,,50x50,"SCL, B04, B08, B11, B12",,,,,50x50,"SCL, B04, B08, B11, B12",,,,,,,,,,,,,,,,,,,,,,,,,,,,,,,,,,,,,,,,,,,,,,,,,,INVALID_INPUT,Both pre_features and post_features are None.,,,,,,,,,,,,,,,,
FIRMS_TN_0458,9.81162,78.69306,2024-12-15,MEDIUM,Grassland,2.19,AUTH_REQUIRED,False,CDSE OAuth2 credentials not configured in environment.,1000m x 1000m,50x50,"SCL, B04, B08, B11, B12",,,,,,AUTH_REQUIRED,CDSE OAuth2 credentials not configured in environment.,,,,,,AUTH_REQUIRED,CDSE OAuth2 credentials not configured in environment.,,50x50,"SCL, B04, B08, B11, B12",,,,,50x50,"SCL, B04, B08, B11, B12",,,,,,,,,,,,,,,,,,,,,,,,,,,,,,,,,,,,,,,,,,,,,,,,,,INVALID_INPUT,Both pre_features and post_features are None.,,,,,,,,,,,,,,,,
FIRMS_TN_0459,9.81504,78.69252,2024-12-15,HIGH,Cropland,3.73,AUTH_REQUIRED,False,CDSE OAuth2 credentials not configured in environment.,1000m x 1000m,50x50,"SCL, B04, B08, B11, B12",,,,,,AUTH_REQUIRED,CDSE OAuth2 credentials not configured in environment.,,,,,,AUTH_REQUIRED,CDSE OAuth2 credentials not configured in environment.,,50x50,"SCL, B04, B08, B11, B12",,,,,50x50,"SCL, B04, B08, B11, B12",,,,,,,,,,,,,,,,,,,,,,,,,,,,,,,,,,,,,,,,,,,,,,,,,,INVALID_INPUT,Both pre_features and post_features are None.,,,,,,,,,,,,,,,,
FIRMS_TN_0460,11.20301,77.5686,2024-12-15,MEDIUM,Built-up,1.15,AUTH_REQUIRED,False,CDSE OAuth2 credentials not configured in environment.,1000m x 1000m,50x50,"SCL, B04, B08, B11, B12",,,,,,AUTH_REQUIRED,CDSE OAuth2 credentials not configured in environment.,,,,,,AUTH_REQUIRED,CDSE OAuth2 credentials not configured in environment.,,50x50,"SCL, B04, B08, B11, B12",,,,,50x50,"SCL, B04, B08, B11, B12",,,,,,,,,,,,,,,,,,,,,,,,,,,,,,,,,,,,,,,,,,,,,,,,,,INVALID_INPUT,Both pre_features and post_features are None.,,,,,,,,,,,,,,,,
FIRMS_TN_0461,11.20368,77.56465,2024-12-15,HIGH,Grassland,1.58,AUTH_REQUIRED,False,CDSE OAuth2 credentials not configured in environment.,1000m x 1000m,50x50,"SCL, B04, B08, B11, B12",,,,,,AUTH_REQUIRED,CDSE OAuth2 credentials not configured in environment.,,,,,,AUTH_REQUIRED,CDSE OAuth2 credentials not configured in environment.,,50x50,"SCL, B04, B08, B11, B12",,,,,50x50,"SCL, B04, B08, B11, B12",,,,,,,,,,,,,,,,,,,,,,,,,,,,,,,,,,,,,,,,,,,,,,,,,,INVALID_INPUT,Both pre_features and post_features are None.,,,,,,,,,,,,,,,,
FIRMS_TN_0462,13.11503,79.75854,2024-12-16,MEDIUM,Tree cover,3.36,AUTH_REQUIRED,False,CDSE OAuth2 credentials not configured in environment.,1000m x 1000m,50x50,"SCL, B04, B08, B11, B12",,,,,,AUTH_REQUIRED,CDSE OAuth2 credentials not configured in environment.,,,,,,AUTH_REQUIRED,CDSE OAuth2 credentials not configured in environment.,,50x50,"SCL, B04, B08, B11, B12",,,,,50x50,"SCL, B04, B08, B11, B12",,,,,,,,,,,,,,,,,,,,,,,,,,,,,,,,,,,,,,,,,,,,,,,,,,INVALID_INPUT,Both pre_features and post_features are None.,,,,,,,,,,,,,,,,
FIRMS_TN_0463,13.1139,79.75702,2024-12-16,MEDIUM,Cropland,4.1,AUTH_REQUIRED,False,CDSE OAuth2 credentials not configured in environment.,1000m x 1000m,50x50,"SCL, B04, B08, B11, B12",,,,,,AUTH_REQUIRED,CDSE OAuth2 credentials not configured in environment.,,,,,,AUTH_REQUIRED,CDSE OAuth2 credentials not configured in environment.,,50x50,"SCL, B04, B08, B11, B12",,,,,50x50,"SCL, B04, B08, B11, B12",,,,,,,,,,,,,,,,,,,,,,,,,,,,,,,,,,,,,,,,,,,,,,,,,,INVALID_INPUT,Both pre_features and post_features are None.,,,,,,,,,,,,,,,,
FIRMS_TN_0464,11.20311,77.5677,2024-12-16,HIGH,Built-up,1.35,AUTH_REQUIRED,False,CDSE OAuth2 credentials not configured in environment.,1000m x 1000m,50x50,"SCL, B04, B08, B11, B12",,,,,,AUTH_REQUIRED,CDSE OAuth2 credentials not configured in environment.,,,,,,AUTH_REQUIRED,CDSE OAuth2 credentials not configured in environment.,,50x50,"SCL, B04, B08, B11, B12",,,,,50x50,"SCL, B04, B08, B11, B12",,,,,,,,,,,,,,,,,,,,,,,,,,,,,,,,,,,,,,,,,,,,,,,,,,INVALID_INPUT,Both pre_features and post_features are None.,,,,,,,,,,,,,,,,
FIRMS_TN_0465,11.81663,77.91622,2024-12-16,HIGH,Built-up,0.91,AUTH_REQUIRED,False,CDSE OAuth2 credentials not configured in environment.,1000m x 1000m,50x50,"SCL, B04, B08, B11, B12",,,,,,AUTH_REQUIRED,CDSE OAuth2 credentials not configured in environment.,,,,,,AUTH_REQUIRED,CDSE OAuth2 credentials not configured in environment.,,50x50,"SCL, B04, B08, B11, B12",,,,,50x50,"SCL, B04, B08, B11, B12",,,,,,,,,,,,,,,,,,,,,,,,,,,,,,,,,,,,,,,,,,,,,,,,,,INVALID_INPUT,Both pre_features and post_features are None.,,,,,,,,,,,,,,,,
FIRMS_TN_0466,11.80862,77.92271,2024-12-16,HIGH,Grassland,1.54,AUTH_REQUIRED,False,CDSE OAuth2 credentials not configured in environment.,1000m x 1000m,50x50,"SCL, B04, B08, B11, B12",,,,,,AUTH_REQUIRED,CDSE OAuth2 credentials not configured in environment.,,,,,,AUTH_REQUIRED,CDSE OAuth2 credentials not configured in environment.,,50x50,"SCL, B04, B08, B11, B12",,,,,50x50,"SCL, B04, B08, B11, B12",,,,,,,,,,,,,,,,,,,,,,,,,,,,,,,,,,,,,,,,,,,,,,,,,,INVALID_INPUT,Both pre_features and post_features are None.,,,,,,,,,,,,,,,,
FIRMS_TN_0467,10.92926,77.06384,2024-12-16,LOW,Grassland,0.34,AUTH_REQUIRED,False,CDSE OAuth2 credentials not configured in environment.,1000m x 1000m,50x50,"SCL, B04, B08, B11, B12",,,,,,AUTH_REQUIRED,CDSE OAuth2 credentials not configured in environment.,,,,,,AUTH_REQUIRED,CDSE OAuth2 credentials not configured in environment.,,50x50,"SCL, B04, B08, B11, B12",,,,,50x50,"SCL, B04, B08, B11, B12",,,,,,,,,,,,,,,,,,,,,,,,,,,,,,,,,,,,,,,,,,,,,,,,,,INVALID_INPUT,Both pre_features and post_features are None.,,,,,,,,,,,,,,,,
FIRMS_TN_0468,8.65877,78.11285,2024-12-19,MEDIUM,Mangroves,5.52,AUTH_REQUIRED,False,CDSE OAuth2 credentials not configured in environment.,1000m x 1000m,50x50,"SCL, B04, B08, B11, B12",,,,,,AUTH_REQUIRED,CDSE OAuth2 credentials not configured in environment.,,,,,,AUTH_REQUIRED,CDSE OAuth2 credentials not configured in environment.,,50x50,"SCL, B04, B08, B11, B12",,,,,50x50,"SCL, B04, B08, B11, B12",,,,,,,,,,,,,,,,,,,,,,,,,,,,,,,,,,,,,,,,,,,,,,,,,,INVALID_INPUT,Both pre_features and post_features are None.,,,,,,,,,,,,,,,,
FIRMS_TN_0469,8.36387,77.99434,2024-12-19,MEDIUM,Tree cover,3.94,AUTH_REQUIRED,False,CDSE OAuth2 credentials not configured in environment.,1000m x 1000m,50x50,"SCL, B04, B08, B11, B12",,,,,,AUTH_REQUIRED,CDSE OAuth2 credentials not configured in environment.,,,,,,AUTH_REQUIRED,CDSE OAuth2 credentials not configured in environment.,,50x50,"SCL, B04, B08, B11, B12",,,,,50x50,"SCL, B04, B08, B11, B12",,,,,,,,,,,,,,,,,,,,,,,,,,,,,,,,,,,,,,,,,,,,,,,,,,INVALID_INPUT,Both pre_features and post_features are None.,,,,,,,,,,,,,,,,
FIRMS_TN_0470,9.32755,77.64175,2024-12-20,MEDIUM,Shrubland,2.54,AUTH_REQUIRED,False,CDSE OAuth2 credentials not configured in environment.,1000m x 1000m,50x50,"SCL, B04, B08, B11, B12",,,,,,AUTH_REQUIRED,CDSE OAuth2 credentials not configured in environment.,,,,,,AUTH_REQUIRED,CDSE OAuth2 credentials not configured in environment.,,50x50,"SCL, B04, B08, B11, B12",,,,,50x50,"SCL, B04, B08, B11, B12",,,,,,,,,,,,,,,,,,,,,,,,,,,,,,,,,,,,,,,,,,,,,,,,,,INVALID_INPUT,Both pre_features and post_features are None.,,,,,,,,,,,,,,,,
FIRMS_TN_0471,11.1546,77.35361,2024-12-20,MEDIUM,Grassland,2.56,AUTH_REQUIRED,False,CDSE OAuth2 credentials not configured in environment.,1000m x 1000m,50x50,"SCL, B04, B08, B11, B12",,,,,,AUTH_REQUIRED,CDSE OAuth2 credentials not configured in environment.,,,,,,AUTH_REQUIRED,CDSE OAuth2 credentials not configured in environment.,,50x50,"SCL, B04, B08, B11, B12",,,,,50x50,"SCL, B04, B08, B11, B12",,,,,,,,,,,,,,,,,,,,,,,,,,,,,,,,,,,,,,,,,,,,,,,,,,INVALID_INPUT,Both pre_features and post_features are None.,,,,,,,,,,,,,,,,
FIRMS_TN_0472,11.53465,78.47977,2024-12-20,MEDIUM,Tree cover,2.52,AUTH_REQUIRED,False,CDSE OAuth2 credentials not configured in environment.,1000m x 1000m,50x50,"SCL, B04, B08, B11, B12",,,,,,AUTH_REQUIRED,CDSE OAuth2 credentials not configured in environment.,,,,,,AUTH_REQUIRED,CDSE OAuth2 credentials not configured in environment.,,50x50,"SCL, B04, B08, B11, B12",,,,,50x50,"SCL, B04, B08, B11, B12",,,,,,,,,,,,,,,,,,,,,,,,,,,,,,,,,,,,,,,,,,,,,,,,,,INVALID_INPUT,Both pre_features and post_features are None.,,,,,,,,,,,,,,,,
FIRMS_TN_0473,11.93054,79.0218,2024-12-20,MEDIUM,Cropland,2.48,AUTH_REQUIRED,False,CDSE OAuth2 credentials not configured in environment.,1000m x 1000m,50x50,"SCL, B04, B08, B11, B12",,,,,,AUTH_REQUIRED,CDSE OAuth2 credentials not configured in environment.,,,,,,AUTH_REQUIRED,CDSE OAuth2 credentials not configured in environment.,,50x50,"SCL, B04, B08, B11, B12",,,,,50x50,"SCL, B04, B08, B11, B12",,,,,,,,,,,,,,,,,,,,,,,,,,,,,,,,,,,,,,,,,,,,,,,,,,INVALID_INPUT,Both pre_features and post_features are None.,,,,,,,,,,,,,,,,
FIRMS_TN_0474,13.3918,80.10139,2024-12-21,MEDIUM,Grassland,1.55,AUTH_REQUIRED,False,CDSE OAuth2 credentials not configured in environment.,1000m x 1000m,50x50,"SCL, B04, B08, B11, B12",,,,,,AUTH_REQUIRED,CDSE OAuth2 credentials not configured in environment.,,,,,,AUTH_REQUIRED,CDSE OAuth2 credentials not configured in environment.,,50x50,"SCL, B04, B08, B11, B12",,,,,50x50,"SCL, B04, B08, B11, B12",,,,,,,,,,,,,,,,,,,,,,,,,,,,,,,,,,,,,,,,,,,,,,,,,,INVALID_INPUT,Both pre_features and post_features are None.,,,,,,,,,,,,,,,,
FIRMS_TN_0475,11.94577,78.98011,2024-12-22,MEDIUM,Tree cover,2.98,AUTH_REQUIRED,False,CDSE OAuth2 credentials not configured in environment.,1000m x 1000m,50x50,"SCL, B04, B08, B11, B12",,,,,,AUTH_REQUIRED,CDSE OAuth2 credentials not configured in environment.,,,,,,AUTH_REQUIRED,CDSE OAuth2 credentials not configured in environment.,,50x50,"SCL, B04, B08, B11, B12",,,,,50x50,"SCL, B04, B08, B11, B12",,,,,,,,,,,,,,,,,,,,,,,,,,,,,,,,,,,,,,,,,,,,,,,,,,INVALID_INPUT,Both pre_features and post_features are None.,,,,,,,,,,,,,,,,
FIRMS_TN_0476,13.39238,80.10198,2024-12-22,MEDIUM,Grassland,1.16,AUTH_REQUIRED,False,CDSE OAuth2 credentials not configured in environment.,1000m x 1000m,50x50,"SCL, B04, B08, B11, B12",,,,,,AUTH_REQUIRED,CDSE OAuth2 credentials not configured in environment.,,,,,,AUTH_REQUIRED,CDSE OAuth2 credentials not configured in environment.,,50x50,"SCL, B04, B08, B11, B12",,,,,50x50,"SCL, B04, B08, B11, B12",,,,,,,,,,,,,,,,,,,,,,,,,,,,,,,,,,,,,,,,,,,,,,,,,,INVALID_INPUT,Both pre_features and post_features are None.,,,,,,,,,,,,,,,,
FIRMS_TN_0477,11.48374,77.36877,2024-12-23,MEDIUM,Cropland,3.22,AUTH_REQUIRED,False,CDSE OAuth2 credentials not configured in environment.,1000m x 1000m,50x50,"SCL, B04, B08, B11, B12",,,,,,AUTH_REQUIRED,CDSE OAuth2 credentials not configured in environment.,,,,,,AUTH_REQUIRED,CDSE OAuth2 credentials not configured in environment.,,50x50,"SCL, B04, B08, B11, B12",,,,,50x50,"SCL, B04, B08, B11, B12",,,,,,,,,,,,,,,,,,,,,,,,,,,,,,,,,,,,,,,,,,,,,,,,,,INVALID_INPUT,Both pre_features and post_features are None.,,,,,,,,,,,,,,,,
FIRMS_TN_0478,11.48662,77.3672,2024-12-23,HIGH,Tree cover,8.34,AUTH_REQUIRED,False,CDSE OAuth2 credentials not configured in environment.,1000m x 1000m,50x50,"SCL, B04, B08, B11, B12",,,,,,AUTH_REQUIRED,CDSE OAuth2 credentials not configured in environment.,,,,,,AUTH_REQUIRED,CDSE OAuth2 credentials not configured in environment.,,50x50,"SCL, B04, B08, B11, B12",,,,,50x50,"SCL, B04, B08, B11, B12",,,,,,,,,,,,,,,,,,,,,,,,,,,,,,,,,,,,,,,,,,,,,,,,,,INVALID_INPUT,Both pre_features and post_features are None.,,,,,,,,,,,,,,,,
FIRMS_TN_0479,11.48707,77.37101,2024-12-23,MEDIUM,Cropland,9.93,AUTH_REQUIRED,False,CDSE OAuth2 credentials not configured in environment.,1000m x 1000m,50x50,"SCL, B04, B08, B11, B12",,,,,,AUTH_REQUIRED,CDSE OAuth2 credentials not configured in environment.,,,,,,AUTH_REQUIRED,CDSE OAuth2 credentials not configured in environment.,,50x50,"SCL, B04, B08, B11, B12",,,,,50x50,"SCL, B04, B08, B11, B12",,,,,,,,,,,,,,,,,,,,,,,,,,,,,,,,,,,,,,,,,,,,,,,,,,INVALID_INPUT,Both pre_features and post_features are None.,,,,,,,,,,,,,,,,
FIRMS_TN_0480,11.38817,77.17683,2024-12-24,LOW,Cropland,1.32,AUTH_REQUIRED,False,CDSE OAuth2 credentials not configured in environment.,1000m x 1000m,50x50,"SCL, B04, B08, B11, B12",,,,,,AUTH_REQUIRED,CDSE OAuth2 credentials not configured in environment.,,,,,,AUTH_REQUIRED,CDSE OAuth2 credentials not configured in environment.,,50x50,"SCL, B04, B08, B11, B12",,,,,50x50,"SCL, B04, B08, B11, B12",,,,,,,,,,,,,,,,,,,,,,,,,,,,,,,,,,,,,,,,,,,,,,,,,,INVALID_INPUT,Both pre_features and post_features are None.,,,,,,,,,,,,,,,,
FIRMS_TN_0481,10.21246,77.85556,2024-12-24,MEDIUM,Tree cover,4.68,AUTH_REQUIRED,False,CDSE OAuth2 credentials not configured in environment.,1000m x 1000m,50x50,"SCL, B04, B08, B11, B12",,,,,,AUTH_REQUIRED,CDSE OAuth2 credentials not configured in environment.,,,,,,AUTH_REQUIRED,CDSE OAuth2 credentials not configured in environment.,,50x50,"SCL, B04, B08, B11, B12",,,,,50x50,"SCL, B04, B08, B11, B12",,,,,,,,,,,,,,,,,,,,,,,,,,,,,,,,,,,,,,,,,,,,,,,,,,INVALID_INPUT,Both pre_features and post_features are None.,,,,,,,,,,,,,,,,
FIRMS_TN_0482,10.06075,77.48013,2024-12-24,MEDIUM,Tree cover,3.24,AUTH_REQUIRED,False,CDSE OAuth2 credentials not configured in environment.,1000m x 1000m,50x50,"SCL, B04, B08, B11, B12",,,,,,AUTH_REQUIRED,CDSE OAuth2 credentials not configured in environment.,,,,,,AUTH_REQUIRED,CDSE OAuth2 credentials not configured in environment.,,50x50,"SCL, B04, B08, B11, B12",,,,,50x50,"SCL, B04, B08, B11, B12",,,,,,,,,,,,,,,,,,,,,,,,,,,,,,,,,,,,,,,,,,,,,,,,,,INVALID_INPUT,Both pre_features and post_features are None.,,,,,,,,,,,,,,,,
FIRMS_TN_0483,9.78438,77.42071,2024-12-24,MEDIUM,Cropland,1.82,AUTH_REQUIRED,False,CDSE OAuth2 credentials not configured in environment.,1000m x 1000m,50x50,"SCL, B04, B08, B11, B12",,,,,,AUTH_REQUIRED,CDSE OAuth2 credentials not configured in environment.,,,,,,AUTH_REQUIRED,CDSE OAuth2 credentials not configured in environment.,,50x50,"SCL, B04, B08, B11, B12",,,,,50x50,"SCL, B04, B08, B11, B12",,,,,,,,,,,,,,,,,,,,,,,,,,,,,,,,,,,,,,,,,,,,,,,,,,INVALID_INPUT,Both pre_features and post_features are None.,,,,,,,,,,,,,,,,
FIRMS_TN_0484,13.16129,80.28079,2024-12-24,MEDIUM,Built-up,1.6,AUTH_REQUIRED,False,CDSE OAuth2 credentials not configured in environment.,1000m x 1000m,50x50,"SCL, B04, B08, B11, B12",,,,,,AUTH_REQUIRED,CDSE OAuth2 credentials not configured in environment.,,,,,,AUTH_REQUIRED,CDSE OAuth2 credentials not configured in environment.,,50x50,"SCL, B04, B08, B11, B12",,,,,50x50,"SCL, B04, B08, B11, B12",,,,,,,,,,,,,,,,,,,,,,,,,,,,,,,,,,,,,,,,,,,,,,,,,,INVALID_INPUT,Both pre_features and post_features are None.,,,,,,,,,,,,,,,,
FIRMS_TN_0485,12.6902,77.94789,2024-12-24,LOW,Grassland,0.52,AUTH_REQUIRED,False,CDSE OAuth2 credentials not configured in environment.,1000m x 1000m,50x50,"SCL, B04, B08, B11, B12",,,,,,AUTH_REQUIRED,CDSE OAuth2 credentials not configured in environment.,,,,,,AUTH_REQUIRED,CDSE OAuth2 credentials not configured in environment.,,50x50,"SCL, B04, B08, B11, B12",,,,,50x50,"SCL, B04, B08, B11, B12",,,,,,,,,,,,,,,,,,,,,,,,,,,,,,,,,,,,,,,,,,,,,,,,,,INVALID_INPUT,Both pre_features and post_features are None.,,,,,,,,,,,,,,,,
FIRMS_TN_0486,9.18193,78.44804,2024-12-25,MEDIUM,Shrubland,1.9,AUTH_REQUIRED,False,CDSE OAuth2 credentials not configured in environment.,1000m x 1000m,50x50,"SCL, B04, B08, B11, B12",,,,,,AUTH_REQUIRED,CDSE OAuth2 credentials not configured in environment.,,,,,,AUTH_REQUIRED,CDSE OAuth2 credentials not configured in environment.,,50x50,"SCL, B04, B08, B11, B12",,,,,50x50,"SCL, B04, B08, B11, B12",,,,,,,,,,,,,,,,,,,,,,,,,,,,,,,,,,,,,,,,,,,,,,,,,,INVALID_INPUT,Both pre_features and post_features are None.,,,,,,,,,,,,,,,,
FIRMS_TN_0487,9.85774,77.33888,2024-12-25,MEDIUM,Grassland,3.26,AUTH_REQUIRED,False,CDSE OAuth2 credentials not configured in environment.,1000m x 1000m,50x50,"SCL, B04, B08, B11, B12",,,,,,AUTH_REQUIRED,CDSE OAuth2 credentials not configured in environment.,,,,,,AUTH_REQUIRED,CDSE OAuth2 credentials not configured in environment.,,50x50,"SCL, B04, B08, B11, B12",,,,,50x50,"SCL, B04, B08, B11, B12",,,,,,,,,,,,,,,,,,,,,,,,,,,,,,,,,,,,,,,,,,,,,,,,,,INVALID_INPUT,Both pre_features and post_features are None.,,,,,,,,,,,,,,,,
FIRMS_TN_0488,11.38649,77.14317,2024-12-25,MEDIUM,Cropland,3.75,AUTH_REQUIRED,False,CDSE OAuth2 credentials not configured in environment.,1000m x 1000m,50x50,"SCL, B04, B08, B11, B12",,,,,,AUTH_REQUIRED,CDSE OAuth2 credentials not configured in environment.,,,,,,AUTH_REQUIRED,CDSE OAuth2 credentials not configured in environment.,,50x50,"SCL, B04, B08, B11, B12",,,,,50x50,"SCL, B04, B08, B11, B12",,,,,,,,,,,,,,,,,,,,,,,,,,,,,,,,,,,,,,,,,,,,,,,,,,INVALID_INPUT,Both pre_features and post_features are None.,,,,,,,,,,,,,,,,
FIRMS_TN_0489,9.18541,78.61312,2024-12-26,MEDIUM,Bare/sparse vegetation,2.53,AUTH_REQUIRED,False,CDSE OAuth2 credentials not configured in environment.,1000m x 1000m,50x50,"SCL, B04, B08, B11, B12",,,,,,AUTH_REQUIRED,CDSE OAuth2 credentials not configured in environment.,,,,,,AUTH_REQUIRED,CDSE OAuth2 credentials not configured in environment.,,50x50,"SCL, B04, B08, B11, B12",,,,,50x50,"SCL, B04, B08, B11, B12",,,,,,,,,,,,,,,,,,,,,,,,,,,,,,,,,,,,,,,,,,,,,,,,,,INVALID_INPUT,Both pre_features and post_features are None.,,,,,,,,,,,,,,,,
FIRMS_TN_0490,11.8161,77.91463,2024-12-27,HIGH,Built-up,0.72,AUTH_REQUIRED,False,CDSE OAuth2 credentials not configured in environment.,1000m x 1000m,50x50,"SCL, B04, B08, B11, B12",,,,,,AUTH_REQUIRED,CDSE OAuth2 credentials not configured in environment.,,,,,,AUTH_REQUIRED,CDSE OAuth2 credentials not configured in environment.,,50x50,"SCL, B04, B08, B11, B12",,,,,50x50,"SCL, B04, B08, B11, B12",,,,,,,,,,,,,,,,,,,,,,,,,,,,,,,,,,,,,,,,,,,,,,,,,,INVALID_INPUT,Both pre_features and post_features are None.,,,,,,,,,,,,,,,,
FIRMS_TN_0491,11.81118,77.92284,2024-12-27,HIGH,Built-up,1.24,AUTH_REQUIRED,False,CDSE OAuth2 credentials not configured in environment.,1000m x 1000m,50x50,"SCL, B04, B08, B11, B12",,,,,,AUTH_REQUIRED,CDSE OAuth2 credentials not configured in environment.,,,,,,AUTH_REQUIRED,CDSE OAuth2 credentials not configured in environment.,,50x50,"SCL, B04, B08, B11, B12",,,,,50x50,"SCL, B04, B08, B11, B12",,,,,,,,,,,,,,,,,,,,,,,,,,,,,,,,,,,,,,,,,,,,,,,,,,INVALID_INPUT,Both pre_features and post_features are None.,,,,,,,,,,,,,,,,
FIRMS_TN_0492,13.08174,79.97926,2024-12-27,MEDIUM,Bare/sparse vegetation,1.41,AUTH_REQUIRED,False,CDSE OAuth2 credentials not configured in environment.,1000m x 1000m,50x50,"SCL, B04, B08, B11, B12",,,,,,AUTH_REQUIRED,CDSE OAuth2 credentials not configured in environment.,,,,,,AUTH_REQUIRED,CDSE OAuth2 credentials not configured in environment.,,50x50,"SCL, B04, B08, B11, B12",,,,,50x50,"SCL, B04, B08, B11, B12",,,,,,,,,,,,,,,,,,,,,,,,,,,,,,,,,,,,,,,,,,,,,,,,,,INVALID_INPUT,Both pre_features and post_features are None.,,,,,,,,,,,,,,,,
FIRMS_TN_0493,12.99953,79.90663,2024-12-28,MEDIUM,Shrubland,3.74,AUTH_REQUIRED,False,CDSE OAuth2 credentials not configured in environment.,1000m x 1000m,50x50,"SCL, B04, B08, B11, B12",,,,,,AUTH_REQUIRED,CDSE OAuth2 credentials not configured in environment.,,,,,,AUTH_REQUIRED,CDSE OAuth2 credentials not configured in environment.,,50x50,"SCL, B04, B08, B11, B12",,,,,50x50,"SCL, B04, B08, B11, B12",,,,,,,,,,,,,,,,,,,,,,,,,,,,,,,,,,,,,,,,,,,,,,,,,,INVALID_INPUT,Both pre_features and post_features are None.,,,,,,,,,,,,,,,,
FIRMS_TN_0494,9.18301,78.57902,2024-12-29,MEDIUM,Tree cover,4.45,AUTH_REQUIRED,False,CDSE OAuth2 credentials not configured in environment.,1000m x 1000m,50x50,"SCL, B04, B08, B11, B12",,,,,,AUTH_REQUIRED,CDSE OAuth2 credentials not configured in environment.,,,,,,AUTH_REQUIRED,CDSE OAuth2 credentials not configured in environment.,,50x50,"SCL, B04, B08, B11, B12",,,,,50x50,"SCL, B04, B08, B11, B12",,,,,,,,,,,,,,,,,,,,,,,,,,,,,,,,,,,,,,,,,,,,,,,,,,INVALID_INPUT,Both pre_features and post_features are None.,,,,,,,,,,,,,,,,
FIRMS_TN_0495,11.08905,78.05498,2024-12-30,MEDIUM,Tree cover,3.3,AUTH_REQUIRED,False,CDSE OAuth2 credentials not configured in environment.,1000m x 1000m,50x50,"SCL, B04, B08, B11, B12",,,,,,AUTH_REQUIRED,CDSE OAuth2 credentials not configured in environment.,,,,,,AUTH_REQUIRED,CDSE OAuth2 credentials not configured in environment.,,50x50,"SCL, B04, B08, B11, B12",,,,,50x50,"SCL, B04, B08, B11, B12",,,,,,,,,,,,,,,,,,,,,,,,,,,,,,,,,,,,,,,,,,,,,,,,,,INVALID_INPUT,Both pre_features and post_features are None.,,,,,,,,,,,,,,,,
FIRMS_TN_0496,11.81181,77.92474,2024-12-30,HIGH,Built-up,2.74,AUTH_REQUIRED,False,CDSE OAuth2 credentials not configured in environment.,1000m x 1000m,50x50,"SCL, B04, B08, B11, B12",,,,,,AUTH_REQUIRED,CDSE OAuth2 credentials not configured in environment.,,,,,,AUTH_REQUIRED,CDSE OAuth2 credentials not configured in environment.,,50x50,"SCL, B04, B08, B11, B12",,,,,50x50,"SCL, B04, B08, B11, B12",,,,,,,,,,,,,,,,,,,,,,,,,,,,,,,,,,,,,,,,,,,,,,,,,,INVALID_INPUT,Both pre_features and post_features are None.,,,,,,,,,,,,,,,,
FIRMS_TN_0497,12.64716,77.85314,2024-12-30,LOW,Grassland,0.58,AUTH_REQUIRED,False,CDSE OAuth2 credentials not configured in environment.,1000m x 1000m,50x50,"SCL, B04, B08, B11, B12",,,,,,AUTH_REQUIRED,CDSE OAuth2 credentials not configured in environment.,,,,,,AUTH_REQUIRED,CDSE OAuth2 credentials not configured in environment.,,50x50,"SCL, B04, B08, B11, B12",,,,,50x50,"SCL, B04, B08, B11, B12",,,,,,,,,,,,,,,,,,,,,,,,,,,,,,,,,,,,,,,,,,,,,,,,,,INVALID_INPUT,Both pre_features and post_features are None.,,,,,,,,,,,,,,,,
FIRMS_TN_0498,13.15957,80.2869,2024-12-30,MEDIUM,Tree cover,0.79,AUTH_REQUIRED,False,CDSE OAuth2 credentials not configured in environment.,1000m x 1000m,50x50,"SCL, B04, B08, B11, B12",,,,,,AUTH_REQUIRED,CDSE OAuth2 credentials not configured in environment.,,,,,,AUTH_REQUIRED,CDSE OAuth2 credentials not configured in environment.,,50x50,"SCL, B04, B08, B11, B12",,,,,50x50,"SCL, B04, B08, B11, B12",,,,,,,,,,,,,,,,,,,,,,,,,,,,,,,,,,,,,,,,,,,,,,,,,,INVALID_INPUT,Both pre_features and post_features are None.,,,,,,,,,,,,,,,,
FIRMS_TN_0499,13.39337,80.10251,2024-12-30,MEDIUM,Grassland,0.36,AUTH_REQUIRED,False,CDSE OAuth2 credentials not configured in environment.,1000m x 1000m,50x50,"SCL, B04, B08, B11, B12",,,,,,AUTH_REQUIRED,CDSE OAuth2 credentials not configured in environment.,,,,,,AUTH_REQUIRED,CDSE OAuth2 credentials not configured in environment.,,50x50,"SCL, B04, B08, B11, B12",,,,,50x50,"SCL, B04, B08, B11, B12",,,,,,,,,,,,,,,,,,,,,,,,,,,,,,,,,,,,,,,,,,,,,,,,,,INVALID_INPUT,Both pre_features and post_features are None.,,,,,,,,,,,,,,,,
FIRMS_TN_0500,11.80905,77.92311,2024-12-31,HIGH,Built-up,2.27,AUTH_REQUIRED,False,CDSE OAuth2 credentials not configured in environment.,1000m x 1000m,50x50,"SCL, B04, B08, B11, B12",,,,,,AUTH_REQUIRED,CDSE OAuth2 credentials not configured in environment.,,,,,,AUTH_REQUIRED,CDSE OAuth2 credentials not configured in environment.,,50x50,"SCL, B04, B08, B11, B12",,,,,50x50,"SCL, B04, B08, B11, B12",,,,,,,,,,,,,,,,,,,,,,,,,,,,,,,,,,,,,,,,,,,,,,,,,,INVALID_INPUT,Both pre_features and post_features are None.,,,,,,,,,,,,,,,,
FIRMS_TN_0501,12.24608,77.47054,2024-12-31,LOW,Shrubland,3.6,AUTH_REQUIRED,False,CDSE OAuth2 credentials not configured in environment.,1000m x 1000m,50x50,"SCL, B04, B08, B11, B12",,,,,,AUTH_REQUIRED,CDSE OAuth2 credentials not configured in environment.,,,,,,AUTH_REQUIRED,CDSE OAuth2 credentials not configured in environment.,,50x50,"SCL, B04, B08, B11, B12",,,,,50x50,"SCL, B04, B08, B11, B12",,,,,,,,,,,,,,,,,,,,,,,,,,,,,,,,,,,,,,,,,,,,,,,,,,INVALID_INPUT,Both pre_features and post_features are None.,,,,,,,,,,,,,,,,
FIRMS_TN_0502,12.26136,77.4766,2024-12-31,MEDIUM,Tree cover,3.13,AUTH_REQUIRED,False,CDSE OAuth2 credentials not configured in environment.,1000m x 1000m,50x50,"SCL, B04, B08, B11, B12",,,,,,AUTH_REQUIRED,CDSE OAuth2 credentials not configured in environment.,,,,,,AUTH_REQUIRED,CDSE OAuth2 credentials not configured in environment.,,50x50,"SCL, B04, B08, B11, B12",,,,,50x50,"SCL, B04, B08, B11, B12",,,,,,,,,,,,,,,,,,,,,,,,,,,,,,,,,,,,,,,,,,,,,,,,,,INVALID_INPUT,Both pre_features and post_features are None.,,,,,,,,,,,,,,,,
FIRMS_TN_0503,12.73766,77.7874,2024-12-31,MEDIUM,Built-up,4.81,AUTH_REQUIRED,False,CDSE OAuth2 credentials not configured in environment.,1000m x 1000m,50x50,"SCL, B04, B08, B11, B12",,,,,,AUTH_REQUIRED,CDSE OAuth2 credentials not configured in environment.,,,,,,AUTH_REQUIRED,CDSE OAuth2 credentials not configured in environment.,,50x50,"SCL, B04, B08, B11, B12",,,,,50x50,"SCL, B04, B08, B11, B12",,,,,,,,,,,,,,,,,,,,,,,,,,,,,,,,,,,,,,,,,,,,,,,,,,INVALID_INPUT,Both pre_features and post_features are None.,,,,,,,,,,,,,,,,
FIRMS_TN_0504,13.26257,79.65422,2024-12-31,LOW,Tree cover,1.57,AUTH_REQUIRED,False,CDSE OAuth2 credentials not configured in environment.,1000m x 1000m,50x50,"SCL, B04, B08, B11, B12",,,,,,AUTH_REQUIRED,CDSE OAuth2 credentials not configured in environment.,,,,,,AUTH_REQUIRED,CDSE OAuth2 credentials not configured in environment.,,50x50,"SCL, B04, B08, B11, B12",,,,,50x50,"SCL, B04, B08, B11, B12",,,,,,,,,,,,,,,,,,,,,,,,,,,,,,,,,,,,,,,,,,,,,,,,,,INVALID_INPUT,Both pre_features and post_features are None.,,,,,,,,,,,,,,,,
FIRMS_TN_0505,12.35046,80.01983,2024-12-31,LOW,Cropland,0.45,AUTH_REQUIRED,False,CDSE OAuth2 credentials not configured in environment.,1000m x 1000m,50x50,"SCL, B04, B08, B11, B12",,,,,,AUTH_REQUIRED,CDSE OAuth2 credentials not configured in environment.,,,,,,AUTH_REQUIRED,CDSE OAuth2 credentials not configured in environment.,,50x50,"SCL, B04, B08, B11, B12",,,,,50x50,"SCL, B04, B08, B11, B12",,,,,,,,,,,,,,,,,,,,,,,,,,,,,,,,,,,,,,,,,,,,,,,,,,INVALID_INPUT,Both pre_features and post_features are None.,,,,,,,,,,,,,,,,
FIRMS_TN_0506,13.06525,80.18826,2024-12-31,LOW,Cropland,0.59,AUTH_REQUIRED,False,CDSE OAuth2 credentials not configured in environment.,1000m x 1000m,50x50,"SCL, B04, B08, B11, B12",,,,,,AUTH_REQUIRED,CDSE OAuth2 credentials not configured in environment.,,,,,,AUTH_REQUIRED,CDSE OAuth2 credentials not configured in environment.,,50x50,"SCL, B04, B08, B11, B12",,,,,50x50,"SCL, B04, B08, B11, B12",,,,,,,,,,,,,,,,,,,,,,,,,,,,,,,,,,,,,,,,,,,,,,,,,,INVALID_INPUT,Both pre_features and post_features are None.,,,,,,,,,,,,,,,,
FIRMS_TN_0507,11.77809,77.72276,2024-12-31,MEDIUM,Cropland,0.75,AUTH_REQUIRED,False,CDSE OAuth2 credentials not configured in environment.,1000m x 1000m,50x50,"SCL, B04, B08, B11, B12",,,,,,AUTH_REQUIRED,CDSE OAuth2 credentials not configured in environment.,,,,,,AUTH_REQUIRED,CDSE OAuth2 credentials not configured in environment.,,50x50,"SCL, B04, B08, B11, B12",,,,,50x50,"SCL, B04, B08, B11, B12",,,,,,,,,,,,,,,,,,,,,,,,,,,,,,,,,,,,,,,,,,,,,,,,,,INVALID_INPUT,Both pre_features and post_features are None.,,,,,,,,,,,,,,,,
FIRMS_TN_0508,11.80982,77.92365,2024-12-31,MEDIUM,Tree cover,1.01,AUTH_REQUIRED,False,CDSE OAuth2 credentials not configured in environment.,1000m x 1000m,50x50,"SCL, B04, B08, B11, B12",,,,,,AUTH_REQUIRED,CDSE OAuth2 credentials not configured in environment.,,,,,,AUTH_REQUIRED,CDSE OAuth2 credentials not configured in environment.,,50x50,"SCL, B04, B08, B11, B12",,,,,50x50,"SCL, B04, B08, B11, B12",,,,,,,,,,,,,,,,,,,,,,,,,,,,,,,,,,,,,,,,,,,,,,,,,,INVALID_INPUT,Both pre_features and post_features are None.,,,,,,,,,,,,,,,,
FIRMS_TN_0509,13.16059,80.28819,2024-12-31,MEDIUM,Tree cover,1.17,AUTH_REQUIRED,False,CDSE OAuth2 credentials not configured in environment.,1000m x 1000m,50x50,"SCL, B04, B08, B11, B12",,,,,,AUTH_REQUIRED,CDSE OAuth2 credentials not configured in environment.,,,,,,AUTH_REQUIRED,CDSE OAuth2 credentials not configured in environment.,,50x50,"SCL, B04, B08, B11, B12",,,,,50x50,"SCL, B04, B08, B11, B12",,,,,,,,,,,,,,,,,,,,,,,,,,,,,,,,,,,,,,,,,,,,,,,,,,INVALID_INPUT,Both pre_features and post_features are None.,,,,,,,,,,,,,,,,
FIRMS_TN_0510,10.92962,77.06595,2024-12-31,LOW,Grassland,0.4,AUTH_REQUIRED,False,CDSE OAuth2 credentials not configured in environment.,1000m x 1000m,50x50,"SCL, B04, B08, B11, B12",,,,,,AUTH_REQUIRED,CDSE OAuth2 credentials not configured in environment.,,,,,,AUTH_REQUIRED,CDSE OAuth2 credentials not configured in environment.,,50x50,"SCL, B04, B08, B11, B12",,,,,50x50,"SCL, B04, B08, B11, B12",,,,,,,,,,,,,,,,,,,,,,,,,,,,,,,,,,,,,,,,,,,,,,,,,,INVALID_INPUT,Both pre_features and post_features are None.,,,,,,,,,,,,,,,,
FIRMS_TN_0511,12.35442,80.02054,2024-12-31,LOW,Grassland,0.61,AUTH_REQUIRED,False,CDSE OAuth2 credentials not configured in environment.,1000m x 1000m,50x50,"SCL, B04, B08, B11, B12",,,,,,AUTH_REQUIRED,CDSE OAuth2 credentials not configured in environment.,,,,,,AUTH_REQUIRED,CDSE OAuth2 credentials not configured in environment.,,50x50,"SCL, B04, B08, B11, B12",,,,,50x50,"SCL, B04, B08, B11, B12",,,,,,,,,,,,,,,,,,,,,,,,,,,,,,,,,,,,,,,,,,,,,,,,,,INVALID_INPUT,Both pre_features and post_features are None.,,,,,,,,,,,,,,,,
FIRMS_TN_0512,11.1818,79.09956,2024-12-31,MEDIUM,Built-up,1.06,AUTH_REQUIRED,False,CDSE OAuth2 credentials not configured in environment.,1000m x 1000m,50x50,"SCL, B04, B08, B11, B12",,,,,,AUTH_REQUIRED,CDSE OAuth2 credentials not configured in environment.,,,,,,AUTH_REQUIRED,CDSE OAuth2 credentials not configured in environment.,,50x50,"SCL, B04, B08, B11, B12",,,,,50x50,"SCL, B04, B08, B11, B12",,,,,,,,,,,,,,,,,,,,,,,,,,,,,,,,,,,,,,,,,,,,,,,,,,INVALID_INPUT,Both pre_features and post_features are None.,,,,,,,,,,,,,,,,
FIRMS_TN_0513,12.35191,80.02312,2024-12-31,LOW,Tree cover,0.83,AUTH_REQUIRED,False,CDSE OAuth2 credentials not configured in environment.,1000m x 1000m,50x50,"SCL, B04, B08, B11, B12",,,,,,AUTH_REQUIRED,CDSE OAuth2 credentials not configured in environment.,,,,,,AUTH_REQUIRED,CDSE OAuth2 credentials not configured in environment.,,50x50,"SCL, B04, B08, B11, B12",,,,,50x50,"SCL, B04, B08, B11, B12",,,,,,,,,,,,,,,,,,,,,,,,,,,,,,,,,,,,,,,,,,,,,,,,,,INVALID_INPUT,Both pre_features and post_features are None.,,,,,,,,,,,,,,,,
FIRMS_TN_0514,13.03009,79.9235,2025-01-01,LOW,Tree cover,0.34,AUTH_REQUIRED,False,CDSE OAuth2 credentials not configured in environment.,1000m x 1000m,50x50,"SCL, B04, B08, B11, B12",,,,,,AUTH_REQUIRED,CDSE OAuth2 credentials not configured in environment.,,,,,,AUTH_REQUIRED,CDSE OAuth2 credentials not configured in environment.,,50x50,"SCL, B04, B08, B11, B12",,,,,50x50,"SCL, B04, B08, B11, B12",,,,,,,,,,,,,,,,,,,,,,,,,,,,,,,,,,,,,,,,,,,,,,,,,,INVALID_INPUT,Both pre_features and post_features are None.,,,,,,,,,,,,,,,,
FIRMS_TN_0515,13.02678,79.92296,2025-01-01,LOW,Tree cover,0.34,AUTH_REQUIRED,False,CDSE OAuth2 credentials not configured in environment.,1000m x 1000m,50x50,"SCL, B04, B08, B11, B12",,,,,,AUTH_REQUIRED,CDSE OAuth2 credentials not configured in environment.,,,,,,AUTH_REQUIRED,CDSE OAuth2 credentials not configured in environment.,,50x50,"SCL, B04, B08, B11, B12",,,,,50x50,"SCL, B04, B08, B11, B12",,,,,,,,,,,,,,,,,,,,,,,,,,,,,,,,,,,,,,,,,,,,,,,,,,INVALID_INPUT,Both pre_features and post_features are None.,,,,,,,,,,,,,,,,
FIRMS_TN_0516,13.44642,80.09644,2025-01-01,LOW,Tree cover,0.32,AUTH_REQUIRED,False,CDSE OAuth2 credentials not configured in environment.,1000m x 1000m,50x50,"SCL, B04, B08, B11, B12",,,,,,AUTH_REQUIRED,CDSE OAuth2 credentials not configured in environment.,,,,,,AUTH_REQUIRED,CDSE OAuth2 credentials not configured in environment.,,50x50,"SCL, B04, B08, B11, B12",,,,,50x50,"SCL, B04, B08, B11, B12",,,,,,,,,,,,,,,,,,,,,,,,,,,,,,,,,,,,,,,,,,,,,,,,,,INVALID_INPUT,Both pre_features and post_features are None.,,,,,,,,,,,,,,,,
FIRMS_TN_0517,13.39118,80.10189,2025-01-01,LOW,Grassland,0.96,AUTH_REQUIRED,False,CDSE OAuth2 credentials not configured in environment.,1000m x 1000m,50x50,"SCL, B04, B08, B11, B12",,,,,,AUTH_REQUIRED,CDSE OAuth2 credentials not configured in environment.,,,,,,AUTH_REQUIRED,CDSE OAuth2 credentials not configured in environment.,,50x50,"SCL, B04, B08, B11, B12",,,,,50x50,"SCL, B04, B08, B11, B12",,,,,,,,,,,,,,,,,,,,,,,,,,,,,,,,,,,,,,,,,,,,,,,,,,INVALID_INPUT,Both pre_features and post_features are None.,,,,,,,,,,,,,,,,
FIRMS_TN_0518,13.39176,80.07661,2025-01-01,LOW,Tree cover,0.38,AUTH_REQUIRED,False,CDSE OAuth2 credentials not configured in environment.,1000m x 1000m,50x50,"SCL, B04, B08, B11, B12",,,,,,AUTH_REQUIRED,CDSE OAuth2 credentials not configured in environment.,,,,,,AUTH_REQUIRED,CDSE OAuth2 credentials not configured in environment.,,50x50,"SCL, B04, B08, B11, B12",,,,,50x50,"SCL, B04, B08, B11, B12",,,,,,,,,,,,,,,,,,,,,,,,,,,,,,,,,,,,,,,,,,,,,,,,,,INVALID_INPUT,Both pre_features and post_features are None.,,,,,,,,,,,,,,,,
FIRMS_TN_0519,10.5693,77.56763,2025-01-01,MEDIUM,Grassland,0.22,AUTH_REQUIRED,False,CDSE OAuth2 credentials not configured in environment.,1000m x 1000m,50x50,"SCL, B04, B08, B11, B12",,,,,,AUTH_REQUIRED,CDSE OAuth2 credentials not configured in environment.,,,,,,AUTH_REQUIRED,CDSE OAuth2 credentials not configured in environment.,,50x50,"SCL, B04, B08, B11, B12",,,,,50x50,"SCL, B04, B08, B11, B12",,,,,,,,,,,,,,,,,,,,,,,,,,,,,,,,,,,,,,,,,,,,,,,,,,INVALID_INPUT,Both pre_features and post_features are None.,,,,,,,,,,,,,,,,
FIRMS_TN_0520,10.50231,78.77765,2025-01-01,MEDIUM,Built-up,0.55,AUTH_REQUIRED,False,CDSE OAuth2 credentials not configured in environment.,1000m x 1000m,50x50,"SCL, B04, B08, B11, B12",,,,,,AUTH_REQUIRED,CDSE OAuth2 credentials not configured in environment.,,,,,,AUTH_REQUIRED,CDSE OAuth2 credentials not configured in environment.,,50x50,"SCL, B04, B08, B11, B12",,,,,50x50,"SCL, B04, B08, B11, B12",,,,,,,,,,,,,,,,,,,,,,,,,,,,,,,,,,,,,,,,,,,,,,,,,,INVALID_INPUT,Both pre_features and post_features are None.,,,,,,,,,,,,,,,,
FIRMS_TN_0521,10.92976,77.06351,2025-01-01,LOW,Cropland,0.86,AUTH_REQUIRED,False,CDSE OAuth2 credentials not configured in environment.,1000m x 1000m,50x50,"SCL, B04, B08, B11, B12",,,,,,AUTH_REQUIRED,CDSE OAuth2 credentials not configured in environment.,,,,,,AUTH_REQUIRED,CDSE OAuth2 credentials not configured in environment.,,50x50,"SCL, B04, B08, B11, B12",,,,,50x50,"SCL, B04, B08, B11, B12",,,,,,,,,,,,,,,,,,,,,,,,,,,,,,,,,,,,,,,,,,,,,,,,,,INVALID_INPUT,Both pre_features and post_features are None.,,,,,,,,,,,,,,,,
FIRMS_TN_0522,11.36123,79.23216,2025-01-01,MEDIUM,Built-up,0.6,AUTH_REQUIRED,False,CDSE OAuth2 credentials not configured in environment.,1000m x 1000m,50x50,"SCL, B04, B08, B11, B12",,,,,,AUTH_REQUIRED,CDSE OAuth2 credentials not configured in environment.,,,,,,AUTH_REQUIRED,CDSE OAuth2 credentials not configured in environment.,,50x50,"SCL, B04, B08, B11, B12",,,,,50x50,"SCL, B04, B08, B11, B12",,,,,,,,,,,,,,,,,,,,,,,,,,,,,,,,,,,,,,,,,,,,,,,,,,INVALID_INPUT,Both pre_features and post_features are None.,,,,,,,,,,,,,,,,
FIRMS_TN_0523,11.80925,77.92265,2025-01-01,MEDIUM,Tree cover,1.42,AUTH_REQUIRED,False,CDSE OAuth2 credentials not configured in environment.,1000m x 1000m,50x50,"SCL, B04, B08, B11, B12",,,,,,AUTH_REQUIRED,CDSE OAuth2 credentials not configured in environment.,,,,,,AUTH_REQUIRED,CDSE OAuth2 credentials not configured in environment.,,50x50,"SCL, B04, B08, B11, B12",,,,,50x50,"SCL, B04, B08, B11, B12",,,,,,,,,,,,,,,,,,,,,,,,,,,,,,,,,,,,,,,,,,,,,,,,,,INVALID_INPUT,Both pre_features and post_features are None.,,,,,,,,,,,,,,,,
FIRMS_TN_0524,11.81723,77.91619,2025-01-01,HIGH,Built-up,2.82,AUTH_REQUIRED,False,CDSE OAuth2 credentials not configured in environment.,1000m x 1000m,50x50,"SCL, B04, B08, B11, B12",,,,,,AUTH_REQUIRED,CDSE OAuth2 credentials not configured in environment.,,,,,,AUTH_REQUIRED,CDSE OAuth2 credentials not configured in environment.,,50x50,"SCL, B04, B08, B11, B12",,,,,50x50,"SCL, B04, B08, B11, B12",,,,,,,,,,,,,,,,,,,,,,,,,,,,,,,,,,,,,,,,,,,,,,,,,,INVALID_INPUT,Both pre_features and post_features are None.,,,,,,,,,,,,,,,,
FIRMS_TN_0525,10.9532,79.16271,2025-01-02,MEDIUM,Built-up,4.8,AUTH_REQUIRED,False,CDSE OAuth2 credentials not configured in environment.,1000m x 1000m,50x50,"SCL, B04, B08, B11, B12",,,,,,AUTH_REQUIRED,CDSE OAuth2 credentials not configured in environment.,,,,,,AUTH_REQUIRED,CDSE OAuth2 credentials not configured in environment.,,50x50,"SCL, B04, B08, B11, B12",,,,,50x50,"SCL, B04, B08, B11, B12",,,,,,,,,,,,,,,,,,,,,,,,,,,,,,,,,,,,,,,,,,,,,,,,,,INVALID_INPUT,Both pre_features and post_features are None.,,,,,,,,,,,,,,,,
FIRMS_TN_0526,12.38014,79.09187,2025-01-02,MEDIUM,Cropland,4.66,AUTH_REQUIRED,False,CDSE OAuth2 credentials not configured in environment.,1000m x 1000m,50x50,"SCL, B04, B08, B11, B12",,,,,,AUTH_REQUIRED,CDSE OAuth2 credentials not configured in environment.,,,,,,AUTH_REQUIRED,CDSE OAuth2 credentials not configured in environment.,,50x50,"SCL, B04, B08, B11, B12",,,,,50x50,"SCL, B04, B08, B11, B12",,,,,,,,,,,,,,,,,,,,,,,,,,,,,,,,,,,,,,,,,,,,,,,,,,INVALID_INPUT,Both pre_features and post_features are None.,,,,,,,,,,,,,,,,
FIRMS_TN_0527,12.8479,79.90363,2025-01-03,LOW,Tree cover,1.06,AUTH_REQUIRED,False,CDSE OAuth2 credentials not configured in environment.,1000m x 1000m,50x50,"SCL, B04, B08, B11, B12",,,,,,AUTH_REQUIRED,CDSE OAuth2 credentials not configured in environment.,,,,,,AUTH_REQUIRED,CDSE OAuth2 credentials not configured in environment.,,50x50,"SCL, B04, B08, B11, B12",,,,,50x50,"SCL, B04, B08, B11, B12",,,,,,,,,,,,,,,,,,,,,,,,,,,,,,,,,,,,,,,,,,,,,,,,,,INVALID_INPUT,Both pre_features and post_features are None.,,,,,,,,,,,,,,,,
FIRMS_TN_0528,12.85339,79.90439,2025-01-03,LOW,Grassland,1.01,AUTH_REQUIRED,False,CDSE OAuth2 credentials not configured in environment.,1000m x 1000m,50x50,"SCL, B04, B08, B11, B12",,,,,,AUTH_REQUIRED,CDSE OAuth2 credentials not configured in environment.,,,,,,AUTH_REQUIRED,CDSE OAuth2 credentials not configured in environment.,,50x50,"SCL, B04, B08, B11, B12",,,,,50x50,"SCL, B04, B08, B11, B12",,,,,,,,,,,,,,,,,,,,,,,,,,,,,,,,,,,,,,,,,,,,,,,,,,INVALID_INPUT,Both pre_features and post_features are None.,,,,,,,,,,,,,,,,
FIRMS_TN_0529,13.15899,80.2822,2025-01-03,LOW,Tree cover,1.72,AUTH_REQUIRED,False,CDSE OAuth2 credentials not configured in environment.,1000m x 1000m,50x50,"SCL, B04, B08, B11, B12",,,,,,AUTH_REQUIRED,CDSE OAuth2 credentials not configured in environment.,,,,,,AUTH_REQUIRED,CDSE OAuth2 credentials not configured in environment.,,50x50,"SCL, B04, B08, B11, B12",,,,,50x50,"SCL, B04, B08, B11, B12",,,,,,,,,,,,,,,,,,,,,,,,,,,,,,,,,,,,,,,,,,,,,,,,,,INVALID_INPUT,Both pre_features and post_features are None.,,,,,,,,,,,,,,,,
FIRMS_TN_0530,11.80855,77.92345,2025-01-03,MEDIUM,Built-up,1.3,AUTH_REQUIRED,False,CDSE OAuth2 credentials not configured in environment.,1000m x 1000m,50x50,"SCL, B04, B08, B11, B12",,,,,,AUTH_REQUIRED,CDSE OAuth2 credentials not configured in environment.,,,,,,AUTH_REQUIRED,CDSE OAuth2 credentials not configured in environment.,,50x50,"SCL, B04, B08, B11, B12",,,,,50x50,"SCL, B04, B08, B11, B12",,,,,,,,,,,,,,,,,,,,,,,,,,,,,,,,,,,,,,,,,,,,,,,,,,INVALID_INPUT,Both pre_features and post_features are None.,,,,,,,,,,,,,,,,
FIRMS_TN_0531,9.18218,78.58096,2025-01-04,MEDIUM,Cropland,3.79,AUTH_REQUIRED,False,CDSE OAuth2 credentials not configured in environment.,1000m x 1000m,50x50,"SCL, B04, B08, B11, B12",,,,,,AUTH_REQUIRED,CDSE OAuth2 credentials not configured in environment.,,,,,,AUTH_REQUIRED,CDSE OAuth2 credentials not configured in environment.,,50x50,"SCL, B04, B08, B11, B12",,,,,50x50,"SCL, B04, B08, B11, B12",,,,,,,,,,,,,,,,,,,,,,,,,,,,,,,,,,,,,,,,,,,,,,,,,,INVALID_INPUT,Both pre_features and post_features are None.,,,,,,,,,,,,,,,,
FIRMS_TN_0532,9.77502,78.45444,2025-01-04,MEDIUM,Shrubland,3.17,AUTH_REQUIRED,False,CDSE OAuth2 credentials not configured in environment.,1000m x 1000m,50x50,"SCL, B04, B08, B11, B12",,,,,,AUTH_REQUIRED,CDSE OAuth2 credentials not configured in environment.,,,,,,AUTH_REQUIRED,CDSE OAuth2 credentials not configured in environment.,,50x50,"SCL, B04, B08, B11, B12",,,,,50x50,"SCL, B04, B08, B11, B12",,,,,,,,,,,,,,,,,,,,,,,,,,,,,,,,,,,,,,,,,,,,,,,,,,INVALID_INPUT,Both pre_features and post_features are None.,,,,,,,,,,,,,,,,
FIRMS_TN_0533,11.28849,78.96098,2025-01-04,MEDIUM,Cropland,3.6,AUTH_REQUIRED,False,CDSE OAuth2 credentials not configured in environment.,1000m x 1000m,50x50,"SCL, B04, B08, B11, B12",,,,,,AUTH_REQUIRED,CDSE OAuth2 credentials not configured in environment.,,,,,,AUTH_REQUIRED,CDSE OAuth2 credentials not configured in environment.,,50x50,"SCL, B04, B08, B11, B12",,,,,50x50,"SCL, B04, B08, B11, B12",,,,,,,,,,,,,,,,,,,,,,,,,,,,,,,,,,,,,,,,,,,,,,,,,,INVALID_INPUT,Both pre_features and post_features are None.,,,,,,,,,,,,,,,,
FIRMS_TN_0534,11.1349,77.34515,2025-01-04,MEDIUM,Built-up,2.8,AUTH_REQUIRED,False,CDSE OAuth2 credentials not configured in environment.,1000m x 1000m,50x50,"SCL, B04, B08, B11, B12",,,,,,AUTH_REQUIRED,CDSE OAuth2 credentials not configured in environment.,,,,,,AUTH_REQUIRED,CDSE OAuth2 credentials not configured in environment.,,50x50,"SCL, B04, B08, B11, B12",,,,,50x50,"SCL, B04, B08, B11, B12",,,,,,,,,,,,,,,,,,,,,,,,,,,,,,,,,,,,,,,,,,,,,,,,,,INVALID_INPUT,Both pre_features and post_features are None.,,,,,,,,,,,,,,,,
FIRMS_TN_0535,12.09574,79.49277,2025-01-04,MEDIUM,Cropland,2.13,AUTH_REQUIRED,False,CDSE OAuth2 credentials not configured in environment.,1000m x 1000m,50x50,"SCL, B04, B08, B11, B12",,,,,,AUTH_REQUIRED,CDSE OAuth2 credentials not configured in environment.,,,,,,AUTH_REQUIRED,CDSE OAuth2 credentials not configured in environment.,,50x50,"SCL, B04, B08, B11, B12",,,,,50x50,"SCL, B04, B08, B11, B12",,,,,,,,,,,,,,,,,,,,,,,,,,,,,,,,,,,,,,,,,,,,,,,,,,INVALID_INPUT,Both pre_features and post_features are None.,,,,,,,,,,,,,,,,
FIRMS_TN_0536,12.04727,78.13994,2025-01-04,MEDIUM,Cropland,4.0,AUTH_REQUIRED,False,CDSE OAuth2 credentials not configured in environment.,1000m x 1000m,50x50,"SCL, B04, B08, B11, B12",,,,,,AUTH_REQUIRED,CDSE OAuth2 credentials not configured in environment.,,,,,,AUTH_REQUIRED,CDSE OAuth2 credentials not configured in environment.,,50x50,"SCL, B04, B08, B11, B12",,,,,50x50,"SCL, B04, B08, B11, B12",,,,,,,,,,,,,,,,,,,,,,,,,,,,,,,,,,,,,,,,,,,,,,,,,,INVALID_INPUT,Both pre_features and post_features are None.,,,,,,,,,,,,,,,,
FIRMS_TN_0537,12.0474,78.14194,2025-01-04,MEDIUM,Cropland,4.37,AUTH_REQUIRED,False,CDSE OAuth2 credentials not configured in environment.,1000m x 1000m,50x50,"SCL, B04, B08, B11, B12",,,,,,AUTH_REQUIRED,CDSE OAuth2 credentials not configured in environment.,,,,,,AUTH_REQUIRED,CDSE OAuth2 credentials not configured in environment.,,50x50,"SCL, B04, B08, B11, B12",,,,,50x50,"SCL, B04, B08, B11, B12",,,,,,,,,,,,,,,,,,,,,,,,,,,,,,,,,,,,,,,,,,,,,,,,,,INVALID_INPUT,Both pre_features and post_features are None.,,,,,,,,,,,,,,,,
FIRMS_TN_0538,11.84558,77.76095,2025-01-04,MEDIUM,Tree cover,1.34,AUTH_REQUIRED,False,CDSE OAuth2 credentials not configured in environment.,1000m x 1000m,50x50,"SCL, B04, B08, B11, B12",,,,,,AUTH_REQUIRED,CDSE OAuth2 credentials not configured in environment.,,,,,,AUTH_REQUIRED,CDSE OAuth2 credentials not configured in environment.,,50x50,"SCL, B04, B08, B11, B12",,,,,50x50,"SCL, B04, B08, B11, B12",,,,,,,,,,,,,,,,,,,,,,,,,,,,,,,,,,,,,,,,,,,,,,,,,,INVALID_INPUT,Both pre_features and post_features are None.,,,,,,,,,,,,,,,,
FIRMS_TN_0539,11.81536,77.91702,2025-01-04,HIGH,Built-up,1.4,AUTH_REQUIRED,False,CDSE OAuth2 credentials not configured in environment.,1000m x 1000m,50x50,"SCL, B04, B08, B11, B12",,,,,,AUTH_REQUIRED,CDSE OAuth2 credentials not configured in environment.,,,,,,AUTH_REQUIRED,CDSE OAuth2 credentials not configured in environment.,,50x50,"SCL, B04, B08, B11, B12",,,,,50x50,"SCL, B04, B08, B11, B12",,,,,,,,,,,,,,,,,,,,,,,,,,,,,,,,,,,,,,,,,,,,,,,,,,INVALID_INPUT,Both pre_features and post_features are None.,,,,,,,,,,,,,,,,
FIRMS_TN_0540,11.18219,79.10017,2025-01-04,MEDIUM,Built-up,1.08,AUTH_REQUIRED,False,CDSE OAuth2 credentials not configured in environment.,1000m x 1000m,50x50,"SCL, B04, B08, B11, B12",,,,,,AUTH_REQUIRED,CDSE OAuth2 credentials not configured in environment.,,,,,,AUTH_REQUIRED,CDSE OAuth2 credentials not configured in environment.,,50x50,"SCL, B04, B08, B11, B12",,,,,50x50,"SCL, B04, B08, B11, B12",,,,,,,,,,,,,,,,,,,,,,,,,,,,,,,,,,,,,,,,,,,,,,,,,,INVALID_INPUT,Both pre_features and post_features are None.,,,,,,,,,,,,,,,,
FIRMS_TN_0541,8.1684,77.59218,2025-01-05,MEDIUM,Grassland,3.42,AUTH_REQUIRED,False,CDSE OAuth2 credentials not configured in environment.,1000m x 1000m,50x50,"SCL, B04, B08, B11, B12",,,,,,AUTH_REQUIRED,CDSE OAuth2 credentials not configured in environment.,,,,,,AUTH_REQUIRED,CDSE OAuth2 credentials not configured in environment.,,50x50,"SCL, B04, B08, B11, B12",,,,,50x50,"SCL, B04, B08, B11, B12",,,,,,,,,,,,,,,,,,,,,,,,,,,,,,,,,,,,,,,,,,,,,,,,,,INVALID_INPUT,Both pre_features and post_features are None.,,,,,,,,,,,,,,,,
FIRMS_TN_0542,9.33349,77.98875,2025-01-05,LOW,Built-up,3.14,AUTH_REQUIRED,False,CDSE OAuth2 credentials not configured in environment.,1000m x 1000m,50x50,"SCL, B04, B08, B11, B12",,,,,,AUTH_REQUIRED,CDSE OAuth2 credentials not configured in environment.,,,,,,AUTH_REQUIRED,CDSE OAuth2 credentials not configured in environment.,,50x50,"SCL, B04, B08, B11, B12",,,,,50x50,"SCL, B04, B08, B11, B12",,,,,,,,,,,,,,,,,,,,,,,,,,,,,,,,,,,,,,,,,,,,,,,,,,INVALID_INPUT,Both pre_features and post_features are None.,,,,,,,,,,,,,,,,
FIRMS_TN_0543,10.13346,77.2739,2025-01-05,MEDIUM,Tree cover,10.62,AUTH_REQUIRED,False,CDSE OAuth2 credentials not configured in environment.,1000m x 1000m,50x50,"SCL, B04, B08, B11, B12",,,,,,AUTH_REQUIRED,CDSE OAuth2 credentials not configured in environment.,,,,,,AUTH_REQUIRED,CDSE OAuth2 credentials not configured in environment.,,50x50,"SCL, B04, B08, B11, B12",,,,,50x50,"SCL, B04, B08, B11, B12",,,,,,,,,,,,,,,,,,,,,,,,,,,,,,,,,,,,,,,,,,,,,,,,,,INVALID_INPUT,Both pre_features and post_features are None.,,,,,,,,,,,,,,,,
FIRMS_TN_0544,10.6712,79.15398,2025-01-05,MEDIUM,Cropland,4.61,AUTH_REQUIRED,False,CDSE OAuth2 credentials not configured in environment.,1000m x 1000m,50x50,"SCL, B04, B08, B11, B12",,,,,,AUTH_REQUIRED,CDSE OAuth2 credentials not configured in environment.,,,,,,AUTH_REQUIRED,CDSE OAuth2 credentials not configured in environment.,,50x50,"SCL, B04, B08, B11, B12",,,,,50x50,"SCL, B04, B08, B11, B12",,,,,,,,,,,,,,,,,,,,,,,,,,,,,,,,,,,,,,,,,,,,,,,,,,INVALID_INPUT,Both pre_features and post_features are None.,,,,,,,,,,,,,,,,
FIRMS_TN_0545,10.91736,77.61953,2025-01-05,MEDIUM,Grassland,2.25,AUTH_REQUIRED,False,CDSE OAuth2 credentials not configured in environment.,1000m x 1000m,50x50,"SCL, B04, B08, B11, B12",,,,,,AUTH_REQUIRED,CDSE OAuth2 credentials not configured in environment.,,,,,,AUTH_REQUIRED,CDSE OAuth2 credentials not configured in environment.,,50x50,"SCL, B04, B08, B11, B12",,,,,50x50,"SCL, B04, B08, B11, B12",,,,,,,,,,,,,,,,,,,,,,,,,,,,,,,,,,,,,,,,,,,,,,,,,,INVALID_INPUT,Both pre_features and post_features are None.,,,,,,,,,,,,,,,,
FIRMS_TN_0546,11.10819,78.02068,2025-01-05,MEDIUM,Tree cover,5.79,AUTH_REQUIRED,False,CDSE OAuth2 credentials not configured in environment.,1000m x 1000m,50x50,"SCL, B04, B08, B11, B12",,,,,,AUTH_REQUIRED,CDSE OAuth2 credentials not configured in environment.,,,,,,AUTH_REQUIRED,CDSE OAuth2 credentials not configured in environment.,,50x50,"SCL, B04, B08, B11, B12",,,,,50x50,"SCL, B04, B08, B11, B12",,,,,,,,,,,,,,,,,,,,,,,,,,,,,,,,,,,,,,,,,,,,,,,,,,INVALID_INPUT,Both pre_features and post_features are None.,,,,,,,,,,,,,,,,
FIRMS_TN_0547,11.21045,77.58961,2025-01-05,MEDIUM,Cropland,2.2,AUTH_REQUIRED,False,CDSE OAuth2 credentials not configured in environment.,1000m x 1000m,50x50,"SCL, B04, B08, B11, B12",,,,,,AUTH_REQUIRED,CDSE OAuth2 credentials not configured in environment.,,,,,,AUTH_REQUIRED,CDSE OAuth2 credentials not configured in environment.,,50x50,"SCL, B04, B08, B11, B12",,,,,50x50,"SCL, B04, B08, B11, B12",,,,,,,,,,,,,,,,,,,,,,,,,,,,,,,,,,,,,,,,,,,,,,,,,,INVALID_INPUT,Both pre_features and post_features are None.,,,,,,,,,,,,,,,,
FIRMS_TN_0548,11.58939,78.69434,2025-01-05,MEDIUM,Cropland,3.02,AUTH_REQUIRED,False,CDSE OAuth2 credentials not configured in environment.,1000m x 1000m,50x50,"SCL, B04, B08, B11, B12",,,,,,AUTH_REQUIRED,CDSE OAuth2 credentials not configured in environment.,,,,,,AUTH_REQUIRED,CDSE OAuth2 credentials not configured in environment.,,50x50,"SCL, B04, B08, B11, B12",,,,,50x50,"SCL, B04, B08, B11, B12",,,,,,,,,,,,,,,,,,,,,,,,,,,,,,,,,,,,,,,,,,,,,,,,,,INVALID_INPUT,Both pre_features and post_features are None.,,,,,,,,,,,,,,,,
FIRMS_TN_0549,11.67086,79.1691,2025-01-05,HIGH,Cropland,9.79,AUTH_REQUIRED,False,CDSE OAuth2 credentials not configured in environment.,1000m x 1000m,50x50,"SCL, B04, B08, B11, B12",,,,,,AUTH_REQUIRED,CDSE OAuth2 credentials not configured in environment.,,,,,,AUTH_REQUIRED,CDSE OAuth2 credentials not configured in environment.,,50x50,"SCL, B04, B08, B11, B12",,,,,50x50,"SCL, B04, B08, B11, B12",,,,,,,,,,,,,,,,,,,,,,,,,,,,,,,,,,,,,,,,,,,,,,,,,,INVALID_INPUT,Both pre_features and post_features are None.,,,,,,,,,,,,,,,,
FIRMS_TN_0550,11.67419,79.16859,2025-01-05,MEDIUM,Cropland,5.17,AUTH_REQUIRED,False,CDSE OAuth2 credentials not configured in environment.,1000m x 1000m,50x50,"SCL, B04, B08, B11, B12",,,,,,AUTH_REQUIRED,CDSE OAuth2 credentials not configured in environment.,,,,,,AUTH_REQUIRED,CDSE OAuth2 credentials not configured in environment.,,50x50,"SCL, B04, B08, B11, B12",,,,,50x50,"SCL, B04, B08, B11, B12",,,,,,,,,,,,,,,,,,,,,,,,,,,,,,,,,,,,,,,,,,,,,,,,,,INVALID_INPUT,Both pre_features and post_features are None.,,,,,,,,,,,,,,,,
FIRMS_TN_0551,11.42044,77.17234,2025-01-05,LOW,Grassland,1.52,AUTH_REQUIRED,False,CDSE OAuth2 credentials not configured in environment.,1000m x 1000m,50x50,"SCL, B04, B08, B11, B12",,,,,,AUTH_REQUIRED,CDSE OAuth2 credentials not configured in environment.,,,,,,AUTH_REQUIRED,CDSE OAuth2 credentials not configured in environment.,,50x50,"SCL, B04, B08, B11, B12",,,,,50x50,"SCL, B04, B08, B11, B12",,,,,,,,,,,,,,,,,,,,,,,,,,,,,,,,,,,,,,,,,,,,,,,,,,INVALID_INPUT,Both pre_features and post_features are None.,,,,,,,,,,,,,,,,
FIRMS_TN_0552,11.68682,78.53464,2025-01-05,LOW,Cropland,1.63,AUTH_REQUIRED,False,CDSE OAuth2 credentials not configured in environment.,1000m x 1000m,50x50,"SCL, B04, B08, B11, B12",,,,,,AUTH_REQUIRED,CDSE OAuth2 credentials not configured in environment.,,,,,,AUTH_REQUIRED,CDSE OAuth2 credentials not configured in environment.,,50x50,"SCL, B04, B08, B11, B12",,,,,50x50,"SCL, B04, B08, B11, B12",,,,,,,,,,,,,,,,,,,,,,,,,,,,,,,,,,,,,,,,,,,,,,,,,,INVALID_INPUT,Both pre_features and post_features are None.,,,,,,,,,,,,,,,,
FIRMS_TN_0553,11.48593,77.12023,2025-01-05,LOW,Tree cover,2.21,AUTH_REQUIRED,False,CDSE OAuth2 credentials not configured in environment.,1000m x 1000m,50x50,"SCL, B04, B08, B11, B12",,,,,,AUTH_REQUIRED,CDSE OAuth2 credentials not configured in environment.,,,,,,AUTH_REQUIRED,CDSE OAuth2 credentials not configured in environment.,,50x50,"SCL, B04, B08, B11, B12",,,,,50x50,"SCL, B04, B08, B11, B12",,,,,,,,,,,,,,,,,,,,,,,,,,,,,,,,,,,,,,,,,,,,,,,,,,INVALID_INPUT,Both pre_features and post_features are None.,,,,,,,,,,,,,,,,
FIRMS_TN_0554,11.48418,76.83774,2025-01-05,LOW,Tree cover,2.54,AUTH_REQUIRED,False,CDSE OAuth2 credentials not configured in environment.,1000m x 1000m,50x50,"SCL, B04, B08, B11, B12",,,,,,AUTH_REQUIRED,CDSE OAuth2 credentials not configured in environment.,,,,,,AUTH_REQUIRED,CDSE OAuth2 credentials not configured in environment.,,50x50,"SCL, B04, B08, B11, B12",,,,,50x50,"SCL, B04, B08, B11, B12",,,,,,,,,,,,,,,,,,,,,,,,,,,,,,,,,,,,,,,,,,,,,,,,,,INVALID_INPUT,Both pre_features and post_features are None.,,,,,,,,,,,,,,,,
FIRMS_TN_0555,11.89346,79.48836,2025-01-05,MEDIUM,Cropland,3.09,AUTH_REQUIRED,False,CDSE OAuth2 credentials not configured in environment.,1000m x 1000m,50x50,"SCL, B04, B08, B11, B12",,,,,,AUTH_REQUIRED,CDSE OAuth2 credentials not configured in environment.,,,,,,AUTH_REQUIRED,CDSE OAuth2 credentials not configured in environment.,,50x50,"SCL, B04, B08, B11, B12",,,,,50x50,"SCL, B04, B08, B11, B12",,,,,,,,,,,,,,,,,,,,,,,,,,,,,,,,,,,,,,,,,,,,,,,,,,INVALID_INPUT,Both pre_features and post_features are None.,,,,,,,,,,,,,,,,
FIRMS_TN_0556,11.99577,78.8779,2025-01-05,MEDIUM,Cropland,1.85,AUTH_REQUIRED,False,CDSE OAuth2 credentials not configured in environment.,1000m x 1000m,50x50,"SCL, B04, B08, B11, B12",,,,,,AUTH_REQUIRED,CDSE OAuth2 credentials not configured in environment.,,,,,,AUTH_REQUIRED,CDSE OAuth2 credentials not configured in environment.,,50x50,"SCL, B04, B08, B11, B12",,,,,50x50,"SCL, B04, B08, B11, B12",,,,,,,,,,,,,,,,,,,,,,,,,,,,,,,,,,,,,,,,,,,,,,,,,,INVALID_INPUT,Both pre_features and post_features are None.,,,,,,,,,,,,,,,,
FIRMS_TN_0557,12.764,77.78973,2025-01-05,MEDIUM,Built-up,3.18,AUTH_REQUIRED,False,CDSE OAuth2 credentials not configured in environment.,1000m x 1000m,50x50,"SCL, B04, B08, B11, B12",,,,,,AUTH_REQUIRED,CDSE OAuth2 credentials not configured in environment.,,,,,,AUTH_REQUIRED,CDSE OAuth2 credentials not configured in environment.,,50x50,"SCL, B04, B08, B11, B12",,,,,50x50,"SCL, B04, B08, B11, B12",,,,,,,,,,,,,,,,,,,,,,,,,,,,,,,,,,,,,,,,,,,,,,,,,,INVALID_INPUT,Both pre_features and post_features are None.,,,,,,,,,,,,,,,,
FIRMS_TN_0558,12.76731,77.78919,2025-01-05,MEDIUM,Built-up,3.18,AUTH_REQUIRED,False,CDSE OAuth2 credentials not configured in environment.,1000m x 1000m,50x50,"SCL, B04, B08, B11, B12",,,,,,AUTH_REQUIRED,CDSE OAuth2 credentials not configured in environment.,,,,,,AUTH_REQUIRED,CDSE OAuth2 credentials not configured in environment.,,50x50,"SCL, B04, B08, B11, B12",,,,,50x50,"SCL, B04, B08, B11, B12",,,,,,,,,,,,,,,,,,,,,,,,,,,,,,,,,,,,,,,,,,,,,,,,,,INVALID_INPUT,Both pre_features and post_features are None.,,,,,,,,,,,,,,,,
FIRMS_TN_0559,10.13388,77.27204,2025-01-05,LOW,Tree cover,1.18,AUTH_REQUIRED,False,CDSE OAuth2 credentials not configured in environment.,1000m x 1000m,50x50,"SCL, B04, B08, B11, B12",,,,,,AUTH_REQUIRED,CDSE OAuth2 credentials not configured in environment.,,,,,,AUTH_REQUIRED,CDSE OAuth2 credentials not configured in environment.,,50x50,"SCL, B04, B08, B11, B12",,,,,50x50,"SCL, B04, B08, B11, B12",,,,,,,,,,,,,,,,,,,,,,,,,,,,,,,,,,,,,,,,,,,,,,,,,,INVALID_INPUT,Both pre_features and post_features are None.,,,,,,,,,,,,,,,,
FIRMS_TN_0560,12.85668,79.90691,2025-01-05,LOW,Cropland,0.97,AUTH_REQUIRED,False,CDSE OAuth2 credentials not configured in environment.,1000m x 1000m,50x50,"SCL, B04, B08, B11, B12",,,,,,AUTH_REQUIRED,CDSE OAuth2 credentials not configured in environment.,,,,,,AUTH_REQUIRED,CDSE OAuth2 credentials not configured in environment.,,50x50,"SCL, B04, B08, B11, B12",,,,,50x50,"SCL, B04, B08, B11, B12",,,,,,,,,,,,,,,,,,,,,,,,,,,,,,,,,,,,,,,,,,,,,,,,,,INVALID_INPUT,Both pre_features and post_features are None.,,,,,,,,,,,,,,,,
FIRMS_TN_0561,13.44883,80.09917,2025-01-05,LOW,Grassland,0.73,AUTH_REQUIRED,False,CDSE OAuth2 credentials not configured in environment.,1000m x 1000m,50x50,"SCL, B04, B08, B11, B12",,,,,,AUTH_REQUIRED,CDSE OAuth2 credentials not configured in environment.,,,,,,AUTH_REQUIRED,CDSE OAuth2 credentials not configured in environment.,,50x50,"SCL, B04, B08, B11, B12",,,,,50x50,"SCL, B04, B08, B11, B12",,,,,,,,,,,,,,,,,,,,,,,,,,,,,,,,,,,,,,,,,,,,,,,,,,INVALID_INPUT,Both pre_features and post_features are None.,,,,,,,,,,,,,,,,
FIRMS_TN_0562,12.85542,79.90849,2025-01-05,LOW,Shrubland,1.05,AUTH_REQUIRED,False,CDSE OAuth2 credentials not configured in environment.,1000m x 1000m,50x50,"SCL, B04, B08, B11, B12",,,,,,AUTH_REQUIRED,CDSE OAuth2 credentials not configured in environment.,,,,,,AUTH_REQUIRED,CDSE OAuth2 credentials not configured in environment.,,50x50,"SCL, B04, B08, B11, B12",,,,,50x50,"SCL, B04, B08, B11, B12",,,,,,,,,,,,,,,,,,,,,,,,,,,,,,,,,,,,,,,,,,,,,,,,,,INVALID_INPUT,Both pre_features and post_features are None.,,,,,,,,,,,,,,,,
FIRMS_TN_0563,11.18309,79.10023,2025-01-05,MEDIUM,Built-up,1.5,AUTH_REQUIRED,False,CDSE OAuth2 credentials not configured in environment.,1000m x 1000m,50x50,"SCL, B04, B08, B11, B12",,,,,,AUTH_REQUIRED,CDSE OAuth2 credentials not configured in environment.,,,,,,AUTH_REQUIRED,CDSE OAuth2 credentials not configured in environment.,,50x50,"SCL, B04, B08, B11, B12",,,,,50x50,"SCL, B04, B08, B11, B12",,,,,,,,,,,,,,,,,,,,,,,,,,,,,,,,,,,,,,,,,,,,,,,,,,INVALID_INPUT,Both pre_features and post_features are None.,,,,,,,,,,,,,,,,
FIRMS_TN_0564,8.99723,78.21001,2025-01-06,MEDIUM,Bare/sparse vegetation,2.77,AUTH_REQUIRED,False,CDSE OAuth2 credentials not configured in environment.,1000m x 1000m,50x50,"SCL, B04, B08, B11, B12",,,,,,AUTH_REQUIRED,CDSE OAuth2 credentials not configured in environment.,,,,,,AUTH_REQUIRED,CDSE OAuth2 credentials not configured in environment.,,50x50,"SCL, B04, B08, B11, B12",,,,,50x50,"SCL, B04, B08, B11, B12",,,,,,,,,,,,,,,,,,,,,,,,,,,,,,,,,,,,,,,,,,,,,,,,,,INVALID_INPUT,Both pre_features and post_features are None.,,,,,,,,,,,,,,,,
FIRMS_TN_0565,9.18516,78.57988,2025-01-06,MEDIUM,Shrubland,2.64,AUTH_REQUIRED,False,CDSE OAuth2 credentials not configured in environment.,1000m x 1000m,50x50,"SCL, B04, B08, B11, B12",,,,,,AUTH_REQUIRED,CDSE OAuth2 credentials not configured in environment.,,,,,,AUTH_REQUIRED,CDSE OAuth2 credentials not configured in environment.,,50x50,"SCL, B04, B08, B11, B12",,,,,50x50,"SCL, B04, B08, B11, B12",,,,,,,,,,,,,,,,,,,,,,,,,,,,,,,,,,,,,,,,,,,,,,,,,,INVALID_INPUT,Both pre_features and post_features are None.,,,,,,,,,,,,,,,,
FIRMS_TN_0566,10.13271,77.27168,2025-01-06,MEDIUM,Tree cover,8.34,AUTH_REQUIRED,False,CDSE OAuth2 credentials not configured in environment.,1000m x 1000m,50x50,"SCL, B04, B08, B11, B12",,,,,,AUTH_REQUIRED,CDSE OAuth2 credentials not configured in environment.,,,,,,AUTH_REQUIRED,CDSE OAuth2 credentials not configured in environment.,,50x50,"SCL, B04, B08, B11, B12",,,,,50x50,"SCL, B04, B08, B11, B12",,,,,,,,,,,,,,,,,,,,,,,,,,,,,,,,,,,,,,,,,,,,,,,,,,INVALID_INPUT,Both pre_features and post_features are None.,,,,,,,,,,,,,,,,
FIRMS_TN_0567,11.21062,77.5909,2025-01-06,MEDIUM,Cropland,2.2,AUTH_REQUIRED,False,CDSE OAuth2 credentials not configured in environment.,1000m x 1000m,50x50,"SCL, B04, B08, B11, B12",,,,,,AUTH_REQUIRED,CDSE OAuth2 credentials not configured in environment.,,,,,,AUTH_REQUIRED,CDSE OAuth2 credentials not configured in environment.,,50x50,"SCL, B04, B08, B11, B12",,,,,50x50,"SCL, B04, B08, B11, B12",,,,,,,,,,,,,,,,,,,,,,,,,,,,,,,,,,,,,,,,,,,,,,,,,,INVALID_INPUT,Both pre_features and post_features are None.,,,,,,,,,,,,,,,,
FIRMS_TN_0568,10.65176,78.9027,2025-01-06,MEDIUM,Cropland,4.71,AUTH_REQUIRED,False,CDSE OAuth2 credentials not configured in environment.,1000m x 1000m,50x50,"SCL, B04, B08, B11, B12",,,,,,AUTH_REQUIRED,CDSE OAuth2 credentials not configured in environment.,,,,,,AUTH_REQUIRED,CDSE OAuth2 credentials not configured in environment.,,50x50,"SCL, B04, B08, B11, B12",,,,,50x50,"SCL, B04, B08, B11, B12",,,,,,,,,,,,,,,,,,,,,,,,,,,,,,,,,,,,,,,,,,,,,,,,,,INVALID_INPUT,Both pre_features and post_features are None.,,,,,,,,,,,,,,,,
FIRMS_TN_0569,11.698,79.04674,2025-01-06,MEDIUM,Cropland,2.53,AUTH_REQUIRED,False,CDSE OAuth2 credentials not configured in environment.,1000m x 1000m,50x50,"SCL, B04, B08, B11, B12",,,,,,AUTH_REQUIRED,CDSE OAuth2 credentials not configured in environment.,,,,,,AUTH_REQUIRED,CDSE OAuth2 credentials not configured in environment.,,50x50,"SCL, B04, B08, B11, B12",,,,,50x50,"SCL, B04, B08, B11, B12",,,,,,,,,,,,,,,,,,,,,,,,,,,,,,,,,,,,,,,,,,,,,,,,,,INVALID_INPUT,Both pre_features and post_features are None.,,,,,,,,,,,,,,,,
FIRMS_TN_0570,12.01129,78.97485,2025-01-06,MEDIUM,Tree cover,7.53,AUTH_REQUIRED,False,CDSE OAuth2 credentials not configured in environment.,1000m x 1000m,50x50,"SCL, B04, B08, B11, B12",,,,,,AUTH_REQUIRED,CDSE OAuth2 credentials not configured in environment.,,,,,,AUTH_REQUIRED,CDSE OAuth2 credentials not configured in environment.,,50x50,"SCL, B04, B08, B11, B12",,,,,50x50,"SCL, B04, B08, B11, B12",,,,,,,,,,,,,,,,,,,,,,,,,,,,,,,,,,,,,,,,,,,,,,,,,,INVALID_INPUT,Both pre_features and post_features are None.,,,,,,,,,,,,,,,,
FIRMS_TN_0571,11.81642,77.91901,2025-01-06,HIGH,Built-up,1.62,AUTH_REQUIRED,False,CDSE OAuth2 credentials not configured in environment.,1000m x 1000m,50x50,"SCL, B04, B08, B11, B12",,,,,,AUTH_REQUIRED,CDSE OAuth2 credentials not configured in environment.,,,,,,AUTH_REQUIRED,CDSE OAuth2 credentials not configured in environment.,,50x50,"SCL, B04, B08, B11, B12",,,,,50x50,"SCL, B04, B08, B11, B12",,,,,,,,,,,,,,,,,,,,,,,,,,,,,,,,,,,,,,,,,,,,,,,,,,INVALID_INPUT,Both pre_features and post_features are None.,,,,,,,,,,,,,,,,
FIRMS_TN_0572,11.80924,77.92147,2025-01-06,MEDIUM,Built-up,1.11,AUTH_REQUIRED,False,CDSE OAuth2 credentials not configured in environment.,1000m x 1000m,50x50,"SCL, B04, B08, B11, B12",,,,,,AUTH_REQUIRED,CDSE OAuth2 credentials not configured in environment.,,,,,,AUTH_REQUIRED,CDSE OAuth2 credentials not configured in environment.,,50x50,"SCL, B04, B08, B11, B12",,,,,50x50,"SCL, B04, B08, B11, B12",,,,,,,,,,,,,,,,,,,,,,,,,,,,,,,,,,,,,,,,,,,,,,,,,,INVALID_INPUT,Both pre_features and post_features are None.,,,,,,,,,,,,,,,,
FIRMS_TN_0573,11.80869,77.92499,2025-01-06,MEDIUM,Built-up,1.07,AUTH_REQUIRED,False,CDSE OAuth2 credentials not configured in environment.,1000m x 1000m,50x50,"SCL, B04, B08, B11, B12",,,,,,AUTH_REQUIRED,CDSE OAuth2 credentials not configured in environment.,,,,,,AUTH_REQUIRED,CDSE OAuth2 credentials not configured in environment.,,50x50,"SCL, B04, B08, B11, B12",,,,,50x50,"SCL, B04, B08, B11, B12",,,,,,,,,,,,,,,,,,,,,,,,,,,,,,,,,,,,,,,,,,,,,,,,,,INVALID_INPUT,Both pre_features and post_features are None.,,,,,,,,,,,,,,,,
FIRMS_TN_0574,11.77325,76.99046,2025-01-06,LOW,Tree cover,1.06,AUTH_REQUIRED,False,CDSE OAuth2 credentials not configured in environment.,1000m x 1000m,50x50,"SCL, B04, B08, B11, B12",,,,,,AUTH_REQUIRED,CDSE OAuth2 credentials not configured in environment.,,,,,,AUTH_REQUIRED,CDSE OAuth2 credentials not configured in environment.,,50x50,"SCL, B04, B08, B11, B12",,,,,50x50,"SCL, B04, B08, B11, B12",,,,,,,,,,,,,,,,,,,,,,,,,,,,,,,,,,,,,,,,,,,,,,,,,,INVALID_INPUT,Both pre_features and post_features are None.,,,,,,,,,,,,,,,,
FIRMS_TN_0575,10.96319,78.09085,2025-01-06,MEDIUM,Built-up,0.97,AUTH_REQUIRED,False,CDSE OAuth2 credentials not configured in environment.,1000m x 1000m,50x50,"SCL, B04, B08, B11, B12",,,,,,AUTH_REQUIRED,CDSE OAuth2 credentials not configured in environment.,,,,,,AUTH_REQUIRED,CDSE OAuth2 credentials not configured in environment.,,50x50,"SCL, B04, B08, B11, B12",,,,,50x50,"SCL, B04, B08, B11, B12",,,,,,,,,,,,,,,,,,,,,,,,,,,,,,,,,,,,,,,,,,,,,,,,,,INVALID_INPUT,Both pre_features and post_features are None.,,,,,,,,,,,,,,,,
FIRMS_TN_0576,10.95987,78.09032,2025-01-06,MEDIUM,Tree cover,0.97,AUTH_REQUIRED,False,CDSE OAuth2 credentials not configured in environment.,1000m x 1000m,50x50,"SCL, B04, B08, B11, B12",,,,,,AUTH_REQUIRED,CDSE OAuth2 credentials not configured in environment.,,,,,,AUTH_REQUIRED,CDSE OAuth2 credentials not configured in environment.,,50x50,"SCL, B04, B08, B11, B12",,,,,50x50,"SCL, B04, B08, B11, B12",,,,,,,,,,,,,,,,,,,,,,,,,,,,,,,,,,,,,,,,,,,,,,,,,,INVALID_INPUT,Both pre_features and post_features are None.,,,,,,,,,,,,,,,,
FIRMS_TN_0577,11.81698,77.9155,2025-01-06,HIGH,Built-up,1.94,AUTH_REQUIRED,False,CDSE OAuth2 credentials not configured in environment.,1000m x 1000m,50x50,"SCL, B04, B08, B11, B12",,,,,,AUTH_REQUIRED,CDSE OAuth2 credentials not configured in environment.,,,,,,AUTH_REQUIRED,CDSE OAuth2 credentials not configured in environment.,,50x50,"SCL, B04, B08, B11, B12",,,,,50x50,"SCL, B04, B08, B11, B12",,,,,,,,,,,,,,,,,,,,,,,,,,,,,,,,,,,,,,,,,,,,,,,,,,INVALID_INPUT,Both pre_features and post_features are None.,,,,,,,,,,,,,,,,
FIRMS_TN_0578,9.78036,77.90816,2025-01-06,MEDIUM,Shrubland,1.27,AUTH_REQUIRED,False,CDSE OAuth2 credentials not configured in environment.,1000m x 1000m,50x50,"SCL, B04, B08, B11, B12",,,,,,AUTH_REQUIRED,CDSE OAuth2 credentials not configured in environment.,,,,,,AUTH_REQUIRED,CDSE OAuth2 credentials not configured in environment.,,50x50,"SCL, B04, B08, B11, B12",,,,,50x50,"SCL, B04, B08, B11, B12",,,,,,,,,,,,,,,,,,,,,,,,,,,,,,,,,,,,,,,,,,,,,,,,,,INVALID_INPUT,Both pre_features and post_features are None.,,,,,,,,,,,,,,,,
FIRMS_TN_0579,9.45324,77.58031,2025-01-06,MEDIUM,Shrubland,0.23,AUTH_REQUIRED,False,CDSE OAuth2 credentials not configured in environment.,1000m x 1000m,50x50,"SCL, B04, B08, B11, B12",,,,,,AUTH_REQUIRED,CDSE OAuth2 credentials not configured in environment.,,,,,,AUTH_REQUIRED,CDSE OAuth2 credentials not configured in environment.,,50x50,"SCL, B04, B08, B11, B12",,,,,50x50,"SCL, B04, B08, B11, B12",,,,,,,,,,,,,,,,,,,,,,,,,,,,,,,,,,,,,,,,,,,,,,,,,,INVALID_INPUT,Both pre_features and post_features are None.,,,,,,,,,,,,,,,,
FIRMS_TN_0580,11.19506,77.85767,2025-01-07,MEDIUM,Tree cover,2.63,AUTH_REQUIRED,False,CDSE OAuth2 credentials not configured in environment.,1000m x 1000m,50x50,"SCL, B04, B08, B11, B12",,,,,,AUTH_REQUIRED,CDSE OAuth2 credentials not configured in environment.,,,,,,AUTH_REQUIRED,CDSE OAuth2 credentials not configured in environment.,,50x50,"SCL, B04, B08, B11, B12",,,,,50x50,"SCL, B04, B08, B11, B12",,,,,,,,,,,,,,,,,,,,,,,,,,,,,,,,,,,,,,,,,,,,,,,,,,INVALID_INPUT,Both pre_features and post_features are None.,,,,,,,,,,,,,,,,
FIRMS_TN_0581,11.19699,77.85682,2025-01-07,MEDIUM,Cropland,4.8,AUTH_REQUIRED,False,CDSE OAuth2 credentials not configured in environment.,1000m x 1000m,50x50,"SCL, B04, B08, B11, B12",,,,,,AUTH_REQUIRED,CDSE OAuth2 credentials not configured in environment.,,,,,,AUTH_REQUIRED,CDSE OAuth2 credentials not configured in environment.,,50x50,"SCL, B04, B08, B11, B12",,,,,50x50,"SCL, B04, B08, B11, B12",,,,,,,,,,,,,,,,,,,,,,,,,,,,,,,,,,,,,,,,,,,,,,,,,,INVALID_INPUT,Both pre_features and post_features are None.,,,,,,,,,,,,,,,,
FIRMS_TN_0582,11.64698,78.41904,2025-01-07,MEDIUM,Built-up,2.95,AUTH_REQUIRED,False,CDSE OAuth2 credentials not configured in environment.,1000m x 1000m,50x50,"SCL, B04, B08, B11, B12",,,,,,AUTH_REQUIRED,CDSE OAuth2 credentials not configured in environment.,,,,,,AUTH_REQUIRED,CDSE OAuth2 credentials not configured in environment.,,50x50,"SCL, B04, B08, B11, B12",,,,,50x50,"SCL, B04, B08, B11, B12",,,,,,,,,,,,,,,,,,,,,,,,,,,,,,,,,,,,,,,,,,,,,,,,,,INVALID_INPUT,Both pre_features and post_features are None.,,,,,,,,,,,,,,,,
FIRMS_TN_0583,11.80938,77.92202,2025-01-07,MEDIUM,Tree cover,1.45,AUTH_REQUIRED,False,CDSE OAuth2 credentials not configured in environment.,1000m x 1000m,50x50,"SCL, B04, B08, B11, B12",,,,,,AUTH_REQUIRED,CDSE OAuth2 credentials not configured in environment.,,,,,,AUTH_REQUIRED,CDSE OAuth2 credentials not configured in environment.,,50x50,"SCL, B04, B08, B11, B12",,,,,50x50,"SCL, B04, B08, B11, B12",,,,,,,,,,,,,,,,,,,,,,,,,,,,,,,,,,,,,,,,,,,,,,,,,,INVALID_INPUT,Both pre_features and post_features are None.,,,,,,,,,,,,,,,,
FIRMS_TN_0584,13.39113,80.10016,2025-01-07,LOW,Grassland,1.25,AUTH_REQUIRED,False,CDSE OAuth2 credentials not configured in environment.,1000m x 1000m,50x50,"SCL, B04, B08, B11, B12",,,,,,AUTH_REQUIRED,CDSE OAuth2 credentials not configured in environment.,,,,,,AUTH_REQUIRED,CDSE OAuth2 credentials not configured in environment.,,50x50,"SCL, B04, B08, B11, B12",,,,,50x50,"SCL, B04, B08, B11, B12",,,,,,,,,,,,,,,,,,,,,,,,,,,,,,,,,,,,,,,,,,,,,,,,,,INVALID_INPUT,Both pre_features and post_features are None.,,,,,,,,,,,,,,,,
FIRMS_TN_0585,13.1604,80.28367,2025-01-07,LOW,Built-up,0.65,AUTH_REQUIRED,False,CDSE OAuth2 credentials not configured in environment.,1000m x 1000m,50x50,"SCL, B04, B08, B11, B12",,,,,,AUTH_REQUIRED,CDSE OAuth2 credentials not configured in environment.,,,,,,AUTH_REQUIRED,CDSE OAuth2 credentials not configured in environment.,,50x50,"SCL, B04, B08, B11, B12",,,,,50x50,"SCL, B04, B08, B11, B12",,,,,,,,,,,,,,,,,,,,,,,,,,,,,,,,,,,,,,,,,,,,,,,,,,INVALID_INPUT,Both pre_features and post_features are None.,,,,,,,,,,,,,,,,
FIRMS_TN_0586,13.08046,79.98327,2025-01-07,LOW,Grassland,0.74,AUTH_REQUIRED,False,CDSE OAuth2 credentials not configured in environment.,1000m x 1000m,50x50,"SCL, B04, B08, B11, B12",,,,,,AUTH_REQUIRED,CDSE OAuth2 credentials not configured in environment.,,,,,,AUTH_REQUIRED,CDSE OAuth2 credentials not configured in environment.,,50x50,"SCL, B04, B08, B11, B12",,,,,50x50,"SCL, B04, B08, B11, B12",,,,,,,,,,,,,,,,,,,,,,,,,,,,,,,,,,,,,,,,,,,,,,,,,,INVALID_INPUT,Both pre_features and post_features are None.,,,,,,,,,,,,,,,,
FIRMS_TN_0587,10.56854,79.53321,2025-01-07,LOW,Cropland,0.21,AUTH_REQUIRED,False,CDSE OAuth2 credentials not configured in environment.,1000m x 1000m,50x50,"SCL, B04, B08, B11, B12",,,,,,AUTH_REQUIRED,CDSE OAuth2 credentials not configured in environment.,,,,,,AUTH_REQUIRED,CDSE OAuth2 credentials not configured in environment.,,50x50,"SCL, B04, B08, B11, B12",,,,,50x50,"SCL, B04, B08, B11, B12",,,,,,,,,,,,,,,,,,,,,,,,,,,,,,,,,,,,,,,,,,,,,,,,,,INVALID_INPUT,Both pre_features and post_features are None.,,,,,,,,,,,,,,,,
FIRMS_TN_0588,12.9673,79.91721,2025-01-07,LOW,Cropland,0.96,AUTH_REQUIRED,False,CDSE OAuth2 credentials not configured in environment.,1000m x 1000m,50x50,"SCL, B04, B08, B11, B12",,,,,,AUTH_REQUIRED,CDSE OAuth2 credentials not configured in environment.,,,,,,AUTH_REQUIRED,CDSE OAuth2 credentials not configured in environment.,,50x50,"SCL, B04, B08, B11, B12",,,,,50x50,"SCL, B04, B08, B11, B12",,,,,,,,,,,,,,,,,,,,,,,,,,,,,,,,,,,,,,,,,,,,,,,,,,INVALID_INPUT,Both pre_features and post_features are None.,,,,,,,,,,,,,,,,
FIRMS_TN_0589,13.09831,79.52977,2025-01-08,LOW,Cropland,0.35,AUTH_REQUIRED,False,CDSE OAuth2 credentials not configured in environment.,1000m x 1000m,50x50,"SCL, B04, B08, B11, B12",,,,,,AUTH_REQUIRED,CDSE OAuth2 credentials not configured in environment.,,,,,,AUTH_REQUIRED,CDSE OAuth2 credentials not configured in environment.,,50x50,"SCL, B04, B08, B11, B12",,,,,50x50,"SCL, B04, B08, B11, B12",,,,,,,,,,,,,,,,,,,,,,,,,,,,,,,,,,,,,,,,,,,,,,,,,,INVALID_INPUT,Both pre_features and post_features are None.,,,,,,,,,,,,,,,,
FIRMS_TN_0590,12.85353,79.90421,2025-01-08,MEDIUM,Grassland,2.34,AUTH_REQUIRED,False,CDSE OAuth2 credentials not configured in environment.,1000m x 1000m,50x50,"SCL, B04, B08, B11, B12",,,,,,AUTH_REQUIRED,CDSE OAuth2 credentials not configured in environment.,,,,,,AUTH_REQUIRED,CDSE OAuth2 credentials not configured in environment.,,50x50,"SCL, B04, B08, B11, B12",,,,,50x50,"SCL, B04, B08, B11, B12",,,,,,,,,,,,,,,,,,,,,,,,,,,,,,,,,,,,,,,,,,,,,,,,,,INVALID_INPUT,Both pre_features and post_features are None.,,,,,,,,,,,,,,,,
FIRMS_TN_0591,12.85778,79.90404,2025-01-08,LOW,Shrubland,1.75,AUTH_REQUIRED,False,CDSE OAuth2 credentials not configured in environment.,1000m x 1000m,50x50,"SCL, B04, B08, B11, B12",,,,,,AUTH_REQUIRED,CDSE OAuth2 credentials not configured in environment.,,,,,,AUTH_REQUIRED,CDSE OAuth2 credentials not configured in environment.,,50x50,"SCL, B04, B08, B11, B12",,,,,50x50,"SCL, B04, B08, B11, B12",,,,,,,,,,,,,,,,,,,,,,,,,,,,,,,,,,,,,,,,,,,,,,,,,,INVALID_INPUT,Both pre_features and post_features are None.,,,,,,,,,,,,,,,,
FIRMS_TN_0592,12.85284,79.90339,2025-01-08,LOW,Grassland,1.32,AUTH_REQUIRED,False,CDSE OAuth2 credentials not configured in environment.,1000m x 1000m,50x50,"SCL, B04, B08, B11, B12",,,,,,AUTH_REQUIRED,CDSE OAuth2 credentials not configured in environment.,,,,,,AUTH_REQUIRED,CDSE OAuth2 credentials not configured in environment.,,50x50,"SCL, B04, B08, B11, B12",,,,,50x50,"SCL, B04, B08, B11, B12",,,,,,,,,,,,,,,,,,,,,,,,,,,,,,,,,,,,,,,,,,,,,,,,,,INVALID_INPUT,Both pre_features and post_features are None.,,,,,,,,,,,,,,,,
FIRMS_TN_0593,12.70408,77.80666,2025-01-08,LOW,Cropland,0.99,AUTH_REQUIRED,False,CDSE OAuth2 credentials not configured in environment.,1000m x 1000m,50x50,"SCL, B04, B08, B11, B12",,,,,,AUTH_REQUIRED,CDSE OAuth2 credentials not configured in environment.,,,,,,AUTH_REQUIRED,CDSE OAuth2 credentials not configured in environment.,,50x50,"SCL, B04, B08, B11, B12",,,,,50x50,"SCL, B04, B08, B11, B12",,,,,,,,,,,,,,,,,,,,,,,,,,,,,,,,,,,,,,,,,,,,,,,,,,INVALID_INPUT,Both pre_features and post_features are None.,,,,,,,,,,,,,,,,
FIRMS_TN_0594,11.17473,79.0871,2025-01-08,MEDIUM,Grassland,0.41,AUTH_REQUIRED,False,CDSE OAuth2 credentials not configured in environment.,1000m x 1000m,50x50,"SCL, B04, B08, B11, B12",,,,,,AUTH_REQUIRED,CDSE OAuth2 credentials not configured in environment.,,,,,,AUTH_REQUIRED,CDSE OAuth2 credentials not configured in environment.,,50x50,"SCL, B04, B08, B11, B12",,,,,50x50,"SCL, B04, B08, B11, B12",,,,,,,,,,,,,,,,,,,,,,,,,,,,,,,,,,,,,,,,,,,,,,,,,,INVALID_INPUT,Both pre_features and post_features are None.,,,,,,,,,,,,,,,,
FIRMS_TN_0595,11.87426,79.22582,2025-01-08,LOW,Cropland,0.46,AUTH_REQUIRED,False,CDSE OAuth2 credentials not configured in environment.,1000m x 1000m,50x50,"SCL, B04, B08, B11, B12",,,,,,AUTH_REQUIRED,CDSE OAuth2 credentials not configured in environment.,,,,,,AUTH_REQUIRED,CDSE OAuth2 credentials not configured in environment.,,50x50,"SCL, B04, B08, B11, B12",,,,,50x50,"SCL, B04, B08, B11, B12",,,,,,,,,,,,,,,,,,,,,,,,,,,,,,,,,,,,,,,,,,,,,,,,,,INVALID_INPUT,Both pre_features and post_features are None.,,,,,,,,,,,,,,,,
FIRMS_TN_0596,11.47961,77.45571,2025-01-08,MEDIUM,Cropland,0.53,AUTH_REQUIRED,False,CDSE OAuth2 credentials not configured in environment.,1000m x 1000m,50x50,"SCL, B04, B08, B11, B12",,,,,,AUTH_REQUIRED,CDSE OAuth2 credentials not configured in environment.,,,,,,AUTH_REQUIRED,CDSE OAuth2 credentials not configured in environment.,,50x50,"SCL, B04, B08, B11, B12",,,,,50x50,"SCL, B04, B08, B11, B12",,,,,,,,,,,,,,,,,,,,,,,,,,,,,,,,,,,,,,,,,,,,,,,,,,INVALID_INPUT,Both pre_features and post_features are None.,,,,,,,,,,,,,,,,
FIRMS_TN_0597,13.39244,80.10259,2025-01-08,LOW,Grassland,0.71,AUTH_REQUIRED,False,CDSE OAuth2 credentials not configured in environment.,1000m x 1000m,50x50,"SCL, B04, B08, B11, B12",,,,,,AUTH_REQUIRED,CDSE OAuth2 credentials not configured in environment.,,,,,,AUTH_REQUIRED,CDSE OAuth2 credentials not configured in environment.,,50x50,"SCL, B04, B08, B11, B12",,,,,50x50,"SCL, B04, B08, B11, B12",,,,,,,,,,,,,,,,,,,,,,,,,,,,,,,,,,,,,,,,,,,,,,,,,,INVALID_INPUT,Both pre_features and post_features are None.,,,,,,,,,,,,,,,,
FIRMS_TN_0598,10.49431,77.46686,2025-01-08,MEDIUM,Cropland,0.59,AUTH_REQUIRED,False,CDSE OAuth2 credentials not configured in environment.,1000m x 1000m,50x50,"SCL, B04, B08, B11, B12",,,,,,AUTH_REQUIRED,CDSE OAuth2 credentials not configured in environment.,,,,,,AUTH_REQUIRED,CDSE OAuth2 credentials not configured in environment.,,50x50,"SCL, B04, B08, B11, B12",,,,,50x50,"SCL, B04, B08, B11, B12",,,,,,,,,,,,,,,,,,,,,,,,,,,,,,,,,,,,,,,,,,,,,,,,,,INVALID_INPUT,Both pre_features and post_features are None.,,,,,,,,,,,,,,,,
FIRMS_TN_0599,9.52238,77.94103,2025-01-09,MEDIUM,Shrubland,2.4,AUTH_REQUIRED,False,CDSE OAuth2 credentials not configured in environment.,1000m x 1000m,50x50,"SCL, B04, B08, B11, B12",,,,,,AUTH_REQUIRED,CDSE OAuth2 credentials not configured in environment.,,,,,,AUTH_REQUIRED,CDSE OAuth2 credentials not configured in environment.,,50x50,"SCL, B04, B08, B11, B12",,,,,50x50,"SCL, B04, B08, B11, B12",,,,,,,,,,,,,,,,,,,,,,,,,,,,,,,,,,,,,,,,,,,,,,,,,,INVALID_INPUT,Both pre_features and post_features are None.,,,,,,,,,,,,,,,,
FIRMS_TN_0600,13.16291,80.28133,2025-01-09,MEDIUM,Built-up,1.65,AUTH_REQUIRED,False,CDSE OAuth2 credentials not configured in environment.,1000m x 1000m,50x50,"SCL, B04, B08, B11, B12",,,,,,AUTH_REQUIRED,CDSE OAuth2 credentials not configured in environment.,,,,,,AUTH_REQUIRED,CDSE OAuth2 credentials not configured in environment.,,50x50,"SCL, B04, B08, B11, B12",,,,,50x50,"SCL, B04, B08, B11, B12",,,,,,,,,,,,,,,,,,,,,,,,,,,,,,,,,,,,,,,,,,,,,,,,,,INVALID_INPUT,Both pre_features and post_features are None.,,,,,,,,,,,,,,,,
FIRMS_TN_0601,13.09289,79.98177,2025-01-09,LOW,Tree cover,1.06,AUTH_REQUIRED,False,CDSE OAuth2 credentials not configured in environment.,1000m x 1000m,50x50,"SCL, B04, B08, B11, B12",,,,,,AUTH_REQUIRED,CDSE OAuth2 credentials not configured in environment.,,,,,,AUTH_REQUIRED,CDSE OAuth2 credentials not configured in environment.,,50x50,"SCL, B04, B08, B11, B12",,,,,50x50,"SCL, B04, B08, B11, B12",,,,,,,,,,,,,,,,,,,,,,,,,,,,,,,,,,,,,,,,,,,,,,,,,,INVALID_INPUT,Both pre_features and post_features are None.,,,,,,,,,,,,,,,,
FIRMS_TN_0602,11.18055,79.09982,2025-01-09,MEDIUM,Built-up,0.89,AUTH_REQUIRED,False,CDSE OAuth2 credentials not configured in environment.,1000m x 1000m,50x50,"SCL, B04, B08, B11, B12",,,,,,AUTH_REQUIRED,CDSE OAuth2 credentials not configured in environment.,,,,,,AUTH_REQUIRED,CDSE OAuth2 credentials not configured in environment.,,50x50,"SCL, B04, B08, B11, B12",,,,,50x50,"SCL, B04, B08, B11, B12",,,,,,,,,,,,,,,,,,,,,,,,,,,,,,,,,,,,,,,,,,,,,,,,,,INVALID_INPUT,Both pre_features and post_features are None.,,,,,,,,,,,,,,,,
FIRMS_TN_0603,11.33074,77.31197,2025-01-10,MEDIUM,Tree cover,1.4,AUTH_REQUIRED,False,CDSE OAuth2 credentials not configured in environment.,1000m x 1000m,50x50,"SCL, B04, B08, B11, B12",,,,,,AUTH_REQUIRED,CDSE OAuth2 credentials not configured in environment.,,,,,,AUTH_REQUIRED,CDSE OAuth2 credentials not configured in environment.,,50x50,"SCL, B04, B08, B11, B12",,,,,50x50,"SCL, B04, B08, B11, B12",,,,,,,,,,,,,,,,,,,,,,,,,,,,,,,,,,,,,,,,,,,,,,,,,,INVALID_INPUT,Both pre_features and post_features are None.,,,,,,,,,,,,,,,,
FIRMS_TN_0604,11.15711,77.16776,2025-01-10,LOW,Grassland,2.44,AUTH_REQUIRED,False,CDSE OAuth2 credentials not configured in environment.,1000m x 1000m,50x50,"SCL, B04, B08, B11, B12",,,,,,AUTH_REQUIRED,CDSE OAuth2 credentials not configured in environment.,,,,,,AUTH_REQUIRED,CDSE OAuth2 credentials not configured in environment.,,50x50,"SCL, B04, B08, B11, B12",,,,,50x50,"SCL, B04, B08, B11, B12",,,,,,,,,,,,,,,,,,,,,,,,,,,,,,,,,,,,,,,,,,,,,,,,,,INVALID_INPUT,Both pre_features and post_features are None.,,,,,,,,,,,,,,,,
FIRMS_TN_0605,9.182,78.58192,2025-01-10,MEDIUM,Bare/sparse vegetation,2.61,AUTH_REQUIRED,False,CDSE OAuth2 credentials not configured in environment.,1000m x 1000m,50x50,"SCL, B04, B08, B11, B12",,,,,,AUTH_REQUIRED,CDSE OAuth2 credentials not configured in environment.,,,,,,AUTH_REQUIRED,CDSE OAuth2 credentials not configured in environment.,,50x50,"SCL, B04, B08, B11, B12",,,,,50x50,"SCL, B04, B08, B11, B12",,,,,,,,,,,,,,,,,,,,,,,,,,,,,,,,,,,,,,,,,,,,,,,,,,INVALID_INPUT,Both pre_features and post_features are None.,,,,,,,,,,,,,,,,
FIRMS_TN_0606,8.61673,77.20992,2025-01-10,MEDIUM,Grassland,6.47,AUTH_REQUIRED,False,CDSE OAuth2 credentials not configured in environment.,1000m x 1000m,50x50,"SCL, B04, B08, B11, B12",,,,,,AUTH_REQUIRED,CDSE OAuth2 credentials not configured in environment.,,,,,,AUTH_REQUIRED,CDSE OAuth2 credentials not configured in environment.,,50x50,"SCL, B04, B08, B11, B12",,,,,50x50,"SCL, B04, B08, B11, B12",,,,,,,,,,,,,,,,,,,,,,,,,,,,,,,,,,,,,,,,,,,,,,,,,,INVALID_INPUT,Both pre_features and post_features are None.,,,,,,,,,,,,,,,,
FIRMS_TN_0607,10.92877,77.06388,2025-01-10,LOW,Cropland,0.65,AUTH_REQUIRED,False,CDSE OAuth2 credentials not configured in environment.,1000m x 1000m,50x50,"SCL, B04, B08, B11, B12",,,,,,AUTH_REQUIRED,CDSE OAuth2 credentials not configured in environment.,,,,,,AUTH_REQUIRED,CDSE OAuth2 credentials not configured in environment.,,50x50,"SCL, B04, B08, B11, B12",,,,,50x50,"SCL, B04, B08, B11, B12",,,,,,,,,,,,,,,,,,,,,,,,,,,,,,,,,,,,,,,,,,,,,,,,,,INVALID_INPUT,Both pre_features and post_features are None.,,,,,,,,,,,,,,,,
FIRMS_TN_0608,11.7456,77.78709,2025-01-10,MEDIUM,Permanent water bodies,0.79,AUTH_REQUIRED,False,CDSE OAuth2 credentials not configured in environment.,1000m x 1000m,50x50,"SCL, B04, B08, B11, B12",,,,,,AUTH_REQUIRED,CDSE OAuth2 credentials not configured in environment.,,,,,,AUTH_REQUIRED,CDSE OAuth2 credentials not configured in environment.,,50x50,"SCL, B04, B08, B11, B12",,,,,50x50,"SCL, B04, B08, B11, B12",,,,,,,,,,,,,,,,,,,,,,,,,,,,,,,,,,,,,,,,,,,,,,,,,,INVALID_INPUT,Both pre_features and post_features are None.,,,,,,,,,,,,,,,,
FIRMS_TN_0609,12.99132,79.90599,2025-01-10,LOW,Tree cover,0.83,AUTH_REQUIRED,False,CDSE OAuth2 credentials not configured in environment.,1000m x 1000m,50x50,"SCL, B04, B08, B11, B12",,,,,,AUTH_REQUIRED,CDSE OAuth2 credentials not configured in environment.,,,,,,AUTH_REQUIRED,CDSE OAuth2 credentials not configured in environment.,,50x50,"SCL, B04, B08, B11, B12",,,,,50x50,"SCL, B04, B08, B11, B12",,,,,,,,,,,,,,,,,,,,,,,,,,,,,,,,,,,,,,,,,,,,,,,,,,INVALID_INPUT,Both pre_features and post_features are None.,,,,,,,,,,,,,,,,
FIRMS_TN_0610,13.16101,80.28852,2025-01-10,LOW,Tree cover,1.39,AUTH_REQUIRED,False,CDSE OAuth2 credentials not configured in environment.,1000m x 1000m,50x50,"SCL, B04, B08, B11, B12",,,,,,AUTH_REQUIRED,CDSE OAuth2 credentials not configured in environment.,,,,,,AUTH_REQUIRED,CDSE OAuth2 credentials not configured in environment.,,50x50,"SCL, B04, B08, B11, B12",,,,,50x50,"SCL, B04, B08, B11, B12",,,,,,,,,,,,,,,,,,,,,,,,,,,,,,,,,,,,,,,,,,,,,,,,,,INVALID_INPUT,Both pre_features and post_features are None.,,,,,,,,,,,,,,,,
FIRMS_TN_0611,9.31969,77.7392,2025-01-10,LOW,Grassland,1.29,AUTH_REQUIRED,False,CDSE OAuth2 credentials not configured in environment.,1000m x 1000m,50x50,"SCL, B04, B08, B11, B12",,,,,,AUTH_REQUIRED,CDSE OAuth2 credentials not configured in environment.,,,,,,AUTH_REQUIRED,CDSE OAuth2 credentials not configured in environment.,,50x50,"SCL, B04, B08, B11, B12",,,,,50x50,"SCL, B04, B08, B11, B12",,,,,,,,,,,,,,,,,,,,,,,,,,,,,,,,,,,,,,,,,,,,,,,,,,INVALID_INPUT,Both pre_features and post_features are None.,,,,,,,,,,,,,,,,
FIRMS_TN_0612,9.32282,77.73862,2025-01-10,LOW,Shrubland,1.0,AUTH_REQUIRED,False,CDSE OAuth2 credentials not configured in environment.,1000m x 1000m,50x50,"SCL, B04, B08, B11, B12",,,,,,AUTH_REQUIRED,CDSE OAuth2 credentials not configured in environment.,,,,,,AUTH_REQUIRED,CDSE OAuth2 credentials not configured in environment.,,50x50,"SCL, B04, B08, B11, B12",,,,,50x50,"SCL, B04, B08, B11, B12",,,,,,,,,,,,,,,,,,,,,,,,,,,,,,,,,,,,,,,,,,,,,,,,,,INVALID_INPUT,Both pre_features and post_features are None.,,,,,,,,,,,,,,,,
FIRMS_TN_0613,9.56091,77.25191,2025-01-11,MEDIUM,Grassland,14.13,AUTH_REQUIRED,False,CDSE OAuth2 credentials not configured in environment.,1000m x 1000m,50x50,"SCL, B04, B08, B11, B12",,,,,,AUTH_REQUIRED,CDSE OAuth2 credentials not configured in environment.,,,,,,AUTH_REQUIRED,CDSE OAuth2 credentials not configured in environment.,,50x50,"SCL, B04, B08, B11, B12",,,,,50x50,"SCL, B04, B08, B11, B12",,,,,,,,,,,,,,,,,,,,,,,,,,,,,,,,,,,,,,,,,,,,,,,,,,INVALID_INPUT,Both pre_features and post_features are None.,,,,,,,,,,,,,,,,
FIRMS_TN_0614,12.0241,79.72982,2025-01-11,MEDIUM,Tree cover,3.78,AUTH_REQUIRED,False,CDSE OAuth2 credentials not configured in environment.,1000m x 1000m,50x50,"SCL, B04, B08, B11, B12",,,,,,AUTH_REQUIRED,CDSE OAuth2 credentials not configured in environment.,,,,,,AUTH_REQUIRED,CDSE OAuth2 credentials not configured in environment.,,50x50,"SCL, B04, B08, B11, B12",,,,,50x50,"SCL, B04, B08, B11, B12",,,,,,,,,,,,,,,,,,,,,,,,,,,,,,,,,,,,,,,,,,,,,,,,,,INVALID_INPUT,Both pre_features and post_features are None.,,,,,,,,,,,,,,,,
FIRMS_TN_0615,13.39263,80.10065,2025-01-11,LOW,Shrubland,0.85,AUTH_REQUIRED,False,CDSE OAuth2 credentials not configured in environment.,1000m x 1000m,50x50,"SCL, B04, B08, B11, B12",,,,,,AUTH_REQUIRED,CDSE OAuth2 credentials not configured in environment.,,,,,,AUTH_REQUIRED,CDSE OAuth2 credentials not configured in environment.,,50x50,"SCL, B04, B08, B11, B12",,,,,50x50,"SCL, B04, B08, B11, B12",,,,,,,,,,,,,,,,,,,,,,,,,,,,,,,,,,,,,,,,,,,,,,,,,,INVALID_INPUT,Both pre_features and post_features are None.,,,,,,,,,,,,,,,,
FIRMS_TN_0616,13.15952,80.286,2025-01-11,LOW,Built-up,0.56,AUTH_REQUIRED,False,CDSE OAuth2 credentials not configured in environment.,1000m x 1000m,50x50,"SCL, B04, B08, B11, B12",,,,,,AUTH_REQUIRED,CDSE OAuth2 credentials not configured in environment.,,,,,,AUTH_REQUIRED,CDSE OAuth2 credentials not configured in environment.,,50x50,"SCL, B04, B08, B11, B12",,,,,50x50,"SCL, B04, B08, B11, B12",,,,,,,,,,,,,,,,,,,,,,,,,,,,,,,,,,,,,,,,,,,,,,,,,,INVALID_INPUT,Both pre_features and post_features are None.,,,,,,,,,,,,,,,,
FIRMS_TN_0617,12.99868,79.90742,2025-01-11,MEDIUM,Grassland,1.85,AUTH_REQUIRED,False,CDSE OAuth2 credentials not configured in environment.,1000m x 1000m,50x50,"SCL, B04, B08, B11, B12",,,,,,AUTH_REQUIRED,CDSE OAuth2 credentials not configured in environment.,,,,,,AUTH_REQUIRED,CDSE OAuth2 credentials not configured in environment.,,50x50,"SCL, B04, B08, B11, B12",,,,,50x50,"SCL, B04, B08, B11, B12",,,,,,,,,,,,,,,,,,,,,,,,,,,,,,,,,,,,,,,,,,,,,,,,,,INVALID_INPUT,Both pre_features and post_features are None.,,,,,,,,,,,,,,,,
FIRMS_TN_0618,11.81719,77.91909,2025-01-11,MEDIUM,Built-up,0.81,AUTH_REQUIRED,False,CDSE OAuth2 credentials not configured in environment.,1000m x 1000m,50x50,"SCL, B04, B08, B11, B12",,,,,,AUTH_REQUIRED,CDSE OAuth2 credentials not configured in environment.,,,,,,AUTH_REQUIRED,CDSE OAuth2 credentials not configured in environment.,,50x50,"SCL, B04, B08, B11, B12",,,,,50x50,"SCL, B04, B08, B11, B12",,,,,,,,,,,,,,,,,,,,,,,,,,,,,,,,,,,,,,,,,,,,,,,,,,INVALID_INPUT,Both pre_features and post_features are None.,,,,,,,,,,,,,,,,
FIRMS_TN_0619,11.80929,77.92525,2025-01-11,MEDIUM,Built-up,1.66,AUTH_REQUIRED,False,CDSE OAuth2 credentials not configured in environment.,1000m x 1000m,50x50,"SCL, B04, B08, B11, B12",,,,,,AUTH_REQUIRED,CDSE OAuth2 credentials not configured in environment.,,,,,,AUTH_REQUIRED,CDSE OAuth2 credentials not configured in environment.,,50x50,"SCL, B04, B08, B11, B12",,,,,50x50,"SCL, B04, B08, B11, B12",,,,,,,,,,,,,,,,,,,,,,,,,,,,,,,,,,,,,,,,,,,,,,,,,,INVALID_INPUT,Both pre_features and post_features are None.,,,,,,,,,,,,,,,,
FIRMS_TN_0620,11.80988,77.92161,2025-01-11,MEDIUM,Built-up,1.57,AUTH_REQUIRED,False,CDSE OAuth2 credentials not configured in environment.,1000m x 1000m,50x50,"SCL, B04, B08, B11, B12",,,,,,AUTH_REQUIRED,CDSE OAuth2 credentials not configured in environment.,,,,,,AUTH_REQUIRED,CDSE OAuth2 credentials not configured in environment.,,50x50,"SCL, B04, B08, B11, B12",,,,,50x50,"SCL, B04, B08, B11, B12",,,,,,,,,,,,,,,,,,,,,,,,,,,,,,,,,,,,,,,,,,,,,,,,,,INVALID_INPUT,Both pre_features and post_features are None.,,,,,,,,,,,,,,,,
FIRMS_TN_0621,11.54756,77.44373,2025-01-11,MEDIUM,Tree cover,1.34,AUTH_REQUIRED,False,CDSE OAuth2 credentials not configured in environment.,1000m x 1000m,50x50,"SCL, B04, B08, B11, B12",,,,,,AUTH_REQUIRED,CDSE OAuth2 credentials not configured in environment.,,,,,,AUTH_REQUIRED,CDSE OAuth2 credentials not configured in environment.,,50x50,"SCL, B04, B08, B11, B12",,,,,50x50,"SCL, B04, B08, B11, B12",,,,,,,,,,,,,,,,,,,,,,,,,,,,,,,,,,,,,,,,,,,,,,,,,,INVALID_INPUT,Both pre_features and post_features are None.,,,,,,,,,,,,,,,,
FIRMS_TN_0622,11.54699,77.4473,2025-01-11,MEDIUM,Tree cover,0.72,AUTH_REQUIRED,False,CDSE OAuth2 credentials not configured in environment.,1000m x 1000m,50x50,"SCL, B04, B08, B11, B12",,,,,,AUTH_REQUIRED,CDSE OAuth2 credentials not configured in environment.,,,,,,AUTH_REQUIRED,CDSE OAuth2 credentials not configured in environment.,,50x50,"SCL, B04, B08, B11, B12",,,,,50x50,"SCL, B04, B08, B11, B12",,,,,,,,,,,,,,,,,,,,,,,,,,,,,,,,,,,,,,,,,,,,,,,,,,INVALID_INPUT,Both pre_features and post_features are None.,,,,,,,,,,,,,,,,
FIRMS_TN_0623,11.18491,79.09974,2025-01-11,MEDIUM,Built-up,0.6,AUTH_REQUIRED,False,CDSE OAuth2 credentials not configured in environment.,1000m x 1000m,50x50,"SCL, B04, B08, B11, B12",,,,,,AUTH_REQUIRED,CDSE OAuth2 credentials not configured in environment.,,,,,,AUTH_REQUIRED,CDSE OAuth2 credentials not configured in environment.,,50x50,"SCL, B04, B08, B11, B12",,,,,50x50,"SCL, B04, B08, B11, B12",,,,,,,,,,,,,,,,,,,,,,,,,,,,,,,,,,,,,,,,,,,,,,,,,,INVALID_INPUT,Both pre_features and post_features are None.,,,,,,,,,,,,,,,,
FIRMS_TN_0624,11.18139,79.09914,2025-01-11,MEDIUM,Built-up,0.6,AUTH_REQUIRED,False,CDSE OAuth2 credentials not configured in environment.,1000m x 1000m,50x50,"SCL, B04, B08, B11, B12",,,,,,AUTH_REQUIRED,CDSE OAuth2 credentials not configured in environment.,,,,,,AUTH_REQUIRED,CDSE OAuth2 credentials not configured in environment.,,50x50,"SCL, B04, B08, B11, B12",,,,,50x50,"SCL, B04, B08, B11, B12",,,,,,,,,,,,,,,,,,,,,,,,,,,,,,,,,,,,,,,,,,,,,,,,,,INVALID_INPUT,Both pre_features and post_features are None.,,,,,,,,,,,,,,,,
FIRMS_TN_0625,11.43135,77.34455,2025-01-11,MEDIUM,Tree cover,1.19,AUTH_REQUIRED,False,CDSE OAuth2 credentials not configured in environment.,1000m x 1000m,50x50,"SCL, B04, B08, B11, B12",,,,,,AUTH_REQUIRED,CDSE OAuth2 credentials not configured in environment.,,,,,,AUTH_REQUIRED,CDSE OAuth2 credentials not configured in environment.,,50x50,"SCL, B04, B08, B11, B12",,,,,50x50,"SCL, B04, B08, B11, B12",,,,,,,,,,,,,,,,,,,,,,,,,,,,,,,,,,,,,,,,,,,,,,,,,,INVALID_INPUT,Both pre_features and post_features are None.,,,,,,,,,,,,,,,,
FIRMS_TN_0626,10.93856,78.05747,2025-01-11,MEDIUM,Cropland,0.56,AUTH_REQUIRED,False,CDSE OAuth2 credentials not configured in environment.,1000m x 1000m,50x50,"SCL, B04, B08, B11, B12",,,,,,AUTH_REQUIRED,CDSE OAuth2 credentials not configured in environment.,,,,,,AUTH_REQUIRED,CDSE OAuth2 credentials not configured in environment.,,50x50,"SCL, B04, B08, B11, B12",,,,,50x50,"SCL, B04, B08, B11, B12",,,,,,,,,,,,,,,,,,,,,,,,,,,,,,,,,,,,,,,,,,,,,,,,,,INVALID_INPUT,Both pre_features and post_features are None.,,,,,,,,,,,,,,,,
FIRMS_TN_0627,10.13546,77.27298,2025-01-11,LOW,Tree cover,0.59,AUTH_REQUIRED,False,CDSE OAuth2 credentials not configured in environment.,1000m x 1000m,50x50,"SCL, B04, B08, B11, B12",,,,,,AUTH_REQUIRED,CDSE OAuth2 credentials not configured in environment.,,,,,,AUTH_REQUIRED,CDSE OAuth2 credentials not configured in environment.,,50x50,"SCL, B04, B08, B11, B12",,,,,50x50,"SCL, B04, B08, B11, B12",,,,,,,,,,,,,,,,,,,,,,,,,,,,,,,,,,,,,,,,,,,,,,,,,,INVALID_INPUT,Both pre_features and post_features are None.,,,,,,,,,,,,,,,,
FIRMS_TN_0628,11.37917,77.05492,2025-01-12,MEDIUM,Tree cover,3.97,AUTH_REQUIRED,False,CDSE OAuth2 credentials not configured in environment.,1000m x 1000m,50x50,"SCL, B04, B08, B11, B12",,,,,,AUTH_REQUIRED,CDSE OAuth2 credentials not configured in environment.,,,,,,AUTH_REQUIRED,CDSE OAuth2 credentials not configured in environment.,,50x50,"SCL, B04, B08, B11, B12",,,,,50x50,"SCL, B04, B08, B11, B12",,,,,,,,,,,,,,,,,,,,,,,,,,,,,,,,,,,,,,,,,,,,,,,,,,INVALID_INPUT,Both pre_features and post_features are None.,,,,,,,,,,,,,,,,
FIRMS_TN_0629,13.11165,79.79388,2025-01-12,LOW,Built-up,0.27,AUTH_REQUIRED,False,CDSE OAuth2 credentials not configured in environment.,1000m x 1000m,50x50,"SCL, B04, B08, B11, B12",,,,,,AUTH_REQUIRED,CDSE OAuth2 credentials not configured in environment.,,,,,,AUTH_REQUIRED,CDSE OAuth2 credentials not configured in environment.,,50x50,"SCL, B04, B08, B11, B12",,,,,50x50,"SCL, B04, B08, B11, B12",,,,,,,,,,,,,,,,,,,,,,,,,,,,,,,,,,,,,,,,,,,,,,,,,,INVALID_INPUT,Both pre_features and post_features are None.,,,,,,,,,,,,,,,,
FIRMS_TN_0630,13.08312,79.98172,2025-01-12,LOW,Shrubland,0.82,AUTH_REQUIRED,False,CDSE OAuth2 credentials not configured in environment.,1000m x 1000m,50x50,"SCL, B04, B08, B11, B12",,,,,,AUTH_REQUIRED,CDSE OAuth2 credentials not configured in environment.,,,,,,AUTH_REQUIRED,CDSE OAuth2 credentials not configured in environment.,,50x50,"SCL, B04, B08, B11, B12",,,,,50x50,"SCL, B04, B08, B11, B12",,,,,,,,,,,,,,,,,,,,,,,,,,,,,,,,,,,,,,,,,,,,,,,,,,INVALID_INPUT,Both pre_features and post_features are None.,,,,,,,,,,,,,,,,
FIRMS_TN_0631,13.09624,79.75659,2025-01-12,LOW,Shrubland,0.51,AUTH_REQUIRED,False,CDSE OAuth2 credentials not configured in environment.,1000m x 1000m,50x50,"SCL, B04, B08, B11, B12",,,,,,AUTH_REQUIRED,CDSE OAuth2 credentials not configured in environment.,,,,,,AUTH_REQUIRED,CDSE OAuth2 credentials not configured in environment.,,50x50,"SCL, B04, B08, B11, B12",,,,,50x50,"SCL, B04, B08, B11, B12",,,,,,,,,,,,,,,,,,,,,,,,,,,,,,,,,,,,,,,,,,,,,,,,,,INVALID_INPUT,Both pre_features and post_features are None.,,,,,,,,,,,,,,,,
FIRMS_TN_0632,11.81623,77.91869,2025-01-12,MEDIUM,Built-up,0.52,AUTH_REQUIRED,False,CDSE OAuth2 credentials not configured in environment.,1000m x 1000m,50x50,"SCL, B04, B08, B11, B12",,,,,,AUTH_REQUIRED,CDSE OAuth2 credentials not configured in environment.,,,,,,AUTH_REQUIRED,CDSE OAuth2 credentials not configured in environment.,,50x50,"SCL, B04, B08, B11, B12",,,,,50x50,"SCL, B04, B08, B11, B12",,,,,,,,,,,,,,,,,,,,,,,,,,,,,,,,,,,,,,,,,,,,,,,,,,INVALID_INPUT,Both pre_features and post_features are None.,,,,,,,,,,,,,,,,
