event_id,row_id,acq_date,acq_time,acq_datetime,latitude,longitude,satellite,satellite_source,instrument,frp,brightness,bright_t31,brightness_difference,frp_brightness_ratio,log_frp,confidence,confidence_numeric,daynight,is_day,is_forest_fire_season,is_stubble_burning_season,grid_detection_count,grid_active_days,persistent_location_flag,grid_total_frp,grid_brightness_mean,high_brightness_flag_local,high_frp_flag_local,brightness_zscore_local,frp_zscore_local,landcover_code,landcover_class,osm_coverage_status,distance_to_facility_m,distance_to_facility_km,nearest_facility_osm_id,nearest_facility_osm_type,nearest_facility_name,nearest_facility_type,nearest_facility_category,nearest_facility_tier,near_industrial_500m,near_industrial_1000m,near_industrial_2000m,near_industrial_5000m,near_industrial_10000m,distance_to_higher_relevance_m,distance_to_higher_relevance_km,nearest_hr_osm_id,nearest_hr_name,nearest_hr_category,near_higher_relevance_500m,near_higher_relevance_1000m,near_higher_relevance_2000m,near_higher_relevance_5000m,near_higher_relevance_10000m,candidate_priority_score,candidate_priority,is_spatial_duplicate,selection_rationale,ground_truth_status,weak_label,epoch_day,processing_status,is_real_cdse_data,failure_reason,aoi_dimensions_m,raster_dimensions_px,bands_requested,selected_pre_image_date,pre_product_id,pre_product_name,pre_tile_id,pre_cloud_cover_catalogue,pre_observation_status,pre_observation_failure_reason,selected_post_image_date,post_product_id,post_product_name,post_tile_id,post_cloud_cover_catalogue,post_observation_status,post_observation_failure_reason,pre_obs_date,pre_raster_dimensions,pre_bands_requested,s2_pre_spectral_valid_pixels,s2_pre_spectral_valid_pct,s2_pre_feature_status,pre_bbox_wgs84,pre_download_bytes,post_obs_date,post_raster_dimensions,post_bands_requested,s2_post_spectral_valid_pixels,s2_post_spectral_valid_pct,s2_post_feature_status,post_bbox_wgs84,post_download_bytes,s2_pre_total_pixels,s2_post_total_pixels,s2_pre_ndvi_mean,s2_post_ndvi_mean,s2_pre_ndvi_median,s2_post_ndvi_median,s2_pre_ndvi_std,s2_post_ndvi_std,s2_pre_ndvi_min,s2_post_ndvi_min,s2_pre_ndvi_max,s2_post_ndvi_max,s2_pre_nbr_mean,s2_post_nbr_mean,s2_pre_nbr_median,s2_post_nbr_median,s2_pre_nbr_std,s2_post_nbr_std,s2_pre_nbr_min,s2_post_nbr_min,s2_pre_nbr_max,s2_post_nbr_max,s2_pre_ndwi_mean,s2_post_ndwi_mean,s2_pre_ndwi_median,s2_post_ndwi_median,s2_pre_ndwi_std,s2_post_ndwi_std,s2_pre_ndwi_min,s2_post_ndwi_min,s2_pre_ndwi_max,s2_post_ndwi_max,s2_pre_swir_ratio_mean,s2_post_swir_ratio_mean,s2_pre_swir_ratio_median,s2_post_swir_ratio_median,s2_pre_swir_ratio_std,s2_post_swir_ratio_std,s2_pre_b04_mean,s2_post_b04_mean,s2_pre_b08_mean,s2_post_b08_mean,s2_pre_b11_mean,s2_post_b11_mean,s2_pre_b12_mean,s2_post_b12_mean,s2_change_status,s2_change_failure_reason,s2_dndvi_mean,s2_abs_dndvi_mean,s2_dndvi_median,s2_abs_dndvi_median,s2_dnbr_mean,s2_abs_dnbr_mean,s2_dnbr_median,s2_abs_dnbr_median,s2_dndwi_mean,s2_abs_dndwi_mean,s2_dndwi_median,s2_abs_dndwi_median,s2_dswir_ratio_mean,s2_abs_dswir_ratio_mean,s2_dswir_ratio_median,s2_abs_dswir_ratio_median
FIRMS_TN_0468,468,2024-12-19,822,2024-12-19T08:00,8.65877,78.11285,N,VIIRS_SUOMI_NPP,VIIRS,5.52,335.17,295.75,39.420000000000016,0.0164692544082107,1.874874375938561,n,1.0,D,1,0,0,2,2,0,12.23,334.35,0,0,1.0984871895745325,1.4041362904937689,95,Mangroves,FAILED_TILE,55155.38363620173,55.15538363620173,1264776476,way,,Power Plant,Power Plant,HIGHER_RELEVANCE,0,0,0,0,0,55155.38363620173,55.15538363620173,1264776476,,Power Plant,0,0,0,0,0,0.3638431319915539,MEDIUM,False,FAILED_TILE: Tuticorin region - major port/industrial zone with no OSM coverage; High FRP=5.5 MW; Landcover=Mangroves,UNVERIFIED,Other/Unclassified,353,REAL_CDSE_SUCCESS,True,,1000m x 1000m,50x50,"SCL, B04, B08, B11, B12",2024-12-08T05:11:19.024000Z,14c71f57-490e-479a-bbfa-2471033861b3,S2B_MSIL2A_20241208T051119_N0511_R019_T43PHK_20241208T075639.SAFE,T43PHK,18.671677,REAL_CDSE_SUCCESS,,2024-12-28T05:11:29.024000Z,d6f069e0-0460-4017-b431-02ebfcb74496,S2B_MSIL2A_20241228T051129_N0511_R019_T43PHK_20241228T071311.SAFE,T43PHK,35.693669,REAL_CDSE_SUCCESS,,2024-12-08T05:11:19.024000Z,50x50,"SCL, B04, B08, B11, B12",2376.0,95.04,SUCCESS,"[78.10831,8.65428,78.11739,8.66326]",19232.0,2024-12-28T05:11:29.024000Z,50x50,"SCL, B04, B08, B11, B12",2400.0,96.0,SUCCESS,"[78.10831,8.65428,78.11739,8.66326]",19525.0,2500.0,2500.0,0.28654529534387657,0.26961616586503284,0.3003779528683137,0.25109024688716075,0.29750869460452234,0.23137863167783568,-0.5102040816326531,-0.3797634691195795,0.7787561915244909,0.8010707241476472,0.26440141638822173,0.2106288693213969,0.2357057957222507,0.1782612330736159,0.1686387525887114,0.15353220331826722,-0.3002291825821238,-0.2710933599600599,0.7834474175482266,0.8060244952002649,0.0906739688597464,0.052062402535685504,0.07364174627187128,0.030036977944702288,0.12992120244226663,0.11877447781615413,-0.39934426229508196,-0.3685121107266436,0.6029082774049217,0.6658008658008658,0.6932260242285393,0.7206390450798865,0.7076022729112366,0.7301057455850375,0.10056020430519445,0.09047609892289223,968.310606060606,1238.0154166666666,2031.2727272727273,2185.744583333333,1688.830808080808,1970.9620833333333,1172.5058922558921,1445.3533333333332,SUCCESS,,-0.01692912947884373,0.01692912947884373,-0.04928770598115295,0.04928770598115295,-0.05377254706682483,0.05377254706682483,-0.05744456264863479,0.05744456264863479,-0.0386115663240609,0.0386115663240609,-0.043604768327168995,0.043604768327168995,0.027413020851347225,0.027413020851347225,0.02250347267380093,0.02250347267380093
FIRMS_TN_0182,182,2024-12-28,737,2024-12-28T07:00,8.65828,78.11434,N20,VIIRS_N20,VIIRS,6.71,333.53,293.5,40.02999999999997,0.0201181303031211,2.0425181875752383,n,1.0,D,1,0,0,2,2,0,12.23,334.35,0,0,0.9921477777396174,1.9255298414529287,80,Permanent water bodies,FAILED_TILE,55134.39880952583,55.13439880952584,1264776476,way,,Power Plant,Power Plant,HIGHER_RELEVANCE,0,0,0,0,0,55134.39880952583,55.13439880952584,1264776476,,Power Plant,0,0,0,0,0,0.3734018366757268,MEDIUM,False,FAILED_TILE: Tuticorin region - major port/industrial zone with no OSM coverage; High FRP=6.7 MW; Landcover=Permanent water bodies,UNVERIFIED,Other/Unclassified,362,CLOUD_REJECTED,True,Post cloud-rejected (Valid surface pixel coverage too low: 0.0% (threshold: 70.0%)); pre: MISSING_PRODUCT,1000m x 1000m,50x50,"SCL, B04, B08, B11, B12",,,,,,MISSING_PRODUCT,No usable pre-event product was matched in catalogue search.,2025-01-02T05:12:21.024000Z,b92d5ca1-9333-4537-8b16-ee3a208cabe1,S2A_MSIL2A_20250102T051221_N0511_R019_T43PHK_20250102T080951.SAFE,T43PHK,39.829311,CLOUD_REJECTED,Valid surface pixel coverage too low: 0.0% (threshold: 70.0%),,50x50,"SCL, B04, B08, B11, B12",,,,,,2025-01-02T05:12:21.024000Z,50x50,"SCL, B04, B08, B11, B12",0.0,0.0,ALL_PIXELS_MASKED,"[78.10980,8.65379,78.11888,8.66277]",19187.0,,2500.0,,,,,,,,,,,,,,,,,,,,,,,,,,,,,,,,,,,,,,,,,,,,,MISSING_BOTH,Pre features are None and post features are unusable.,,,,,,,,,,,,,,,,
FIRMS_TN_0037,37,2024-11-09,756,2024-11-09T07:00,12.76743,77.78644,N20,VIIRS_N20,VIIRS,2.54,334.85,299.92,34.93000000000001,0.0075854860385247,1.264126727145683,n,1.0,D,1,0,1,7,2,0,22.13,341.06142857142856,0,0,-1.5139240893095471,-0.5505736609392099,60,Bare/sparse vegetation,FAILED_TILE,59342.10148951248,59.34210148951248,1134097095,way,,Other Industrial,Substation & Electrical Infrastructure,CAUTION_LOWER_RELEVANCE,0,0,0,0,0,60330.52020290047,60.33052020290047,971761880,,Mining & Quarry,0,0,0,0,0,0.3034279540001861,MEDIUM,False,FAILED_TILE: OSM coverage unavailable - industrial context unknown; Moderate FRP=2.5 MW; Landcover=Bare/sparse vegetation,UNVERIFIED,Agricultural Burning,313,PARTIAL_PRE_ONLY,True,Pre successful; post unavailable: MISSING_PRODUCT (No usable post-event product was matched in catalogue search.),1000m x 1000m,50x50,"SCL, B04, B08, B11, B12",2024-11-08T05:09:29.024000Z,557d45d3-c9f9-40cd-b1d7-b84753f0dcab,S2B_MSIL2A_20241108T050929_N0511_R019_T43PGQ_20241108T073629.SAFE,T43PGQ,17.153598,REAL_CDSE_SUCCESS,,,,,,,MISSING_PRODUCT,No usable post-event product was matched in catalogue search.,2024-11-08T05:09:29.024000Z,50x50,"SCL, B04, B08, B11, B12",2487.0,99.48,SUCCESS,"[77.78183,12.76294,77.79105,12.77192]",19961.0,,50x50,"SCL, B04, B08, B11, B12",,,,,,2500.0,,0.39400282473562065,,0.3886829750432419,,0.2603476958845695,,-0.11773842808325567,,0.8885657431501607,,0.15104557376330469,,0.14893617021276595,,0.2877135122097818,,-0.4609521070041709,,0.7818302387267905,,0.03268487023556201,,0.027205695397915078,,0.20429374472339512,,-0.45806824754193176,,0.6093916755602988,,0.7871677683457821,,0.7740091463414634,,0.1845702178910205,,1118.2496984318457,,2613.7362283876155,,2462.8464012866907,,2029.449135504624,,MISSING_POST,Post Step 3A features are unusable (status: NONE).,,,,,,,,,,,,,,,,
FIRMS_TN_0042,42,2024-11-09,2029,2024-11-09T20:00,12.85108,79.90353,N20,VIIRS_N20,VIIRS,1.68,311.16,282.75,28.410000000000025,0.0053991515618974,0.9858167945227652,n,1.0,N,0,0,1,14,3,1,25.28,311.8492857142857,0,0,-0.1077497834280404,-0.1120631336216028,60,Bare/sparse vegetation,FAILED_TILE,75428.18693713525,75.42818693713525,1026841614,way,,Mining,Mining & Quarry,HIGHER_RELEVANCE,0,0,0,0,0,75428.18693713525,75.42818693713525,1026841614,,Mining & Quarry,0,0,0,0,0,0.3125510158765023,MEDIUM,False,FAILED_TILE: Chennai/Ennore coast - high-density industrial region with no OSM coverage; Low FRP=1.68 MW; Recurring detection (3 active days); Landcover=Bare/sparse vegetation,UNVERIFIED,Other/Unclassified,313,CLOUD_REJECTED,True,Both pre and post observations rejected due to cloud/shadow cover.,1000m x 1000m,50x50,"SCL, B04, B08, B11, B12",2024-11-05T04:59:09.024000Z,1e889314-5aab-4145-96e8-21247876b144,S2B_MSIL2A_20241105T045909_N0511_R119_T44PLV_20241105T072318.SAFE,T44PLV,28.828275,CLOUD_REJECTED,Valid surface pixel coverage too low: 49.9% (threshold: 70.0%),2024-11-10T05:00:31.024000Z,085ba1e2-6fc4-4c9f-8647-e10a8b03412f,S2A_MSIL2A_20241110T050031_N0511_R119_T44PLV_20241110T082750.SAFE,T44PLV,32.278866,CLOUD_REJECTED,Valid surface pixel coverage too low: 26.0% (threshold: 70.0%),2024-11-05T04:59:09.024000Z,50x50,"SCL, B04, B08, B11, B12",1247.0,49.88,SUCCESS,"[79.89892,12.84659,79.90814,12.85557]",20602.0,2024-11-10T05:00:31.024000Z,50x50,"SCL, B04, B08, B11, B12",650.0,26.0,SUCCESS,"[79.89892,12.84659,79.90814,12.85557]",20284.0,2500.0,2500.0,0.48592679562353464,0.49584596723250796,0.5340622371740958,0.5487153973213397,0.14593069402595826,0.15723179544470595,0.03978779840848806,0.0005878894767783657,0.7134366376565485,0.7410881801125704,0.31082858420930204,0.31598495152195755,0.3325325325325325,0.34173104615150907,0.1382524946182066,0.14419304564882632,-0.08244638602065131,-0.16885149677166894,0.6129455499671987,0.6568819308545336,0.09072426759482947,0.08748322481215914,0.09363295880149813,0.0942086020469841,0.08962287391803582,0.0945170702655124,-0.19434306569343066,-0.19347980155917788,0.4355927626248987,0.37001078748651567,0.6298483867132163,0.6185058587860367,0.6093591047812817,0.594323614641852,0.09651365523817469,0.09898649253465264,1023.1547714514836,1065.9184615384615,3008.672012830794,3033.2523076923076,2498.9013632718525,2572.6569230769232,1578.6792301523658,1613.206153846154,INSUFFICIENT_VALID_DATA,"Valid pixel coverage too low: pre=49.9%, post=26.0% (threshold=70.0%).",,,,,,,,,,,,,,,,
FIRMS_TN_0297,297,2025-01-08,730,2025-01-08T07:00,12.03586,79.81428,N20,VIIRS_N20,VIIRS,13.34,339.16,296.26,42.900000000000034,0.0393324684514683,2.663052835171474,n,1.0,D,1,0,0,2,2,0,17.85,336.06,0,1,1.3572031976363006,4.830436768225389,10,Tree cover,COVERED,2614.7746517408978,2.614774651740898,58389257,way,Workshop,Industrial Works,Manufacturing & Industrial Works,HIGHER_RELEVANCE,0,0,0,1,1,2614.7746517408978,2.614774651740898,58389257,Workshop,Manufacturing & Industrial Works,0,0,0,1,1,0.5671179099357284,HIGH,False,Within 5 km of HIGHER_RELEVANCE facility: Manufacturing & Industrial Works (Workshop); Very high FRP=13.3 MW; Landcover=Tree cover,UNVERIFIED,Other/Unclassified,373,PARTIAL_PRE_ONLY,True,Pre successful; post unavailable: MISSING_PRODUCT (No usable post-event product was matched in catalogue search.),1000m x 1000m,50x50,"SCL, B04, B08, B11, B12",2025-01-04T05:01:19.024000Z,d63e0c34-c73a-430d-80b5-43c855a06830,S2B_MSIL2A_20250104T050119_N0511_R119_T44PLU_20250104T132122.SAFE,T44PLU,15.663002,REAL_CDSE_SUCCESS,,,,,,,MISSING_PRODUCT,No usable post-event product was matched in catalogue search.,2025-01-04T05:01:19.024000Z,50x50,"SCL, B04, B08, B11, B12",2500.0,100.0,SUCCESS,"[79.80969,12.03137,79.81887,12.04035]",19149.0,,50x50,"SCL, B04, B08, B11, B12",,,,,,2500.0,,0.7339133988612864,,0.7871155568164692,,0.1826806108661109,,0.14248151191454397,,0.9733141002524341,,0.4211166739745176,,0.46916218554347844,,0.22291660508495448,,-0.28883495145631066,,0.7126948775055679,,0.1750525851061343,,0.19740078791045398,,0.19144440446049005,,-0.37459978655282816,,0.4618943267591916,,0.5618532209624404,,0.5414243838270825,,0.08829639854658689,,439.082,,2723.7992,,1999.3456,,1179.722,,MISSING_POST,Post Step 3A features are unusable (status: NONE).,,,,,,,,,,,,,,,,
FIRMS_TN_0138,138,2024-12-16,802,2024-12-16T08:00,11.48131,77.4594,N20,VIIRS_N20,VIIRS,8.59,342.79,300.67,42.120000000000005,0.0250590740686717,2.2607208888953467,n,1.0,D,1,0,0,1,1,0,8.59,342.79,0,1,1.5925764079782094,2.749244022800172,40,Cropland,COVERED,2295.5884972236377,2.295588497223638,1440947503,node,Coirmedia,Industrial Works,Manufacturing & Industrial Works,HIGHER_RELEVANCE,0,0,0,1,1,2295.5884972236377,2.295588497223638,1440947503,Coirmedia,Manufacturing & Industrial Works,0,0,0,1,1,0.5351102212728059,HIGH,False,Within 5 km of HIGHER_RELEVANCE facility: Manufacturing & Industrial Works (Coirmedia); High FRP=8.6 MW; Landcover=Cropland,UNVERIFIED,Other/Unclassified,350,PARTIAL_POST_ONLY,True,Post successful; pre unavailable: CLOUD_REJECTED (Valid surface pixel coverage too low: 47.8% (threshold: 70.0%)),1000m x 1000m,50x50,"SCL, B04, B08, B11, B12",2024-12-08T05:11:19.024000Z,74929c06-ad5d-47ca-b889-54bda6b13eb8,S2B_MSIL2A_20241208T051119_N0511_R019_T43PGN_20241208T075639.SAFE,T43PGN,34.568959,CLOUD_REJECTED,Valid surface pixel coverage too low: 47.8% (threshold: 70.0%),2024-12-18T05:11:29.024000Z,21ce1078-4d36-419b-b0d1-bd2e221808b5,S2B_MSIL2A_20241218T051129_N0511_R019_T43PGN_20241218T094845.SAFE,T43PGN,17.029287,REAL_CDSE_SUCCESS,,2024-12-08T05:11:19.024000Z,50x50,"SCL, B04, B08, B11, B12",1196.0,47.84,SUCCESS,"[77.45482,11.47682,77.46398,11.48580]",20005.0,2024-12-18T05:11:29.024000Z,50x50,"SCL, B04, B08, B11, B12",2473.0,98.92,SUCCESS,"[77.45482,11.47682,77.46398,11.48580]",19357.0,2500.0,2500.0,0.38133968401038054,0.4872114413530264,0.3461886643487545,0.46401225114854516,0.1301880398741061,0.1615904776921983,0.03865979381443299,0.06277556162082722,0.7685447030672178,0.8749437696806118,0.08023376768803409,0.22666892758890805,0.027766284787910836,0.22770058269834156,0.18541594544090997,0.2154820268924575,-0.2801285484734869,-0.2884864165588616,0.6695812241141279,0.7458033573141487,-0.08216671530891927,0.03786916696169098,-0.12571020649672388,0.027575641516660282,0.14446509337969884,0.17057512885976214,-0.3138979643126414,-0.34331038611194253,0.42470056940899276,0.4920812371902366,0.7177970878144186,0.6706426504197149,0.7382275360996287,0.6666666666666666,0.08312565799029614,0.09803669917945393,1199.4339464882944,771.2721391023049,2665.367892976589,2311.1496158511927,3207.160535117057,2167.48726243429,2346.351170568562,1490.733926405176,INSUFFICIENT_VALID_DATA,"Valid pixel coverage too low: pre=47.8%, post=98.9% (threshold=70.0%).",,,,,,,,,,,,,,,,
FIRMS_TN_0030,30,2024-11-08,2048,2024-11-08T20:00,11.18483,79.0995,N20,VIIRS_N20,VIIRS,0.85,302.91,279.77,23.140000000000043,0.0028061140272688,0.6151856390902334,n,1.0,N,0,0,1,20,10,1,18.59,305.3995,0,0,-0.7781149502413648,-0.3306621048111949,50,Built-up,COVERED,336.38136249246065,0.3363813624924606,340697977,way,,Other Industrial,Substation & Electrical Infrastructure,CAUTION_LOWER_RELEVANCE,1,1,1,1,1,605.7154374334536,0.6057154374334537,1468887795,,Power Plant,0,1,1,1,1,0.5034808062154134,HIGH,False,Within 500 m of CAUTION_LOWER_RELEVANCE facility: Substation & Electrical Infrastructure; Low FRP=0.85 MW; Persistent location (active 10 days); Landcover=Built-up,UNVERIFIED,Other/Unclassified,312,REAL_CDSE_SUCCESS,True,,1000m x 1000m,50x50,"SCL, B04, B08, B11, B12",2024-10-29T05:08:39.024000Z,0fac1335-d084-46ab-a81f-d2435afe4a07,S2B_MSIL2A_20241029T050839_N0511_R019_T44PKT_20241029T073358.SAFE,T44PKT,5.90982,REAL_CDSE_SUCCESS,,2024-11-10T05:00:31.024000Z,0d5ec360-2362-4138-885e-502f59cb421b,S2A_MSIL2A_20241110T050031_N0511_R119_T44PKT_20241110T082750.SAFE,T44PKT,9.225395,REAL_CDSE_SUCCESS,,2024-10-29T05:08:39.024000Z,50x50,"SCL, B04, B08, B11, B12",2482.0,99.28,SUCCESS,"[79.09492,11.18034,79.10408,11.18932]",19625.0,2024-11-10T05:00:31.024000Z,50x50,"SCL, B04, B08, B11, B12",2259.0,90.36,SUCCESS,"[79.09492,11.18034,79.10408,11.18932]",20008.0,2500.0,2500.0,0.45112717660806145,0.4370456062201246,0.48403826877883527,0.4328600405679513,0.2340038954047058,0.2204334725876282,-0.161,-0.2417633410672854,0.8692682926829268,0.8604255319148936,0.17836152671035582,0.22951902735830323,0.2011168629958287,0.2342477140482128,0.25230148416763887,0.22378920262625268,-0.7537486800422386,-0.5897435897435898,0.6831302116741501,0.6993210475266731,0.04016697213492949,0.06694826629885799,0.047987387420938624,0.06878306878306878,0.16536416489133438,0.1488980543581106,-0.4525660964230171,-0.40633192175841903,0.4158249158249158,0.44031568562972706,0.7679290106005162,0.7214682521838858,0.7154946403741143,0.6941356841701801,0.2307798466457113,0.19029517510875835,930.3267526188557,1222.2961487383798,2502.0100725221596,3029.9566179725543,2267.128525382756,2638.0814519698984,1755.3537469782434,1941.8468348826914,SUCCESS,,-0.014081570387936837,0.014081570387936837,-0.05117822821088397,0.05117822821088397,0.05115750064794741,0.05115750064794741,0.033130851052384086,0.033130851052384086,0.026781294163928493,0.026781294163928493,0.020795681362130156,0.020795681362130156,-0.04646075841663044,0.04646075841663044,-0.021358956203934132,0.021358956203934132
FIRMS_TN_0300,300,2025-01-08,730,2025-01-08T07:00,9.97193,77.53833,N20,VIIRS_N20,VIIRS,5.18,335.02,295.7,39.31999999999999,0.0154617634768073,1.8213182714696,n,1.0,D,1,0,0,1,1,0,5.18,335.02,0,0,1.0887610238579222,1.2551667045054378,30,Grassland,COVERED,973.10224446551,0.97310224446551,4979969193,node,,Power Plant,Power Plant,HIGHER_RELEVANCE,0,1,1,1,1,973.10224446551,0.97310224446551,4979969193,,Power Plant,0,1,1,1,1,0.5084188159177419,HIGH,False,Within 2 km of HIGHER_RELEVANCE facility: Power Plant; High FRP=5.2 MW; Landcover=Grassland,UNVERIFIED,Other/Unclassified,373,PARTIAL_PRE_ONLY,True,Pre successful; post unavailable: CLOUD_REJECTED (Valid surface pixel coverage too low: 50.3% (threshold: 70.0%)),1000m x 1000m,50x50,"SCL, B04, B08, B11, B12",2025-01-07T05:11:19.024000Z,986845cd-c43e-4074-8a09-a5ae2b1de58a,S2B_MSIL2A_20250107T051119_N0511_R019_T43PGM_20250107T080132.SAFE,T43PGM,23.937137,REAL_CDSE_SUCCESS,,2025-01-17T05:10:39.024000Z,ed7422ed-03ac-42b4-b14a-fa9fd8d94d7f,S2B_MSIL2A_20250117T051039_N0511_R019_T43PGM_20250117T093134.SAFE,T43PGM,39.63896,CLOUD_REJECTED,Valid surface pixel coverage too low: 50.3% (threshold: 70.0%),2025-01-07T05:11:19.024000Z,50x50,"SCL, B04, B08, B11, B12",2496.0,99.84,SUCCESS,"[77.53377,9.96744,77.54289,9.97642]",19257.0,2025-01-17T05:10:39.024000Z,50x50,"SCL, B04, B08, B11, B12",1258.0,50.32,SUCCESS,"[77.53377,9.96744,77.54289,9.97642]",19926.0,2500.0,2500.0,0.47035645512723406,0.37632779227571933,0.48515991823772064,0.3871337256731226,0.15443544436638357,0.09827547253444967,-0.1404109589041096,0.10363068045203173,0.8191021126760564,0.6331624693559171,0.18847393920758465,0.14718023103878436,0.18740476770865983,0.15173817350769805,0.15840556720456161,0.1375745164028178,-0.29262564584311884,-0.16439104314582195,0.6540362438220758,0.6200545702592087,0.004686541078095083,-0.02455040890302291,-0.01003896530731262,-0.03360119429054044,0.1116406991897321,0.09090831727717631,-0.41332294507206857,-0.21417565485362094,0.41375264022529923,0.33165124754695824,0.6878909831255668,0.7083809397236532,0.672794079785875,0.6912442208958445,0.0915322622137726,0.08901551705399363,1008.9679487179487,1288.3473767885532,2752.2728365384614,2817.70826709062,2745.0148237179487,2988.914149443561,1920.7640224358975,2146.9093799682037,INSUFFICIENT_VALID_DATA,"Valid pixel coverage too low: pre=99.8%, post=50.3% (threshold=70.0%).",,,,,,,,,,,,,,,,
FIRMS_TN_0459,459,2024-12-15,756,2024-12-15T07:00,9.81504,78.69252,N,VIIRS_SUOMI_NPP,VIIRS,3.73,346.03,296.15,49.88,0.0107794121896945,1.5539252025038417,n,1.0,D,1,0,0,2,1,0,5.92,344.17999999999995,0,0,1.8026615874569352,0.619855234849319,40,Cropland,COVERED,500.17475120960415,0.5001747512096042,1009975066,way,,Power Plant,Power Plant,HIGHER_RELEVANCE,0,1,1,1,1,500.17475120960415,0.5001747512096042,1009975066,,Power Plant,0,1,1,1,1,0.5088957965801053,HIGH,False,Within 2 km of HIGHER_RELEVANCE facility: Power Plant; Moderate FRP=3.7 MW; Landcover=Cropland,UNVERIFIED,Other/Unclassified,349,REAL_CDSE_SUCCESS,True,,1000m x 1000m,50x50,"SCL, B04, B08, B11, B12",2024-12-10T05:02:11.024000Z,123b19d1-ca7e-4353-8520-7c151935586d,S2A_MSIL2A_20241210T050211_N0511_R119_T43PHL_20241210T074050.SAFE,T43PHL,32.803062,REAL_CDSE_SUCCESS,,2024-12-18T05:11:29.024000Z,16ce6dec-6db5-43e0-a5be-0f672f61a2e6,S2B_MSIL2A_20241218T051129_N0511_R019_T44PKR_20241218T094845.SAFE,T44PKR,18.424445,REAL_CDSE_SUCCESS,,2024-12-10T05:02:11.024000Z,50x50,"SCL, B04, B08, B11, B12",2498.0,99.92,SUCCESS,"[78.68796,9.81055,78.69708,9.81953]",19557.0,2024-12-18T05:11:29.024000Z,50x50,"SCL, B04, B08, B11, B12",2500.0,100.0,SUCCESS,"[78.68796,9.81055,78.69708,9.81953]",19362.0,2500.0,2500.0,0.4926078275778419,0.5216840801068787,0.5184965831758604,0.5586822919016561,0.1540715538387644,0.17064049252273403,-0.019728506787330315,-0.03912148249828414,0.8316400580551524,0.8546712802768166,0.26441890381600375,0.2818065055139681,0.27292933253213575,0.31855018894235265,0.17974033740424547,0.19938764448939483,-0.1769268056228793,-0.22145328719723184,0.7698056801195815,0.6945973496432212,0.04309775960692344,0.048841234747976345,0.06406751964415212,0.08337141880971424,0.16837327201566468,0.17767887517386824,-0.46293706293706294,-0.47324414715719065,0.5270315091210613,0.4329779995463824,0.6275969940629659,0.6076865938525888,0.6212029080635574,0.5911380517997296,0.0929379926665635,0.08385996317287867,1103.3094475580465,870.9216,3214.5300240192155,2872.5992,2968.900320256205,2602.1232,1875.3098478783027,1596.5952,SUCCESS,,0.02907625252903684,0.02907625252903684,0.04018570872579563,0.04018570872579563,0.017387601697964328,0.017387601697964328,0.0456208564102169,0.0456208564102169,0.005743475141052903,0.005743475141052903,0.01930389916556212,0.01930389916556212,-0.019910400210377044,0.019910400210377044,-0.03006485626382782,0.03006485626382782
FIRMS_TN_0015,15,2024-11-05,730,2024-11-05T07:00,10.65226,78.76717,N20,VIIRS_N20,VIIRS,7.76,336.8,295.25,41.55000000000001,0.0230403800475059,2.1701959049483,n,1.0,D,1,0,1,1,1,0,7.76,336.8,0,1,1.2041781903616702,2.385582974652187,30,Grassland,COVERED,210.5924139308873,0.2105924139308873,375950947,way,,Other Industrial,Industrial Area / Zone,GENERAL_CONTEXT,1,1,1,1,1,4298.344321437069,4.298344321437069,1009648240,,Power Plant,0,0,0,1,1,0.5296206436020467,HIGH,False,Within 500 m of GENERAL_CONTEXT facility: Industrial Area / Zone; High FRP=7.8 MW; Landcover=Grassland,UNVERIFIED,Agricultural Burning,309,PARTIAL_PRE_ONLY,True,Pre successful; post unavailable: MISSING_PRODUCT (No usable post-event product was matched in catalogue search.),1000m x 1000m,50x50,"SCL, B04, B08, B11, B12",2024-10-29T05:08:39.024000Z,7f584f92-5cfe-4b10-8ad8-759b3d920ef6,S2B_MSIL2A_20241029T050839_N0511_R019_T44PKS_20241029T073358.SAFE,T44PKS,28.677183,REAL_CDSE_SUCCESS,,,,,,,MISSING_PRODUCT,No usable post-event product was matched in catalogue search.,2024-10-29T05:08:39.024000Z,50x50,"SCL, B04, B08, B11, B12",2392.0,95.68,SUCCESS,"[78.76260,10.64777,78.77174,10.65675]",19638.0,,50x50,"SCL, B04, B08, B11, B12",,,,,,2500.0,,0.3649248091093781,,0.301576054764529,,0.21370899788162595,,-0.04815864022662889,,0.9070904645476773,,0.074320672302173,,0.012007662654420354,,0.20889009199580486,,-0.23463548146305052,,0.6233254531126872,,-0.03605631907345445,,-0.07091185926758502,,0.1541932817172891,,-0.3314496848511193,,0.4456140350877193,,0.7999514948425301,,0.8246868471460331,,0.11128047607214037,,1239.0422240802675,,2451.127508361204,,2739.3102006688964,,2272.2232441471574,,MISSING_POST,Post Step 3A features are unusable (status: NONE).,,,,,,,,,,,,,,,,
FIRMS_TN_0524,524,2025-01-01,2014,2025-01-01T20:00,11.81723,77.91619,N,VIIRS_SUOMI_NPP,VIIRS,2.82,328.89,292.56,36.329999999999984,0.0085742953571102,1.3402504226184837,n,1.0,N,0,0,0,43,8,1,64.3,308.93627906976747,1,0,2.547302926609504,1.8761170191229888,50,Built-up,COVERED,360.06439986185734,0.3600643998618573,340479236,way,,Other Industrial,Substation & Electrical Infrastructure,CAUTION_LOWER_RELEVANCE,1,1,1,1,1,375.548055627552,0.3755480556275519,876239837,JSW Steel Plant,Steel / Metallurgy,1,1,1,1,1,0.5384974692356691,HIGH,False,Within 500 m of CAUTION_LOWER_RELEVANCE facility: Substation & Electrical Infrastructure; Moderate FRP=2.8 MW; Recurring detection (8 active days); Landcover=Built-up,UNVERIFIED,Other/Unclassified,366,CLOUD_REJECTED,True,Both pre and post observations rejected due to cloud/shadow cover.,1000m x 1000m,50x50,"SCL, B04, B08, B11, B12",2024-12-23T05:12:31.024000Z,effc73fc-670f-47e6-ae7f-2aea916ba71f,S2A_MSIL2A_20241223T051231_N0511_R019_T43PHP_20241223T084549.SAFE,T43PHP,39.632958,CLOUD_REJECTED,Valid surface pixel coverage too low: 0.0% (threshold: 70.0%),2025-01-07T05:11:19.024000Z,553cddbd-c91c-4f47-9e42-44bffdd6b831,S2B_MSIL2A_20250107T051119_N0511_R019_T43PHP_20250107T080132.SAFE,T43PHP,35.264638,CLOUD_REJECTED,Valid surface pixel coverage too low: 35.5% (threshold: 70.0%),2024-12-23T05:12:31.024000Z,50x50,"SCL, B04, B08, B11, B12",0.0,0.0,ALL_PIXELS_MASKED,"[77.91160,11.81274,77.92078,11.82172]",21176.0,2025-01-07T05:11:19.024000Z,50x50,"SCL, B04, B08, B11, B12",887.0,35.48,SUCCESS,"[77.91160,11.81274,77.92078,11.82172]",19095.0,2500.0,2500.0,,0.40845119278154396,,0.44210162461113034,,0.22324050636679973,,-0.13744588744588745,,0.7992565055762082,,0.23102498679735642,,0.25989138867339023,,0.2301139349221892,,-0.5182834693260804,,0.694026226323458,,0.0957404220999803,,0.1154299175500589,,0.1488174036075493,,-0.4763469119579501,,0.4485049833887043,,0.7582297316874123,,0.7397188964081207,,0.16614590456978653,,906.1612175873731,,2267.958286358512,,1835.0394588500565,,1410.1048478015784,MISSING_PRE,Pre Step 3A features are unusable (status: ALL_PIXELS_MASKED).,,,,,,,,,,,,,,,,
FIRMS_TN_0001,1,2024-11-02,826,2024-11-02T08:00,9.29417,79.06924,N20,VIIRS_N20,VIIRS,5.15,338.83,289.06,49.76999999999998,0.0151993625121742,1.8164520818184269,n,1.0,D,1,0,1,2,1,0,10.56,337.935,0,0,1.3358056330597607,1.2420223292711734,10,Tree cover,COVERED,2826.685458137604,2.826685458137604,11850487562,node,,Power Plant,Power Plant,HIGHER_RELEVANCE,0,0,0,1,1,2826.685458137604,2.826685458137604,11850487562,,Power Plant,0,0,0,1,1,0.5224122575748802,HIGH,False,Within 5 km of HIGHER_RELEVANCE facility: Power Plant; High FRP=5.2 MW; Landcover=Tree cover,UNVERIFIED,Other/Unclassified,306,PARTIAL_POST_ONLY,True,Post successful; pre unavailable: CLOUD_REJECTED (Valid surface pixel coverage too low: 33.8% (threshold: 70.0%)),1000m x 1000m,50x50,"SCL, B04, B08, B11, B12",2024-10-31T04:59:41.024000Z,95a3c91d-8b60-4d1e-a0cd-6cc7a520a7ca,S2A_MSIL2A_20241031T045941_N0511_R119_T44PKR_20241031T090153.SAFE,T44PKR,29.073372,CLOUD_REJECTED,Valid surface pixel coverage too low: 33.8% (threshold: 70.0%),2024-11-05T04:59:09.024000Z,d3f1d7f5-1ef2-4f47-9a87-02c6c5ab5104,S2B_MSIL2A_20241105T045909_N0511_R119_T44PKR_20241105T072318.SAFE,T44PKR,24.038155,REAL_CDSE_SUCCESS,,2024-10-31T04:59:41.024000Z,50x50,"SCL, B04, B08, B11, B12",844.0,33.76,SUCCESS,"[79.06469,9.28968,79.07379,9.29866]",20596.0,2024-11-05T04:59:09.024000Z,50x50,"SCL, B04, B08, B11, B12",2500.0,100.0,SUCCESS,"[79.06469,9.28968,79.07379,9.29866]",20067.0,2500.0,2500.0,0.2516461318155794,0.33294960503498694,0.22161380683584736,0.3117695503122492,0.18491567331973238,0.26620077460661157,-0.5073446327683616,-1.0,0.7739703459637561,0.9758308157099698,0.07635195849395279,0.08188569366914791,0.05680990764374577,0.05331085155794121,0.13807247938898115,0.1982077689835075,-0.3573923166472643,-1.0,0.6344869459623558,0.6995192307692307,-0.03327923639668819,-0.026995052675629985,-0.046653533144885656,-0.03256422035818679,0.09885033404219302,0.15262927798820175,-0.41935483870967744,-1.0,0.3878077071787602,0.5010615711252654,0.8032033050434357,0.805916001538378,0.8142657980370545,0.8221405225555116,0.08357896359717588,0.1179030756519971,2273.85663507109,1858.0552,3802.5604265402844,3519.4976,4125.678909952607,3697.7092,3373.0687203791467,3049.1216,INSUFFICIENT_VALID_DATA,"Valid pixel coverage too low: pre=33.8%, post=100.0% (threshold=70.0%).",,,,,,,,,,,,,,,,
FIRMS_TN_0549,549,2025-01-05,805,2025-01-05T08:00,11.67086,79.1691,N,VIIRS_SUOMI_NPP,VIIRS,9.79,343.24,304.07,39.170000000000016,0.0285223167462999,2.378619779270043,n,1.0,D,1,0,0,2,1,0,14.96,341.135,0,1,1.6217549051280322,3.275019032170753,40,Cropland,COVERED,3963.767427816255,3.963767427816255,1119090151,way,,Mining,Mining & Quarry,HIGHER_RELEVANCE,0,0,0,1,1,3963.767427816255,3.963767427816255,1119090151,,Mining & Quarry,0,0,0,1,1,0.5083128770109774,HIGH,False,Within 5 km of HIGHER_RELEVANCE facility: Mining & Quarry; High FRP=9.8 MW; Landcover=Cropland,UNVERIFIED,Other/Unclassified,370,CLOUD_REJECTED,True,Pre cloud-rejected (Valid surface pixel coverage too low: 5.6% (threshold: 70.0%)); post: MISSING_PRODUCT,1000m x 1000m,50x50,"SCL, B04, B08, B11, B12",2025-01-04T05:01:19.024000Z,bfb18f50-c428-46a3-8325-80798e15cd44,S2B_MSIL2A_20250104T050119_N0511_R119_T44PLT_20250104T132122.SAFE,T44PLT,13.576193,CLOUD_REJECTED,Valid surface pixel coverage too low: 5.6% (threshold: 70.0%),,,,,,MISSING_PRODUCT,No usable post-event product was matched in catalogue search.,2025-01-04T05:01:19.024000Z,50x50,"SCL, B04, B08, B11, B12",141.0,5.64,SUCCESS,"[79.16451,11.66637,79.17369,11.67535]",20902.0,,50x50,"SCL, B04, B08, B11, B12",,,,,,2500.0,,0.5806132876534368,,0.59879939969985,,0.0728998875948899,,0.34529607792873623,,0.6793355147243896,,0.37032759813672717,,0.37957911145752143,,0.14754569861761307,,-0.02257373537650354,,0.6525821596244131,,0.13651033269389512,,0.14586994727592267,,0.11969763879490193,,-0.17347080953044447,,0.3904899135446686,,0.5982964561246702,,0.5971479500891266,,0.07149757853504565,,746.5531914893617,,2799.31914893617,,2217.659574468085,,1362.340425531915,,MISSING_POST,Post Step 3A features are unusable (status: NONE).,,,,,,,,,,,,,,,,
FIRMS_TN_0122,122,2024-12-10,813,2024-12-10T08:00,9.84554,78.02377,N20,VIIRS_N20,VIIRS,6.79,339.41,297.28,42.13000000000005,0.0200053033204678,2.052840859882657,n,1.0,D,1,0,0,2,1,0,9.7,337.36,0,0,1.373413473830647,1.9605815087443008,40,Cropland,COVERED,898.1800863695421,0.898180086369542,990641684,way,,Other Industrial,Industrial Area / Zone,GENERAL_CONTEXT,0,1,1,1,1,2097.0991164475668,2.0970991164475667,1283314813,,Manufacturing & Industrial Works,0,0,0,1,1,0.5243021922750343,HIGH,False,Within 2 km of GENERAL_CONTEXT facility: Industrial Area / Zone; High FRP=6.8 MW; Landcover=Cropland,UNVERIFIED,Other/Unclassified,344,PARTIAL_POST_ONLY,True,Post successful; pre unavailable: MISSING_PRODUCT (No usable pre-event product was matched in catalogue search.),1000m x 1000m,50x50,"SCL, B04, B08, B11, B12",,,,,,MISSING_PRODUCT,No usable pre-event product was matched in catalogue search.,2024-12-18T05:11:29.024000Z,4e35eebf-bdb7-4e0b-817c-599f13f5dbc2,S2B_MSIL2A_20241218T051129_N0511_R019_T43PHL_20241218T094845.SAFE,T43PHL,26.198825,REAL_CDSE_SUCCESS,,,50x50,"SCL, B04, B08, B11, B12",,,,,,2024-12-18T05:11:29.024000Z,50x50,"SCL, B04, B08, B11, B12",2425.0,97.0,SUCCESS,"[78.01921,9.84105,78.02833,9.85003]",19095.0,,2500.0,,0.5529761949688098,,0.579050736497545,,0.16307371624177008,,-0.034482758620689655,,0.8750963762528913,,0.24791372020337976,,0.2479591836734694,,0.15315450807245268,,-0.35145010276318794,,0.667452212621105,,0.0469033536872588,,0.0410958904109589,,0.11332109682400107,,-0.36780772032046616,,0.4201605709188225,,0.6608586580901137,,0.6366315789473684,,0.10218982162223915,,686.3336082474227,,2396.481649484536,,2171.3521649484537,,1443.582268041237,MISSING_PRE,Pre Step 3A features are unusable (status: NONE).,,,,,,,,,,,,,,,,
FIRMS_TN_0142,142,2024-12-16,2036,2024-12-16T20:00,11.20212,77.56716,N20,VIIRS_N20,VIIRS,1.93,318.27,289.9,28.370000000000005,0.0060640336820938,1.075002423028976,n,1.0,N,0,0,0,15,8,1,15.08,308.0466666666667,0,0,1.4285052447132962,1.9937988538731808,60,Bare/sparse vegetation,COVERED,290.05405586036164,0.2900540558603616,823591866,way,,Mining,Mining & Quarry,HIGHER_RELEVANCE,1,1,1,1,1,290.05405586036164,0.2900540558603616,823591866,,Mining & Quarry,1,1,1,1,1,0.524639241213483,HIGH,False,Within 500 m of HIGHER_RELEVANCE facility: Mining & Quarry; Low FRP=1.93 MW; Recurring detection (8 active days); Landcover=Bare/sparse vegetation,UNVERIFIED,Other/Unclassified,350,CLOUD_REJECTED,True,Both pre and post observations rejected due to cloud/shadow cover.,1000m x 1000m,50x50,"SCL, B04, B08, B11, B12",2024-12-08T05:11:19.024000Z,74929c06-ad5d-47ca-b889-54bda6b13eb8,S2B_MSIL2A_20241208T051119_N0511_R019_T43PGN_20241208T075639.SAFE,T43PGN,34.568959,CLOUD_REJECTED,Valid surface pixel coverage too low: 28.0% (threshold: 70.0%),2024-12-18T05:11:29.024000Z,21ce1078-4d36-419b-b0d1-bd2e221808b5,S2B_MSIL2A_20241218T051129_N0511_R019_T43PGN_20241218T094845.SAFE,T43PGN,17.029287,CLOUD_REJECTED,Valid surface pixel coverage too low: 0.4% (threshold: 70.0%),2024-12-08T05:11:19.024000Z,50x50,"SCL, B04, B08, B11, B12",700.0,28.0,SUCCESS,"[77.56258,11.19763,77.57174,11.20661]",20294.0,2024-12-18T05:11:29.024000Z,50x50,"SCL, B04, B08, B11, B12",11.0,0.44,SUCCESS,"[77.56258,11.19763,77.57174,11.20661]",20742.0,2500.0,2500.0,0.5394944899270726,0.5937900514119332,0.5953079933850256,0.6139630390143738,0.15392651296138035,0.053460506775761925,0.023726176584986387,0.4530236451140406,0.7551744529863986,0.6635304659498208,0.35090220346547174,0.29341789516258837,0.41394282051453346,0.30472797927461137,0.17506072689453622,0.04864929025949126,-0.18253599628425451,0.18660287081339713,0.6691761669176167,0.36804832326598624,0.12728797814227116,0.07120392027222953,0.15091500597727148,0.06576271186440678,0.09990652696162725,0.03920647115763808,-0.2014519056261343,0.014018691588785047,0.386952636282395,0.1379071379071379,0.6203107523914623,0.6305296699524905,0.5622425433882265,0.6402476780185758,0.13292219885011614,0.041049044180119586,939.9014285714286,890.0909090909091,3240.1885714285713,3484.6363636363635,2469.4142857142856,3021.909090909091,1537.9285714285713,1910.909090909091,INSUFFICIENT_VALID_DATA,"Valid pixel coverage too low: pre=28.0%, post=0.4% (threshold=70.0%).",,,,,,,,,,,,,,,,
FIRMS_TN_0176,176,2024-12-27,754,2024-12-27T07:00,10.76445,78.79064,N20,VIIRS_N20,VIIRS,4.52,338.28,294.36,43.91999999999996,0.0133617121910843,1.7083778602890038,n,1.0,D,1,0,0,1,1,0,4.52,338.28,0,0,1.3001430254321982,0.965990449351618,10,Tree cover,COVERED,501.0030636662363,0.5010030636662363,906637570,way,,Industrial Works,Manufacturing & Industrial Works,HIGHER_RELEVANCE,0,1,1,1,1,501.0030636662363,0.5010030636662363,906637570,,Manufacturing & Industrial Works,0,1,1,1,1,0.5088107508796644,HIGH,False,Within 2 km of HIGHER_RELEVANCE facility: Manufacturing & Industrial Works; Moderate FRP=4.5 MW; Landcover=Tree cover,UNVERIFIED,Other/Unclassified,361,PARTIAL_POST_ONLY,True,Post successful; pre unavailable: CLOUD_REJECTED (Valid surface pixel coverage too low: 8.7% (threshold: 70.0%)),1000m x 1000m,50x50,"SCL, B04, B08, B11, B12",2024-12-23T05:12:31.024000Z,0b0a4415-e34e-4cd1-83a1-fbdde3164077,S2A_MSIL2A_20241223T051231_N0511_R019_T44PKT_20241223T084549.SAFE,T44PKT,24.450816,CLOUD_REJECTED,Valid surface pixel coverage too low: 8.7% (threshold: 70.0%),2025-01-02T05:12:21.024000Z,d5e5bf49-413a-40b5-852c-71d20a937965,S2A_MSIL2A_20250102T051221_N0511_R019_T44PKT_20250102T080951.SAFE,T44PKT,32.14345,REAL_CDSE_SUCCESS,,2024-12-23T05:12:31.024000Z,50x50,"SCL, B04, B08, B11, B12",218.0,8.72,SUCCESS,"[78.78607,10.75996,78.79521,10.76894]",20373.0,2025-01-02T05:12:21.024000Z,50x50,"SCL, B04, B08, B11, B12",2480.0,99.2,SUCCESS,"[78.78607,10.75996,78.79521,10.76894]",20003.0,2500.0,2500.0,0.4938243192762346,0.44697990534110943,0.4705638480458838,0.44879437563297425,0.19810606894329316,0.18300167399338027,0.19929453262786595,-0.029680874804731087,0.7986928104575164,0.8049129501550203,0.20174222783625537,0.1075573437008819,0.15740621479971742,0.15832642776405723,0.2906082597919473,0.3241017977157408,-0.3054464743042513,-0.5763610500452606,0.6459909228441755,0.6654929577464789,0.06899867710570402,0.0045887942762034275,0.041437599392329647,0.03344780336304365,0.16995228171347232,0.19531769589776982,-0.24224643755238895,-0.46790098611390624,0.36276812274933457,0.39322533136966126,0.7675030003136325,0.8378270871051386,0.7910937410491751,0.773663961210077,0.22549128595594492,0.2680411402096978,1379.2614678899083,1109.8435483870967,3674.119266055046,2671.95,3450.7522935779816,2995.5431451612903,2972.5366972477063,2958.8875,INSUFFICIENT_VALID_DATA,"Valid pixel coverage too low: pre=8.7%, post=99.2% (threshold=70.0%).",,,,,,,,,,,,,,,,
FIRMS_TN_0433,433,2024-12-08,828,2024-12-08T08:00,11.69407,78.08384,N,VIIRS_SUOMI_NPP,VIIRS,3.76,340.55,297.42,43.13,0.011040963147849,1.5602476682433286,n,1.0,D,1,0,0,1,1,0,3.76,340.55,0,0,1.4473323332768655,0.6329996100835835,40,Cropland,COVERED,985.4623514185504,0.9854623514185504,31857907,way,Magnesite,Mining,Mining & Quarry,HIGHER_RELEVANCE,0,1,1,1,1,985.4623514185504,0.9854623514185504,31857907,Magnesite,Mining & Quarry,0,1,1,1,1,0.5000224727605144,HIGH,False,Within 2 km of HIGHER_RELEVANCE facility: Mining & Quarry (Magnesite); Moderate FRP=3.8 MW; Landcover=Cropland,UNVERIFIED,Other/Unclassified,342,CLOUD_REJECTED,True,Post cloud-rejected (Valid surface pixel coverage too low: 0.0% (threshold: 70.0%)); pre: MISSING_PRODUCT,1000m x 1000m,50x50,"SCL, B04, B08, B11, B12",,,,,,MISSING_PRODUCT,No usable pre-event product was matched in catalogue search.,2024-12-23T05:12:31.024000Z,effc73fc-670f-47e6-ae7f-2aea916ba71f,S2A_MSIL2A_20241223T051231_N0511_R019_T43PHP_20241223T084549.SAFE,T43PHP,39.632958,CLOUD_REJECTED,Valid surface pixel coverage too low: 0.0% (threshold: 70.0%),,50x50,"SCL, B04, B08, B11, B12",,,,,,2024-12-23T05:12:31.024000Z,50x50,"SCL, B04, B08, B11, B12",0.0,0.0,ALL_PIXELS_MASKED,"[78.07925,11.68958,78.08843,11.69856]",19178.0,,2500.0,,,,,,,,,,,,,,,,,,,,,,,,,,,,,,,,,,,,,,,,,,,,,MISSING_BOTH,Pre features are None and post features are unusable.,,,,,,,,,,,,,,,,
FIRMS_TN_0539,539,2025-01-04,2055,2025-01-04T20:00,11.81536,77.91702,N,VIIRS_SUOMI_NPP,VIIRS,1.4,309.36,290.87,18.49000000000001,0.0045254719420739,0.8754687373538999,n,1.0,N,0,0,0,43,8,1,64.3,308.93627906976747,0,0,0.0540924456857427,-0.1350435354354679,50,Built-up,COVERED,161.19120712624948,0.1611912071262494,876239837,way,JSW Steel Plant,Manufacturing,Steel / Metallurgy,HIGHER_RELEVANCE,1,1,1,1,1,161.19120712624948,0.1611912071262494,876239837,JSW Steel Plant,Steel / Metallurgy,1,1,1,1,1,0.5007824006321011,HIGH,False,Within 500 m of HIGHER_RELEVANCE facility: Steel / Metallurgy (JSW Steel Plant); Low FRP=1.40 MW; Recurring detection (8 active days); Landcover=Built-up,UNVERIFIED,Other/Unclassified,369,CLOUD_REJECTED,True,Both pre and post observations rejected due to cloud/shadow cover.,1000m x 1000m,50x50,"SCL, B04, B08, B11, B12",2024-12-23T05:12:31.024000Z,effc73fc-670f-47e6-ae7f-2aea916ba71f,S2A_MSIL2A_20241223T051231_N0511_R019_T43PHP_20241223T084549.SAFE,T43PHP,39.632958,CLOUD_REJECTED,Valid surface pixel coverage too low: 0.0% (threshold: 70.0%),2025-01-07T05:11:19.024000Z,553cddbd-c91c-4f47-9e42-44bffdd6b831,S2B_MSIL2A_20250107T051119_N0511_R019_T43PHP_20250107T080132.SAFE,T43PHP,35.264638,CLOUD_REJECTED,Valid surface pixel coverage too low: 30.5% (threshold: 70.0%),2024-12-23T05:12:31.024000Z,50x50,"SCL, B04, B08, B11, B12",0.0,0.0,ALL_PIXELS_MASKED,"[77.91243,11.81087,77.92161,11.81985]",20937.0,2025-01-07T05:11:19.024000Z,50x50,"SCL, B04, B08, B11, B12",763.0,30.52,SUCCESS,"[77.91243,11.81087,77.92161,11.81985]",19568.0,2500.0,2500.0,,0.3590736102157743,,0.35298452468680913,,0.2418773582978636,,-0.2593340060544904,,0.7839409528069783,,0.21045917775887035,,0.22231075697211156,,0.251388359855352,,-0.5492784771261897,,0.6957553387819668,,0.09105827088905674,,0.09769094138543517,,0.1624414281136958,,-0.5336721728081322,,0.45520361990950226,,0.7840617200045016,,0.7713717693836978,,0.18218765272854892,,958.045871559633,,2120.883355176933,,1730.73001310616,,1387.9882044560943,MISSING_PRE,Pre Step 3A features are unusable (status: ALL_PIXELS_MASKED).,,,,,,,,,,,,,,,,
FIRMS_TN_0478,478,2024-12-23,847,2024-12-23T08:00,11.48662,77.3672,N,VIIRS_SUOMI_NPP,VIIRS,8.34,367.0,293.65,73.35000000000002,0.0227247956403269,2.234306252240751,h,2.0,D,1,0,0,2,1,0,11.56,356.975,1,1,3.162379554638709,2.6397075625146345,10,Tree cover,COVERED,3168.492785063283,3.168492785063283,337856917,way,Thuckanaickenpalayam,Other Industrial,Substation & Electrical Infrastructure,CAUTION_LOWER_RELEVANCE,0,0,0,1,1,11267.727297648216,11.267727297648214,1440947503,Coirmedia,Manufacturing & Industrial Works,0,0,0,0,0,0.5312570515414371,HIGH,False,Within 5 km of CAUTION_LOWER_RELEVANCE facility: Substation & Electrical Infrastructure (Thuckanaickenpalayam); High FRP=8.3 MW; Landcover=Tree cover,UNVERIFIED,Other/Unclassified,357,REAL_CDSE_SUCCESS,True,,1000m x 1000m,50x50,"SCL, B04, B08, B11, B12",2024-12-18T05:11:29.024000Z,21ce1078-4d36-419b-b0d1-bd2e221808b5,S2B_MSIL2A_20241218T051129_N0511_R019_T43PGN_20241218T094845.SAFE,T43PGN,17.029287,REAL_CDSE_SUCCESS,,2025-01-07T05:11:19.024000Z,ee5ce2ef-0024-4147-b8a5-17ed03f81809,S2B_MSIL2A_20250107T051119_N0511_R019_T43PGN_20250107T080132.SAFE,T43PGN,13.35683,REAL_CDSE_SUCCESS,,2024-12-18T05:11:29.024000Z,50x50,"SCL, B04, B08, B11, B12",2476.0,99.04,SUCCESS,"[77.36262,11.48213,77.37178,11.49111]",19272.0,2025-01-07T05:11:19.024000Z,50x50,"SCL, B04, B08, B11, B12",2323.0,92.92,SUCCESS,"[77.36262,11.48213,77.37178,11.49111]",19274.0,2500.0,2500.0,0.5224712471764903,0.49366079322457707,0.5177389369053835,0.4932580746315459,0.1799290445803603,0.2425608836380335,0.15087719298245614,-0.0879848628192999,0.8630403108305003,0.888296822577462,0.2445542203952705,0.3143092882998227,0.23586338232091897,0.37230340988169797,0.2525294354203024,0.2907589667588817,-0.2611342518423582,-0.3664242807461271,0.7924141465914916,0.8074935400516796,0.05559716573650295,0.13627390832795436,0.042587682368511855,0.16185476815398075,0.19156177953701592,0.2302058756358527,-0.325,-0.3430365296803653,0.591353811149033,0.6860158311345647,0.6661555533447061,0.6691723978209464,0.6669295478443743,0.6637731481481481,0.12349277112709736,0.151978631867425,707.4313408723748,671.361601377529,2352.8206785137318,2252.5906155832977,2098.463651050081,1704.876883340508,1439.6320678513732,1173.1971588463193,SUCCESS,,-0.02881045395191323,0.02881045395191323,-0.02448086227383761,0.02448086227383761,0.06975506790455219,0.06975506790455219,0.136440027560779,0.136440027560779,0.08067674259145141,0.08067674259145141,0.11926708578546891,0.11926708578546891,0.003016844476240288,0.003016844476240288,-0.0031563996962261642,0.0031563996962261642
FIRMS_TN_0008,8,2024-11-04,2025,2024-11-04T20:00,11.81736,77.91756,N20,VIIRS_N20,VIIRS,1.06,305.68,290.19,15.490000000000007,0.0034676786181627,0.7227059828014898,n,1.0,N,0,0,1,43,20,1,64.3,308.93627906976747,0,0,-0.4156983668999956,-0.616589020329746,50,Built-up,COVERED,215.91883199453267,0.2159188319945326,340479236,way,,Other Industrial,Substation & Electrical Infrastructure,CAUTION_LOWER_RELEVANCE,1,1,1,1,1,327.13180543896755,0.3271318054389675,876239837,JSW Steel Plant,Steel / Metallurgy,1,1,1,1,1,0.6022624474950625,HIGH,False,Within 500 m of CAUTION_LOWER_RELEVANCE facility: Substation & Electrical Infrastructure; Low FRP=1.06 MW; Persistent location (active 20 days); Landcover=Built-up,UNVERIFIED,Other/Unclassified,308,CLOUD_REJECTED,True,Pre cloud-rejected (Valid surface pixel coverage too low: 0.0% (threshold: 70.0%)); post: MISSING_PRODUCT,1000m x 1000m,50x50,"SCL, B04, B08, B11, B12",2024-10-29T05:08:39.024000Z,f26a883d-7c73-45f4-b94b-bda569ca8c30,S2B_MSIL2A_20241029T050839_N0511_R019_T43PHP_20241029T073358.SAFE,T43PHP,23.18341,CLOUD_REJECTED,Valid surface pixel coverage too low: 0.0% (threshold: 70.0%),,,,,,MISSING_PRODUCT,No usable post-event product was matched in catalogue search.,2024-10-29T05:08:39.024000Z,50x50,"SCL, B04, B08, B11, B12",0.0,0.0,ALL_PIXELS_MASKED,"[77.91297,11.81287,77.92215,11.82185]",18595.0,,50x50,"SCL, B04, B08, B11, B12",,,,,,2500.0,,,,,,,,,,,,,,,,,,,,,,,,,,,,,,,,,,,,,,,,,,,,,,MISSING_BOTH,Pre features are unusable and post features are None.,,,,,,,,,,,,,,,,
FIRMS_TN_0051,51,2024-11-10,2010,2024-11-10T20:00,11.81612,77.91793,N20,VIIRS_N20,VIIRS,3.93,329.91,292.9,37.01000000000005,0.011912339729017,1.5953389880545987,n,1.0,N,0,0,1,43,20,1,64.3,308.93627906976747,1,1,2.677516684445773,3.448221396277839,60,Bare/sparse vegetation,COVERED,184.0999649636778,0.1840999649636777,876239837,way,JSW Steel Plant,Manufacturing,Steel / Metallurgy,HIGHER_RELEVANCE,1,1,1,1,1,184.0999649636778,0.1840999649636777,876239837,JSW Steel Plant,Steel / Metallurgy,1,1,1,1,1,0.683505672022847,HIGH,False,Within 500 m of HIGHER_RELEVANCE facility: Steel / Metallurgy (JSW Steel Plant); Moderate FRP=3.9 MW; Persistent location (active 20 days); Landcover=Bare/sparse vegetation,UNVERIFIED,Other/Unclassified,314,CLOUD_REJECTED,True,Pre cloud-rejected (Valid surface pixel coverage too low: 0.0% (threshold: 70.0%)); post: MISSING_PRODUCT,1000m x 1000m,50x50,"SCL, B04, B08, B11, B12",2024-10-29T05:08:39.024000Z,f26a883d-7c73-45f4-b94b-bda569ca8c30,S2B_MSIL2A_20241029T050839_N0511_R019_T43PHP_20241029T073358.SAFE,T43PHP,23.18341,CLOUD_REJECTED,Valid surface pixel coverage too low: 0.0% (threshold: 70.0%),,,,,,MISSING_PRODUCT,No usable post-event product was matched in catalogue search.,2024-10-29T05:08:39.024000Z,50x50,"SCL, B04, B08, B11, B12",0.0,0.0,ALL_PIXELS_MASKED,"[77.91334,11.81163,77.92252,11.82061]",18648.0,,50x50,"SCL, B04, B08, B11, B12",,,,,,2500.0,,,,,,,,,,,,,,,,,,,,,,,,,,,,,,,,,,,,,,,,,,,,,,MISSING_BOTH,Pre features are unusable and post features are None.,,,,,,,,,,,,,,,,
FIRMS_TN_0295,295,2025-01-07,2025,2025-01-07T20:00,11.81625,77.91691,N20,VIIRS_N20,VIIRS,2.43,327.38,293.31,34.06999999999999,0.0074225670474677,1.2325602611778486,n,1.0,N,0,0,0,43,8,1,64.3,308.93627906976747,1,0,2.354535500793075,1.323756021744258,50,Built-up,COVERED,241.3261647496208,0.2413261647496208,876239837,way,JSW Steel Plant,Manufacturing,Steel / Metallurgy,HIGHER_RELEVANCE,1,1,1,1,1,241.3261647496208,0.2413261647496208,876239837,JSW Steel Plant,Steel / Metallurgy,1,1,1,1,1,0.5406122298426247,HIGH,False,Within 500 m of HIGHER_RELEVANCE facility: Steel / Metallurgy (JSW Steel Plant); Moderate FRP=2.4 MW; Recurring detection (8 active days); Landcover=Built-up,UNVERIFIED,Other/Unclassified,372,CLOUD_REJECTED,True,Pre cloud-rejected (Valid surface pixel coverage too low: 0.0% (threshold: 70.0%)); post: MISSING_PRODUCT,1000m x 1000m,50x50,"SCL, B04, B08, B11, B12",2024-12-23T05:12:31.024000Z,effc73fc-670f-47e6-ae7f-2aea916ba71f,S2A_MSIL2A_20241223T051231_N0511_R019_T43PHP_20241223T084549.SAFE,T43PHP,39.632958,CLOUD_REJECTED,Valid surface pixel coverage too low: 0.0% (threshold: 70.0%),,,,,,MISSING_PRODUCT,No usable post-event product was matched in catalogue search.,2024-12-23T05:12:31.024000Z,50x50,"SCL, B04, B08, B11, B12",0.0,0.0,ALL_PIXELS_MASKED,"[77.91232,11.81176,77.92150,11.82074]",20979.0,,50x50,"SCL, B04, B08, B11, B12",,,,,,2500.0,,,,,,,,,,,,,,,,,,,,,,,,,,,,,,,,,,,,,,,,,,,,,,MISSING_BOTH,Pre features are unusable and post features are None.,,,,,,,,,,,,,,,,
FIRMS_TN_0381,381,2024-11-18,2036,2024-11-18T20:00,11.81552,77.91557,N,VIIRS_SUOMI_NPP,VIIRS,0.62,301.63,289.73,11.899999999999975,0.0020554984583761,0.4824261492442927,n,1.0,N,0,0,1,43,20,1,64.3,308.93627906976747,0,0,-0.932723581838105,-1.23976553019293,10,Tree cover,COVERED,308.624437117436,0.308624437117436,876239837,way,JSW Steel Plant,Manufacturing,Steel / Metallurgy,HIGHER_RELEVANCE,1,1,1,1,1,308.624437117436,0.308624437117436,876239837,JSW Steel Plant,Steel / Metallurgy,1,1,1,1,1,0.5913373633306975,HIGH,False,Within 500 m of HIGHER_RELEVANCE facility: Steel / Metallurgy (JSW Steel Plant); Low FRP=0.62 MW; Persistent location (active 20 days); Landcover=Tree cover,UNVERIFIED,Other/Unclassified,322,MISSING_PRODUCT,False,Neither observation was available in catalogue search.,1000m x 1000m,50x50,"SCL, B04, B08, B11, B12",,,,,,MISSING_PRODUCT,No usable pre-event product was matched in catalogue search.,,,,,,MISSING_PRODUCT,No usable post-event product was matched in catalogue search.,,50x50,"SCL, B04, B08, B11, B12",,,,,,,50x50,"SCL, B04, B08, B11, B12",,,,,,,,,,,,,,,,,,,,,,,,,,,,,,,,,,,,,,,,,,,,,,,,,,,,INVALID_INPUT,Both pre_features and post_features are None.,,,,,,,,,,,,,,,,
FIRMS_TN_0151,151,2024-12-20,826,2024-12-20T08:00,11.44777,77.46694,N20,VIIRS_N20,VIIRS,9.86,354.99,300.5,54.49000000000001,0.027775430293811,2.385086314505789,n,1.0,D,1,0,0,2,1,0,16.54,353.31,1,1,2.383637886262311,3.3056892410507035,10,Tree cover,COVERED,1615.1911283383236,1.6151911283383236,1440947503,node,Coirmedia,Industrial Works,Manufacturing & Industrial Works,HIGHER_RELEVANCE,0,0,1,1,1,1615.1911283383236,1.6151911283383236,1440947503,Coirmedia,Manufacturing & Industrial Works,0,0,1,1,1,0.5584486921109824,HIGH,False,Within 2 km of HIGHER_RELEVANCE facility: Manufacturing & Industrial Works (Coirmedia); High FRP=9.9 MW; Landcover=Tree cover,UNVERIFIED,Other/Unclassified,354,PARTIAL_PRE_ONLY,True,Pre successful; post unavailable: MISSING_PRODUCT (No usable post-event product was matched in catalogue search.),1000m x 1000m,50x50,"SCL, B04, B08, B11, B12",2024-12-18T05:11:29.024000Z,21ce1078-4d36-419b-b0d1-bd2e221808b5,S2B_MSIL2A_20241218T051129_N0511_R019_T43PGN_20241218T094845.SAFE,T43PGN,17.029287,REAL_CDSE_SUCCESS,,,,,,,MISSING_PRODUCT,No usable post-event product was matched in catalogue search.,2024-12-18T05:11:29.024000Z,50x50,"SCL, B04, B08, B11, B12",2493.0,99.72,SUCCESS,"[77.46236,11.44328,77.47152,11.45226]",19364.0,,50x50,"SCL, B04, B08, B11, B12",,,,,,2500.0,,0.5478570096591503,,0.5937683715461494,,0.19313493594434114,,-0.19976793656932895,,0.8978494623655914,,0.26228396946114196,,0.2727764260610976,,0.2317789780349741,,-0.4557411548073129,,0.7393629953805009,,0.07993769362495091,,0.08224377899620414,,0.16618661527828804,,-0.48535564853556484,,0.4947764312578354,,0.6783084188169483,,0.6679470763977806,,0.13241647039367999,,762.3874849578821,,2596.249498596069,,2208.9955876454073,,1547.3285198555957,,MISSING_POST,Post Step 3A features are unusable (status: NONE).,,,,,,,,,,,,,,,,
FIRMS_TN_0240,240,2025-01-03,722,2025-01-03T07:00,8.20461,77.64593,N20,VIIRS_N20,VIIRS,3.94,337.12,289.89,47.23000000000002,0.0116872330327479,1.597365331199831,n,1.0,D,1,0,0,1,1,0,3.94,337.12,0,0,1.2249273438904331,0.7118658614891707,20,Shrubland,FAILED_TILE,43798.71074204502,43.79871074204502,1081579633,way,,Mining,Mining & Quarry,HIGHER_RELEVANCE,0,0,0,0,0,43798.71074204502,43.79871074204502,1081579633,,Mining & Quarry,0,0,0,0,0,0.350044354871547,MEDIUM,False,FAILED_TILE: Tuticorin region - major port/industrial zone with no OSM coverage; Moderate FRP=3.9 MW; Landcover=Shrubland,UNVERIFIED,Other/Unclassified,368,PARTIAL_POST_ONLY,True,Post successful; pre unavailable: CLOUD_REJECTED (Valid surface pixel coverage too low: 25.1% (threshold: 70.0%)),1000m x 1000m,50x50,"SCL, B04, B08, B11, B12",2025-01-02T05:12:21.024000Z,7e8c5844-9e32-46d0-8f20-de704f010986,S2A_MSIL2A_20250102T051221_N0511_R019_T43PGK_20250102T080951.SAFE,T43PGK,30.248123,CLOUD_REJECTED,Valid surface pixel coverage too low: 25.1% (threshold: 70.0%),2025-01-07T05:11:19.024000Z,8478059e-756f-4a18-bf8d-b762fd4f20c9,S2B_MSIL2A_20250107T051119_N0511_R019_T43PGK_20250107T080132.SAFE,T43PGK,5.05701,REAL_CDSE_SUCCESS,,2025-01-02T05:12:21.024000Z,50x50,"SCL, B04, B08, B11, B12",628.0,25.12,SUCCESS,"[77.64139,8.20012,77.65047,8.20910]",19191.0,2025-01-07T05:11:19.024000Z,50x50,"SCL, B04, B08, B11, B12",2500.0,100.0,SUCCESS,"[77.64139,8.20012,77.65047,8.20910]",19384.0,2500.0,2500.0,0.3587900297317315,0.32473077863209954,0.3385582285217523,0.3084994408343943,0.10925816669677388,0.14341473087576967,0.10453850076491586,-0.06578276389597144,0.6675661090124123,0.7850583271283197,0.09653419126037717,0.00670766524693191,0.06710538843149316,-0.031145259106789377,0.17805021918752964,0.16645556888133967,-0.21916771752837327,-0.37733598409542746,0.6544592847910383,0.6983482263742214,-0.08623784615036902,-0.12533733925101284,-0.10716688656931884,-0.15284275764243288,0.14047770327279602,0.12687598000244518,-0.3765659543109801,-0.40887548470486856,0.38678223185265437,0.42811755361397935,0.6883756079915094,0.767460459747924,0.7013526475800289,0.7567450160847207,0.07697395764784881,0.10363096074103519,1124.8057324840765,1246.4552,2370.9267515923566,2395.2432,2886.3869426751594,3123.5972,2021.5780254777071,2424.3572,INSUFFICIENT_VALID_DATA,"Valid pixel coverage too low: pre=25.1%, post=100.0% (threshold=70.0%).",,,,,,,,,,,,,,,,
FIRMS_TN_0243,243,2025-01-03,724,2025-01-03T07:00,10.74473,77.07406,N20,VIIRS_N20,VIIRS,15.17,367.0,298.07,68.93,0.0413351498637602,2.783157673589016,h,2.0,D,1,0,0,3,1,0,37.94,353.26,1,1,3.162379554638709,5.632243657515525,30,Grassland,FAILED_TILE,19523.65612649716,19.52365612649716,6478182087,node,,Power Plant,Power Plant,HIGHER_RELEVANCE,0,0,0,0,0,19523.65612649716,19.52365612649716,6478182087,,Power Plant,0,0,0,0,0,0.468857626547124,MEDIUM,False,FAILED_TILE: OSM coverage unavailable - industrial context unknown; Very high FRP=15.2 MW; Landcover=Grassland,UNVERIFIED,Other/Unclassified,368,PARTIAL_PRE_ONLY,True,Pre successful; post unavailable: CLOUD_REJECTED (Valid surface pixel coverage too low: 0.0% (threshold: 70.0%)),1000m x 1000m,50x50,"SCL, B04, B08, B11, B12",2024-12-23T05:12:31.024000Z,a66773bb-844d-4617-91b3-1680cbbb6000,S2A_MSIL2A_20241223T051231_N0511_R019_T43PGM_20241223T084549.SAFE,T43PGM,23.948447,REAL_CDSE_SUCCESS,,2025-01-07T05:11:19.024000Z,986845cd-c43e-4074-8a09-a5ae2b1de58a,S2B_MSIL2A_20250107T051119_N0511_R019_T43PGM_20250107T080132.SAFE,T43PGM,23.937137,CLOUD_REJECTED,Valid surface pixel coverage too low: 0.0% (threshold: 70.0%),2024-12-23T05:12:31.024000Z,50x50,"SCL, B04, B08, B11, B12",2067.0,82.68,SUCCESS,"[77.06949,10.74024,77.07863,10.74922]",19023.0,2025-01-07T05:11:19.024000Z,50x50,"SCL, B04, B08, B11, B12",0.0,0.0,ALL_PIXELS_MASKED,"[77.06949,10.74024,77.07863,10.74922]",21411.0,2500.0,2500.0,0.6207211748235049,,0.6482173174872665,,0.11537775897248548,,0.1317614424410541,,0.8040859088528025,,0.359224342532122,,0.3952730236348818,,0.16365805441230105,,-0.20126282557221783,,0.679728478864548,,0.1126417159869147,,0.13156230234029095,,0.11926258949029579,,-0.35251231527093596,,0.35764705882352943,,0.5864750749239276,,0.5677919203099059,,0.09129584308238901,,578.2999516207063,,2458.731494920174,,1998.9163038219642,,1203.6318335752298,,MISSING_POST,Post Step 3A features are unusable (status: ALL_PIXELS_MASKED).,,,,,,,,,,,,,,,,
FIRMS_TN_0232,232,2025-01-02,743,2025-01-02T07:00,13.14527,79.34011,N20,VIIRS_N20,VIIRS,4.12,333.58,294.47,39.10999999999996,0.0123508603633311,1.6331544390514163,n,1.0,D,1,0,0,1,1,0,4.12,333.58,0,0,0.9953898329784874,0.790732112894758,20,Shrubland,FAILED_TILE,111973.52913226772,111.97352913226771,342136913,way,Rajanthangal,Other Industrial,Substation & Electrical Infrastructure,CAUTION_LOWER_RELEVANCE,0,0,0,0,0,114547.90495185523,114.54790495185524,705173099,Sree Amman Transformer Works,Manufacturing & Industrial Works,0,0,0,0,0,0.3408372260256728,MEDIUM,False,FAILED_TILE: Chennai/Ennore coast - high-density industrial region with no OSM coverage; Moderate FRP=4.1 MW; Landcover=Shrubland,UNVERIFIED,Other/Unclassified,367,CLOUD_REJECTED,True,Both pre and post observations rejected due to cloud/shadow cover.,1000m x 1000m,50x50,"SCL, B04, B08, B11, B12",2024-12-28T05:11:29.024000Z,fc2570cf-9e85-4f0e-9f41-6dfc4e3b24c5,S2B_MSIL2A_20241228T051129_N0511_R019_T44PLV_20241228T071311.SAFE,T44PLV,37.84014,CLOUD_REJECTED,Valid surface pixel coverage too low: 1.8% (threshold: 70.0%),2025-01-07T05:11:19.024000Z,598e3aed-f190-439c-bab9-122e0db5e0db,S2B_MSIL2A_20250107T051119_N0511_R019_T44PLV_20250107T080132.SAFE,T44PLV,10.149629,CLOUD_REJECTED,Valid surface pixel coverage too low: 67.8% (threshold: 70.0%),2024-12-28T05:11:29.024000Z,50x50,"SCL, B04, B08, B11, B12",46.0,1.84,SUCCESS,"[79.33550,13.14078,79.34472,13.14976]",20761.0,2025-01-07T05:11:19.024000Z,50x50,"SCL, B04, B08, B11, B12",1694.0,67.76,SUCCESS,"[79.33550,13.14078,79.34472,13.14976]",18879.0,2500.0,2500.0,0.6268291412750713,0.5668665085349865,0.6071051390633244,0.5738554906566768,0.1441892784071209,0.12688529759791023,0.3099186991869919,0.1839491458085022,0.8651882112634958,0.8380450407283182,0.3579939624948313,0.2828670320306072,0.3508052537700665,0.28444924284511397,0.16461762180602618,0.17162993714370242,0.006245316012990257,-0.3128140703517588,0.6551009839461419,0.6807604064241233,0.15734432205359059,0.07517660047686538,0.15792017639284664,0.07025850626517494,0.13173657256962534,0.1307156466337998,-0.10488888888888889,-0.32924586143470264,0.3690297708288713,0.47551686615886835,0.6421714315296676,0.6460287282516455,0.6501909314537623,0.6235050680205223,0.09316393223124783,0.09782312108403919,527.6521739130435,659.8317591499409,2387.086956521739,2422.1357733175914,1726.2608695652175,2098.497048406139,1123.0869565217392,1372.4061393152301,INSUFFICIENT_VALID_DATA,"Valid pixel coverage too low: pre=1.8%, post=67.8% (threshold=70.0%).",,,,,,,,,,,,,,,,
FIRMS_TN_0470,470,2024-12-20,802,2024-12-20T08:00,9.32755,77.64175,N,VIIRS_SUOMI_NPP,VIIRS,2.54,334.31,297.91,36.39999999999998,0.0075977386258263,1.264126727145683,n,1.0,D,1,0,0,1,1,0,2.54,334.31,0,0,1.04272383946598,0.0984616838901595,20,Shrubland,FAILED_TILE,13173.712771370056,13.173712771370056,906386131,way,,Other Industrial,Industrial Area / Zone,GENERAL_CONTEXT,0,0,0,0,0,14233.149364882916,14.233149364882914,642500075,,Mining & Quarry,0,0,0,0,0,0.3179320439797362,MEDIUM,False,FAILED_TILE: Tuticorin region - major port/industrial zone with no OSM coverage; Moderate FRP=2.5 MW; Landcover=Shrubland,UNVERIFIED,Other/Unclassified,354,CLOUD_REJECTED,True,Both pre and post observations rejected due to cloud/shadow cover.,1000m x 1000m,50x50,"SCL, B04, B08, B11, B12",2024-12-18T05:11:29.024000Z,806a9c26-d67b-4942-9d49-7c7477ae6665,S2B_MSIL2A_20241218T051129_N0511_R019_T43PGL_20241218T094845.SAFE,T43PGL,11.848027,CLOUD_REJECTED,Valid surface pixel coverage too low: 37.8% (threshold: 70.0%),2024-12-23T05:12:31.024000Z,53a8e3f3-71dc-4392-91de-ff114ca7d1db,S2A_MSIL2A_20241223T051231_N0511_R019_T43PGL_20241223T084549.SAFE,T43PGL,18.112123,CLOUD_REJECTED,Valid surface pixel coverage too low: 18.6% (threshold: 70.0%),2024-12-18T05:11:29.024000Z,50x50,"SCL, B04, B08, B11, B12",945.0,37.8,SUCCESS,"[77.63720,9.32306,77.64630,9.33204]",19940.0,2024-12-23T05:12:31.024000Z,50x50,"SCL, B04, B08, B11, B12",464.0,18.56,SUCCESS,"[77.63720,9.32306,77.64630,9.33204]",20865.0,2500.0,2500.0,0.5504532198321748,0.6430080791492361,0.5510937968234941,0.6641980101157539,0.07737593810534324,0.1024962553914879,0.1567419575633128,0.2823813354786806,0.7326646314871348,0.7967893500391543,0.36426615257307576,0.4861464181611266,0.3664626682986536,0.5047724080356286,0.1341908908001131,0.12248366734400151,-0.026140894993354008,-0.010740314537782892,0.6857307914500289,0.6983715766099186,0.11290838403307255,0.21329465066189734,0.11088871096877502,0.22425927667834192,0.10189452074209143,0.10043850088994684,-0.15801570580348592,-0.17392696989109546,0.42410932162030257,0.4116222760290557,0.579826855646935,0.5270032742482401,0.5764175741644761,0.5172869430606639,0.07182201885739563,0.06119735806893665,797.9047619047619,732.0431034482758,2784.8444444444444,3471.7758620689656,2228.601058201058,2222.5258620689656,1313.510052910053,1180.2931034482758,INSUFFICIENT_VALID_DATA,"Valid pixel coverage too low: pre=37.8%, post=18.6% (threshold=70.0%).",,,,,,,,,,,,,,,,
FIRMS_TN_0526,526,2025-01-02,720,2025-01-02T07:00,12.38014,79.09187,N,VIIRS_SUOMI_NPP,VIIRS,4.66,343.87,289.05,54.81999999999999,0.0135516328845203,1.7334238922150915,n,1.0,D,1,0,0,1,1,0,4.66,343.87,0,0,1.6626048011377843,1.027330867111519,40,Cropland,FAILED_TILE,27139.82351258469,27.13982351258469,342136913,way,Rajanthangal,Other Industrial,Substation & Electrical Infrastructure,CAUTION_LOWER_RELEVANCE,0,0,0,0,0,34132.12627842833,34.13212627842833,995868195,,Power Plant,0,0,0,0,0,0.3449748374117188,MEDIUM,False,FAILED_TILE: OSM coverage unavailable - industrial context unknown; Moderate FRP=4.7 MW; Landcover=Cropland,UNVERIFIED,Other/Unclassified,367,PARTIAL_PRE_ONLY,True,Pre successful; post unavailable: MISSING_PRODUCT (No usable post-event product was matched in catalogue search.),1000m x 1000m,50x50,"SCL, B04, B08, B11, B12",2024-12-23T05:12:31.024000Z,a9be41a0-69c6-4e48-8ed3-5e47543307cb,S2A_MSIL2A_20241223T051231_N0511_R019_T44PKU_20241223T084549.SAFE,T44PKU,7.416421,REAL_CDSE_SUCCESS,,,,,,,MISSING_PRODUCT,No usable post-event product was matched in catalogue search.,2024-12-23T05:12:31.024000Z,50x50,"SCL, B04, B08, B11, B12",2497.0,99.88,SUCCESS,"[79.08727,12.37565,79.09647,12.38463]",19042.0,,50x50,"SCL, B04, B08, B11, B12",,,,,,2500.0,,0.6038132310151473,,0.6457543040560256,,0.16909043227779513,,0.11127415015896307,,0.8895135663651919,,0.3408742563426066,,0.36421725239616615,,0.16388289392861477,,-0.17371548409646975,,0.6787072243346007,,0.09806336814631283,,0.10462400747314339,,0.12776406587206424,,-0.31418624891209745,,0.4308608058608059,,0.5920048649953188,,0.5712701053799224,,0.08215476070694816,,572.2054465358431,,2308.109331197437,,1893.8029635562675,,1144.6764116940328,,MISSING_POST,Post Step 3A features are unusable (status: NONE).,,,,,,,,,,,,,,,,
FIRMS_TN_0036,36,2024-11-09,756,2024-11-09T07:00,12.29479,78.40997,N20,VIIRS_N20,VIIRS,2.87,330.79,293.83,36.96000000000004,0.0086761994014329,1.3532545070416904,n,1.0,D,1,0,1,1,1,0,2.87,330.79,0,0,0.8144831506495843,0.2430498114670693,40,Cropland,FAILED_TILE,16203.19104785215,16.20319104785215,1468887802,way,,Power Plant,Power Plant,HIGHER_RELEVANCE,0,0,0,0,0,16203.19104785215,16.20319104785215,1468887802,,Power Plant,0,0,0,0,0,0.3008352537872789,MEDIUM,False,FAILED_TILE: OSM coverage unavailable - industrial context unknown; Moderate FRP=2.9 MW; Landcover=Cropland,UNVERIFIED,Other/Unclassified,313,PARTIAL_PRE_ONLY,True,Pre successful; post unavailable: MISSING_PRODUCT (No usable post-event product was matched in catalogue search.),1000m x 1000m,50x50,"SCL, B04, B08, B11, B12",2024-10-29T05:08:39.024000Z,263826c4-66ed-4030-9209-79b4d3c8520d,S2B_MSIL2A_20241029T050839_N0511_R019_T44PKU_20241029T073358.SAFE,T44PKU,22.935815,REAL_CDSE_SUCCESS,,,,,,,MISSING_PRODUCT,No usable post-event product was matched in catalogue search.,2024-10-29T05:08:39.024000Z,50x50,"SCL, B04, B08, B11, B12",2500.0,100.0,SUCCESS,"[78.40537,12.29030,78.41457,12.29928]",19485.0,,50x50,"SCL, B04, B08, B11, B12",,,,,,2500.0,,0.556404091088917,,0.625595001372855,,0.21586138395538612,,-0.23435171385991058,,0.8687175043327556,,0.31998031990239534,,0.36188296981844026,,0.21681017988742343,,-0.5771478035057347,,0.7285867237687366,,0.12728940501925534,,0.1432911219229659,,0.14316182279963915,,-0.546003717472119,,0.4786656322730799,,0.6616134217348775,,0.6260678490159635,,0.1476829872457866,,909.3368,,2976.3224,,2337.3828,,1621.6652,,MISSING_POST,Post Step 3A features are unusable (status: NONE).,,,,,,,,,,,,,,,,
FIRMS_TN_0499,499,2024-12-30,2050,2024-12-30T20:00,13.39337,80.10251,N,VIIRS_SUOMI_NPP,VIIRS,0.36,301.17,285.01,16.160000000000025,0.0011953381810937,0.3074846997479606,n,1.0,N,0,0,0,21,10,1,22.85,306.8885714285714,0,0,-1.470889288809924,-1.2976150271582478,30,Grassland,FAILED_TILE,137570.63331823653,137.57063331823653,202465563,way,,Other Industrial,Industrial Area / Zone,GENERAL_CONTEXT,0,0,0,0,0,139151.02847090605,139.15102847090606,1026841614,,Mining & Quarry,0,0,0,0,0,0.3305381638376358,MEDIUM,False,FAILED_TILE: Chennai/Ennore coast - high-density industrial region with no OSM coverage; Low FRP=0.36 MW; Persistent location (active 10 days); Landcover=Grassland,UNVERIFIED,Other/Unclassified,364,CLOUD_REJECTED,True,Post cloud-rejected (Valid surface pixel coverage too low: 66.2% (threshold: 70.0%)); pre: MISSING_PRODUCT,1000m x 1000m,50x50,"SCL, B04, B08, B11, B12",,,,,,MISSING_PRODUCT,No usable pre-event product was matched in catalogue search.,2025-01-04T05:01:19.024000Z,f35ac237-1aaf-4d96-ae50-29f9ec96ea20,S2B_MSIL2A_20250104T050119_N0511_R119_T44PMV_20250104T132122.SAFE,T44PMV,14.188427,CLOUD_REJECTED,Valid surface pixel coverage too low: 66.2% (threshold: 70.0%),,50x50,"SCL, B04, B08, B11, B12",,,,,,2025-01-04T05:01:19.024000Z,50x50,"SCL, B04, B08, B11, B12",1655.0,66.2,SUCCESS,"[80.09789,13.38888,80.10713,13.39786]",18421.0,,2500.0,,0.40460529715321236,,0.5277777777777778,,0.27593453521905964,,-0.3151618398637138,,0.7658730158730159,,0.2950647611733449,,0.3449443638122883,,0.20938779956507944,,-0.5396854764107308,,0.581799591002045,,0.09992449614211875,,0.1111111111111111,,0.13893716956759133,,-0.470563320626853,,0.35516372795969775,,0.6664637882592085,,0.6173096976016684,,0.14613244300258818,,612.1069486404834,,1621.4978851963747,,1396.8773413897281,,982.2567975830816,MISSING_PRE,Pre Step 3A features are unusable (status: NONE).,,,,,,,,,,,,,,,,
FIRMS_TN_0486,486,2024-12-25,809,2024-12-25T08:00,9.18193,78.44804,N,VIIRS_SUOMI_NPP,VIIRS,1.9,331.75,302.63,29.120000000000005,0.0057272042200452,1.0647107369924282,l,0.0,D,1,0,0,1,1,0,1.9,331.75,0,0,0.876730611235873,-0.1819516544408171,20,Shrubland,COVERED,4878.749208795854,4.878749208795854,1095203400,way,IOCL,Chemical,"Oil, Gas & Chemical",HIGHER_RELEVANCE,0,0,0,1,1,4878.749208795854,4.878749208795854,1095203400,IOCL,"Oil, Gas & Chemical",0,0,0,1,1,0.3687635029828903,MEDIUM,False,"Within 5 km of HIGHER_RELEVANCE facility: Oil, Gas & Chemical (IOCL); Low FRP=1.90 MW; Landcover=Shrubland",UNVERIFIED,Other/Unclassified,359,PARTIAL_PRE_ONLY,True,Pre successful; post unavailable: MISSING_PRODUCT (No usable post-event product was matched in catalogue search.),1000m x 1000m,50x50,"SCL, B04, B08, B11, B12",2024-12-18T05:11:29.024000Z,16ce6dec-6db5-43e0-a5be-0f672f61a2e6,S2B_MSIL2A_20241218T051129_N0511_R019_T44PKR_20241218T094845.SAFE,T44PKR,18.424445,REAL_CDSE_SUCCESS,,,,,,,MISSING_PRODUCT,No usable post-event product was matched in catalogue search.,2024-12-18T05:11:29.024000Z,50x50,"SCL, B04, B08, B11, B12",2500.0,100.0,SUCCESS,"[78.44349,9.17744,78.45259,9.18642]",18804.0,,50x50,"SCL, B04, B08, B11, B12",,,,,,2500.0,,0.3647652339584525,,0.3850303056943447,,0.15661300615238505,,-0.0640176600441501,,0.7160075329566855,,0.3005491608487596,,0.3153749687630525,,0.1511808183676131,,-0.12767379679144386,,0.6430935901294011,,0.1250038848226317,,0.12531747791113784,,0.11426720612916483,,-0.16931890515595163,,0.4502127659574468,,0.687854799802831,,0.6865374460286398,,0.08614621179825291,,1110.1584,,2545.6408,,2088.7496,,1478.3,,MISSING_POST,Post Step 3A features are unusable (status: NONE).,,,,,,,,,,,,,,,,
FIRMS_TN_0606,606,2025-01-10,809,2025-01-10T08:00,8.61673,77.20992,N,VIIRS_SUOMI_NPP,VIIRS,6.47,340.59,302.7,37.88999999999999,0.0189964473413781,2.010894999144726,n,1.0,D,1,0,0,1,1,0,6.47,340.59,0,0,1.4499259774679585,1.8203748395788124,30,Grassland,COVERED,8006.100682837379,8.00610068283738,961629968,way,"Generation Section, Kerala State Electricity Board Limited, Peppara",Power Plant,Power Plant,HIGHER_RELEVANCE,0,0,0,0,1,8006.100682837379,8.00610068283738,961629968,"Generation Section, Kerala State Electricity Board Limited, Peppara",Power Plant,0,0,0,0,1,0.3661550812763497,MEDIUM,False,Far from industrial facilities (8.0 km to nearest); High FRP=6.5 MW; Landcover=Grassland,UNVERIFIED,Other/Unclassified,375,REAL_CDSE_SUCCESS,True,,1000m x 1000m,50x50,"SCL, B04, B08, B11, B12",2025-01-07T05:11:19.024000Z,8478059e-756f-4a18-bf8d-b762fd4f20c9,S2B_MSIL2A_20250107T051119_N0511_R019_T43PGK_20250107T080132.SAFE,T43PGK,5.05701,REAL_CDSE_SUCCESS,,2025-01-17T05:10:39.024000Z,07b99659-e4b5-4550-a15b-8eee5729e917,S2B_MSIL2A_20250117T051039_N0511_R019_T43PGK_20250117T093134.SAFE,T43PGK,19.727337,REAL_CDSE_SUCCESS,,2025-01-07T05:11:19.024000Z,50x50,"SCL, B04, B08, B11, B12",2500.0,100.0,SUCCESS,"[77.20538,8.61224,77.21446,8.62122]",19219.0,2025-01-17T05:10:39.024000Z,50x50,"SCL, B04, B08, B11, B12",2450.0,98.0,SUCCESS,"[77.20538,8.61224,77.21446,8.62122]",19205.0,2500.0,2500.0,0.6629318511614539,0.5211927359817795,0.6830781741040107,0.5495512711854568,0.19291652771907056,0.24647349976092686,0.16990825688073394,0.0818746470920384,0.9264531435349941,0.899511915015791,0.3735570568664298,0.21722357642887852,0.4054428884800126,0.24710279050098746,0.20554622639516382,0.28468353306897337,-0.215748031496063,-0.3480775774072814,0.7224064424443392,0.7321675103543488,0.11841614673599901,0.02440390751890689,0.13184269946193874,0.028114582928227015,0.15409094830950687,0.20760487787959975,-0.3095166616631642,-0.4080939141180105,0.5024793388429752,0.4942437475188567,0.5679646543189776,0.6630125645341061,0.5530666011916551,0.6472511554375534,0.09936086419121375,0.13820455219730096,540.6572,672.4808163265307,2618.2984,2204.3551020408163,2069.3192,2058.6897959183675,1211.812,1407.1130612244897,SUCCESS,,-0.1417391151796744,0.1417391151796744,-0.13352690291855396,0.13352690291855396,-0.1563334804375513,0.1563334804375513,-0.15834009797902512,0.15834009797902512,-0.09401223921709212,0.09401223921709212,-0.10372811653371172,0.10372811653371172,0.09504791021512848,0.09504791021512848,0.09418455424589833,0.09418455424589833
FIRMS_TN_0197,197,2024-12-31,820,2024-12-31T08:00,12.26136,77.4773,N20,VIIRS_N20,VIIRS,10.24,348.28,303.57,44.70999999999998,0.0294016308717124,2.419478844465545,n,1.0,D,1,0,0,2,1,0,13.37,342.99,0,1,1.948554073206052,3.472184660684721,10,Tree cover,FAILED_TILE,15831.010216118271,15.831010216118273,1467381349,way,,Other Industrial,Substation & Electrical Infrastructure,CAUTION_LOWER_RELEVANCE,0,0,0,0,0,15843.27147070533,15.843271470705329,13570496,,Power Plant,0,0,0,0,0,0.3669057392454607,MEDIUM,False,FAILED_TILE: OSM coverage unavailable - industrial context unknown; Very high FRP=10.2 MW; Landcover=Tree cover,UNVERIFIED,Other/Unclassified,365,CLOUD_REJECTED,True,Both pre and post observations rejected due to cloud/shadow cover.,1000m x 1000m,50x50,"SCL, B04, B08, B11, B12",2024-12-18T05:11:29.024000Z,c5aff039-684f-4096-a1ab-06f34d975338,S2B_MSIL2A_20241218T051129_N0511_R019_T43PGP_20241218T094845.SAFE,T43PGP,27.453274,CLOUD_REJECTED,Valid surface pixel coverage too low: 54.3% (threshold: 70.0%),2025-01-02T05:12:21.024000Z,878e6aa0-eafe-4664-97fa-6ae718507e18,S2A_MSIL2A_20250102T051221_N0511_R019_T43PGP_20250102T080951.SAFE,T43PGP,17.046934,CLOUD_REJECTED,Valid surface pixel coverage too low: 51.7% (threshold: 70.0%),2024-12-18T05:11:29.024000Z,50x50,"SCL, B04, B08, B11, B12",1358.0,54.32,SUCCESS,"[77.47270,12.25687,77.48190,12.26585]",18890.0,2025-01-02T05:12:21.024000Z,50x50,"SCL, B04, B08, B11, B12",1292.0,51.68,SUCCESS,"[77.47270,12.25687,77.48190,12.26585]",18502.0,2500.0,2500.0,0.5255787798042807,0.53628640669922,0.5301879857157029,0.5367830489215459,0.057244157115826234,0.07167990193036203,0.354181307097681,0.29069031032298925,0.6633499170812603,0.7596003746487667,0.2768383455925871,0.23784004735338796,0.27734583000828006,0.23633989726749055,0.07383051734615688,0.09221034358481567,0.02912621359223301,-0.088871096877502,0.5124954726548352,0.5424192665571976,0.02499791757099977,-0.009475114898952277,0.021809873713235572,-0.01318144035230489,0.06089158203905882,0.07154353721869305,-0.1635374149659864,-0.22803030303030303,0.2794490757520841,0.2739602169981917,0.5943249856775663,0.6027162835951955,0.5943447696833136,0.5989671081018288,0.03320080422002527,0.04136669836391874,634.0095729013254,559.7383900928793,2042.481590574374,1871.7739938080495,1942.1266568483063,1889.6308049535603,1156.181148748159,1136.9698142414861,INSUFFICIENT_VALID_DATA,"Valid pixel coverage too low: pre=54.3%, post=51.7% (threshold=70.0%).",,,,,,,,,,,,,,,,
FIRMS_TN_0342,342,2024-11-01,822,2024-11-01T08:00,10.46357,77.84547,N,VIIRS_SUOMI_NPP,VIIRS,3.68,330.32,294.18,36.13999999999999,0.0111407120368127,1.5432981099295553,n,1.0,D,1,0,1,1,1,0,3.68,330.32,0,0,0.7840078314042115,0.5979479427922115,30,Grassland,COVERED,2977.5854856879946,2.977585485687994,310694377,way,Reddiyarchatram,Other Industrial,Substation & Electrical Infrastructure,CAUTION_LOWER_RELEVANCE,0,0,0,1,1,5672.488223732066,5.672488223732066,1268396569,,Power Plant,0,0,0,0,1,0.4002829084743766,MEDIUM,False,Within 5 km of CAUTION_LOWER_RELEVANCE facility: Substation & Electrical Infrastructure (Reddiyarchatram); Moderate FRP=3.7 MW; Landcover=Grassland,UNVERIFIED,Possible Agricultural Burning,305,MISSING_PRODUCT,False,Neither observation was available in catalogue search.,1000m x 1000m,50x50,"SCL, B04, B08, B11, B12",,,,,,MISSING_PRODUCT,No usable pre-event product was matched in catalogue search.,,,,,,MISSING_PRODUCT,No usable post-event product was matched in catalogue search.,,50x50,"SCL, B04, B08, B11, B12",,,,,,,50x50,"SCL, B04, B08, B11, B12",,,,,,,,,,,,,,,,,,,,,,,,,,,,,,,,,,,,,,,,,,,,,,,,,,,,INVALID_INPUT,Both pre_features and post_features are None.,,,,,,,,,,,,,,,,
FIRMS_TN_0575,575,2025-01-06,2021,2025-01-06T20:00,10.96319,78.09085,N,VIIRS_SUOMI_NPP,VIIRS,0.97,314.19,291.51,22.680000000000007,0.0030873038607212,0.6780335427498971,n,1.0,N,0,0,0,1,1,0,0.97,314.19,0,0,-0.2618791886550151,-0.5894272867030174,50,Built-up,COVERED,2202.5509566625124,2.2025509566625123,193319217,way,,Other Industrial,Industrial Area / Zone,GENERAL_CONTEXT,0,0,0,1,1,2258.6100850296552,2.258610085029656,4391401194,,Power Plant,0,0,0,1,1,0.3901402771113233,MEDIUM,False,Within 5 km of GENERAL_CONTEXT facility: Industrial Area / Zone; Low FRP=0.97 MW; Landcover=Built-up,UNVERIFIED,Other/Unclassified,371,PARTIAL_POST_ONLY,True,Post successful; pre unavailable: CLOUD_REJECTED (Valid surface pixel coverage too low: 69.7% (threshold: 70.0%)),1000m x 1000m,50x50,"SCL, B04, B08, B11, B12",2025-01-02T05:12:21.024000Z,c97f2852-ce30-4c76-be38-f29383f3e6ed,S2A_MSIL2A_20250102T051221_N0511_R019_T43PHN_20250102T080951.SAFE,T43PHN,31.673813,CLOUD_REJECTED,Valid surface pixel coverage too low: 69.7% (threshold: 70.0%),2025-01-07T05:11:19.024000Z,a32ff87c-8648-4bc9-a165-35b40cf6487c,S2B_MSIL2A_20250107T051119_N0511_R019_T43PHN_20250107T080132.SAFE,T43PHN,32.035357,REAL_CDSE_SUCCESS,,2025-01-02T05:12:21.024000Z,50x50,"SCL, B04, B08, B11, B12",1743.0,69.72,SUCCESS,"[78.08627,10.95870,78.09543,10.96768]",19325.0,2025-01-07T05:11:19.024000Z,50x50,"SCL, B04, B08, B11, B12",2481.0,99.24,SUCCESS,"[78.08627,10.95870,78.09543,10.96768]",19146.0,2500.0,2500.0,0.37181910920423045,0.355911647596014,0.33690555927662424,0.3266147503435639,0.21217364131002517,0.18892391152546922,-0.045714285714285714,-0.053688345700567436,0.7667081776670818,0.753034742570113,0.2118776814863144,0.20734116064841351,0.13440375248060618,0.17097170971709716,0.25932250664507,0.23924715686635303,-0.28824362606232296,-0.1936108422071636,0.712317880794702,0.7090805579276971,0.06688168622776304,0.0698797773688617,0.02005231037489102,0.04621248213434969,0.18144361948994445,0.15624339239727492,-0.26153147012042716,-0.2341144184082753,0.43399638336347196,0.43267742648684504,0.734193543381217,0.7514963466722704,0.7893175074183977,0.7799907364520612,0.15501290500444645,0.16020274651537292,1146.8221457257603,1124.9085046352277,2540.7607573149744,2426.8089480048366,2225.360872059667,2105.5981459089076,1698.207687894435,1640.6295848448206,INSUFFICIENT_VALID_DATA,"Valid pixel coverage too low: pre=69.7%, post=99.2% (threshold=70.0%).",,,,,,,,,,,,,,,,
FIRMS_TN_0613,613,2025-01-11,750,2025-01-11T07:00,9.56091,77.25191,N,VIIRS_SUOMI_NPP,VIIRS,14.13,345.93,289.92,56.00999999999999,0.0408464140143959,2.7166795278002644,n,1.0,D,1,0,0,2,1,0,18.82,339.065,0,1,1.7961774769791987,5.176571982727689,30,Grassland,COVERED,6977.315033694434,6.977315033694434,310070120,way,Suruliyar,Power Plant,Power Plant,HIGHER_RELEVANCE,0,0,0,0,1,6977.315033694434,6.977315033694434,310070120,Suruliyar,Power Plant,0,0,0,0,1,0.4584633276063392,MEDIUM,False,Far from industrial facilities (7.0 km to nearest); Very high FRP=14.1 MW; Landcover=Grassland,UNVERIFIED,Other/Unclassified,376,REAL_CDSE_SUCCESS,True,,1000m x 1000m,50x50,"SCL, B04, B08, B11, B12",2025-01-07T05:11:19.024000Z,55d4d7af-7751-492c-8bdd-ad144394aecf,S2B_MSIL2A_20250107T051119_N0511_R019_T43PGL_20250107T080132.SAFE,T43PGL,7.638615,REAL_CDSE_SUCCESS,,2025-01-17T05:10:39.024000Z,89ac86a2-0c1c-4bd0-9cc2-76b5cd3cbf8f,S2B_MSIL2A_20250117T051039_N0511_R019_T43PGL_20250117T093134.SAFE,T43PGL,28.107873,REAL_CDSE_SUCCESS,,2025-01-07T05:11:19.024000Z,50x50,"SCL, B04, B08, B11, B12",2500.0,100.0,SUCCESS,"[77.24736,9.55642,77.25646,9.56540]",18859.0,2025-01-17T05:10:39.024000Z,50x50,"SCL, B04, B08, B11, B12",2314.0,92.56,SUCCESS,"[77.24736,9.55642,77.25646,9.56540]",18847.0,2500.0,2500.0,0.7561479780719604,0.6597831186869234,0.771446608946609,0.7137196226769734,0.07863159169944581,0.15385267970025798,0.3319088319088319,0.05263157894736842,0.8948571428571429,0.8558035714285714,0.49271748506287133,0.4008630996473447,0.5106711562414883,0.4822487616743295,0.12120548998861487,0.22778063004934593,-0.12082745651151858,-0.4264471587891662,0.7280334728033473,0.7201297081566476,0.1933090256998238,0.13760614420017497,0.1985975078534512,0.1826813880591076,0.10807586261769442,0.16037295101795648,-0.2552767821585026,-0.418729817007535,0.5076795350767953,0.43547044129891754,0.49670251852814373,0.555817637680635,0.4896872034369756,0.511238766795589,0.04960931132215634,0.12283341288518107,384.0052,467.60155574762314,2823.4848,2538.936473638721,1887.9492,1829.776577355229,948.91,1012.0838375108038,SUCCESS,,-0.09636485938503703,0.09636485938503703,-0.05772698626963557,0.05772698626963557,-0.09185438541552665,0.09185438541552665,-0.028422394567158782,0.028422394567158782,-0.05570288149964883,0.05570288149964883,-0.015916119794343597,0.015916119794343597,0.059115119152491236,0.059115119152491236,0.021551563358613413,0.021551563358613413
FIRMS_TN_0169,169,2024-12-23,730,2024-12-23T07:00,11.57135,79.6544,N20,VIIRS_N20,VIIRS,7.97,339.36,297.47,41.88999999999999,0.0234853842527109,2.1938856760707046,n,1.0,D,1,0,0,1,1,0,7.97,339.36,0,1,1.370171418591777,2.4775936012920385,40,Cropland,COVERED,4447.038071488831,4.447038071488831,206113660,way,,Other Industrial,Industrial Area / Zone,GENERAL_CONTEXT,0,0,0,1,1,11736.764211994763,11.736764211994766,645959123,IL&FS Tamil Nadu Thermal Power Station,Power Plant,0,0,0,0,0,0.4279062567678157,MEDIUM,False,Within 5 km of GENERAL_CONTEXT facility: Industrial Area / Zone; High FRP=8.0 MW; Landcover=Cropland,UNVERIFIED,Other/Unclassified,357,PARTIAL_POST_ONLY,True,Post successful; pre unavailable: MISSING_PRODUCT (No usable pre-event product was matched in catalogue search.),1000m x 1000m,50x50,"SCL, B04, B08, B11, B12",,,,,,MISSING_PRODUCT,No usable pre-event product was matched in catalogue search.,2025-01-04T05:01:19.024000Z,bfb18f50-c428-46a3-8325-80798e15cd44,S2B_MSIL2A_20250104T050119_N0511_R119_T44PLT_20250104T132122.SAFE,T44PLT,13.576193,REAL_CDSE_SUCCESS,,,50x50,"SCL, B04, B08, B11, B12",,,,,,2025-01-04T05:01:19.024000Z,50x50,"SCL, B04, B08, B11, B12",1995.0,79.8,SUCCESS,"[79.64982,11.56686,79.65898,11.57584]",19061.0,,2500.0,,0.5761721587000866,,0.6109618484685653,,0.175167619009975,,-0.2932692307692308,,0.8818992528320078,,0.4084867605582766,,0.49319899244332494,,0.2536196489085233,,-0.6179161984267137,,0.7454881999074503,,0.2047315763261528,,0.253043764396183,,0.18706546003551702,,-0.40065474691513475,,0.5476603119584056,,0.6230580783693181,,0.5730643402399127,,0.1483012837933729,,652.8145363408521,,2532.4731829573934,,1734.6711779448622,,1155.5248120300753,MISSING_PRE,Pre Step 3A features are unusable (status: NONE).,,,,,,,,,,,,,,,,
FIRMS_TN_0218,218,2025-01-01,802,2025-01-01T08:00,11.5132,78.5043,N20,VIIRS_N20,VIIRS,10.79,331.55,303.06,28.49000000000001,0.0325441109938169,2.4672517145492794,n,1.0,D,1,0,0,1,1,0,10.79,331.55,0,1,0.8637623902803967,3.713164873312904,40,Cropland,COVERED,5214.957979207941,5.2149579792079415,813893974,way,,Mining,Mining & Quarry,HIGHER_RELEVANCE,0,0,0,0,1,5214.957979207941,5.2149579792079415,813893974,,Mining & Quarry,0,0,0,0,1,0.4608307679227768,MEDIUM,False,Far from industrial facilities (5.2 km to nearest); Very high FRP=10.8 MW; Landcover=Cropland,UNVERIFIED,Other/Unclassified,366,PARTIAL_POST_ONLY,True,Post successful; pre unavailable: CLOUD_REJECTED (Valid surface pixel coverage too low: 1.7% (threshold: 70.0%)),1000m x 1000m,50x50,"SCL, B04, B08, B11, B12",2024-12-23T05:12:31.024000Z,0b0a4415-e34e-4cd1-83a1-fbdde3164077,S2A_MSIL2A_20241223T051231_N0511_R019_T44PKT_20241223T084549.SAFE,T44PKT,24.450816,CLOUD_REJECTED,Valid surface pixel coverage too low: 1.7% (threshold: 70.0%),2025-01-02T05:12:21.024000Z,c97f2852-ce30-4c76-be38-f29383f3e6ed,S2A_MSIL2A_20250102T051221_N0511_R019_T43PHN_20250102T080951.SAFE,T43PHN,31.673813,REAL_CDSE_SUCCESS,,2024-12-23T05:12:31.024000Z,50x50,"SCL, B04, B08, B11, B12",43.0,1.72,SUCCESS,"[78.49972,11.50871,78.50888,11.51769]",20108.0,2025-01-02T05:12:21.024000Z,50x50,"SCL, B04, B08, B11, B12",2143.0,85.72,SUCCESS,"[78.49972,11.50871,78.50888,11.51769]",19304.0,2500.0,2500.0,0.4457250626715483,0.6123311615625168,0.441678520625889,0.6370044052863436,0.05770678108508101,0.12156017719995993,0.31100202136875543,0.07667900581702802,0.5313847628174413,0.8363002385758855,0.5561996010092152,0.38294592224466073,0.6411378555798687,0.4024950755088641,0.170293480130412,0.14698365471258218,0.17221791892589725,-0.08141799766264121,0.7579298831385642,0.7152841640610631,0.30443641097333,0.15564228458522603,0.3704888076747373,0.15882465911273286,0.1440912845097591,0.11520996220708199,0.040806969280146724,-0.19583333333333333,0.4983991462113127,0.5050590219224284,0.5172795140183318,0.6047185409941438,0.47606019151846785,0.5897435897435898,0.09397126159502237,0.07757294891980247,887.0930232558139,710.100793280448,2348.0232558139537,3037.598226784881,1369.2558139534883,2209.762015865609,762.0,1346.3737750816613,INSUFFICIENT_VALID_DATA,"Valid pixel coverage too low: pre=1.7%, post=85.7% (threshold=70.0%).",,,,,,,,,,,,,,,,
FIRMS_TN_0454,454,2024-12-14,2050,2024-12-14T20:00,11.076,79.56938,N,VIIRS_SUOMI_NPP,VIIRS,0.43,307.17,291.68,15.490000000000007,0.0013998762900022,0.3576744442718159,n,1.0,N,0,0,0,1,1,0,0.43,307.17,0,0,-0.7170637441922595,-0.8260260409197788,10,Tree cover,COVERED,1499.8488850546948,1.499848885054695,341791011,way,Kadalangudi,Other Industrial,Substation & Electrical Infrastructure,CAUTION_LOWER_RELEVANCE,0,0,1,1,1,5034.391873813357,5.034391873813357,823185402,Kuttulam Power Plant,Power Plant,0,0,0,0,1,0.3547420085068062,MEDIUM,False,Within 2 km of CAUTION_LOWER_RELEVANCE facility: Substation & Electrical Infrastructure (Kadalangudi); Low FRP=0.43 MW; Landcover=Tree cover,UNVERIFIED,Other/Unclassified,348,MISSING_PRODUCT,False,Neither observation was available in catalogue search.,1000m x 1000m,50x50,"SCL, B04, B08, B11, B12",,,,,,MISSING_PRODUCT,No usable pre-event product was matched in catalogue search.,,,,,,MISSING_PRODUCT,No usable post-event product was matched in catalogue search.,,50x50,"SCL, B04, B08, B11, B12",,,,,,,50x50,"SCL, B04, B08, B11, B12",,,,,,,,,,,,,,,,,,,,,,,,,,,,,,,,,,,,,,,,,,,,,,,,,,,,INVALID_INPUT,Both pre_features and post_features are None.,,,,,,,,,,,,,,,,
FIRMS_TN_0254,254,2025-01-05,826,2025-01-05T08:00,11.51105,76.51912,N20,VIIRS_N20,VIIRS,2.66,330.32,298.62,31.69999999999999,0.0080527972874788,1.297463147413275,n,1.0,D,1,0,0,1,1,0,2.66,330.32,0,0,0.7840078314042115,0.1510391848272176,10,Tree cover,FAILED_TILE,74854.92532263369,74.85492532263369,1010736998,way,,Other Industrial,Industrial Area / Zone,GENERAL_CONTEXT,0,0,0,0,0,75095.83054837682,75.09583054837682,1003158346,,Power Plant,0,0,0,0,0,0.2907598116546993,LOW,False,FAILED_TILE: OSM coverage unavailable - industrial context unknown; Moderate FRP=2.7 MW; Landcover=Tree cover,UNVERIFIED,Other/Unclassified,370,REAL_CDSE_SUCCESS,True,,1000m x 1000m,50x50,"SCL, B04, B08, B11, B12",2025-01-02T05:12:21.024000Z,822f9036-ef9d-4fbd-b1f4-5b6f59f323ed,S2A_MSIL2A_20250102T051221_N0511_R019_T43PFN_20250102T080951.SAFE,T43PFN,7.478401,REAL_CDSE_SUCCESS,,2025-01-07T05:11:19.024000Z,f500c762-b624-43f7-b19f-a8f7f76897a2,S2B_MSIL2A_20250107T051119_N0511_R019_T43PFN_20250107T080132.SAFE,T43PFN,5.105408,REAL_CDSE_SUCCESS,,2025-01-02T05:12:21.024000Z,50x50,"SCL, B04, B08, B11, B12",2499.0,99.96,SUCCESS,"[76.51454,11.50656,76.52370,11.51554]",17786.0,2025-01-07T05:11:19.024000Z,50x50,"SCL, B04, B08, B11, B12",2499.0,99.96,SUCCESS,"[76.51454,11.50656,76.52370,11.51554]",17854.0,2500.0,2500.0,0.8011600595979583,0.796131973625257,0.806680881307747,0.805136567468406,0.053944141816645697,0.060129992461774306,0.2853185595567867,0.26244852115312617,0.9111470113085622,0.8950598343050016,0.5279734884737184,0.5232637005158983,0.5344767238361918,0.533204384268214,0.07989537352700321,0.08701476874034629,-0.039060205580029365,-0.0717065036131184,0.7480719794344473,0.7386562804284323,0.22185120488809829,0.22431593842615263,0.22114451988360814,0.2257906349595489,0.07669948616427617,0.07965959927996662,-0.21241305510968433,-0.1859614915915184,0.49169539329363837,0.5123220572478188,0.4821974846065037,0.49092823673414926,0.47586206896551725,0.48110661268556004,0.03910325985458462,0.04568460964179573,273.0500200080032,285.90876350540213,2499.990396158463,2532.5562224889954,1575.9039615846339,1590.7394957983192,765.7511004401761,788.8163265306123,SUCCESS,,-0.005028085972701324,0.005028085972701324,-0.0015443138393409495,0.0015443138393409495,-0.004709787957820066,0.004709787957820066,-0.0012723395679777871,0.0012723395679777871,0.002464733538054348,0.002464733538054348,0.00464611507594076,0.00464611507594076,0.008730752127645569,0.008730752127645569,0.005244543720042794,0.005244543720042794
FIRMS_TN_0587,587,2025-01-07,1959,2025-01-07T19:00,10.56854,79.53321,N,VIIRS_SUOMI_NPP,VIIRS,0.21,302.53,289.75,12.779999999999973,0.0006941460351039,0.1906203596086497,n,1.0,N,0,0,0,1,1,0,0.21,302.53,0,0,-1.0179264703593307,-0.922418125971052,40,Cropland,FAILED_TILE,27458.689564320983,27.458689564320984,341599833,way,Vaduvur,Other Industrial,Substation & Electrical Infrastructure,CAUTION_LOWER_RELEVANCE,0,0,0,0,0,37217.7994046799,37.2177994046799,1187708883,,Power Plant,0,0,0,0,0,0.2073464842526237,LOW,False,FAILED_TILE: OSM coverage unavailable - industrial context unknown; Low FRP=0.21 MW; Landcover=Cropland,UNVERIFIED,Other/Unclassified,372,PARTIAL_PRE_ONLY,True,Pre successful; post unavailable: MISSING_PRODUCT (No usable post-event product was matched in catalogue search.),1000m x 1000m,50x50,"SCL, B04, B08, B11, B12",2025-01-04T05:01:19.024000Z,b1e7e483-8542-4633-a7ea-e9a90a9abf7b,S2B_MSIL2A_20250104T050119_N0511_R119_T44PLS_20250104T132122.SAFE,T44PLS,16.992992,REAL_CDSE_SUCCESS,,,,,,,MISSING_PRODUCT,No usable post-event product was matched in catalogue search.,2025-01-04T05:01:19.024000Z,50x50,"SCL, B04, B08, B11, B12",2500.0,100.0,SUCCESS,"[79.52864,10.56405,79.53778,10.57303]",18703.0,,50x50,"SCL, B04, B08, B11, B12",,,,,,2500.0,,0.7152770371385379,,0.7272009358968083,,0.11340801386518552,,0.16557488140953242,,0.9152815013404826,,0.5434602998110803,,0.5595170150029718,,0.12352989389459192,,-0.5594975891422108,,0.72889091738932,,0.2915572085859695,,0.3020471442579101,,0.10028984344667922,,-0.5232042723631508,,0.48578152578937045,,0.5333346510024529,,0.5244430907711962,,0.07683662152654226,,560.1952,,3356.696,,1856.7664,,1022.5776,,MISSING_POST,Post Step 3A features are unusable (status: NONE).,,,,,,,,,,,,,,,,
FIRMS_TN_0371,371,2024-11-11,834,2024-11-11T08:00,10.23154,78.85571,N,VIIRS_SUOMI_NPP,VIIRS,2.1,330.48,295.37,35.110000000000014,0.0063543936092955,1.1314021114911006,n,1.0,D,1,0,1,1,1,0,2.1,330.48,0,0,0.7943824081685947,-0.0943224862123868,20,Shrubland,COVERED,10619.653117543525,10.619653117543525,665751399,way,,Other Industrial,Industrial Area / Zone,GENERAL_CONTEXT,0,0,0,0,0,11405.775569811409,11.405775569811407,13470287,,Power Plant,0,0,0,0,0,0.1967640745158539,LOW,False,Far from industrial facilities (10.6 km to nearest); Moderate FRP=2.1 MW; Landcover=Shrubland,UNVERIFIED,Possible Agricultural Burning,315,CLOUD_REJECTED,True,Pre cloud-rejected (Valid surface pixel coverage too low: 65.6% (threshold: 70.0%)); post: MISSING_PRODUCT,1000m x 1000m,50x50,"SCL, B04, B08, B11, B12",2024-11-10T05:00:31.024000Z,30620b20-8a2c-4ec1-baa7-848ec59b0774,S2A_MSIL2A_20241110T050031_N0511_R119_T44PKS_20241110T082750.SAFE,T44PKS,11.855376,CLOUD_REJECTED,Valid surface pixel coverage too low: 65.6% (threshold: 70.0%),,,,,,MISSING_PRODUCT,No usable post-event product was matched in catalogue search.,2024-11-10T05:00:31.024000Z,50x50,"SCL, B04, B08, B11, B12",1639.0,65.56,SUCCESS,"[78.85115,10.22705,78.86027,10.23603]",19311.0,,50x50,"SCL, B04, B08, B11, B12",,,,,,2500.0,,0.582160445234902,,0.6243822075782537,,0.18861167541575033,,-0.05953693495038589,,0.893305439330544,,0.3147949085781564,,0.359253499222395,,0.22175620736640697,,-0.32693279434057604,,0.7462775461584277,,0.06674088598033086,,0.08795669824086604,,0.17394993757113925,,-0.402104032729398,,0.4594594594594595,,0.584323284313214,,0.5628609506885829,,0.090870849481627,,660.6442953020135,,2452.7034777303234,,2225.2330689444784,,1343.6028065893838,,MISSING_POST,Post Step 3A features are unusable (status: NONE).,,,,,,,,,,,,,,,,
FIRMS_TN_0574,574,2025-01-06,2021,2025-01-06T20:00,11.77325,76.99046,N,VIIRS_SUOMI_NPP,VIIRS,1.06,312.64,287.19,25.44999999999999,0.0033904810644831,0.7227059828014898,n,1.0,N,0,0,0,2,1,0,1.65,311.14,0,0,-0.3623829010599632,-0.5499941610002238,10,Tree cover,FAILED_TILE,34806.16418135778,34.80616418135778,284189645,way,PG Palya,Other Industrial,Substation & Electrical Infrastructure,CAUTION_LOWER_RELEVANCE,0,0,0,0,0,42514.53049463502,42.51453049463503,1012851506,,Power Plant,0,0,0,0,0,0.2523187445612379,LOW,False,FAILED_TILE: OSM coverage unavailable - industrial context unknown; Low FRP=1.06 MW; Landcover=Tree cover,UNVERIFIED,Other/Unclassified,371,REAL_CDSE_SUCCESS,True,,1000m x 1000m,50x50,"SCL, B04, B08, B11, B12",2025-01-02T05:12:21.024000Z,878e6aa0-eafe-4664-97fa-6ae718507e18,S2A_MSIL2A_20250102T051221_N0511_R019_T43PGP_20250102T080951.SAFE,T43PGP,17.046934,REAL_CDSE_SUCCESS,,2025-01-07T05:11:19.024000Z,5a501e97-81f2-4f5c-961b-f0681ddb4857,S2B_MSIL2A_20250107T051119_N0511_R019_T43PGP_20250107T080132.SAFE,T43PGP,5.935906,REAL_CDSE_SUCCESS,,2025-01-02T05:12:21.024000Z,50x50,"SCL, B04, B08, B11, B12",2500.0,100.0,SUCCESS,"[76.98587,11.76876,76.99505,11.77774]",19340.0,2025-01-07T05:11:19.024000Z,50x50,"SCL, B04, B08, B11, B12",2060.0,82.4,SUCCESS,"[76.98587,11.76876,76.99505,11.77774]",19564.0,2500.0,2500.0,0.5996004508154128,0.552827441449591,0.6317316733013882,0.5589116572597779,0.1716858117900251,0.16009784160378193,0.10490247759620454,0.12574322836379653,0.915833527086724,0.8689866939611054,0.29999686296977723,0.25347286369972,0.31541084399261277,0.2501485436338722,0.21731942484803493,0.2140899961641369,-0.22612172367836517,-0.23754303315818082,0.7640762149432669,0.7721324095458044,0.09498765312844414,0.06410538539854559,0.09655094454675221,0.05485524374910395,0.17031226755395462,0.16519806379199112,-0.34232820834640726,-0.303848075962019,0.5290406383373538,0.5413458319383997,0.6397343346163098,0.6675831045799666,0.6345649464415017,0.6703989039867317,0.10318303460153831,0.1048870868850273,643.9496,748.3995145631068,2608.8904,2618.440291262136,2149.4868,2317.483980582524,1418.5868,1594.235436893204,SUCCESS,,-0.04677300936582185,0.04677300936582185,-0.07282001604161037,0.07282001604161037,-0.04652399927005724,0.04652399927005724,-0.06526230035874059,0.06526230035874059,-0.03088226772989855,0.03088226772989855,-0.04169570079764826,0.04169570079764826,0.027848769963656816,0.027848769963656816,0.03583395754523,0.03583395754523
FIRMS_TN_0441,441,2024-12-09,807,2024-12-09T08:00,9.85353,79.09533,N,VIIRS_SUOMI_NPP,VIIRS,3.85,332.44,295.33,37.110000000000014,0.0115810371796414,1.5789787049493915,n,1.0,D,1,0,0,1,1,0,3.85,332.44,0,0,0.9214709735322688,0.6724327357863772,20,Shrubland,COVERED,9777.46995985348,9.77746995985348,1232409935,way,,Other Industrial,Generic Industrial Building,GENERAL_CONTEXT,0,0,0,0,1,36579.35374889279,36.57935374889279,1181414705,Uppur Power Plant,Power Plant,0,0,0,0,0,0.2294662345609341,LOW,False,Far from industrial facilities (9.8 km to nearest); Moderate FRP=3.9 MW; Landcover=Shrubland,UNVERIFIED,Other/Unclassified,343,CLOUD_REJECTED,True,Post cloud-rejected (Valid surface pixel coverage too low: 0.3% (threshold: 70.0%)); pre: MISSING_PRODUCT,1000m x 1000m,50x50,"SCL, B04, B08, B11, B12",,,,,,MISSING_PRODUCT,No usable pre-event product was matched in catalogue search.,2024-12-15T05:01:29.024000Z,f618bebc-4d9c-467d-9fc4-672667cfe4c8,S2B_MSIL2A_20241215T050129_N0511_R119_T44PKR_20241215T074541.SAFE,T44PKR,12.186042,CLOUD_REJECTED,Valid surface pixel coverage too low: 0.3% (threshold: 70.0%),,50x50,"SCL, B04, B08, B11, B12",,,,,,2024-12-15T05:01:29.024000Z,50x50,"SCL, B04, B08, B11, B12",8.0,0.32,SUCCESS,"[79.09077,9.84904,79.09989,9.85802]",19089.0,,2500.0,,-0.08223778757611429,,-0.06235478677799458,,0.10450585722856388,,-0.23550465282748748,,0.06603525388055775,,0.24701088137627186,,0.25342091535568184,,0.12071450345306695,,0.07904050334250885,,0.41038656774697385,,0.1336586801335213,,0.1326622413909293,,0.10079796482094053,,0.013282732447817837,,0.2762204724409449,,0.7880871303529313,,0.790301993338191,,0.06045224917773674,,1817.625,,1574.25,,1179.875,,935.375,MISSING_PRE,Pre Step 3A features are unusable (status: NONE).,,,,,,,,,,,,,,,,
FIRMS_TN_0604,604,2025-01-10,809,2025-01-10T08:00,11.15711,77.16776,N,VIIRS_SUOMI_NPP,VIIRS,2.44,333.56,298.92,34.639999999999986,0.0073150257824679,1.235471471385307,n,1.0,D,1,0,0,1,1,0,2.44,333.56,0,0,0.9940930108829408,0.0546470997759443,30,Grassland,FAILED_TILE,10134.999251770334,10.134999251770337,1219580454,way,,Other Industrial,Substation & Electrical Infrastructure,CAUTION_LOWER_RELEVANCE,0,0,0,0,0,14284.881121383503,14.284881121383505,1008711557,,Mining & Quarry,0,0,0,0,0,0.2915408755494313,LOW,False,FAILED_TILE: OSM coverage unavailable - industrial context unknown; Moderate FRP=2.4 MW; Landcover=Grassland,UNVERIFIED,Other/Unclassified,375,REAL_CDSE_SUCCESS,True,,1000m x 1000m,50x50,"SCL, B04, B08, B11, B12",2025-01-07T05:11:19.024000Z,ee5ce2ef-0024-4147-b8a5-17ed03f81809,S2B_MSIL2A_20250107T051119_N0511_R019_T43PGN_20250107T080132.SAFE,T43PGN,13.35683,REAL_CDSE_SUCCESS,,2025-01-12T05:11:51.024000Z,dfc5ce79-f39c-458e-a320-a1a1397ac45e,S2A_MSIL2A_20250112T051151_N0511_R019_T43PGN_20250112T082206.SAFE,T43PGN,39.545169,REAL_CDSE_SUCCESS,,2025-01-07T05:11:19.024000Z,50x50,"SCL, B04, B08, B11, B12",2500.0,100.0,SUCCESS,"[77.16318,11.15262,77.17234,11.16160]",19038.0,2025-01-12T05:11:51.024000Z,50x50,"SCL, B04, B08, B11, B12",2500.0,100.0,SUCCESS,"[77.16318,11.15262,77.17234,11.16160]",19020.0,2500.0,2500.0,0.4968698884757916,0.4601681106432976,0.49443289904171217,0.45271658916697083,0.11168647130102957,0.11153252950124526,0.10877192982456141,0.06471030850263355,0.7631176770249618,0.7418261080164689,0.2138535026754761,0.19582935248180905,0.1933032740271346,0.16936743759947614,0.15719360191462495,0.14615122739634062,-0.16240573845870884,-0.14370900417412044,0.6673500768836494,0.6411130039750143,0.013343182304918412,-0.02558985416770871,-0.009269383498738442,-0.05084415477705161,0.1144310834399532,0.10642718387445492,-0.24434035909445745,-0.2630858706808074,0.39434204886412344,0.3536779776816215,0.6616044974238444,0.6357864199562135,0.6616667524452575,0.6377989885171829,0.08347939211349945,0.07287884244307903,867.2212,943.406,2555.552,2519.8652,2524.6956,2691.1268,1701.7764,1738.8968,SUCCESS,,-0.03670177783249401,0.03670177783249401,-0.04171630987474134,0.04171630987474134,-0.018024150193667043,0.018024150193667043,-0.023935836427658452,0.023935836427658452,-0.03893303647262712,0.03893303647262712,-0.041574771278313175,0.041574771278313175,-0.025818077467630873,0.025818077467630873,-0.02386776392807466,0.02386776392807466
FIRMS_TN_0209,209,2025-01-01,802,2025-01-01T08:00,9.27809,78.04165,N20,VIIRS_N20,VIIRS,1.58,330.24,298.26,31.98000000000001,0.0047843992248062,0.947789398933526,n,1.0,D,1,0,0,1,1,0,1.58,330.24,0,0,0.7788205430220216,-0.3221583236063053,10,Tree cover,FAILED_TILE,17878.976203449758,17.878976203449756,1002789486,way,,Power Plant,Power Plant,HIGHER_RELEVANCE,0,0,0,0,0,17878.976203449758,17.878976203449756,1002789486,,Power Plant,0,0,0,0,0,0.2954384899711204,LOW,False,FAILED_TILE: Tuticorin region - major port/industrial zone with no OSM coverage; Low FRP=1.58 MW; Landcover=Tree cover,UNVERIFIED,Other/Unclassified,366,CLOUD_REJECTED,True,Pre cloud-rejected (Valid surface pixel coverage too low: 1.3% (threshold: 70.0%)); post: MISSING_PRODUCT,1000m x 1000m,50x50,"SCL, B04, B08, B11, B12",2024-12-18T05:11:29.024000Z,4e35eebf-bdb7-4e0b-817c-599f13f5dbc2,S2B_MSIL2A_20241218T051129_N0511_R019_T43PHL_20241218T094845.SAFE,T43PHL,26.198825,CLOUD_REJECTED,Valid surface pixel coverage too low: 1.3% (threshold: 70.0%),,,,,,MISSING_PRODUCT,No usable post-event product was matched in catalogue search.,2024-12-18T05:11:29.024000Z,50x50,"SCL, B04, B08, B11, B12",33.0,1.32,SUCCESS,"[78.03710,9.27360,78.04620,9.28258]",20418.0,,50x50,"SCL, B04, B08, B11, B12",,,,,,2500.0,,0.49198091977898645,,0.4986225895316804,,0.0349637413171989,,0.35030920334667154,,0.544057698338037,,0.695017476026273,,0.7147514262428688,,0.06268847121068742,,0.401283503208758,,0.7400237060450415,,0.47582622360806465,,0.491831769204032,,0.05241182952087122,,0.25447786414329165,,0.5299349982894287,,0.5029744049158915,,0.49265687583444595,,0.046350872652617815,,749.6060606060606,,2208.121212121212,,783.8787878787879,,397.3030303030303,,MISSING_POST,Post Step 3A features are unusable (status: NONE).,,,,,,,,,,,,,,,,
FIRMS_TN_0071,71,2024-11-21,2004,2024-11-21T20:00,13.06687,80.1871,N20,VIIRS_N20,VIIRS,0.46,304.0,292.92,11.079999999999984,0.0015131578947368,0.3784364357202451,n,1.0,N,0,0,1,7,6,1,5.2,303.98285714285714,0,0,0.0069598348692052,-0.47261786401179,50,Built-up,FAILED_TILE,103559.02387864474,103.55902387864477,202465563,way,,Other Industrial,Industrial Area / Zone,GENERAL_CONTEXT,0,0,0,0,0,108226.96849496385,108.22696849496384,1026841614,,Mining & Quarry,0,0,0,0,0,0.2873060172614344,LOW,False,FAILED_TILE: Chennai/Ennore coast - high-density industrial region with no OSM coverage; Low FRP=0.46 MW; Recurring detection (6 active days); Landcover=Built-up,UNVERIFIED,Other/Unclassified,325,PARTIAL_PRE_ONLY,True,Pre successful; post unavailable: MISSING_PRODUCT (No usable post-event product was matched in catalogue search.),1000m x 1000m,50x50,"SCL, B04, B08, B11, B12",2024-11-10T05:00:31.024000Z,19b7ea29-4766-4adf-b72a-c63aba91de5a,S2A_MSIL2A_20241110T050031_N0511_R119_T44PMV_20241110T082750.SAFE,T44PMV,24.296539,REAL_CDSE_SUCCESS,,,,,,,MISSING_PRODUCT,No usable post-event product was matched in catalogue search.,2024-11-10T05:00:31.024000Z,50x50,"SCL, B04, B08, B11, B12",2365.0,94.6,SUCCESS,"[80.18249,13.06238,80.19171,13.07136]",19232.0,,50x50,"SCL, B04, B08, B11, B12",,,,,,2500.0,,0.27645999763302354,,0.23733108108108109,,0.15250968114151484,,-0.02398172820708032,,0.7083577999608534,,0.12568182383105164,,0.09820996613449444,,0.16319302117534595,,-0.22185128983308042,,0.6444329094212302,,-0.00018700861450869006,,-0.015373485259540604,,0.11319973111500559,,-0.2520193861066236,,0.3617021276595745,,0.7767324807425262,,0.7876288659793814,,0.10740946189221456,,1444.741226215645,,2550.9268498942915,,2535.9471458773783,,1995.4570824524312,,MISSING_POST,Post Step 3A features are unusable (status: NONE).,,,,,,,,,,,,,,,,
FIRMS_TN_0513,513,2024-12-31,2031,2024-12-31T20:00,12.35191,80.02312,N,VIIRS_SUOMI_NPP,VIIRS,0.83,313.69,291.86,21.829999999999984,0.0026459243201887,0.6043159668533294,n,1.0,N,0,0,0,2,1,0,1.44,309.09000000000003,0,0,-0.2942997410437077,-0.6507677044629184,10,Tree cover,FAILED_TILE,22317.913879759515,22.31791387975952,202465563,way,,Other Industrial,Industrial Area / Zone,GENERAL_CONTEXT,0,0,0,0,0,33962.06739722142,33.96206739722142,1026841614,,Mining & Quarry,0,0,0,0,0,0.2637204441279872,LOW,False,FAILED_TILE: Chennai/Ennore coast - high-density industrial region with no OSM coverage; Low FRP=0.83 MW; Landcover=Tree cover,UNVERIFIED,Other/Unclassified,365,PARTIAL_POST_ONLY,True,Post successful; pre unavailable: MISSING_PRODUCT (No usable pre-event product was matched in catalogue search.),1000m x 1000m,50x50,"SCL, B04, B08, B11, B12",,,,,,MISSING_PRODUCT,No usable pre-event product was matched in catalogue search.,2025-01-04T05:01:19.024000Z,d63e0c34-c73a-430d-80b5-43c855a06830,S2B_MSIL2A_20250104T050119_N0511_R119_T44PLU_20250104T132122.SAFE,T44PLU,15.663002,REAL_CDSE_SUCCESS,,,50x50,"SCL, B04, B08, B11, B12",,,,,,2025-01-04T05:01:19.024000Z,50x50,"SCL, B04, B08, B11, B12",2413.0,96.52,SUCCESS,"[80.01852,12.34742,80.02772,12.35640]",19206.0,,2500.0,,0.5707154342802955,,0.5932104184957565,,0.13400553329953974,,-0.051842598376014994,,0.8259338939956973,,0.4440546214166131,,0.436241610738255,,0.13613204019724465,,-0.051332033788174136,,0.802247191011236,,0.19687788474954,,0.18238341968911917,,0.1260203523476312,,-0.16634944803958887,,0.6468172484599589,,0.5660445450214607,,0.565843621399177,,0.062100354734011015,,708.3966017405719,,2715.374222958972,,1883.5503522585993,,1084.7828429341068,MISSING_PRE,Pre Step 3A features are unusable (status: NONE).,,,,,,,,,,,,,,,,
FIRMS_TN_0239,239,2025-01-02,2018,2025-01-02T20:00,11.00624,76.89335,N20,VIIRS_N20,VIIRS,0.36,303.46,282.83,20.629999999999995,0.0011863178013576,0.3074846997479606,n,1.0,N,0,0,0,1,1,0,0.36,303.46,0,0,-0.9576242429163618,-0.8566962497997295,50,Built-up,FAILED_TILE,39091.72430964679,39.09172430964679,985074033,way,,Other Industrial,Industrial Area / Zone,GENERAL_CONTEXT,0,0,0,0,0,39618.67516542113,39.61867516542113,3449174927,,Power Plant,0,0,0,0,0,0.2241322333672881,LOW,False,FAILED_TILE: OSM coverage unavailable - industrial context unknown; Low FRP=0.36 MW; Landcover=Built-up,UNVERIFIED,Other/Unclassified,367,PARTIAL_POST_ONLY,True,Post successful; pre unavailable: CLOUD_REJECTED (Valid surface pixel coverage too low: 53.3% (threshold: 70.0%)),1000m x 1000m,50x50,"SCL, B04, B08, B11, B12",2024-12-28T05:11:29.024000Z,f549e651-1780-42ea-b1b8-fcb1bc4febb7,S2B_MSIL2A_20241228T051129_N0511_R019_T43PFN_20241228T071311.SAFE,T43PFN,15.122844,CLOUD_REJECTED,Valid surface pixel coverage too low: 53.3% (threshold: 70.0%),2025-01-07T05:11:19.024000Z,f500c762-b624-43f7-b19f-a8f7f76897a2,S2B_MSIL2A_20250107T051119_N0511_R019_T43PFN_20250107T080132.SAFE,T43PFN,5.105408,REAL_CDSE_SUCCESS,,2024-12-28T05:11:29.024000Z,50x50,"SCL, B04, B08, B11, B12",1333.0,53.32,SUCCESS,"[76.88877,11.00175,76.89793,11.01073]",19704.0,2025-01-07T05:11:19.024000Z,50x50,"SCL, B04, B08, B11, B12",2500.0,100.0,SUCCESS,"[76.88877,11.00175,76.89793,11.01073]",19230.0,2500.0,2500.0,0.46591292284294333,0.41879344919340583,0.49566652909616177,0.41139178069472976,0.16579784531155178,0.16359255707024856,0.051610399689561506,0.010261194029850746,0.7446808510638298,0.7718865598027127,0.24114550121159425,0.17254689864107572,0.23565614453047448,0.13768500252193316,0.2035347504332962,0.1953773643377049,-0.17570044514270752,-0.3432982112227395,0.6885512750949538,0.6923969820081254,0.04387899638748231,0.010932912410264114,0.03048180924287119,-0.007165300921851662,0.14013421021750175,0.13284547906134894,-0.2508995747464835,-0.3851800871759578,0.38273283480625425,0.4110815388337769,0.6625536484919246,0.7190091968130997,0.6600955794504182,0.7367885581383311,0.12153760960649407,0.12213876848573903,1034.503375843961,1074.602,2791.7449362340585,2559.7624,2619.039759939985,2544.4472,1791.0997749437358,1875.7624,INSUFFICIENT_VALID_DATA,"Valid pixel coverage too low: pre=53.3%, post=100.0% (threshold=70.0%).",,,,,,,,,,,,,,,,
