latitude,longitude,brightness,scan,track,acq_date,acq_time,satellite,instrument,confidence,version,bright_t31,frp,daynight,satellite_source,row_id,landcover_code,landcover_class,osm_coverage_status,distance_to_facility_m,distance_to_facility_km,nearest_facility_osm_id,nearest_facility_osm_type,nearest_facility_name,nearest_facility_type,nearest_facility_category,nearest_facility_tier,near_industrial_500m,near_industrial_1000m,near_industrial_2000m,near_industrial_5000m,near_industrial_10000m,distance_to_higher_relevance_m,distance_to_higher_relevance_km,nearest_hr_osm_id,nearest_hr_name,nearest_hr_category,near_higher_relevance_500m,near_higher_relevance_1000m,near_higher_relevance_2000m,near_higher_relevance_5000m,near_higher_relevance_10000m,distance_to_general_context_m
11.65394,78.02792,311.1,0.4,0.6,2024-11-01,1940,N20,VIIRS,n,2.0NRT,287.43,1.16,N,VIIRS_N20,0,50,Built-up,COVERED,328.3336921461477,0.3283336921461477,336571753,way,SAIL,Other Industrial,Substation & Electrical Infrastructure,CAUTION_LOWER_RELEVANCE,1,1,1,1,1,458.26871305300216,0.45826871305300215,104170107,Salem Steel Plant,Steel / Metallurgy,1,1,1,1,1,1149.1196350541763
9.29417,79.06924,338.83,0.47,0.48,2024-11-02,826,N20,VIIRS,n,2.0NRT,289.06,5.15,D,VIIRS_N20,1,10,Tree cover,COVERED,2826.6854581376033,2.8266854581376033,11850487562,node,,Power Plant,Power Plant,HIGHER_RELEVANCE,0,0,0,1,1,2826.6854581376033,2.8266854581376033,11850487562,,Power Plant,0,0,0,1,1,16364.310935943517
10.26853,78.83812,331.76,0.4,0.37,2024-11-03,807,N20,VIIRS,n,2.0NRT,298.6,2.77,D,VIIRS_N20,2,20,Shrubland,COVERED,9090.553073033303,9.090553073033304,669581925,way,,Other Industrial,Industrial Area / Zone,GENERAL_CONTEXT,0,0,0,0,1,12285.075261562195,12.285075261562195,1002131171,Nizam Supari Factory,Manufacturing & Industrial Works,0,0,0,0,0,9090.553073033303
11.18232,79.09965,304.79,0.54,0.51,2024-11-03,2042,N20,VIIRS,n,2.0NRT,290.01,1.14,N,VIIRS_N20,3,50,Built-up,COVERED,396.25434257551336,0.39625434257551334,340697977,way,,Other Industrial,Substation & Electrical Infrastructure,CAUTION_LOWER_RELEVANCE,1,1,1,1,1,706.4338230101368,0.7064338230101368,1468887795,,Power Plant,0,1,1,1,1,755.5441850403682
13.20969,79.91416,333.19,0.4,0.37,2024-11-04,750,N20,VIIRS,n,2.0NRT,303.03,4.01,D,VIIRS_N20,4,40,Cropland,FAILED_TILE,114898.83334131957,114.89883334131956,1026841614,way,,Mining,Mining & Quarry,HIGHER_RELEVANCE,0,0,0,0,0,114898.83334131957,114.89883334131956,1026841614,,Mining & Quarry,0,0,0,0,0,116163.24208654571
12.2742,79.54851,337.36,0.42,0.37,2024-11-04,750,N20,VIIRS,n,2.0NRT,298.09,5.64,D,VIIRS_N20,5,40,Cropland,FAILED_TILE,15266.538267725924,15.266538267725924,705173099,way,Sree Amman Transformer Works,Industrial Works,Manufacturing & Industrial Works,HIGHER_RELEVANCE,0,0,0,0,0,15266.538267725924,15.266538267725924,705173099,Sree Amman Transformer Works,Manufacturing & Industrial Works,0,0,0,0,0,24936.80613772712
12.2748,79.55231,338.19,0.42,0.37,2024-11-04,750,N20,VIIRS,n,2.0NRT,297.67,5.52,D,VIIRS_N20,6,40,Cropland,FAILED_TILE,15175.128861239547,15.175128861239548,705173099,way,Sree Amman Transformer Works,Industrial Works,Manufacturing & Industrial Works,HIGHER_RELEVANCE,0,0,0,0,0,15175.128861239547,15.175128861239548,705173099,Sree Amman Transformer Works,Manufacturing & Industrial Works,0,0,0,0,0,25011.135641826106
11.18312,79.09965,309.46,0.43,0.38,2024-11-04,2025,N20,VIIRS,n,2.0NRT,293.88,1.23,N,VIIRS_N20,7,50,Built-up,COVERED,360.0193161722355,0.3600193161722355,340697977,way,,Other Industrial,Substation & Electrical Infrastructure,CAUTION_LOWER_RELEVANCE,1,1,1,1,1,658.7339708137059,0.6587339708137059,1468887795,,Power Plant,0,1,1,1,1,766.1658125861442
11.81736,77.91756,305.68,0.39,0.37,2024-11-04,2025,N20,VIIRS,n,2.0NRT,290.19,1.06,N,VIIRS_N20,8,50,Built-up,COVERED,215.91883199453267,0.21591883199453266,340479236,way,,Other Industrial,Substation & Electrical Infrastructure,CAUTION_LOWER_RELEVANCE,1,1,1,1,1,327.13180543896755,0.3271318054389675,876239837,JSW Steel Plant,Steel / Metallurgy,1,1,1,1,1,1837.5044412003392
12.87509,79.88728,309.2,0.45,0.39,2024-11-04,2025,N20,VIIRS,n,2.0NRT,293.36,1.03,N,VIIRS_N20,9,30,Grassland,FAILED_TILE,77708.51188730031,77.7085118873003,1026841614,way,,Mining,Mining & Quarry,HIGHER_RELEVANCE,0,0,0,0,0,77708.51188730031,77.7085118873003,1026841614,,Mining & Quarry,0,0,0,0,0,79168.53692271012
13.06476,80.18575,306.06,0.46,0.39,2024-11-04,2025,N20,VIIRS,n,2.0NRT,293.85,2.09,N,VIIRS_N20,10,50,Built-up,FAILED_TILE,103295.15465757216,103.29515465757216,202465563,way,,Other Industrial,Industrial Area / Zone,GENERAL_CONTEXT,0,0,0,0,0,107952.30089597563,107.95230089597563,1026841614,,Mining & Quarry,0,0,0,0,0,103295.15465757216
9.29705,79.31593,329.73,0.59,0.53,2024-11-05,730,N20,VIIRS,n,2.0NRT,295.11,2.52,D,VIIRS_N20,11,30,Grassland,COVERED,1689.756786660581,1.689756786660581,363311231,way,,Other Industrial,Industrial Area / Zone,GENERAL_CONTEXT,0,0,1,1,1,29806.938948791252,29.806938948791252,11850487562,,Power Plant,0,0,0,0,0,1689.756786660581
13.2005,79.68807,331.87,0.48,0.48,2024-11-05,730,N20,VIIRS,n,2.0NRT,298.38,3.07,D,VIIRS_N20,12,30,Grassland,FAILED_TILE,112917.72411944935,112.91772411944936,1026841614,way,,Mining,Mining & Quarry,HIGHER_RELEVANCE,0,0,0,0,0,112917.72411944935,112.91772411944936,1026841614,,Mining & Quarry,0,0,0,0,0,118464.49045689432
12.7964,79.38124,334.25,0.51,0.49,2024-11-05,730,N20,VIIRS,n,2.0NRT,294.0,2.81,D,VIIRS_N20,13,40,Cropland,FAILED_TILE,75113.59616349725,75.11359616349725,342136913,way,Rajanthangal,Other Industrial,Substation & Electrical Infrastructure,CAUTION_LOWER_RELEVANCE,0,0,0,0,0,76054.15015622247,76.05415015622248,705173099,Sree Amman Transformer Works,Manufacturing & Industrial Works,0,0,0,0,0,84905.35621533814
11.71039,79.35712,331.85,0.53,0.5,2024-11-05,730,N20,VIIRS,n,2.0NRT,297.89,2.31,D,VIIRS_N20,14,10,Tree cover,COVERED,8712.110941951185,8.712110941951185,1202696878,way,Tirunavalur,Other Industrial,Substation & Electrical Infrastructure,CAUTION_LOWER_RELEVANCE,0,0,0,0,1,16822.24780096521,16.82224780096521,1119513114,,Mining & Quarry,0,0,0,0,0,14361.474695886312
10.65226,78.76717,336.8,0.61,0.53,2024-11-05,730,N20,VIIRS,n,2.0NRT,295.25,7.76,D,VIIRS_N20,15,30,Grassland,COVERED,210.59241393088732,0.21059241393088732,375950947,way,,Other Industrial,Industrial Area / Zone,GENERAL_CONTEXT,1,1,1,1,1,4298.344321437069,4.298344321437069,1009648240,,Power Plant,0,0,0,1,1,210.59241393088732
10.44508,79.01453,338.77,0.59,0.53,2024-11-05,730,N20,VIIRS,n,2.0NRT,296.08,4.65,D,VIIRS_N20,16,40,Cropland,COVERED,2312.042233464192,2.312042233464192,1201657684,way,Malaiyur,Other Industrial,Substation & Electrical Infrastructure,CAUTION_LOWER_RELEVANCE,0,0,0,1,1,20487.657911185008,20.487657911185007,986260259,Killanur A,Power Plant,0,0,0,0,0,12420.280579918266
13.39262,80.10134,309.67,0.41,0.37,2024-11-05,2004,N20,VIIRS,n,2.0NRT,294.2,1.09,N,VIIRS_N20,17,20,Shrubland,FAILED_TILE,137472.3642904896,137.47236429048962,202465563,way,,Other Industrial,Industrial Area / Zone,GENERAL_CONTEXT,0,0,0,0,0,139036.827665887,139.036827665887,1026841614,,Mining & Quarry,0,0,0,0,0,137472.3642904896
13.39318,80.0746,307.13,0.41,0.37,2024-11-05,2004,N20,VIIRS,n,2.0NRT,293.17,0.93,N,VIIRS_N20,18,10,Tree cover,FAILED_TILE,137211.4624235174,137.2114624235174,202465563,way,,Other Industrial,Industrial Area / Zone,GENERAL_CONTEXT,0,0,0,0,0,138352.9746446315,138.3529746446315,1026841614,,Mining & Quarry,0,0,0,0,0,137211.4624235174
13.16125,80.28574,306.53,0.4,0.37,2024-11-05,2004,N20,VIIRS,n,2.0NRT,294.31,2.17,N,VIIRS_N20,19,50,Built-up,FAILED_TILE,116662.36292482239,116.66236292482239,202465563,way,,Other Industrial,Industrial Area / Zone,GENERAL_CONTEXT,0,0,0,0,0,122399.52088019278,122.39952088019278,1026841614,,Mining & Quarry,0,0,0,0,0,116662.36292482239
12.64997,77.90159,303.67,0.5,0.41,2024-11-05,2004,N20,VIIRS,n,2.0NRT,290.7,0.53,N,VIIRS_N20,20,20,Shrubland,FAILED_TILE,56594.30644426172,56.59430644426172,425335457,way,Palavadi,Other Industrial,Substation & Electrical Infrastructure,CAUTION_LOWER_RELEVANCE,0,0,0,0,0,73025.59506710271,73.02559506710271,1536206840,HPCL Dharmapuri Terminal,"Oil, Gas & Chemical",0,0,0,0,0,64937.509205358976
12.65149,77.90409,307.14,0.5,0.41,2024-11-05,2004,N20,VIIRS,n,2.0NRT,290.66,0.73,N,VIIRS_N20,21,20,Shrubland,FAILED_TILE,56674.718976831464,56.674718976831464,425335457,way,Palavadi,Other Industrial,Substation & Electrical Infrastructure,CAUTION_LOWER_RELEVANCE,0,0,0,0,0,73100.40475847271,73.1004047584727,1536206840,HPCL Dharmapuri Terminal,"Oil, Gas & Chemical",0,0,0,0,0,64993.81824692595
11.18193,79.09972,305.49,0.42,0.38,2024-11-05,2004,N20,VIIRS,n,2.0NRT,293.98,0.89,N,VIIRS_N20,22,50,Built-up,COVERED,425.9234002300185,0.4259234002300185,340697977,way,,Other Industrial,Substation & Electrical Infrastructure,CAUTION_LOWER_RELEVANCE,1,1,1,1,1,726.5055409951971,0.726505540995197,1468887795,,Power Plant,0,1,1,1,1,761.7616826054219
10.44399,79.01185,329.26,0.65,0.73,2024-11-06,852,N20,VIIRS,n,2.0NRT,296.96,4.07,D,VIIRS_N20,23,20,Shrubland,COVERED,2528.538019187664,2.5285380191876636,1201657684,way,Malaiyur,Other Industrial,Substation & Electrical Infrastructure,CAUTION_LOWER_RELEVANCE,0,0,0,1,1,20356.00481041904,20.35600481041904,986260259,Killanur A,Power Plant,0,0,0,0,0,12124.219538730795
13.08217,79.97812,305.51,0.49,0.48,2024-11-06,1946,N20,VIIRS,n,2.0NRT,289.63,1.13,N,VIIRS_N20,24,20,Shrubland,FAILED_TILE,101985.06707114773,101.98506707114772,202465563,way,,Other Industrial,Industrial Area / Zone,GENERAL_CONTEXT,0,0,0,0,0,102274.13757400696,102.27413757400696,1026841614,,Mining & Quarry,0,0,0,0,0,101985.06707114773
13.08157,79.98259,306.65,0.49,0.48,2024-11-06,1946,N20,VIIRS,n,2.0NRT,289.54,1.15,N,VIIRS_N20,25,30,Grassland,FAILED_TILE,101935.61816199873,101.93561816199873,202465563,way,,Other Industrial,Industrial Area / Zone,GENERAL_CONTEXT,0,0,0,0,0,102322.75733163157,102.32275733163156,1026841614,,Mining & Quarry,0,0,0,0,0,101935.61816199873
12.11268,79.59145,332.93,0.53,0.42,2024-11-08,813,N20,VIIRS,n,2.0NRT,300.65,4.24,D,VIIRS_N20,26,40,Cropland,COVERED,1661.525391031482,1.661525391031482,341813936,way,Chendur,Other Industrial,Substation & Electrical Infrastructure,CAUTION_LOWER_RELEVANCE,0,0,1,1,1,4042.1499812331745,4.042149981233174,705173099,Sree Amman Transformer Works,Manufacturing & Industrial Works,0,0,0,1,1,8537.953527603479
12.97006,79.91603,320.27,0.37,0.58,2024-11-08,2048,N20,VIIRS,n,2.0NRT,278.03,1.46,N,VIIRS_N20,27,30,Grassland,FAILED_TILE,88663.06726286904,88.66306726286903,1026841614,way,,Mining,Mining & Quarry,HIGHER_RELEVANCE,0,0,0,0,0,88663.06726286904,88.66306726286903,1026841614,,Mining & Quarry,0,0,0,0,0,89526.06844698616
11.81808,77.91673,300.71,0.56,0.52,2024-11-08,2048,N20,VIIRS,n,2.0NRT,281.62,1.01,N,VIIRS_N20,28,50,Built-up,COVERED,328.35658889246344,0.32835658889246344,340479236,way,,Other Industrial,Substation & Electrical Infrastructure,CAUTION_LOWER_RELEVANCE,1,1,1,1,1,430.54852234929126,0.43054852234929125,876239837,JSW Steel Plant,Steel / Metallurgy,1,1,1,1,1,1780.5655397774794
11.81653,77.91456,300.69,0.56,0.52,2024-11-08,2048,N20,VIIRS,n,2.0NRT,279.36,1.23,N,VIIRS_N20,29,10,Tree cover,COVERED,456.8826663525913,0.4568826663525913,876239837,way,JSW Steel Plant,Manufacturing,Steel / Metallurgy,HIGHER_RELEVANCE,1,1,1,1,1,456.8826663525913,0.4568826663525913,876239837,JSW Steel Plant,Steel / Metallurgy,1,1,1,1,1,1498.7110293226665
11.18483,79.0995,302.91,0.35,0.56,2024-11-08,2048,N20,VIIRS,n,2.0NRT,279.77,0.85,N,VIIRS_N20,30,50,Built-up,COVERED,336.38136249246065,0.33638136249246064,340697977,way,,Other Industrial,Substation & Electrical Infrastructure,CAUTION_LOWER_RELEVANCE,1,1,1,1,1,605.7154374334536,0.6057154374334537,1468887795,,Power Plant,0,1,1,1,1,806.3601251657773
13.16331,80.28699,309.23,0.38,0.59,2024-11-08,2048,N20,VIIRS,n,2.0NRT,285.26,0.96,N,VIIRS_N20,31,50,Built-up,FAILED_TILE,116922.44802277119,116.92244802277119,202465563,way,,Other Industrial,Industrial Area / Zone,GENERAL_CONTEXT,0,0,0,0,0,122665.27697548093,122.66527697548092,1026841614,,Mining & Quarry,0,0,0,0,0,116922.44802277119
13.08252,79.97832,310.31,0.37,0.58,2024-11-08,2048,N20,VIIRS,n,2.0NRT,286.86,0.91,N,VIIRS_N20,32,20,Shrubland,FAILED_TILE,102024.68482408114,102.02468482408113,202465563,way,,Other Industrial,Industrial Area / Zone,GENERAL_CONTEXT,0,0,0,0,0,102317.02106355492,102.31702106355492,1026841614,,Mining & Quarry,0,0,0,0,0,102024.68482408114
12.96966,79.91622,315.4,0.37,0.58,2024-11-08,2048,N20,VIIRS,n,2.0NRT,277.86,1.12,N,VIIRS_N20,33,40,Cropland,FAILED_TILE,88623.36201494736,88.62336201494736,1026841614,way,,Mining,Mining & Quarry,HIGHER_RELEVANCE,0,0,0,0,0,88623.36201494736,88.62336201494736,1026841614,,Mining & Quarry,0,0,0,0,0,89480.85016805097
11.38716,78.70573,330.54,0.4,0.37,2024-11-09,756,N20,VIIRS,n,2.0NRT,279.55,2.52,D,VIIRS_N20,34,40,Cropland,COVERED,6305.329550475626,6.305329550475626,1201862060,way,Dhanalakshmi Sugars,Other Industrial,Substation & Electrical Infrastructure,CAUTION_LOWER_RELEVANCE,0,0,0,0,1,16398.593446370905,16.398593446370906,1000569414,,Mining & Quarry,0,0,0,0,0,21822.461687162842
11.39555,77.11979,341.93,0.46,0.39,2024-11-09,756,N20,VIIRS,n,2.0NRT,301.53,4.78,D,VIIRS_N20,35,30,Grassland,FAILED_TILE,19112.91841048882,19.11291841048882,336571755,way,Bannari Amman Sugars,Other Industrial,Substation & Electrical Infrastructure,CAUTION_LOWER_RELEVANCE,0,0,0,0,0,19300.676985737697,19.300676985737695,17338131,,Power Plant,0,0,0,0,0,19177.86175419431
12.29479,78.40997,330.79,0.4,0.37,2024-11-09,756,N20,VIIRS,n,2.0NRT,293.83,2.87,D,VIIRS_N20,36,40,Cropland,FAILED_TILE,16203.19104785215,16.20319104785215,1468887802,way,,Power Plant,Power Plant,HIGHER_RELEVANCE,0,0,0,0,0,16203.19104785215,16.20319104785215,1468887802,,Power Plant,0,0,0,0,0,30492.074798511185
12.76743,77.78644,334.85,0.42,0.38,2024-11-09,756,N20,VIIRS,n,2.0NRT,299.92,2.54,D,VIIRS_N20,37,60,Bare/sparse vegetation,FAILED_TILE,59342.10148951248,59.34210148951248,1134097095,way,,Other Industrial,Substation & Electrical Infrastructure,CAUTION_LOWER_RELEVANCE,0,0,0,0,0,60330.52020290047,60.33052020290047,971761880,,Mining & Quarry,0,0,0,0,0,63359.703770510285
12.79986,77.9681,329.83,0.41,0.37,2024-11-09,756,N20,VIIRS,n,2.0NRT,302.07,2.37,D,VIIRS_N20,38,40,Cropland,FAILED_TILE,71318.27733142306,71.31827733142306,425335457,way,Palavadi,Other Industrial,Substation & Electrical Infrastructure,CAUTION_LOWER_RELEVANCE,0,0,0,0,0,78265.91739729601,78.26591739729601,971761880,,Mining & Quarry,0,0,0,0,0,78773.86881905474
13.08321,79.9809,304.64,0.54,0.42,2024-11-09,2029,N20,VIIRS,n,2.0NRT,285.62,0.83,N,VIIRS_N20,39,30,Grassland,FAILED_TILE,102111.0729909121,102.1110729909121,202465563,way,,Other Industrial,Industrial Area / Zone,GENERAL_CONTEXT,0,0,0,0,0,102456.84598088564,102.45684598088565,1026841614,,Mining & Quarry,0,0,0,0,0,102111.0729909121
12.65022,77.90694,301.68,0.43,0.38,2024-11-09,2029,N20,VIIRS,n,2.0NRT,283.78,0.72,N,VIIRS_N20,40,40,Cropland,FAILED_TILE,56448.95807025455,56.44895807025455,425335457,way,Palavadi,Other Industrial,Substation & Electrical Infrastructure,CAUTION_LOWER_RELEVANCE,0,0,0,0,0,72869.80345159635,72.86980345159635,1536206840,HPCL Dharmapuri Terminal,"Oil, Gas & Chemical",0,0,0,0,0,64748.94879667167
12.65088,77.903,299.37,0.43,0.38,2024-11-09,2029,N20,VIIRS,n,2.0NRT,283.9,0.72,N,VIIRS_N20,41,20,Shrubland,FAILED_TILE,56645.04696887466,56.64504696887466,425335457,way,Palavadi,Other Industrial,Substation & Electrical Infrastructure,CAUTION_LOWER_RELEVANCE,0,0,0,0,0,73073.18818911149,73.07318818911149,1536206840,HPCL Dharmapuri Terminal,"Oil, Gas & Chemical",0,0,0,0,0,64974.52421169199
12.85108,79.90353,311.16,0.54,0.42,2024-11-09,2029,N20,VIIRS,n,2.0NRT,282.75,1.68,N,VIIRS_N20,42,60,Bare/sparse vegetation,FAILED_TILE,75428.18693713525,75.42818693713525,1026841614,way,,Mining,Mining & Quarry,HIGHER_RELEVANCE,0,0,0,0,0,75428.18693713525,75.42818693713525,1026841614,,Mining & Quarry,0,0,0,0,0,76378.84270369743
11.81658,77.91605,300.83,0.44,0.39,2024-11-09,2029,N20,VIIRS,n,2.0NRT,275.93,1.22,N,VIIRS_N20,43,50,Built-up,COVERED,330.234601173254,0.33023460117325404,876239837,way,JSW Steel Plant,Manufacturing,Steel / Metallurgy,HIGHER_RELEVANCE,1,1,1,1,1,330.234601173254,0.33023460117325404,876239837,JSW Steel Plant,Steel / Metallurgy,1,1,1,1,1,1654.3277787827258
11.81173,77.92348,307.91,0.44,0.39,2024-11-09,2029,N20,VIIRS,n,2.0NRT,276.34,1.44,N,VIIRS_N20,44,50,Built-up,COVERED,565.6842580703791,0.5656842580703791,340479189,way,,Other Industrial,Substation & Electrical Infrastructure,CAUTION_LOWER_RELEVANCE,0,1,1,1,1,651.134170084112,0.651134170084112,876239837,JSW Steel Plant,Steel / Metallurgy,0,1,1,1,1,2385.847445397178
11.20356,77.56443,297.61,0.43,0.38,2024-11-09,2029,N20,VIIRS,n,2.0NRT,269.71,0.59,N,VIIRS_N20,45,30,Grassland,COVERED,547.7675827585176,0.5477675827585177,823591866,way,,Mining,Mining & Quarry,HIGHER_RELEVANCE,0,1,1,1,1,547.7675827585176,0.5477675827585177,823591866,,Mining & Quarry,0,1,1,1,1,1633.5729059317835
11.17264,79.26752,332.76,0.43,0.46,2024-11-10,735,N20,VIIRS,n,2.0NRT,303.05,8.09,D,VIIRS_N20,46,10,Tree cover,COVERED,10369.192746213672,10.369192746213672,1000877896,way,,Mining,Mining & Quarry,HIGHER_RELEVANCE,0,0,0,0,0,10369.192746213672,10.369192746213672,1000877896,,Mining & Quarry,0,0,0,0,0,12736.85169397191
11.17331,79.27145,341.73,0.43,0.46,2024-11-10,735,N20,VIIRS,n,2.0NRT,303.22,10.13,D,VIIRS_N20,47,10,Tree cover,COVERED,10140.75941602158,10.140759416021579,341305254,way,Jayankondam,Other Industrial,Substation & Electrical Infrastructure,CAUTION_LOWER_RELEVANCE,0,0,0,0,0,10670.155552068016,10.670155552068016,1000877896,,Mining & Quarry,0,0,0,0,0,13131.940959092915
9.28159,78.86513,334.38,0.5,0.49,2024-11-10,735,N20,VIIRS,n,2.0NRT,299.92,2.26,D,VIIRS_N20,48,30,Grassland,COVERED,6623.247135592411,6.623247135592411,385335096,way,Rajasuriyamadai,Other Industrial,Substation & Electrical Infrastructure,CAUTION_LOWER_RELEVANCE,0,0,0,0,1,8039.875422715919,8.03987542271592,969654405,Valantharavai Combined Cycle Gas Power Plant,Power Plant,0,0,0,0,1,8027.6514729101455
13.18365,79.56056,339.41,0.39,0.44,2024-11-10,737,N20,VIIRS,n,2.0NRT,300.13,5.94,D,VIIRS_N20,49,40,Cropland,FAILED_TILE,112863.87556154594,112.86387556154594,1026841614,way,,Mining,Mining & Quarry,HIGHER_RELEVANCE,0,0,0,0,0,112863.87556154594,112.86387556154594,1026841614,,Mining & Quarry,0,0,0,0,0,120725.07740771976
11.81621,77.91726,325.29,0.42,0.37,2024-11-10,2010,N20,VIIRS,n,2.0NRT,292.1,3.35,N,VIIRS_N20,50,50,Built-up,COVERED,217.38376114187676,0.21738376114187677,876239837,way,JSW Steel Plant,Manufacturing,Steel / Metallurgy,HIGHER_RELEVANCE,1,1,1,1,1,217.38376114187676,0.21738376114187677,876239837,JSW Steel Plant,Steel / Metallurgy,1,1,1,1,1,1769.1777222770281
11.81612,77.91793,329.91,0.42,0.37,2024-11-10,2010,N20,VIIRS,n,2.0NRT,292.9,3.93,N,VIIRS_N20,51,60,Bare/sparse vegetation,COVERED,184.0999649636778,0.18409996496367778,876239837,way,JSW Steel Plant,Manufacturing,Steel / Metallurgy,HIGHER_RELEVANCE,1,1,1,1,1,184.0999649636778,0.18409996496367778,876239837,JSW Steel Plant,Steel / Metallurgy,1,1,1,1,1,1837.225324178608
12.29693,79.69377,329.6,0.41,0.6,2024-11-11,718,N20,VIIRS,n,2.0NRT,289.95,1.67,D,VIIRS_N20,52,30,Grassland,FAILED_TILE,14131.512146807774,14.131512146807774,1026841614,way,,Mining,Mining & Quarry,HIGHER_RELEVANCE,0,0,0,0,0,14131.512146807774,14.131512146807774,1026841614,,Mining & Quarry,0,0,0,0,0,30221.97411743814
11.20259,77.5637,304.3,0.52,0.41,2024-11-14,2036,N20,VIIRS,n,2.0NRT,279.75,0.92,N,VIIRS_N20,53,30,Grassland,COVERED,520.3661417401237,0.5203661417401236,823591866,way,,Mining,Mining & Quarry,HIGHER_RELEVANCE,0,1,1,1,1,520.3661417401237,0.5203661417401236,823591866,,Mining & Quarry,0,1,1,1,1,1757.4399709236686
11.81859,77.91496,300.99,0.53,0.42,2024-11-14,2036,N20,VIIRS,n,2.0NRT,286.54,0.79,N,VIIRS_N20,54,50,Built-up,COVERED,527.9437968338219,0.5279437968338219,340479236,way,,Other Industrial,Substation & Electrical Infrastructure,CAUTION_LOWER_RELEVANCE,0,1,1,1,1,576.8278152633466,0.5768278152633466,876239837,JSW Steel Plant,Steel / Metallurgy,0,1,1,1,1,1627.991881416825
11.20184,77.56679,302.92,0.52,0.41,2024-11-14,2036,N20,VIIRS,n,2.0NRT,279.07,0.69,N,VIIRS_N20,55,60,Bare/sparse vegetation,COVERED,264.3672600774778,0.2643672600774778,823591866,way,,Mining,Mining & Quarry,HIGHER_RELEVANCE,1,1,1,1,1,264.3672600774778,0.2643672600774778,823591866,,Mining & Quarry,1,1,1,1,1,1535.7808659409693
13.15905,80.2841,309.74,0.4,0.37,2024-11-15,2016,N20,VIIRS,n,2.0NRT,290.96,2.63,N,VIIRS_N20,56,50,Built-up,FAILED_TILE,116374.22686051099,116.37422686051099,202465563,way,,Other Industrial,Industrial Area / Zone,GENERAL_CONTEXT,0,0,0,0,0,122100.2839793664,122.10028397936641,1026841614,,Mining & Quarry,0,0,0,0,0,116374.22686051099
10.93138,77.06387,306.01,0.39,0.36,2024-11-15,2018,N20,VIIRS,n,2.0NRT,288.91,0.68,N,VIIRS_N20,57,30,Grassland,FAILED_TILE,20346.244497251468,20.34624449725147,3449174617,node,,Power Plant,Power Plant,HIGHER_RELEVANCE,0,0,0,0,0,20346.244497251468,20.34624449725147,3449174617,,Power Plant,0,0,0,0,0,21224.968244098975
11.80968,77.92031,311.5,0.4,0.44,2024-11-16,1957,N20,VIIRS,n,2.0NRT,283.67,1.82,N,VIIRS_N20,58,50,Built-up,COVERED,462.57664971445774,0.4625766497144577,340479189,way,,Other Industrial,Substation & Electrical Infrastructure,CAUTION_LOWER_RELEVANCE,1,1,1,1,1,581.5781495621236,0.5815781495621236,876239837,JSW Steel Plant,Steel / Metallurgy,0,1,1,1,1,2057.888284174922
10.9307,77.06355,305.42,0.44,0.46,2024-11-16,1957,N20,VIIRS,n,2.0NRT,288.29,0.94,N,VIIRS_N20,59,60,Bare/sparse vegetation,FAILED_TILE,20380.910858071416,20.380910858071417,3449174406,node,,Power Plant,Power Plant,HIGHER_RELEVANCE,0,0,0,0,0,20380.910858071416,20.380910858071417,3449174406,,Power Plant,0,0,0,0,0,21279.503404516625
11.81306,77.92103,297.2,0.42,0.61,2024-11-17,1940,N20,VIIRS,n,2.0NRT,282.33,0.71,N,VIIRS_N20,60,50,Built-up,COVERED,346.28826732148985,0.3462882673214899,876239837,way,JSW Steel Plant,Manufacturing,Steel / Metallurgy,HIGHER_RELEVANCE,1,1,1,1,1,346.28826732148985,0.3462882673214899,876239837,JSW Steel Plant,Steel / Metallurgy,1,1,1,1,1,2121.6677651721084
13.25654,79.43639,334.69,0.44,0.38,2024-11-19,807,N20,VIIRS,n,2.0NRT,297.58,4.14,D,VIIRS_N20,61,10,Tree cover,FAILED_TILE,123946.88059357193,123.94688059357193,1026841614,way,,Mining,Mining & Quarry,HIGHER_RELEVANCE,0,0,0,0,0,123946.88059357193,123.94688059357193,1026841614,,Mining & Quarry,0,0,0,0,0,133361.7334423016
13.32541,79.48901,332.04,0.44,0.39,2024-11-19,807,N20,VIIRS,n,2.0NRT,298.23,2.34,D,VIIRS_N20,62,30,Grassland,FAILED_TILE,129900.88679558122,129.90088679558121,1026841614,way,,Mining,Mining & Quarry,HIGHER_RELEVANCE,0,0,0,0,0,129900.88679558122,129.90088679558121,1026841614,,Mining & Quarry,0,0,0,0,0,138209.24606356292
13.08208,79.97921,299.57,0.57,0.52,2024-11-19,2042,N20,VIIRS,n,2.0NRT,282.49,0.43,N,VIIRS_N20,63,60,Bare/sparse vegetation,FAILED_TILE,101979.05210441966,101.97905210441967,202465563,way,,Other Industrial,Industrial Area / Zone,GENERAL_CONTEXT,0,0,0,0,0,102291.86807495769,102.29186807495769,1026841614,,Mining & Quarry,0,0,0,0,0,101979.05210441966
11.80911,77.92155,304.06,0.44,0.46,2024-11-19,2042,N20,VIIRS,n,2.0NRT,290.57,1.39,N,VIIRS_N20,64,50,Built-up,COVERED,328.57753709290256,0.32857753709290255,340479189,way,,Other Industrial,Substation & Electrical Infrastructure,CAUTION_LOWER_RELEVANCE,1,1,1,1,1,700.1087721655335,0.7001087721655336,876239837,JSW Steel Plant,Steel / Metallurgy,0,1,1,1,1,2200.399508416045
11.81893,77.91513,309.46,0.44,0.46,2024-11-19,2042,N20,VIIRS,n,2.0NRT,289.97,1.7,N,VIIRS_N20,65,10,Tree cover,COVERED,526.1862632754564,0.5261862632754565,340479236,way,,Other Industrial,Substation & Electrical Infrastructure,CAUTION_LOWER_RELEVANCE,0,1,1,1,1,596.6186926097956,0.5966186926097956,876239837,JSW Steel Plant,Steel / Metallurgy,0,1,1,1,1,1661.5725439324403
13.44629,80.09775,307.03,0.45,0.39,2024-11-20,2023,N20,VIIRS,n,2.0NRT,287.04,0.72,N,VIIRS_N20,66,50,Built-up,FAILED_TILE,143352.51413134564,143.35251413134563,202465563,way,,Other Industrial,Industrial Area / Zone,GENERAL_CONTEXT,0,0,0,0,0,144697.6329779109,144.6976329779109,1026841614,,Mining & Quarry,0,0,0,0,0,143352.51413134564
13.39475,80.10127,298.46,0.45,0.39,2024-11-20,2023,N20,VIIRS,n,2.0NRT,284.69,0.18,N,VIIRS_N20,67,20,Shrubland,FAILED_TILE,137706.51917862103,137.70651917862102,202465563,way,,Other Industrial,Industrial Area / Zone,GENERAL_CONTEXT,0,0,0,0,0,139263.06737394378,139.26306737394378,1026841614,,Mining & Quarry,0,0,0,0,0,137706.51917862103
13.16029,80.28455,302.73,0.46,0.39,2024-11-20,2023,N20,VIIRS,n,2.0NRT,284.46,0.44,N,VIIRS_N20,68,10,Tree cover,FAILED_TILE,116520.4369351603,116.52043693516029,202465563,way,,Other Industrial,Industrial Area / Zone,GENERAL_CONTEXT,0,0,0,0,0,122244.96814713527,122.24496814713527,1026841614,,Mining & Quarry,0,0,0,0,0,116520.4369351603
11.81179,77.92168,300.16,0.39,0.36,2024-11-20,2025,N20,VIIRS,n,2.0NRT,282.34,0.86,N,VIIRS_N20,69,10,Tree cover,COVERED,482.90935284388536,0.48290935284388536,876239837,way,JSW Steel Plant,Manufacturing,Steel / Metallurgy,HIGHER_RELEVANCE,1,1,1,1,1,482.90935284388536,0.48290935284388536,876239837,JSW Steel Plant,Steel / Metallurgy,1,1,1,1,1,2189.8545865388032
11.81606,77.91496,307.45,0.49,0.4,2024-11-21,2004,N20,VIIRS,n,2.0NRT,288.83,2.09,N,VIIRS_N20,70,50,Built-up,COVERED,393.82918118309976,0.3938291811830998,876239837,way,JSW Steel Plant,Manufacturing,Steel / Metallurgy,HIGHER_RELEVANCE,1,1,1,1,1,393.82918118309976,0.3938291811830998,876239837,JSW Steel Plant,Steel / Metallurgy,1,1,1,1,1,1523.8830570660975
13.06687,80.1871,304.0,0.41,0.37,2024-11-21,2004,N20,VIIRS,n,2.0NRT,292.92,0.46,N,VIIRS_N20,71,50,Built-up,FAILED_TILE,103559.02387864474,103.55902387864475,202465563,way,,Other Industrial,Industrial Area / Zone,GENERAL_CONTEXT,0,0,0,0,0,108226.96849496383,108.22696849496383,1026841614,,Mining & Quarry,0,0,0,0,0,103559.02387864474
13.16066,80.2851,313.65,0.4,0.37,2024-11-21,2004,N20,VIIRS,n,2.0NRT,292.77,1.11,N,VIIRS_N20,72,50,Built-up,FAILED_TILE,116578.24770140208,116.57824770140209,202465563,way,,Other Industrial,Industrial Area / Zone,GENERAL_CONTEXT,0,0,0,0,0,122309.14895469321,122.30914895469321,1026841614,,Mining & Quarry,0,0,0,0,0,116578.24770140208
13.16213,80.28485,311.61,0.4,0.37,2024-11-21,2004,N20,VIIRS,n,2.0NRT,292.11,0.54,N,VIIRS_N20,73,10,Tree cover,FAILED_TILE,116724.85935142782,116.72485935142782,202465563,way,,Other Industrial,Industrial Area / Zone,GENERAL_CONTEXT,0,0,0,0,0,122441.10200598478,122.44110200598477,1026841614,,Mining & Quarry,0,0,0,0,0,116724.85935142782
13.39214,80.09968,308.7,0.41,0.37,2024-11-21,2004,N20,VIIRS,n,2.0NRT,292.85,0.92,N,VIIRS_N20,74,20,Shrubland,FAILED_TILE,137397.58035418938,137.3975803541894,202465563,way,,Other Industrial,Industrial Area / Zone,GENERAL_CONTEXT,0,0,0,0,0,138937.53183875993,138.93753183875992,1026841614,,Mining & Quarry,0,0,0,0,0,137397.58035418938
13.31326,80.00461,338.93,0.48,0.64,2024-11-22,711,N20,VIIRS,n,2.0NRT,293.98,4.28,D,VIIRS_N20,75,10,Tree cover,FAILED_TILE,127778.07008552176,127.77807008552176,202465563,way,,Other Industrial,Industrial Area / Zone,GENERAL_CONTEXT,0,0,0,0,0,127973.39212355338,127.97339212355338,1026841614,,Mining & Quarry,0,0,0,0,0,127778.07008552176
13.31909,80.0034,332.19,0.48,0.64,2024-11-22,711,N20,VIIRS,n,2.0NRT,293.99,4.28,D,VIIRS_N20,76,40,Cropland,FAILED_TILE,128419.24133263431,128.4192413326343,202465563,way,,Other Industrial,Industrial Area / Zone,GENERAL_CONTEXT,0,0,0,0,0,128580.5243175108,128.5805243175108,1026841614,,Mining & Quarry,0,0,0,0,0,128419.24133263431
13.3172,80.0006,341.84,0.48,0.64,2024-11-22,711,N20,VIIRS,n,2.0NRT,294.78,9.18,D,VIIRS_N20,77,40,Cropland,FAILED_TILE,128195.18916805476,128.19518916805475,202465563,way,,Other Industrial,Industrial Area / Zone,GENERAL_CONTEXT,0,0,0,0,0,128312.72108503556,128.31272108503555,1026841614,,Mining & Quarry,0,0,0,0,0,128195.18916805476
13.16057,80.27849,306.96,0.49,0.65,2024-11-23,1925,N20,VIIRS,n,2.0NRT,285.23,1.42,N,VIIRS_N20,78,50,Built-up,FAILED_TILE,116345.08096160118,116.34508096160118,202465563,way,,Other Industrial,Industrial Area / Zone,GENERAL_CONTEXT,0,0,0,0,0,121967.79261362515,121.96779261362515,1026841614,,Mining & Quarry,0,0,0,0,0,116345.08096160118
12.86026,79.90279,305.01,0.52,0.67,2024-11-23,1925,N20,VIIRS,n,2.0NRT,290.01,1.17,N,VIIRS_N20,79,40,Cropland,FAILED_TILE,76410.7393297646,76.41073932976461,1026841614,way,,Mining,Mining & Quarry,HIGHER_RELEVANCE,0,0,0,0,0,76410.7393297646,76.41073932976461,1026841614,,Mining & Quarry,0,0,0,0,0,77402.6212404648
11.79451,77.72559,328.6,0.42,0.38,2024-11-24,813,N20,VIIRS,n,2.0NRT,280.78,2.14,D,VIIRS_N20,80,40,Cropland,COVERED,4975.3106890549925,4.975310689054992,876239831,way,,Mining,Mining & Quarry,HIGHER_RELEVANCE,0,0,0,1,1,4975.3106890549925,4.975310689054992,876239831,,Mining & Quarry,0,0,0,1,1,9343.88146836759
11.53918,79.05564,304.73,0.5,0.41,2024-11-25,2029,N20,VIIRS,n,2.0NRT,281.42,0.7,N,VIIRS_N20,81,40,Cropland,COVERED,2042.5513706596103,2.04255137065961,1201892040,way,Adari,Other Industrial,Substation & Electrical Infrastructure,CAUTION_LOWER_RELEVANCE,0,0,0,1,1,3727.5874756373937,3.7275874756373937,1468887806,,Power Plant,0,0,0,1,1,16591.649157699183
13.39221,80.07728,306.79,0.48,0.4,2024-12-02,1957,N20,VIIRS,n,2.0NRT,290.19,0.59,N,VIIRS_N20,82,30,Grassland,FAILED_TILE,137133.7946247407,137.1337946247407,202465563,way,,Other Industrial,Industrial Area / Zone,GENERAL_CONTEXT,0,0,0,0,0,138320.5194656119,138.3205194656119,1026841614,,Mining & Quarry,0,0,0,0,0,137133.7946247407
9.03133,77.63218,332.93,0.38,0.59,2024-12-03,843,N20,VIIRS,n,2.0NRT,296.24,2.41,D,VIIRS_N20,83,40,Cropland,FAILED_TILE,39986.89177422207,39.98689177422207,3148284509,node,,Power Plant,Power Plant,HIGHER_RELEVANCE,0,0,0,0,0,39986.89177422207,39.98689177422207,3148284509,,Power Plant,0,0,0,0,0,45969.75417214977
13.08149,79.97901,315.32,0.63,0.54,2024-12-03,1938,N20,VIIRS,n,2.0NRT,275.63,3.09,N,VIIRS_N20,84,60,Bare/sparse vegetation,FAILED_TILE,101912.7435308386,101.91274353083861,202465563,way,,Other Industrial,Industrial Area / Zone,GENERAL_CONTEXT,0,0,0,0,0,102223.02057091243,102.22302057091242,1026841614,,Mining & Quarry,0,0,0,0,0,101912.7435308386
13.08649,79.97971,303.22,0.63,0.54,2024-12-03,1938,N20,VIIRS,n,2.0NRT,279.65,2.97,N,VIIRS_N20,85,10,Tree cover,FAILED_TILE,102470.9994534866,102.4709994534866,202465563,way,,Other Industrial,Industrial Area / Zone,GENERAL_CONTEXT,0,0,0,0,0,102781.36553545673,102.78136553545673,1026841614,,Mining & Quarry,0,0,0,0,0,102470.9994534866
13.1657,80.27771,302.88,0.64,0.72,2024-12-04,1919,N20,VIIRS,n,2.0NRT,286.77,1.2,N,VIIRS_N20,86,50,Built-up,FAILED_TILE,116861.58402325513,116.86158402325513,202465563,way,,Other Industrial,Industrial Area / Zone,GENERAL_CONTEXT,0,0,0,0,0,122435.03956083188,122.43503956083188,1026841614,,Mining & Quarry,0,0,0,0,0,116861.58402325513
11.18143,79.0966,300.15,0.56,0.69,2024-12-04,2059,N20,VIIRS,n,2.0NRT,283.25,1.08,N,VIIRS_N20,87,40,Cropland,COVERED,297.6449673170429,0.29764496731704293,340697977,way,,Other Industrial,Substation & Electrical Infrastructure,CAUTION_LOWER_RELEVANCE,1,1,1,1,1,1040.8403744346022,1.0408403744346022,1468887795,,Power Plant,0,0,1,1,1,424.6819095363482
11.81185,77.92299,301.56,0.45,0.63,2024-12-04,2059,N20,VIIRS,n,2.0NRT,287.41,1.18,N,VIIRS_N20,88,50,Built-up,COVERED,578.8710810693607,0.5788710810693607,340479189,way,,Other Industrial,Substation & Electrical Infrastructure,CAUTION_LOWER_RELEVANCE,0,1,1,1,1,597.9464194630436,0.5979464194630436,876239837,JSW Steel Plant,Steel / Metallurgy,0,1,1,1,1,2332.338058898034
10.93044,77.06243,298.53,0.41,0.61,2024-12-04,2059,N20,VIIRS,n,2.0NRT,282.48,1.57,N,VIIRS_N20,89,40,Cropland,FAILED_TILE,20502.571767865596,20.502571767865597,3449174406,node,,Power Plant,Power Plant,HIGHER_RELEVANCE,0,0,0,0,0,20502.571767865596,20.502571767865597,3449174406,,Power Plant,0,0,0,0,0,21404.995467007215
8.46327,78.09595,335.56,0.38,0.36,2024-12-05,805,N20,VIIRS,n,2.0NRT,298.98,4.51,D,VIIRS_N20,90,20,Shrubland,FAILED_TILE,75968.60443986111,75.96860443986111,1264776476,way,,Power Plant,Power Plant,HIGHER_RELEVANCE,0,0,0,0,0,75968.60443986111,75.96860443986111,1264776476,,Power Plant,0,0,0,0,0,102836.98284756874
9.78928,78.08914,332.05,0.39,0.36,2024-12-05,807,N20,VIIRS,n,2.0NRT,298.1,2.17,D,VIIRS_N20,91,30,Grassland,COVERED,1578.1053174993233,1.5781053174993234,202527042,way,,Mining,Mining & Quarry,HIGHER_RELEVANCE,0,0,1,1,1,1578.1053174993233,1.5781053174993234,202527042,,Mining & Quarry,0,0,1,1,1,4190.240046331697
11.81644,77.91484,314.01,0.43,0.46,2024-12-05,2042,N20,VIIRS,n,2.0NRT,291.14,1.67,N,VIIRS_N20,92,50,Built-up,COVERED,425.51752896942685,0.42551752896942685,876239837,way,JSW Steel Plant,Manufacturing,Steel / Metallurgy,HIGHER_RELEVANCE,1,1,1,1,1,425.51752896942685,0.42551752896942685,876239837,JSW Steel Plant,Steel / Metallurgy,1,1,1,1,1,1524.297804838194
13.08348,79.98227,338.59,0.56,0.52,2024-12-05,2042,N20,VIIRS,n,2.0NRT,291.76,7.89,N,VIIRS_N20,93,30,Grassland,FAILED_TILE,102146.54020147427,102.14654020147427,202465563,way,,Other Industrial,Industrial Area / Zone,GENERAL_CONTEXT,0,0,0,0,0,102520.93428053125,102.52093428053125,1026841614,,Mining & Quarry,0,0,0,0,0,102146.54020147427
11.2042,77.56649,311.38,0.42,0.45,2024-12-05,2042,N20,VIIRS,n,2.0NRT,290.66,0.98,N,VIIRS_N20,94,30,Grassland,COVERED,528.3272957877394,0.5283272957877394,823591866,way,,Mining,Mining & Quarry,HIGHER_RELEVANCE,0,1,1,1,1,528.3272957877394,0.5283272957877394,823591866,,Mining & Quarry,0,1,1,1,1,1404.5081723978294
11.30839,78.23434,340.17,0.49,0.41,2024-12-06,748,N20,VIIRS,n,2.0NRT,299.79,13.94,D,VIIRS_N20,95,40,Cropland,COVERED,4162.416756934263,4.162416756934262,1097586861,way,Sendamangalam,Other Industrial,Substation & Electrical Infrastructure,CAUTION_LOWER_RELEVANCE,0,0,0,1,1,12548.940136840443,12.548940136840443,1010297113,,Power Plant,0,0,0,0,0,11496.07875128474
11.55684,78.93368,334.28,0.45,0.39,2024-12-06,748,N20,VIIRS,n,2.0NRT,297.82,3.68,D,VIIRS_N20,96,40,Cropland,COVERED,4886.681073339836,4.886681073339836,17419092,relation,,Power Plant,Power Plant,HIGHER_RELEVANCE,0,0,0,1,1,4886.681073339836,4.886681073339836,17419092,,Power Plant,0,0,0,1,1,10557.477907714892
11.18291,79.10018,304.45,0.43,0.38,2024-12-06,2023,N20,VIIRS,n,2.0NRT,281.86,0.66,N,VIIRS_N20,97,50,Built-up,COVERED,422.22314401779533,0.4222231440177953,340697977,way,,Other Industrial,Substation & Electrical Infrastructure,CAUTION_LOWER_RELEVANCE,1,1,1,1,1,621.5754888312435,0.6215754888312436,1468887795,,Power Plant,0,1,1,1,1,819.6192553402012
11.8087,77.92446,305.36,0.39,0.36,2024-12-06,2023,N20,VIIRS,n,2.0NRT,293.0,1.04,N,VIIRS_N20,98,50,Built-up,COVERED,264.94843807385547,0.2649484380738555,340479189,way,,Other Industrial,Substation & Electrical Infrastructure,CAUTION_LOWER_RELEVANCE,1,1,1,1,1,936.9737556373791,0.9369737556373791,876239837,JSW Steel Plant,Steel / Metallurgy,0,1,1,1,1,2520.3843654777784
11.80927,77.92089,305.07,0.39,0.36,2024-12-06,2023,N20,VIIRS,n,2.0NRT,292.28,1.0,N,VIIRS_N20,99,50,Built-up,COVERED,386.4031797005644,0.3864031797005644,340479189,way,,Other Industrial,Substation & Electrical Infrastructure,CAUTION_LOWER_RELEVANCE,1,1,1,1,1,649.6130041948048,0.6496130041948048,876239837,JSW Steel Plant,Steel / Metallurgy,0,1,1,1,1,2126.718360458154
11.81649,77.91842,315.16,0.39,0.36,2024-12-06,2023,N20,VIIRS,n,2.0NRT,289.77,1.29,N,VIIRS_N20,100,50,Built-up,COVERED,122.0163267572707,0.1220163267572707,340479236,way,,Other Industrial,Substation & Electrical Infrastructure,CAUTION_LOWER_RELEVANCE,1,1,1,1,1,224.12330037262927,0.22412330037262929,876239837,JSW Steel Plant,Steel / Metallurgy,1,1,1,1,1,1899.1866456875614
13.16047,80.28578,309.56,0.46,0.39,2024-12-06,2023,N20,VIIRS,n,2.0NRT,292.99,2.07,N,VIIRS_N20,101,50,Built-up,FAILED_TILE,116581.43621366248,116.58143621366249,202465563,way,,Other Industrial,Industrial Area / Zone,GENERAL_CONTEXT,0,0,0,0,0,122324.86247736009,122.32486247736009,1026841614,,Mining & Quarry,0,0,0,0,0,116581.43621366248
10.92305,77.06053,302.27,0.39,0.36,2024-12-06,2025,N20,VIIRS,n,2.0NRT,290.32,0.37,N,VIIRS_N20,102,10,Tree cover,FAILED_TILE,20710.235048232153,20.710235048232153,3449174406,node,,Power Plant,Power Plant,HIGHER_RELEVANCE,0,0,0,0,0,20710.235048232153,20.710235048232153,3449174406,,Power Plant,0,0,0,0,0,21845.30146716064
9.69524,78.25095,330.05,0.35,0.57,2024-12-07,730,N20,VIIRS,n,2.0NRT,295.34,2.53,D,VIIRS_N20,103,30,Grassland,COVERED,4800.126337595339,4.800126337595339,17323908,relation,,Power Plant,Power Plant,HIGHER_RELEVANCE,0,0,0,1,1,4800.126337595339,4.800126337595339,17323908,,Power Plant,0,0,0,1,1,14590.767895066174
11.41806,77.40839,330.35,0.38,0.58,2024-12-07,730,N20,VIIRS,n,2.0NRT,290.46,2.7,D,VIIRS_N20,104,40,Cropland,COVERED,1887.841541042334,1.887841541042334,336571721,way,,Other Industrial,Substation & Electrical Infrastructure,CAUTION_LOWER_RELEVANCE,0,0,1,1,1,8110.741316425698,8.110741316425697,1440947503,Coirmedia,Manufacturing & Industrial Works,0,0,0,0,1,10588.58736034016
10.9318,77.06347,300.96,0.54,0.42,2024-12-07,2004,N20,VIIRS,n,2.0NRT,290.39,1.32,N,VIIRS_N20,105,30,Grassland,FAILED_TILE,20390.149124228887,20.390149124228888,3449174617,node,,Power Plant,Power Plant,HIGHER_RELEVANCE,0,0,0,0,0,20390.149124228887,20.390149124228888,3449174617,,Power Plant,0,0,0,0,0,21254.13573822705
11.81816,77.91727,305.01,0.49,0.41,2024-12-07,2004,N20,VIIRS,n,2.0NRT,291.78,1.06,N,VIIRS_N20,106,50,Built-up,COVERED,280.419549621998,0.280419549621998,340479236,way,,Other Industrial,Substation & Electrical Infrastructure,CAUTION_LOWER_RELEVANCE,1,1,1,1,1,420.94109041601644,0.42094109041601646,876239837,JSW Steel Plant,Steel / Metallurgy,1,1,1,1,1,1838.4412432981449
12.85547,79.90582,308.12,0.41,0.37,2024-12-07,2004,N20,VIIRS,n,2.0NRT,289.52,0.96,N,VIIRS_N20,107,40,Cropland,FAILED_TILE,75957.3075554979,75.9573075554979,1026841614,way,,Mining,Mining & Quarry,HIGHER_RELEVANCE,0,0,0,0,0,75957.3075554979,75.9573075554979,1026841614,,Mining & Quarry,0,0,0,0,0,76851.2059384391
12.96963,79.91547,305.64,0.42,0.37,2024-12-07,2004,N20,VIIRS,n,2.0NRT,293.62,0.51,N,VIIRS_N20,108,30,Grassland,FAILED_TILE,88604.52842162742,88.60452842162742,1026841614,way,,Mining,Mining & Quarry,HIGHER_RELEVANCE,0,0,0,0,0,88604.52842162742,88.60452842162742,1026841614,,Mining & Quarry,0,0,0,0,0,89480.5907300454
13.15946,80.28299,320.44,0.41,0.37,2024-12-07,2004,N20,VIIRS,n,2.0NRT,290.65,2.59,N,VIIRS_N20,109,50,Built-up,FAILED_TILE,116379.72267378333,116.37972267378332,202465563,way,,Other Industrial,Industrial Area / Zone,GENERAL_CONTEXT,0,0,0,0,0,122084.57030051778,122.08457030051778,1026841614,,Mining & Quarry,0,0,0,0,0,116379.72267378333
13.4469,80.09521,308.77,0.41,0.37,2024-12-07,2004,N20,VIIRS,n,2.0NRT,291.18,0.84,N,VIIRS_N20,110,20,Shrubland,FAILED_TILE,143388.76867026856,143.38876867026855,202465563,way,,Other Industrial,Industrial Area / Zone,GENERAL_CONTEXT,0,0,0,0,0,144693.77167326846,144.69377167326846,1026841614,,Mining & Quarry,0,0,0,0,0,143388.76867026856
12.70293,77.96101,302.2,0.34,0.56,2024-12-08,1944,N20,VIIRS,n,2.0NRT,288.83,0.41,N,VIIRS_N20,111,30,Grassland,FAILED_TILE,60789.473123297605,60.789473123297604,425335457,way,Palavadi,Other Industrial,Substation & Electrical Infrastructure,CAUTION_LOWER_RELEVANCE,0,0,0,0,0,76978.81900900697,76.97881900900697,1536206840,HPCL Dharmapuri Terminal,"Oil, Gas & Chemical",0,0,0,0,0,68485.31929762189
11.17625,79.08495,303.1,0.54,0.51,2024-12-08,1946,N20,VIIRS,n,2.0NRT,291.37,1.05,N,VIIRS_N20,112,10,Tree cover,COVERED,1056.7053178358874,1.0567053178358874,178523246,way,,Other Industrial,Industrial Area / Zone,GENERAL_CONTEXT,0,0,1,1,1,2433.9176301915354,2.4339176301915355,1468887795,,Power Plant,0,0,0,1,1,1056.7053178358874
9.76998,77.95444,332.5,0.5,0.49,2024-12-09,832,N20,VIIRS,n,2.0NRT,294.85,3.26,D,VIIRS_N20,113,20,Shrubland,COVERED,2546.4905913065563,2.5464905913065565,990641677,way,,Mining,Mining & Quarry,HIGHER_RELEVANCE,0,0,0,1,1,2546.4905913065563,2.5464905913065565,990641677,,Mining & Quarry,0,0,0,1,1,2578.559289409381
13.08267,79.97949,301.59,0.52,0.67,2024-12-09,1925,N20,VIIRS,n,2.0NRT,287.87,0.53,N,VIIRS_N20,114,60,Bare/sparse vegetation,FAILED_TILE,102045.6640570061,102.04566405700609,202465563,way,,Other Industrial,Industrial Area / Zone,GENERAL_CONTEXT,0,0,0,0,0,102362.73723347648,102.36273723347648,1026841614,,Mining & Quarry,0,0,0,0,0,102045.6640570061
13.15994,80.28136,310.49,0.5,0.66,2024-12-09,1925,N20,VIIRS,n,2.0NRT,285.55,1.1,N,VIIRS_N20,115,50,Built-up,FAILED_TILE,116375.15623941533,116.37515623941533,202465563,way,,Other Industrial,Industrial Area / Zone,GENERAL_CONTEXT,0,0,0,0,0,122049.71753061077,122.04971753061076,1026841614,,Mining & Quarry,0,0,0,0,0,116375.15623941533
13.16152,80.27855,306.73,0.5,0.66,2024-12-09,1925,N20,VIIRS,n,2.0NRT,285.68,2.19,N,VIIRS_N20,116,50,Built-up,FAILED_TILE,116447.53655120802,116.44753655120802,202465563,way,,Other Industrial,Industrial Area / Zone,GENERAL_CONTEXT,0,0,0,0,0,122064.47365567314,122.06447365567314,1026841614,,Mining & Quarry,0,0,0,0,0,116447.53655120802
13.0032,79.90566,303.25,0.53,0.67,2024-12-09,1925,N20,VIIRS,n,2.0NRT,287.22,0.48,N,VIIRS_N20,117,10,Tree cover,FAILED_TILE,92082.35557187993,92.08235557187993,1026841614,way,,Mining,Mining & Quarry,HIGHER_RELEVANCE,0,0,0,0,0,92082.35557187993,92.08235557187993,1026841614,,Mining & Quarry,0,0,0,0,0,93255.9054885679
13.16194,80.28547,301.16,0.78,0.78,2024-12-09,2105,N20,VIIRS,n,2.0NRT,284.89,2.19,N,VIIRS_N20,118,10,Tree cover,FAILED_TILE,116725.94900066884,116.72594900066885,202465563,way,,Other Industrial,Industrial Area / Zone,GENERAL_CONTEXT,0,0,0,0,0,122453.72220377914,122.45372220377914,1026841614,,Mining & Quarry,0,0,0,0,0,116725.94900066884
11.5004,77.66466,330.01,0.42,0.37,2024-12-10,813,N20,VIIRS,n,2.0NRT,299.13,1.56,D,VIIRS_N20,119,40,Cropland,COVERED,4232.871152767903,4.2328711527679035,508747402,way,Urachikottai,Other Industrial,Substation & Electrical Infrastructure,CAUTION_LOWER_RELEVANCE,0,0,0,1,1,4366.459887765401,4.366459887765401,429967364,Lower Mettur Barrage IV Power House,Power Plant,0,0,0,1,1,10404.08487999026
10.2006,77.91628,332.12,0.41,0.37,2024-12-10,813,N20,VIIRS,n,2.0NRT,294.92,2.99,D,VIIRS_N20,120,20,Shrubland,COVERED,6828.526297833246,6.828526297833246,1330708153,way,,Other Industrial,Industrial Area / Zone,GENERAL_CONTEXT,0,0,0,0,1,11574.077583416964,11.574077583416964,297527029,,Mining & Quarry,0,0,0,0,0,6828.526297833246
10.07669,77.4958,343.83,0.4,0.37,2024-12-10,813,N20,VIIRS,n,2.0NRT,299.02,12.14,D,VIIRS_N20,121,40,Cropland,COVERED,2515.7595977111414,2.5157595977111415,1201040251,way,Madurapuri,Other Industrial,Substation & Electrical Infrastructure,CAUTION_LOWER_RELEVANCE,0,0,0,1,1,8103.370829435027,8.103370829435027,977532855,,Mining & Quarry,0,0,0,0,1,3604.975913783662
9.84554,78.02377,339.41,0.42,0.37,2024-12-10,813,N20,VIIRS,n,2.0NRT,297.28,6.79,D,VIIRS_N20,122,40,Cropland,COVERED,898.1800863695421,0.898180086369542,990641684,way,,Other Industrial,Industrial Area / Zone,GENERAL_CONTEXT,0,1,1,1,1,2097.0991164475668,2.0970991164475667,1283314813,,Manufacturing & Industrial Works,0,0,0,1,1,898.1800863695421
9.67397,77.88118,336.45,0.41,0.37,2024-12-10,813,N20,VIIRS,n,2.0NRT,296.73,3.0,D,VIIRS_N20,123,10,Tree cover,COVERED,1724.224255915977,1.724224255915977,11733554339,node,ROPE Enterprises Pvt Ltd,Industrial Works,Manufacturing & Industrial Works,HIGHER_RELEVANCE,0,0,1,1,1,1724.224255915977,1.724224255915977,11733554339,ROPE Enterprises Pvt Ltd,Manufacturing & Industrial Works,0,0,1,1,1,6302.333631783729
11.81672,77.91647,309.14,0.55,0.51,2024-12-10,2048,N20,VIIRS,n,2.0NRT,290.04,1.76,N,VIIRS_N20,124,50,Built-up,COVERED,311.81616961377847,0.31181616961377845,876239837,way,JSW Steel Plant,Manufacturing,Steel / Metallurgy,HIGHER_RELEVANCE,1,1,1,1,1,311.81616961377847,0.31181616961377845,876239837,JSW Steel Plant,Steel / Metallurgy,1,1,1,1,1,1702.607652408968
12.65014,77.90301,315.05,0.53,0.5,2024-12-10,2048,N20,VIIRS,n,2.0NRT,287.51,2.34,N,VIIRS_N20,125,30,Grassland,FAILED_TILE,56566.18107564154,56.566181075641545,425335457,way,Palavadi,Other Industrial,Substation & Electrical Infrastructure,CAUTION_LOWER_RELEVANCE,0,0,0,0,0,72994.76093882773,72.99476093882774,1536206840,HPCL Dharmapuri Terminal,"Oil, Gas & Chemical",0,0,0,0,0,64897.70782866898
13.06451,80.18615,299.81,0.38,0.43,2024-12-13,1951,N20,VIIRS,n,2.0NRT,287.68,0.59,N,VIIRS_N20,126,50,Built-up,FAILED_TILE,103279.14593594168,103.27914593594167,202465563,way,,Other Industrial,Industrial Area / Zone,GENERAL_CONTEXT,0,0,0,0,0,107945.78480645068,107.94578480645069,1026841614,,Mining & Quarry,0,0,0,0,0,103279.14593594168
13.16292,80.28403,306.34,0.57,0.43,2024-12-13,1951,N20,VIIRS,n,2.0NRT,291.65,0.8,N,VIIRS_N20,127,10,Tree cover,FAILED_TILE,116780.35948455097,116.78035948455097,202465563,way,,Other Industrial,Industrial Area / Zone,GENERAL_CONTEXT,0,0,0,0,0,122477.49110949351,122.47749110949351,1026841614,,Mining & Quarry,0,0,0,0,0,116780.35948455097
13.16121,80.28536,306.24,0.57,0.43,2024-12-13,1951,N20,VIIRS,n,2.0NRT,291.2,1.63,N,VIIRS_N20,128,50,Built-up,FAILED_TILE,116645.16158511248,116.64516158511248,202465563,way,,Other Industrial,Industrial Area / Zone,GENERAL_CONTEXT,0,0,0,0,0,122376.37494547179,122.3763749454718,1026841614,,Mining & Quarry,0,0,0,0,0,116645.16158511248
13.39247,80.09898,301.98,0.39,0.44,2024-12-13,1951,N20,VIIRS,n,2.0NRT,288.82,0.25,N,VIIRS_N20,129,40,Cropland,FAILED_TILE,137424.881251842,137.42488125184198,202465563,way,,Other Industrial,Industrial Area / Zone,GENERAL_CONTEXT,0,0,0,0,0,138952.79278512415,138.95279278512416,1026841614,,Mining & Quarry,0,0,0,0,0,137424.881251842
13.16315,80.27982,304.87,0.39,0.59,2024-12-14,1932,N20,VIIRS,n,2.0NRT,292.17,1.31,N,VIIRS_N20,130,50,Built-up,FAILED_TILE,116662.46894157147,116.66246894157146,202465563,way,,Other Industrial,Industrial Area / Zone,GENERAL_CONTEXT,0,0,0,0,0,122288.7518384551,122.2887518384551,1026841614,,Mining & Quarry,0,0,0,0,0,116662.46894157147
13.16219,80.28056,304.72,0.39,0.59,2024-12-14,1932,N20,VIIRS,n,2.0NRT,292.0,0.92,N,VIIRS_N20,131,50,Built-up,FAILED_TILE,116585.88484706741,116.58588484706742,202465563,way,,Other Industrial,Industrial Area / Zone,GENERAL_CONTEXT,0,0,0,0,0,122231.18988349747,122.23118988349746,1026841614,,Mining & Quarry,0,0,0,0,0,116585.88484706741
12.62623,77.90338,312.78,0.56,0.69,2024-12-14,1932,N20,VIIRS,n,2.0NRT,286.16,1.72,N,VIIRS_N20,132,40,Cropland,FAILED_TILE,54021.87255275186,54.02187255275186,425335457,way,Palavadi,Other Industrial,Substation & Electrical Infrastructure,CAUTION_LOWER_RELEVANCE,0,0,0,0,0,70463.79431108129,70.46379431108129,1536206840,HPCL Dharmapuri Terminal,"Oil, Gas & Chemical",0,0,0,0,0,62421.256777540526
11.20735,77.56242,298.91,0.71,0.75,2024-12-14,2114,N20,VIIRS,n,2.0NRT,288.66,0.72,N,VIIRS_N20,133,40,Cropland,COVERED,1020.7402969136716,1.0207402969136716,823591866,way,,Mining,Mining & Quarry,HIGHER_RELEVANCE,0,0,1,1,1,1020.7402969136716,1.0207402969136716,823591866,,Mining & Quarry,0,0,1,1,1,1679.598133506211
11.80848,77.92314,328.29,0.51,0.41,2024-12-15,820,N20,VIIRS,n,2.0NRT,299.57,3.13,D,VIIRS_N20,134,30,Grassland,COVERED,203.78870129137096,0.20378870129137094,340479189,way,,Other Industrial,Substation & Electrical Infrastructure,CAUTION_LOWER_RELEVANCE,1,1,1,1,1,857.2652816835454,0.8572652816835453,876239837,JSW Steel Plant,Steel / Metallurgy,0,1,1,1,1,2382.40573917364
11.20535,77.56535,320.14,0.34,0.56,2024-12-15,2053,N20,VIIRS,n,2.0NRT,290.65,1.42,N,VIIRS_N20,135,40,Cropland,COVERED,682.6748414741023,0.6826748414741023,823591866,way,,Mining,Mining & Quarry,HIGHER_RELEVANCE,0,1,1,1,1,682.6748414741023,0.6826748414741023,823591866,,Mining & Quarry,0,1,1,1,1,1451.850335324473
11.18495,79.09976,306.14,0.43,0.62,2024-12-15,2053,N20,VIIRS,n,2.0NRT,289.92,1.19,N,VIIRS_N20,136,10,Tree cover,COVERED,367.16546049167715,0.36716546049167714,340697977,way,,Other Industrial,Substation & Electrical Infrastructure,CAUTION_LOWER_RELEVANCE,1,1,1,1,1,575.1757893174416,0.5751757893174416,1468887795,,Power Plant,0,1,1,1,1,837.6948873439065
11.81657,77.91467,307.92,0.35,0.57,2024-12-15,2053,N20,VIIRS,n,2.0NRT,290.06,1.45,N,VIIRS_N20,137,50,Built-up,COVERED,448.8173598825396,0.4488173598825396,876239837,way,JSW Steel Plant,Manufacturing,Steel / Metallurgy,HIGHER_RELEVANCE,1,1,1,1,1,448.8173598825396,0.4488173598825396,876239837,JSW Steel Plant,Steel / Metallurgy,1,1,1,1,1,1511.4804258589593
11.48131,77.4594,342.79,0.4,0.37,2024-12-16,802,N20,VIIRS,n,2.0NRT,300.67,8.59,D,VIIRS_N20,138,40,Cropland,COVERED,2295.5884972236377,2.295588497223638,1440947503,node,Coirmedia,Industrial Works,Manufacturing & Industrial Works,HIGHER_RELEVANCE,0,0,0,1,1,2295.5884972236377,2.295588497223638,1440947503,Coirmedia,Manufacturing & Industrial Works,0,0,0,1,1,12401.3010318732
12.76216,77.78831,337.56,0.39,0.36,2024-12-16,802,N20,VIIRS,n,2.0NRT,302.01,1.43,D,VIIRS_N20,139,50,Built-up,FAILED_TILE,59557.847684182445,59.55784768418245,1134097095,way,,Other Industrial,Substation & Electrical Infrastructure,CAUTION_LOWER_RELEVANCE,0,0,0,0,0,60723.2519948361,60.7232519948361,971761880,,Mining & Quarry,0,0,0,0,0,63450.75968592172
12.76547,77.78778,344.81,0.39,0.36,2024-12-16,802,N20,VIIRS,n,2.0NRT,304.2,4.32,D,VIIRS_N20,140,60,Bare/sparse vegetation,FAILED_TILE,59491.555999704506,59.4915559997045,1134097095,way,,Other Industrial,Substation & Electrical Infrastructure,CAUTION_LOWER_RELEVANCE,0,0,0,0,0,60541.7603119754,60.5417603119754,971761880,,Mining & Quarry,0,0,0,0,0,63461.552724228415
11.81888,77.91548,305.13,0.52,0.42,2024-12-16,2036,N20,VIIRS,n,2.0NRT,286.45,1.19,N,VIIRS_N20,141,10,Tree cover,COVERED,489.64492595005936,0.4896449259500594,340479236,way,,Other Industrial,Substation & Electrical Infrastructure,CAUTION_LOWER_RELEVANCE,1,1,1,1,1,571.3778991864376,0.5713778991864377,876239837,JSW Steel Plant,Steel / Metallurgy,0,1,1,1,1,1693.02723681632
11.20212,77.56716,318.27,0.51,0.41,2024-12-16,2036,N20,VIIRS,n,2.0NRT,289.9,1.93,N,VIIRS_N20,142,60,Bare/sparse vegetation,COVERED,290.05405586036164,0.29005405586036165,823591866,way,,Mining,Mining & Quarry,HIGHER_RELEVANCE,1,1,1,1,1,290.05405586036164,0.29005405586036165,823591866,,Mining & Quarry,1,1,1,1,1,1484.912998455785
11.8174,77.91515,305.75,0.39,0.36,2024-12-17,2016,N20,VIIRS,n,2.0NRT,288.28,0.97,N,VIIRS_N20,143,50,Built-up,COVERED,464.00659129658777,0.4640065912965878,876239837,way,JSW Steel Plant,Manufacturing,Steel / Metallurgy,HIGHER_RELEVANCE,1,1,1,1,1,464.00659129658777,0.4640065912965878,876239837,JSW Steel Plant,Steel / Metallurgy,1,1,1,1,1,1592.8078538798563
11.20251,77.56435,305.83,0.39,0.36,2024-12-17,2016,N20,VIIRS,n,2.0NRT,290.08,0.41,N,VIIRS_N20,144,40,Cropland,COVERED,462.79829702190256,0.46279829702190256,823591866,way,,Mining,Mining & Quarry,HIGHER_RELEVANCE,1,1,1,1,1,462.79829702190256,0.46279829702190256,823591866,,Mining & Quarry,1,1,1,1,1,1702.5619898949585
10.93045,77.06244,305.56,0.4,0.37,2024-12-17,2016,N20,VIIRS,n,2.0NRT,289.32,0.45,N,VIIRS_N20,145,40,Cropland,FAILED_TILE,20501.502162024226,20.501502162024227,3449174406,node,,Power Plant,Power Plant,HIGHER_RELEVANCE,0,0,0,0,0,20501.502162024226,20.501502162024227,3449174406,,Power Plant,0,0,0,0,0,21403.637253284935
10.92989,77.06603,301.1,0.4,0.37,2024-12-17,2016,N20,VIIRS,n,2.0NRT,289.01,0.49,N,VIIRS_N20,146,30,Grassland,FAILED_TILE,20108.47290766541,20.108472907665412,3449174406,node,,Power Plant,Power Plant,HIGHER_RELEVANCE,0,0,0,0,0,20108.47290766541,20.108472907665412,3449174406,,Power Plant,0,0,0,0,0,21045.20196730053
10.00933,78.04446,308.01,0.57,0.43,2024-12-18,1957,N20,VIIRS,n,2.0NRT,290.73,1.93,N,VIIRS_N20,147,10,Tree cover,COVERED,2921.05211554039,2.9210521155403897,532487857,way,,Other Industrial,Generic Industrial Building,GENERAL_CONTEXT,0,0,0,1,1,6055.139599290899,6.055139599290899,1016510804,,Mining & Quarry,0,0,0,0,1,2921.05211554039
12.64918,77.90309,336.44,0.43,0.62,2024-12-19,1938,N20,VIIRS,n,2.0NRT,285.87,5.7,N,VIIRS_N20,148,30,Grassland,FAILED_TILE,56461.7103287743,56.4617103287743,425335457,way,Palavadi,Other Industrial,Substation & Electrical Infrastructure,CAUTION_LOWER_RELEVANCE,0,0,0,0,0,72890.73280869151,72.89073280869151,1536206840,HPCL Dharmapuri Terminal,"Oil, Gas & Chemical",0,0,0,0,0,64795.37148072406
12.64964,77.89924,319.44,0.43,0.62,2024-12-19,1938,N20,VIIRS,n,2.0NRT,286.18,5.29,N,VIIRS_N20,149,30,Grassland,FAILED_TILE,56636.60475374231,56.636604753742304,425335457,way,Palavadi,Other Industrial,Substation & Electrical Infrastructure,CAUTION_LOWER_RELEVANCE,0,0,0,0,0,73072.195965421,73.07219596542099,1536206840,HPCL Dharmapuri Terminal,"Oil, Gas & Chemical",0,0,0,0,0,64999.12821941477
11.44375,77.46748,351.63,0.39,0.44,2024-12-20,826,N20,VIIRS,n,2.0NRT,299.93,6.68,D,VIIRS_N20,150,40,Cropland,COVERED,2060.745009153992,2.060745009153992,1440947503,node,Coirmedia,Industrial Works,Manufacturing & Industrial Works,HIGHER_RELEVANCE,0,0,0,1,1,2060.745009153992,2.060745009153992,1440947503,Coirmedia,Manufacturing & Industrial Works,0,0,0,1,1,11926.66503107043
11.44777,77.46694,354.99,0.39,0.44,2024-12-20,826,N20,VIIRS,n,2.0NRT,300.5,9.86,D,VIIRS_N20,151,10,Tree cover,COVERED,1615.1911283383236,1.6151911283383236,1440947503,node,Coirmedia,Industrial Works,Manufacturing & Industrial Works,HIGHER_RELEVANCE,0,0,1,1,1,1615.1911283383236,1.6151911283383236,1440947503,Coirmedia,Manufacturing & Industrial Works,0,0,1,1,1,11871.051566805398
11.2123,77.60321,332.67,0.39,0.44,2024-12-20,826,N20,VIIRS,n,2.0NRT,300.34,1.68,D,VIIRS_N20,152,40,Cropland,COVERED,2266.446960785172,2.266446960785172,337856849,way,Ingur Traction,Other Industrial,Substation & Electrical Infrastructure,CAUTION_LOWER_RELEVANCE,0,0,0,1,1,4167.297062895584,4.167297062895583,823591866,,Mining & Quarry,0,0,0,1,1,2329.3490738340906
12.97122,79.91327,300.36,0.67,0.73,2024-12-20,1919,N20,VIIRS,n,2.0NRT,283.71,1.15,N,VIIRS_N20,153,30,Grassland,FAILED_TILE,88732.94191616487,88.73294191616488,1026841614,way,,Mining,Mining & Quarry,HIGHER_RELEVANCE,0,0,0,0,0,88732.94191616487,88.73294191616488,1026841614,,Mining & Quarry,0,0,0,0,0,89666.68646008654
11.52357,77.66821,330.52,0.39,0.36,2024-12-21,807,N20,VIIRS,n,2.0NRT,300.76,1.34,D,VIIRS_N20,154,40,Cropland,COVERED,5531.231187405632,5.531231187405632,508747380,way,Lower Mettur Barrage IV PH,Other Industrial,Substation & Electrical Infrastructure,CAUTION_LOWER_RELEVANCE,0,0,0,0,1,5594.0571169151235,5.594057116915123,429967364,Lower Mettur Barrage IV Power House,Power Plant,0,0,0,0,1,11830.15212189788
11.47827,77.61415,334.49,0.39,0.36,2024-12-21,807,N20,VIIRS,n,2.0NRT,300.19,1.9,D,VIIRS_N20,155,40,Cropland,COVERED,1426.1082636718302,1.42610826367183,337856881,way,Thalavaipettai,Other Industrial,Substation & Electrical Infrastructure,CAUTION_LOWER_RELEVANCE,0,0,1,1,1,7728.581832185826,7.728581832185826,13479043,,Power Plant,0,0,0,0,1,4541.834256215391
11.47069,77.67638,332.89,0.39,0.36,2024-12-21,807,N20,VIIRS,n,2.0NRT,300.91,1.67,D,VIIRS_N20,156,10,Tree cover,COVERED,2614.710799588337,2.614710799588337,508747402,way,Urachikottai,Other Industrial,Substation & Electrical Infrastructure,CAUTION_LOWER_RELEVANCE,0,0,0,1,1,3211.8587118883916,3.2118587118883917,429967364,Lower Mettur Barrage IV Power House,Power Plant,0,0,0,1,1,6914.747227607584
11.10388,77.42687,333.35,0.38,0.36,2024-12-21,807,N20,VIIRS,n,2.0NRT,297.89,2.59,D,VIIRS_N20,157,50,Built-up,COVERED,870.6978560876358,0.8706978560876358,985084087,way,,Mining,Mining & Quarry,HIGHER_RELEVANCE,0,1,1,1,1,870.6978560876358,0.8706978560876358,985084087,,Mining & Quarry,0,1,1,1,1,1201.7106499817455
10.74081,77.85687,332.06,0.39,0.36,2024-12-21,807,N20,VIIRS,n,2.0NRT,297.42,0.91,D,VIIRS_N20,158,30,Grassland,COVERED,1180.3066976229843,1.1803066976229843,9118032962,node,,Power Plant,Power Plant,HIGHER_RELEVANCE,0,0,1,1,1,1180.3066976229843,1.1803066976229843,9118032962,,Power Plant,0,0,1,1,1,16511.54713245251
9.91195,77.92106,334.42,0.39,0.36,2024-12-21,807,N20,VIIRS,n,2.0NRT,300.24,2.18,D,VIIRS_N20,159,10,Tree cover,COVERED,4004.920878777628,4.004920878777628,1336244249,way,,Mining,Mining & Quarry,HIGHER_RELEVANCE,0,0,0,1,1,4004.920878777628,4.004920878777628,1336244249,,Mining & Quarry,0,0,0,1,1,8763.414002762525
13.39486,80.10213,304.54,0.57,0.52,2024-12-21,2042,N20,VIIRS,n,2.0NRT,293.31,1.21,N,VIIRS_N20,160,20,Shrubland,FAILED_TILE,137730.0198598103,137.7300198598103,202465563,way,,Other Industrial,Industrial Area / Zone,GENERAL_CONTEXT,0,0,0,0,0,139299.68004843983,139.29968004843982,1026841614,,Mining & Quarry,0,0,0,0,0,137730.0198598103
8.57614,77.6655,340.7,0.39,0.44,2024-12-22,748,N20,VIIRS,n,2.0NRT,296.14,5.01,D,VIIRS_N20,161,50,Built-up,FAILED_TILE,49703.83474294651,49.703834742946505,758873221,way,,Mining,Mining & Quarry,HIGHER_RELEVANCE,0,0,0,0,0,49703.83474294651,49.703834742946505,758873221,,Mining & Quarry,0,0,0,0,0,55834.59631844032
8.84257,78.11455,330.01,0.54,0.42,2024-12-22,748,N20,VIIRS,n,2.0NRT,296.08,2.62,D,VIIRS_N20,162,20,Shrubland,FAILED_TILE,37616.19420335506,37.61619420335506,17369385,relation,,Power Plant,Power Plant,HIGHER_RELEVANCE,0,0,0,0,0,37616.19420335506,37.61619420335506,17369385,,Power Plant,0,0,0,0,0,71408.91464627949
13.39196,80.10265,307.16,0.45,0.39,2024-12-22,2023,N20,VIIRS,n,2.0NRT,294.31,0.85,N,VIIRS_N20,163,30,Grassland,FAILED_TILE,137416.90237896252,137.41690237896253,202465563,way,,Other Industrial,Industrial Area / Zone,GENERAL_CONTEXT,0,0,0,0,0,139004.03384869423,139.00403384869423,1026841614,,Mining & Quarry,0,0,0,0,0,137416.90237896252
13.39257,80.10049,308.37,0.45,0.39,2024-12-22,2023,N20,VIIRS,n,2.0NRT,293.81,0.96,N,VIIRS_N20,164,20,Shrubland,FAILED_TILE,137455.6534060081,137.45565340600808,202465563,way,,Other Industrial,Industrial Area / Zone,GENERAL_CONTEXT,0,0,0,0,0,139006.94364231854,139.00694364231853,1026841614,,Mining & Quarry,0,0,0,0,0,137455.6534060081
13.39311,80.07539,308.79,0.45,0.39,2024-12-22,2023,N20,VIIRS,n,2.0NRT,293.14,0.47,N,VIIRS_N20,165,50,Built-up,FAILED_TILE,137212.38560028482,137.21238560028482,202465563,way,,Other Industrial,Industrial Area / Zone,GENERAL_CONTEXT,0,0,0,0,0,138366.59687622832,138.36659687622833,1026841614,,Mining & Quarry,0,0,0,0,0,137212.38560028482
11.8156,77.91853,305.09,0.39,0.36,2024-12-22,2023,N20,VIIRS,n,2.0NRT,290.81,1.64,N,VIIRS_N20,166,50,Built-up,COVERED,128.95221289907732,0.12895221289907732,876239837,way,JSW Steel Plant,Manufacturing,Steel / Metallurgy,HIGHER_RELEVANCE,1,1,1,1,1,128.95221289907732,0.12895221289907732,876239837,JSW Steel Plant,Steel / Metallurgy,1,1,1,1,1,1887.7843059808538
11.81169,77.92155,305.45,0.39,0.36,2024-12-22,2023,N20,VIIRS,n,2.0NRT,292.43,2.08,N,VIIRS_N20,167,10,Tree cover,COVERED,479.03822529162807,0.47903822529162804,876239837,way,JSW Steel Plant,Manufacturing,Steel / Metallurgy,HIGHER_RELEVANCE,1,1,1,1,1,479.03822529162807,0.47903822529162804,876239837,JSW Steel Plant,Steel / Metallurgy,1,1,1,1,1,2175.9003763252585
12.05193,79.74717,333.88,0.5,0.49,2024-12-23,730,N20,VIIRS,n,2.0NRT,300.46,3.25,D,VIIRS_N20,168,10,Tree cover,COVERED,3646.2507471629106,3.6462507471629104,554804876,way,,Other Industrial,Industrial Area / Zone,GENERAL_CONTEXT,0,0,0,1,1,7625.049283101811,7.625049283101811,192061405,Power Station,Power Plant,0,0,0,0,1,3646.2507471629106
11.57135,79.6544,339.36,0.52,0.5,2024-12-23,730,N20,VIIRS,n,2.0NRT,297.47,7.97,D,VIIRS_N20,169,40,Cropland,COVERED,4447.038071488831,4.447038071488831,206113660,way,,Other Industrial,Industrial Area / Zone,GENERAL_CONTEXT,0,0,0,1,1,11736.764211994765,11.736764211994766,645959123,IL&FS Tamil Nadu Thermal Power Station,Power Plant,0,0,0,0,0,4447.038071488831
10.92947,77.06361,302.8,0.53,0.42,2024-12-23,2004,N20,VIIRS,n,2.0NRT,291.48,0.87,N,VIIRS_N20,170,30,Grassland,FAILED_TILE,20371.91200431255,20.371912004312552,3449174406,node,,Power Plant,Power Plant,HIGHER_RELEVANCE,0,0,0,0,0,20371.91200431255,20.371912004312552,3449174406,,Power Plant,0,0,0,0,0,21311.75160211983
11.8166,77.91568,304.41,0.49,0.4,2024-12-23,2004,N20,VIIRS,n,2.0NRT,293.06,2.52,N,VIIRS_N20,171,50,Built-up,COVERED,361.35354769994905,0.36135354769994904,876239837,way,JSW Steel Plant,Manufacturing,Steel / Metallurgy,HIGHER_RELEVANCE,1,1,1,1,1,361.35354769994905,0.36135354769994904,876239837,JSW Steel Plant,Steel / Metallurgy,1,1,1,1,1,1616.6795155717355
13.16163,80.28162,307.96,0.47,0.48,2024-12-24,1944,N20,VIIRS,n,2.0NRT,290.23,1.34,N,VIIRS_N20,172,50,Built-up,FAILED_TILE,116562.47146869994,116.56247146869994,202465563,way,,Other Industrial,Industrial Area / Zone,GENERAL_CONTEXT,0,0,0,0,0,122229.22423514478,122.22922423514478,1026841614,,Mining & Quarry,0,0,0,0,0,116562.47146869994
13.06699,80.18574,302.18,0.48,0.48,2024-12-24,1944,N20,VIIRS,n,2.0NRT,289.22,0.39,N,VIIRS_N20,173,50,Built-up,FAILED_TILE,103534.9113476196,103.53491134761961,202465563,way,,Other Industrial,Industrial Area / Zone,GENERAL_CONTEXT,0,0,0,0,0,108175.88682745348,108.17588682745348,1026841614,,Mining & Quarry,0,0,0,0,0,103534.9113476196
12.6561,77.75505,304.65,0.34,0.56,2024-12-24,1946,N20,VIIRS,n,2.0NRT,288.07,0.42,N,VIIRS_N20,174,40,Cropland,FAILED_TILE,56969.355995427555,56.969355995427556,1046569109,way,,Other Industrial,Substation & Electrical Infrastructure,CAUTION_LOWER_RELEVANCE,0,0,0,0,0,60521.82869123569,60.52182869123569,1003159749,,Power Plant,0,0,0,0,0,58807.41939114831
9.8559,77.33848,332.5,0.46,0.47,2024-12-25,832,N20,VIIRS,n,2.0NRT,302.53,3.09,D,VIIRS_N20,175,30,Grassland,COVERED,1892.2454294531476,1.8922454294531477,9101497939,node,,Power Plant,Power Plant,HIGHER_RELEVANCE,0,0,1,1,1,1892.2454294531476,1.8922454294531477,9101497939,,Power Plant,0,0,1,1,1,15428.207062648016
10.76445,78.79064,338.28,0.41,0.37,2024-12-27,754,N20,VIIRS,n,2.0NRT,294.36,4.52,D,VIIRS_N20,176,10,Tree cover,COVERED,501.0030636662363,0.5010030636662363,906637570,way,,Industrial Works,Manufacturing & Industrial Works,HIGHER_RELEVANCE,0,1,1,1,1,501.0030636662363,0.5010030636662363,906637570,,Manufacturing & Industrial Works,0,1,1,1,1,517.4097845685224
10.64623,79.0605,344.72,0.4,0.37,2024-12-27,754,N20,VIIRS,n,2.0NRT,297.12,9.95,D,VIIRS_N20,177,20,Shrubland,COVERED,1989.2136361743626,1.9892136361743626,341305246,way,Punnakulam,Other Industrial,Substation & Electrical Infrastructure,CAUTION_LOWER_RELEVANCE,0,0,1,1,1,3060.2548530762133,3.0602548530762133,441125477,Kurungulam Sugar Mill,Manufacturing & Industrial Works,0,0,0,1,1,8856.486867179217
13.08411,79.97797,304.58,0.54,0.42,2024-12-27,2027,N20,VIIRS,n,2.0NRT,292.75,0.94,N,VIIRS_N20,178,20,Shrubland,FAILED_TILE,102200.12987870489,102.20012987870489,202465563,way,,Other Industrial,Industrial Area / Zone,GENERAL_CONTEXT,0,0,0,0,0,102480.21731498568,102.48021731498568,1026841614,,Mining & Quarry,0,0,0,0,0,102200.12987870489
13.39336,80.10159,305.88,0.54,0.42,2024-12-27,2027,N20,VIIRS,n,2.0NRT,293.58,1.53,N,VIIRS_N20,179,30,Grassland,FAILED_TILE,137557.33511477127,137.55733511477126,202465563,way,,Other Industrial,Industrial Area / Zone,GENERAL_CONTEXT,0,0,0,0,0,139123.34537134616,139.12334537134618,1026841614,,Mining & Quarry,0,0,0,0,0,137557.33511477127
11.81603,77.91521,303.31,0.44,0.38,2024-12-27,2029,N20,VIIRS,n,2.0NRT,290.52,0.95,N,VIIRS_N20,180,10,Tree cover,COVERED,368.084768811036,0.36808476881103597,876239837,way,JSW Steel Plant,Manufacturing,Steel / Metallurgy,HIGHER_RELEVANCE,1,1,1,1,1,368.084768811036,0.36808476881103597,876239837,JSW Steel Plant,Steel / Metallurgy,1,1,1,1,1,1548.9910897650022
11.8112,77.9226,304.57,0.44,0.38,2024-12-27,2029,N20,VIIRS,n,2.0NRT,292.3,1.36,N,VIIRS_N20,181,10,Tree cover,COVERED,510.5420451642938,0.5105420451642938,340479189,way,,Other Industrial,Substation & Electrical Infrastructure,CAUTION_LOWER_RELEVANCE,0,1,1,1,1,602.2345643216164,0.6022345643216164,876239837,JSW Steel Plant,Steel / Metallurgy,0,1,1,1,1,2291.841982113864
8.65828,78.11434,333.53,0.58,0.52,2024-12-28,737,N20,VIIRS,n,2.0NRT,293.5,6.71,D,VIIRS_N20,182,80,Permanent water bodies,FAILED_TILE,55134.39880952583,55.134398809525834,1264776476,way,,Power Plant,Power Plant,HIGHER_RELEVANCE,0,0,0,0,0,55134.39880952583,55.134398809525834,1264776476,,Power Plant,0,0,0,0,0,90010.45297736833
12.99904,79.90917,323.67,0.38,0.36,2024-12-28,2010,N20,VIIRS,n,2.0NRT,293.42,1.42,N,VIIRS_N20,183,30,Grassland,FAILED_TILE,91693.31969401459,91.69331969401459,1026841614,way,,Mining,Mining & Quarry,HIGHER_RELEVANCE,0,0,0,0,0,91693.31969401459,91.69331969401459,1026841614,,Mining & Quarry,0,0,0,0,0,92776.24587504196
11.80998,77.9227,306.04,0.42,0.37,2024-12-28,2010,N20,VIIRS,n,2.0NRT,294.45,1.43,N,VIIRS_N20,184,50,Built-up,COVERED,374.7060314288412,0.3747060314288412,340479189,way,,Other Industrial,Substation & Electrical Infrastructure,CAUTION_LOWER_RELEVANCE,1,1,1,1,1,700.5421964938238,0.7005421964938238,876239837,JSW Steel Plant,Steel / Metallurgy,0,1,1,1,1,2312.45992761705
11.36158,79.23222,304.49,0.39,0.36,2024-12-28,2010,N20,VIIRS,n,2.0NRT,293.35,0.55,N,VIIRS_N20,185,50,Built-up,COVERED,512.5342865747808,0.5125342865747808,93323695,way,Ramco Cements,Construction Materials,Cement & Construction Materials,HIGHER_RELEVANCE,0,1,1,1,1,512.5342865747808,0.5125342865747808,93323695,Ramco Cements,Cement & Construction Materials,0,1,1,1,1,14808.406276249772
13.19071,80.22569,304.05,0.38,0.36,2024-12-28,2010,N20,VIIRS,n,2.0NRT,293.31,1.75,N,VIIRS_N20,186,40,Cropland,FAILED_TILE,117939.52315420927,117.93952315420927,202465563,way,,Other Industrial,Industrial Area / Zone,GENERAL_CONTEXT,0,0,0,0,0,122476.57928817681,122.47657928817681,1026841614,,Mining & Quarry,0,0,0,0,0,117939.52315420927
11.818,77.91617,309.86,0.42,0.37,2024-12-28,2010,N20,VIIRS,n,2.0NRT,292.31,1.51,N,VIIRS_N20,187,10,Tree cover,COVERED,381.61444074956063,0.38161444074956063,340479236,way,,Other Industrial,Substation & Electrical Infrastructure,CAUTION_LOWER_RELEVANCE,1,1,1,1,1,448.9735379428195,0.4489735379428195,876239837,JSW Steel Plant,Steel / Metallurgy,1,1,1,1,1,1720.7851004493998
13.39401,80.10009,312.26,0.38,0.36,2024-12-28,2010,N20,VIIRS,n,2.0NRT,293.73,1.64,N,VIIRS_N20,188,30,Grassland,FAILED_TILE,137609.35115213177,137.60935115213178,202465563,way,,Other Industrial,Industrial Area / Zone,GENERAL_CONTEXT,0,0,0,0,0,139149.77357783445,139.14977357783445,1026841614,,Mining & Quarry,0,0,0,0,0,137609.35115213177
13.16097,80.28578,304.34,0.38,0.36,2024-12-28,2010,N20,VIIRS,n,2.0NRT,293.33,2.17,N,VIIRS_N20,189,50,Built-up,FAILED_TILE,116634.18793483214,116.63418793483214,202465563,way,,Other Industrial,Industrial Area / Zone,GENERAL_CONTEXT,0,0,0,0,0,122374.01568205359,122.3740156820536,1026841614,,Mining & Quarry,0,0,0,0,0,116634.18793483214
13.06441,80.18712,304.75,0.38,0.36,2024-12-28,2010,N20,VIIRS,n,2.0NRT,292.87,0.56,N,VIIRS_N20,190,10,Tree cover,FAILED_TILE,103294.88576244436,103.29488576244437,202465563,way,,Other Industrial,Industrial Area / Zone,GENERAL_CONTEXT,0,0,0,0,0,107980.89882015469,107.98089882015469,1026841614,,Mining & Quarry,0,0,0,0,0,103294.88576244436
11.10632,79.16979,304.27,0.39,0.36,2024-12-28,2010,N20,VIIRS,n,2.0NRT,293.12,0.4,N,VIIRS_N20,191,50,Built-up,COVERED,242.77062998955867,0.24277062998955867,84737250,way,,Other Industrial,Industrial Area / Zone,GENERAL_CONTEXT,1,1,1,1,1,2061.4627833921104,2.0614627833921104,178523278,,Mining & Quarry,0,0,0,1,1,242.77062998955867
11.18189,79.09865,310.19,0.39,0.36,2024-12-28,2010,N20,VIIRS,n,2.0NRT,293.11,0.8,N,VIIRS_N20,192,50,Built-up,COVERED,339.65514324508894,0.33965514324508894,340697977,way,,Other Industrial,Substation & Electrical Infrastructure,CAUTION_LOWER_RELEVANCE,1,1,1,1,1,823.3589322952018,0.8233589322952019,1468887795,,Power Plant,0,1,1,1,1,645.0374307050696
13.42006,80.09048,299.51,0.39,0.44,2024-12-29,1953,N20,VIIRS,n,2.0NRT,286.91,1.07,N,VIIRS_N20,193,30,Grassland,FAILED_TILE,140365.8222010186,140.3658222010186,202465563,way,,Other Industrial,Industrial Area / Zone,GENERAL_CONTEXT,0,0,0,0,0,141676.9345193366,141.67693451933658,1026841614,,Mining & Quarry,0,0,0,0,0,140365.8222010186
13.00249,79.90515,303.22,0.4,0.6,2024-12-30,1932,N20,VIIRS,n,2.0NRT,287.44,0.83,N,VIIRS_N20,194,20,Shrubland,FAILED_TILE,91995.07965534682,91.99507965534683,1026841614,way,,Mining,Mining & Quarry,HIGHER_RELEVANCE,0,0,0,0,0,91995.07965534682,91.99507965534683,1026841614,,Mining & Quarry,0,0,0,0,0,93179.72889465526
11.4404,77.99475,331.85,0.51,0.41,2024-12-31,820,N20,VIIRS,n,2.0NRT,292.7,3.43,D,VIIRS_N20,195,40,Cropland,COVERED,4618.387673342534,4.618387673342534,340340839,way,,Other Industrial,Substation & Electrical Infrastructure,CAUTION_LOWER_RELEVANCE,0,0,0,1,1,6971.003636645242,6.971003636645242,297537877,,Mining & Quarry,0,0,0,0,1,8603.832756384296
11.68432,79.29988,337.24,0.41,0.45,2024-12-31,820,N20,VIIRS,n,2.0NRT,296.3,2.41,D,VIIRS_N20,196,10,Tree cover,COVERED,3303.970515288745,3.303970515288745,341037767,way,Ulundurpet,Other Industrial,Substation & Electrical Infrastructure,CAUTION_LOWER_RELEVANCE,0,0,0,1,1,10311.933418075501,10.311933418075501,1119513114,,Mining & Quarry,0,0,0,0,0,14537.207940166105
12.26136,77.4773,348.28,0.49,0.4,2024-12-31,820,N20,VIIRS,n,2.0NRT,303.57,10.24,D,VIIRS_N20,197,10,Tree cover,FAILED_TILE,15831.010216118273,15.831010216118273,1467381349,way,,Other Industrial,Substation & Electrical Infrastructure,CAUTION_LOWER_RELEVANCE,0,0,0,0,0,15843.27147070533,15.843271470705329,13570496,,Power Plant,0,0,0,0,0,52063.093164553444
12.24911,77.47062,331.21,0.49,0.4,2024-12-31,820,N20,VIIRS,l,2.0NRT,302.87,3.31,D,VIIRS_N20,198,20,Shrubland,FAILED_TILE,14403.97019208102,14.40397019208102,13570496,relation,,Power Plant,Power Plant,HIGHER_RELEVANCE,0,0,0,0,0,14403.97019208102,14.40397019208102,13570496,,Power Plant,0,0,0,0,0,52810.542318337146
13.15986,80.28521,306.51,0.49,0.65,2024-12-31,2053,N20,VIIRS,n,2.0NRT,292.53,1.12,N,VIIRS_N20,199,50,Built-up,FAILED_TILE,116497.5902352988,116.4975902352988,202465563,way,,Other Industrial,Industrial Area / Zone,GENERAL_CONTEXT,0,0,0,0,0,122236.05421773117,122.23605421773117,1026841614,,Mining & Quarry,0,0,0,0,0,116497.5902352988
11.78081,77.7215,306.42,0.35,0.56,2024-12-31,2053,N20,VIIRS,n,2.0NRT,290.2,0.76,N,VIIRS_N20,200,40,Cropland,COVERED,5949.818790234501,5.9498187902345006,876239831,way,,Mining,Mining & Quarry,HIGHER_RELEVANCE,0,0,0,0,1,5949.818790234501,5.9498187902345006,876239831,,Mining & Quarry,0,0,0,0,1,9400.140903787573
11.77863,77.72128,304.69,0.35,0.56,2024-12-31,2053,N20,VIIRS,n,2.0NRT,290.68,0.68,N,VIIRS_N20,201,40,Cropland,COVERED,6087.816170906925,6.087816170906925,876239831,way,,Mining,Mining & Quarry,HIGHER_RELEVANCE,0,0,0,0,1,6087.816170906925,6.087816170906925,876239831,,Mining & Quarry,0,0,0,0,1,9387.272351579395
11.184,79.09882,303.23,0.44,0.62,2024-12-31,2053,N20,VIIRS,n,2.0NRT,291.34,0.44,N,VIIRS_N20,202,50,Built-up,COVERED,252.67863442655874,0.25267863442655875,340697977,way,,Other Industrial,Substation & Electrical Infrastructure,CAUTION_LOWER_RELEVANCE,1,1,1,1,1,702.0572128003425,0.7020572128003425,1468887795,,Power Plant,0,1,1,1,1,703.35730473581
10.9299,77.06393,302.8,0.32,0.55,2024-12-31,2055,N20,VIIRS,n,2.0NRT,289.27,0.51,N,VIIRS_N20,203,40,Cropland,FAILED_TILE,20337.7321341047,20.337732134104698,3449174406,node,,Power Plant,Power Plant,HIGHER_RELEVANCE,0,0,0,0,0,20337.7321341047,20.337732134104698,3449174406,,Power Plant,0,0,0,0,0,21264.676863695306
10.93015,77.06202,301.78,0.32,0.55,2024-12-31,2055,N20,VIIRS,n,2.0NRT,289.94,0.41,N,VIIRS_N20,204,40,Cropland,FAILED_TILE,20546.716758749903,20.546716758749902,3449174406,node,,Power Plant,Power Plant,HIGHER_RELEVANCE,0,0,0,0,0,20546.716758749903,20.546716758749902,3449174406,,Power Plant,0,0,0,0,0,21456.975208276086
8.98492,77.60124,341.7,0.41,0.37,2025-01-01,800,N20,VIIRS,n,2.0NRT,303.02,8.35,D,VIIRS_N20,205,30,Grassland,FAILED_TILE,36432.02552744043,36.43202552744043,3148284509,node,,Power Plant,Power Plant,HIGHER_RELEVANCE,0,0,0,0,0,36432.02552744043,36.43202552744043,3148284509,,Power Plant,0,0,0,0,0,51054.227677722614
9.00014,77.61005,330.68,0.4,0.37,2025-01-01,800,N20,VIIRS,n,2.0NRT,299.15,2.68,D,VIIRS_N20,206,40,Cropland,FAILED_TILE,37376.201125159,37.376201125159,3148284509,node,,Power Plant,Power Plant,HIGHER_RELEVANCE,0,0,0,0,0,37376.201125159,37.376201125159,3148284509,,Power Plant,0,0,0,0,0,49358.23098905635
12.76551,77.78887,344.2,0.39,0.36,2025-01-01,802,N20,VIIRS,n,2.0NRT,304.08,4.8,D,VIIRS_N20,207,50,Built-up,FAILED_TILE,59609.64417276814,59.609644172768135,1134097095,way,,Other Industrial,Substation & Electrical Infrastructure,CAUTION_LOWER_RELEVANCE,0,0,0,0,0,60651.23410771064,60.65123410771064,971761880,,Mining & Quarry,0,0,0,0,0,63578.53106330613
12.76221,77.7894,342.74,0.39,0.36,2025-01-01,802,N20,VIIRS,n,2.0NRT,303.09,2.68,D,VIIRS_N20,208,50,Built-up,FAILED_TILE,59675.86267276918,59.67586267276918,1134097095,way,,Other Industrial,Substation & Electrical Infrastructure,CAUTION_LOWER_RELEVANCE,0,0,0,0,0,60832.097874539126,60.83209787453912,971761880,,Mining & Quarry,0,0,0,0,0,63568.04039751054
9.27809,78.04165,330.24,0.39,0.36,2025-01-01,802,N20,VIIRS,n,2.0NRT,298.26,1.58,D,VIIRS_N20,209,10,Tree cover,FAILED_TILE,17878.976203449758,17.878976203449756,1002789486,way,,Power Plant,Power Plant,HIGHER_RELEVANCE,0,0,0,0,0,17878.976203449758,17.878976203449756,1002789486,,Power Plant,0,0,0,0,0,23966.13621540064
9.95182,77.59099,334.88,0.4,0.37,2025-01-01,802,N20,VIIRS,n,2.0NRT,302.88,2.79,D,VIIRS_N20,210,40,Cropland,COVERED,180.58017042174993,0.18058017042174992,3154159835,node,,Power Plant,Power Plant,HIGHER_RELEVANCE,1,1,1,1,1,180.58017042174993,0.18058017042174992,3154159835,,Power Plant,1,1,1,1,1,6163.49943971751
10.33826,78.88723,333.68,0.38,0.36,2025-01-01,802,N20,VIIRS,n,2.0NRT,299.81,3.52,D,VIIRS_N20,211,20,Shrubland,COVERED,5070.475960950876,5.070475960950875,665737267,way,,Other Industrial,Generic Industrial Building,GENERAL_CONTEXT,0,0,0,0,1,9739.823679493464,9.739823679493464,1002131171,Nizam Supari Factory,Manufacturing & Industrial Works,0,0,0,0,1,5070.475960950876
10.69594,77.54763,332.04,0.4,0.37,2025-01-01,802,N20,VIIRS,n,2.0NRT,302.19,1.55,D,VIIRS_N20,212,50,Built-up,COVERED,1411.7067856357476,1.4117067856357475,9117542639,node,,Power Plant,Power Plant,HIGHER_RELEVANCE,0,0,1,1,1,1411.7067856357476,1.4117067856357475,9117542639,,Power Plant,0,0,1,1,1,11440.726481374522
10.94611,79.13213,336.33,0.38,0.36,2025-01-01,802,N20,VIIRS,n,2.0NRT,300.28,2.79,D,VIIRS_N20,213,10,Tree cover,COVERED,7482.198308177201,7.482198308177201,340697959,way,Sathamangalam,Other Industrial,Substation & Electrical Infrastructure,CAUTION_LOWER_RELEVANCE,0,0,0,0,1,8639.53628091618,8.639536280916179,541287337,Sugar Factory,Manufacturing & Industrial Works,0,0,0,0,1,17812.28496199812
11.25105,77.11478,334.75,0.4,0.37,2025-01-01,802,N20,VIIRS,n,2.0NRT,304.6,1.99,D,VIIRS_N20,214,30,Grassland,FAILED_TILE,14671.187639902322,14.671187639902323,17338131,relation,,Power Plant,Power Plant,HIGHER_RELEVANCE,0,0,0,0,0,14671.187639902322,14.671187639902323,17338131,,Power Plant,0,0,0,0,0,19313.912712044134
11.94915,78.9861,330.37,0.39,0.36,2025-01-01,802,N20,VIIRS,n,2.0NRT,300.24,3.36,D,VIIRS_N20,215,30,Grassland,COVERED,3354.832710190662,3.354832710190662,342137009,way,Ariyalur,Other Industrial,Substation & Electrical Infrastructure,CAUTION_LOWER_RELEVANCE,0,0,0,1,1,12710.302699571643,12.710302699571642,4938983210,Kallakurichi Coop Sugar Mills,Manufacturing & Industrial Works,0,0,0,0,0,22590.11614915046
11.70016,77.97418,332.68,0.39,0.36,2025-01-01,802,N20,VIIRS,n,2.0NRT,302.89,1.69,D,VIIRS_N20,216,30,Grassland,COVERED,1321.9970531717313,1.3219970531717313,340479229,way,Taramangalam,Other Industrial,Substation & Electrical Infrastructure,CAUTION_LOWER_RELEVANCE,0,0,1,1,1,6502.443528996521,6.502443528996522,974689399,,Manufacturing & Industrial Works,0,0,0,0,1,7688.809640542141
11.88465,79.34978,337.29,0.39,0.36,2025-01-01,802,N20,VIIRS,n,2.0NRT,301.5,3.68,D,VIIRS_N20,217,10,Tree cover,COVERED,4893.160422651487,4.893160422651487,341813942,way,Thiruvennainallur,Other Industrial,Substation & Electrical Infrastructure,CAUTION_LOWER_RELEVANCE,0,0,0,1,1,17212.541863568942,17.21254186356894,759521384,,Mining & Quarry,0,0,0,0,0,5270.532267559363
11.5132,78.5043,331.55,0.38,0.36,2025-01-01,802,N20,VIIRS,n,2.0NRT,303.06,10.79,D,VIIRS_N20,218,40,Cropland,COVERED,5214.957979207941,5.2149579792079415,813893974,way,,Mining,Mining & Quarry,HIGHER_RELEVANCE,0,0,0,0,1,5214.957979207941,5.2149579792079415,813893974,,Mining & Quarry,0,0,0,0,1,8039.296205240038
11.35749,77.60499,331.35,0.39,0.36,2025-01-01,802,N20,VIIRS,n,2.0NRT,300.22,2.28,D,VIIRS_N20,219,40,Cropland,COVERED,2650.77629575828,2.65077629575828,337856783,way,Gandhi Nagar,Other Industrial,Substation & Electrical Infrastructure,CAUTION_LOWER_RELEVANCE,0,0,0,1,1,4318.3239385165125,4.318323938516513,9676101702,Dheeranraj textiles,Manufacturing & Industrial Works,0,0,0,1,1,9297.811553132831
11.81757,77.91451,302.01,0.53,0.42,2025-01-01,2036,N20,VIIRS,n,2.0NRT,291.5,1.33,N,VIIRS_N20,220,60,Bare/sparse vegetation,COVERED,528.232756284961,0.528232756284961,876239837,way,JSW Steel Plant,Manufacturing,Steel / Metallurgy,HIGHER_RELEVANCE,0,1,1,1,1,528.232756284961,0.528232756284961,876239837,JSW Steel Plant,Steel / Metallurgy,0,1,1,1,1,1535.7676188721457
11.18145,79.09953,307.52,0.42,0.45,2025-01-01,2036,N20,VIIRS,n,2.0NRT,290.33,1.23,N,VIIRS_N20,221,50,Built-up,COVERED,442.69171365079484,0.44269171365079485,340697977,way,,Other Industrial,Substation & Electrical Infrastructure,CAUTION_LOWER_RELEVANCE,1,1,1,1,1,776.5643265705869,0.7765643265705869,1468887795,,Power Plant,0,1,1,1,1,742.7396264127269
11.81676,77.91927,308.7,0.53,0.42,2025-01-01,2036,N20,VIIRS,n,2.0NRT,291.7,1.33,N,VIIRS_N20,222,50,Built-up,COVERED,24.938585319909933,0.024938585319909935,340479236,way,,Other Industrial,Substation & Electrical Infrastructure,CAUTION_LOWER_RELEVANCE,1,1,1,1,1,278.34322208250785,0.27834322208250784,876239837,JSW Steel Plant,Steel / Metallurgy,1,1,1,1,1,1996.3206965395193
11.35407,77.32398,301.85,0.5,0.41,2025-01-01,2036,N20,VIIRS,n,2.0NRT,290.64,0.5,N,VIIRS_N20,223,50,Built-up,COVERED,1349.1749216929948,1.3491749216929947,336571813,way,Nambiyur,Other Industrial,Substation & Electrical Infrastructure,CAUTION_LOWER_RELEVANCE,0,0,1,1,1,7232.666080450238,7.232666080450238,1359264500,Malayappalayam EB Sub Station,Manufacturing & Industrial Works,0,0,0,0,1,11519.24923513297
11.18356,79.10158,307.96,0.42,0.45,2025-01-01,2036,N20,VIIRS,n,2.0NRT,290.43,1.27,N,VIIRS_N20,224,50,Built-up,COVERED,455.0856799746628,0.4550856799746628,1468887795,way,,Power Plant,Power Plant,HIGHER_RELEVANCE,1,1,1,1,1,455.0856799746628,0.4550856799746628,1468887795,,Power Plant,1,1,1,1,1,982.0898656985822
11.49499,77.31486,308.42,0.49,0.41,2025-01-01,2036,N20,VIIRS,n,2.0NRT,290.58,1.25,N,VIIRS_N20,225,40,Cropland,COVERED,3948.0062501695697,3.94800625016957,336571752,way,Periyakodiveri,Other Industrial,Substation & Electrical Infrastructure,CAUTION_LOWER_RELEVANCE,0,0,0,1,1,17034.079105325432,17.034079105325432,1440947503,Coirmedia,Manufacturing & Industrial Works,0,0,0,0,0,4196.089449755789
11.49306,77.31637,311.48,0.49,0.41,2025-01-01,2036,N20,VIIRS,n,2.0NRT,290.51,1.27,N,VIIRS_N20,226,10,Tree cover,COVERED,3963.710178794028,3.963710178794028,1263289204,way,Saravana Polythreads Pvt. Ltd.,Other Industrial,Industrial Area / Zone,GENERAL_CONTEXT,0,0,0,1,1,16828.46736971789,16.82846736971789,1440947503,Coirmedia,Manufacturing & Industrial Works,0,0,0,0,0,3963.710178794028
13.0309,79.92147,301.8,0.45,0.47,2025-01-01,2036,N20,VIIRS,n,2.0NRT,284.17,0.61,N,VIIRS_N20,227,10,Tree cover,FAILED_TILE,95418.46563205044,95.41846563205044,1026841614,way,,Mining,Mining & Quarry,HIGHER_RELEVANCE,0,0,0,0,0,95418.46563205044,95.41846563205044,1026841614,,Mining & Quarry,0,0,0,0,0,96267.9393392016
13.39424,80.09948,302.39,0.45,0.47,2025-01-01,2036,N20,VIIRS,n,2.0NRT,288.04,0.94,N,VIIRS_N20,228,30,Grassland,FAILED_TILE,137626.77468966597,137.62677468966598,202465563,way,,Other Industrial,Industrial Area / Zone,GENERAL_CONTEXT,0,0,0,0,0,139156.90396156747,139.15690396156748,1026841614,,Mining & Quarry,0,0,0,0,0,137626.77468966597
11.00075,78.41774,331.64,0.39,0.44,2025-01-02,741,N20,VIIRS,n,2.0NRT,300.45,1.61,D,VIIRS_N20,229,40,Cropland,COVERED,2111.407234582634,2.111407234582634,17368798,relation,,Power Plant,Power Plant,HIGHER_RELEVANCE,0,0,0,1,1,2111.407234582634,2.111407234582634,17368798,,Power Plant,0,0,0,1,1,13142.16226541553
12.76237,78.00354,330.67,0.39,0.44,2025-01-02,743,N20,VIIRS,n,2.0NRT,302.73,2.5,D,VIIRS_N20,230,30,Grassland,FAILED_TILE,66739.65935929085,66.73965935929084,425335457,way,Palavadi,Other Industrial,Substation & Electrical Infrastructure,CAUTION_LOWER_RELEVANCE,0,0,0,0,0,82642.26335504063,82.64226335504063,1536206840,HPCL Dharmapuri Terminal,"Oil, Gas & Chemical",0,0,0,0,0,73928.90702104177
13.16646,79.46835,330.02,0.48,0.4,2025-01-02,743,N20,VIIRS,n,2.0NRT,296.27,3.63,D,VIIRS_N20,231,40,Cropland,FAILED_TILE,113361.560593828,113.361560593828,1026841614,way,,Mining,Mining & Quarry,HIGHER_RELEVANCE,0,0,0,0,0,113361.560593828,113.361560593828,1026841614,,Mining & Quarry,0,0,0,0,0,122818.28926872814
13.14527,79.34011,333.58,0.49,0.4,2025-01-02,743,N20,VIIRS,n,2.0NRT,294.47,4.12,D,VIIRS_N20,232,20,Shrubland,FAILED_TILE,111973.52913226772,111.97352913226773,342136913,way,Rajanthangal,Other Industrial,Substation & Electrical Infrastructure,CAUTION_LOWER_RELEVANCE,0,0,0,0,0,114547.90495185523,114.54790495185523,705173099,Sree Amman Transformer Works,Manufacturing & Industrial Works,0,0,0,0,0,123824.28755441024
11.74678,78.1469,297.54,0.38,0.36,2025-01-02,2016,N20,VIIRS,n,2.0NRT,283.03,0.48,N,VIIRS_N20,233,60,Bare/sparse vegetation,COVERED,2435.2700536772004,2.4352700536772005,16803631,relation,Magnesite mines,Mining,Mining & Quarry,HIGHER_RELEVANCE,0,0,0,1,1,2435.2700536772004,2.4352700536772005,16803631,Magnesite mines,Mining & Quarry,0,0,0,1,1,4265.543404100025
13.16005,80.28485,310.98,0.4,0.37,2025-01-02,2016,N20,VIIRS,n,2.0NRT,282.87,1.28,N,VIIRS_N20,234,50,Built-up,FAILED_TILE,116505.34404891185,116.50534404891185,202465563,way,,Other Industrial,Industrial Area / Zone,GENERAL_CONTEXT,0,0,0,0,0,122236.5287501059,122.2365287501059,1026841614,,Mining & Quarry,0,0,0,0,0,116505.34404891185
12.968,79.91467,295.6,0.4,0.37,2025-01-02,2016,N20,VIIRS,n,2.0NRT,271.1,0.42,N,VIIRS_N20,235,20,Shrubland,FAILED_TILE,88410.07385442985,88.41007385442985,1026841614,way,,Mining,Mining & Quarry,HIGHER_RELEVANCE,0,0,0,0,0,88410.07385442985,88.41007385442985,1026841614,,Mining & Quarry,0,0,0,0,0,89302.84347040794
11.81654,77.9172,317.27,0.39,0.36,2025-01-02,2016,N20,VIIRS,n,2.0NRT,287.46,1.84,N,VIIRS_N20,236,50,Built-up,COVERED,250.25335269255694,0.25025335269255694,340479236,way,,Other Industrial,Substation & Electrical Infrastructure,CAUTION_LOWER_RELEVANCE,1,1,1,1,1,253.08744595977683,0.25308744595977684,876239837,JSW Steel Plant,Steel / Metallurgy,1,1,1,1,1,1772.7845507759348
11.80883,77.92317,307.07,0.39,0.36,2025-01-02,2016,N20,VIIRS,n,2.0NRT,288.45,1.63,N,VIIRS_N20,237,50,Built-up,COVERED,242.57965435412007,0.24257965435412007,340479189,way,,Other Industrial,Substation & Electrical Infrastructure,CAUTION_LOWER_RELEVANCE,1,1,1,1,1,829.4327023276619,0.8294327023276619,876239837,JSW Steel Plant,Steel / Metallurgy,0,1,1,1,1,2379.4024533601055
11.18149,79.09891,311.23,0.39,0.36,2025-01-02,2018,N20,VIIRS,n,2.0NRT,293.51,1.34,N,VIIRS_N20,238,50,Built-up,COVERED,391.56804662037536,0.39156804662037537,340697977,way,,Other Industrial,Substation & Electrical Infrastructure,CAUTION_LOWER_RELEVANCE,1,1,1,1,1,826.2397073449256,0.8262397073449256,1468887795,,Power Plant,0,1,1,1,1,674.9614967126279
11.00624,76.89335,303.46,0.4,0.37,2025-01-02,2018,N20,VIIRS,n,2.0NRT,282.83,0.36,N,VIIRS_N20,239,50,Built-up,FAILED_TILE,39091.72430964679,39.091724309646786,985074033,way,,Other Industrial,Industrial Area / Zone,GENERAL_CONTEXT,0,0,0,0,0,39618.67516542113,39.61867516542113,3449174927,,Power Plant,0,0,0,0,0,39091.72430964679
8.20461,77.64593,337.12,0.52,0.67,2025-01-03,722,N20,VIIRS,n,2.0NRT,289.89,3.94,D,VIIRS_N20,240,20,Shrubland,FAILED_TILE,43798.71074204502,43.79871074204502,1081579633,way,,Mining,Mining & Quarry,HIGHER_RELEVANCE,0,0,0,0,0,43798.71074204502,43.79871074204502,1081579633,,Mining & Quarry,0,0,0,0,0,52663.93500346393
10.74361,77.07713,345.56,0.51,0.66,2025-01-03,724,N20,VIIRS,n,2.0NRT,295.75,11.51,D,VIIRS_N20,241,30,Grassland,FAILED_TILE,19198.01248688615,19.19801248688615,6478182087,node,,Power Plant,Power Plant,HIGHER_RELEVANCE,0,0,0,0,0,19198.01248688615,19.19801248688615,6478182087,,Power Plant,0,0,0,0,0,23781.38875774299
10.74274,77.0725,347.22,0.51,0.66,2025-01-03,724,N20,VIIRS,n,2.0NRT,296.97,11.26,D,VIIRS_N20,242,30,Grassland,FAILED_TILE,19709.74956946722,19.70974956946722,6478182087,node,,Power Plant,Power Plant,HIGHER_RELEVANCE,0,0,0,0,0,19709.74956946722,19.70974956946722,6478182087,,Power Plant,0,0,0,0,0,24217.336357318552
10.74473,77.07406,367.0,0.51,0.66,2025-01-03,724,N20,VIIRS,h,2.0NRT,298.07,15.17,D,VIIRS_N20,243,30,Grassland,FAILED_TILE,19523.65612649716,19.523656126497162,6478182087,node,,Power Plant,Power Plant,HIGHER_RELEVANCE,0,0,0,0,0,19523.65612649716,19.523656126497162,6478182087,,Power Plant,0,0,0,0,0,24139.059066817248
12.22936,79.20753,334.43,0.34,0.56,2025-01-03,724,N20,VIIRS,n,2.0NRT,295.7,3.78,D,VIIRS_N20,244,40,Cropland,FAILED_TILE,9321.041863846987,9.321041863846988,342136913,way,Rajanthangal,Other Industrial,Substation & Electrical Infrastructure,CAUTION_LOWER_RELEVANCE,0,0,0,0,1,31659.269277993593,31.659269277993594,4938983210,Kallakurichi Coop Sugar Mills,Manufacturing & Industrial Works,0,0,0,0,0,27927.050032950945
12.2317,79.20523,335.81,0.34,0.56,2025-01-03,724,N20,VIIRS,n,2.0NRT,296.21,4.25,D,VIIRS_N20,245,40,Cropland,FAILED_TILE,9482.7178139481,9.482717813948101,342136913,way,Rajanthangal,Other Industrial,Substation & Electrical Infrastructure,CAUTION_LOWER_RELEVANCE,0,0,0,0,1,31611.005723359056,31.611005723359057,4938983210,Kallakurichi Coop Sugar Mills,Manufacturing & Industrial Works,0,0,0,0,0,28193.659197639972
11.90528,78.9305,354.59,0.36,0.58,2025-01-03,724,N20,VIIRS,n,2.0NRT,297.33,5.28,D,VIIRS_N20,246,40,Cropland,COVERED,3972.8917287020286,3.9728917287020287,386718596,way,Sankarapuram,Other Industrial,Substation & Electrical Infrastructure,CAUTION_LOWER_RELEVANCE,0,0,0,1,1,18048.57534903052,18.04857534903052,4938983210,Kallakurichi Coop Sugar Mills,Manufacturing & Industrial Works,0,0,0,0,0,18764.189784829192
11.43129,77.46838,305.46,0.42,0.45,2025-01-03,1957,N20,VIIRS,n,2.0NRT,290.08,0.8,N,VIIRS_N20,247,40,Cropland,COVERED,3447.33028816122,3.44733028816122,1440947503,node,Coirmedia,Industrial Works,Manufacturing & Industrial Works,HIGHER_RELEVANCE,0,0,0,1,1,3447.33028816122,3.44733028816122,1440947503,Coirmedia,Manufacturing & Industrial Works,0,0,0,1,1,12281.827324730395
11.80808,77.92257,302.59,0.4,0.44,2025-01-03,1957,N20,VIIRS,n,2.0NRT,290.75,2.1,N,VIIRS_N20,248,50,Built-up,COVERED,174.1831314713117,0.1741831314713117,340479189,way,,Other Industrial,Substation & Electrical Infrastructure,CAUTION_LOWER_RELEVANCE,1,1,1,1,1,856.4127541746285,0.8564127541746285,876239837,JSW Steel Plant,Steel / Metallurgy,0,1,1,1,1,2329.355152787541
11.81264,77.91956,313.87,0.4,0.44,2025-01-03,1957,N20,VIIRS,n,2.0NRT,292.32,1.48,N,VIIRS_N20,249,50,Built-up,COVERED,252.96315481387134,0.2529631548138713,876239837,way,JSW Steel Plant,Manufacturing,Steel / Metallurgy,HIGHER_RELEVANCE,1,1,1,1,1,252.96315481387134,0.2529631548138713,876239837,JSW Steel Plant,Steel / Metallurgy,1,1,1,1,1,1959.8630726028048
12.32897,78.5715,304.39,0.56,0.43,2025-01-03,1957,N20,VIIRS,n,2.0NRT,289.04,0.93,N,VIIRS_N20,250,20,Shrubland,FAILED_TILE,17886.272190298783,17.886272190298783,386718609,way,,Other Industrial,Substation & Electrical Infrastructure,CAUTION_LOWER_RELEVANCE,0,0,0,0,0,23656.64655285658,23.65664655285658,1468887802,,Power Plant,0,0,0,0,0,33545.712186875615
12.85007,79.90411,320.56,0.48,0.4,2025-01-03,1957,N20,VIIRS,n,2.0NRT,292.54,2.44,N,VIIRS_N20,251,20,Shrubland,FAILED_TILE,75331.39145498765,75.33139145498765,1026841614,way,,Mining,Mining & Quarry,HIGHER_RELEVANCE,0,0,0,0,0,75331.39145498765,75.33139145498765,1026841614,,Mining & Quarry,0,0,0,0,0,76262.88290562337
11.90245,79.34005,331.11,0.72,0.75,2025-01-04,707,N20,VIIRS,n,2.0NRT,294.23,7.06,D,VIIRS_N20,252,10,Tree cover,COVERED,6971.018641248337,6.971018641248337,341813942,way,Thiruvennainallur,Other Industrial,Substation & Electrical Infrastructure,CAUTION_LOWER_RELEVANCE,0,0,0,0,1,18686.94596481268,18.68694596481268,759521384,,Mining & Quarry,0,0,0,0,0,7126.164733733373
11.90354,79.34016,331.76,0.72,0.75,2025-01-04,707,N20,VIIRS,n,2.0NRT,293.62,6.42,D,VIIRS_N20,253,20,Shrubland,COVERED,7088.535093746908,7.088535093746908,341813942,way,Thiruvennainallur,Other Industrial,Substation & Electrical Infrastructure,CAUTION_LOWER_RELEVANCE,0,0,0,0,1,18708.326906917348,18.708326906917346,759521384,,Mining & Quarry,0,0,0,0,0,7247.498772241754
11.51105,76.51912,330.32,0.52,0.42,2025-01-05,826,N20,VIIRS,n,2.0NRT,298.62,2.66,D,VIIRS_N20,254,10,Tree cover,FAILED_TILE,74854.92532263369,74.85492532263369,1010736998,way,,Other Industrial,Industrial Area / Zone,GENERAL_CONTEXT,0,0,0,0,0,75095.83054837682,75.09583054837682,1003158346,,Power Plant,0,0,0,0,0,74854.92532263369
11.55031,78.6932,334.16,0.48,0.48,2025-01-05,826,N20,VIIRS,n,2.0NRT,303.21,3.0,D,VIIRS_N20,255,40,Cropland,COVERED,3922.9887190652607,3.922988719065261,906387733,way,,Other Industrial,Industrial Area / Zone,GENERAL_CONTEXT,0,0,0,1,1,20418.764597066165,20.418764597066165,813893974,,Mining & Quarry,0,0,0,0,0,3922.9887190652607
10.13353,77.27407,340.17,0.56,0.43,2025-01-05,826,N20,VIIRS,n,2.0NRT,306.16,16.84,D,VIIRS_N20,256,10,Tree cover,COVERED,14661.828762787076,14.661828762787076,1509428390,way,,Mining,Mining & Quarry,HIGHER_RELEVANCE,0,0,0,0,0,14661.828762787076,14.661828762787076,1509428390,,Mining & Quarry,0,0,0,0,0,18511.822195034398
8.16496,77.5927,336.52,0.55,0.42,2025-01-05,826,N20,VIIRS,n,2.0NRT,301.11,3.19,D,VIIRS_N20,257,30,Grassland,FAILED_TILE,38811.72184353954,38.81172184353954,1081579633,way,,Mining,Mining & Quarry,HIGHER_RELEVANCE,0,0,0,0,0,38811.72184353954,38.81172184353954,1081579633,,Mining & Quarry,0,0,0,0,0,47400.32569889544
12.85438,79.90437,324.72,0.66,0.73,2025-01-05,1919,N20,VIIRS,n,2.0NRT,290.82,5.28,N,VIIRS_N20,258,30,Grassland,FAILED_TILE,75806.03623019632,75.80603623019631,1026841614,way,,Mining,Mining & Quarry,HIGHER_RELEVANCE,0,0,0,0,0,75806.03623019632,75.80603623019631,1026841614,,Mining & Quarry,0,0,0,0,0,76739.53653707613
10.13427,77.27188,312.06,0.45,0.63,2025-01-05,2101,N20,VIIRS,n,2.0NRT,278.03,1.19,N,VIIRS_N20,259,10,Tree cover,COVERED,14887.065502775384,14.887065502775384,1509428390,way,,Mining,Mining & Quarry,HIGHER_RELEVANCE,0,0,0,0,0,14887.065502775384,14.887065502775384,1509428390,,Mining & Quarry,0,0,0,0,0,18734.85843524016
12.27398,77.48555,334.22,0.39,0.36,2025-01-06,807,N20,VIIRS,n,2.0NRT,301.69,3.72,D,VIIRS_N20,260,30,Grassland,FAILED_TILE,17424.705642536395,17.424705642536395,1467381349,way,,Other Industrial,Substation & Electrical Infrastructure,CAUTION_LOWER_RELEVANCE,0,0,0,0,0,17452.680329518993,17.452680329518994,13570496,,Power Plant,0,0,0,0,0,51416.19574922657
12.2745,77.48907,339.47,0.39,0.36,2025-01-06,807,N20,VIIRS,n,2.0NRT,302.55,3.72,D,VIIRS_N20,261,30,Grassland,FAILED_TILE,17751.087668633627,17.751087668633627,1467381349,way,,Other Industrial,Substation & Electrical Infrastructure,CAUTION_LOWER_RELEVANCE,0,0,0,0,0,17772.122054400883,17.77212205440088,13570496,,Power Plant,0,0,0,0,0,51591.89109352757
12.0115,78.97699,342.16,0.42,0.37,2025-01-06,807,N20,VIIRS,n,2.0NRT,296.99,3.84,D,VIIRS_N20,262,10,Tree cover,COVERED,2503.9087213470957,2.503908721347096,1467381344,way,,Other Industrial,Substation & Electrical Infrastructure,CAUTION_LOWER_RELEVANCE,0,0,0,1,1,5709.025550828405,5.709025550828406,4938983210,Kallakurichi Coop Sugar Mills,Manufacturing & Industrial Works,0,0,0,0,1,23760.784830597993
12.08129,79.76902,332.47,0.45,0.39,2025-01-06,807,N20,VIIRS,n,2.0NRT,300.52,4.09,D,VIIRS_N20,263,10,Tree cover,COVERED,6253.324421589578,6.2533244215895785,554804876,way,,Other Industrial,Industrial Area / Zone,GENERAL_CONTEXT,0,0,0,0,1,8848.661216675217,8.848661216675216,192061405,Power Station,Power Plant,0,0,0,0,1,6253.324421589578
11.74525,78.10697,333.75,0.39,0.36,2025-01-06,807,N20,VIIRS,n,2.0NRT,300.18,2.82,D,VIIRS_N20,264,40,Cropland,COVERED,3553.7021930431724,3.5537021930431725,665707509,way,,Other Industrial,Industrial Area / Zone,GENERAL_CONTEXT,0,0,0,1,1,3741.6242543737903,3.7416242543737903,16803631,Magnesite mines,Mining & Quarry,0,0,0,1,1,3553.7021930431724
10.73405,78.8576,334.65,0.4,0.37,2025-01-06,807,N20,VIIRS,n,2.0NRT,303.19,3.26,D,VIIRS_N20,265,30,Grassland,COVERED,555.0119933859053,0.5550119933859052,447015148,way,,Other Industrial,Industrial Area / Zone,GENERAL_CONTEXT,0,1,1,1,1,578.7672476616658,0.5787672476616658,4442170455,Masfab Engineering Technology,Manufacturing & Industrial Works,0,1,1,1,1,555.0119933859053
10.65434,78.90324,337.8,0.4,0.37,2025-01-06,807,N20,VIIRS,n,2.0NRT,295.47,3.05,D,VIIRS_N20,266,10,Tree cover,COVERED,4477.018755551074,4.477018755551073,560347053,way,,Mining,Mining & Quarry,HIGHER_RELEVANCE,0,0,0,1,1,4477.018755551074,4.477018755551073,560347053,,Mining & Quarry,0,0,0,1,1,8182.450053389216
10.13398,77.27408,340.05,0.38,0.36,2025-01-06,807,N20,VIIRS,n,2.0NRT,303.76,8.57,D,VIIRS_N20,267,10,Tree cover,COVERED,14697.390174334225,14.697390174334226,1509428390,way,,Mining,Mining & Quarry,HIGHER_RELEVANCE,0,0,0,0,0,14697.390174334225,14.697390174334226,1509428390,,Mining & Quarry,0,0,0,0,0,18547.998925995635
9.18335,78.58079,334.68,0.39,0.36,2025-01-06,807,N20,VIIRS,n,2.0NRT,301.85,3.38,D,VIIRS_N20,268,10,Tree cover,COVERED,5361.582818029383,5.361582818029383,1537121520,way,,Other Industrial,Substation & Electrical Infrastructure,CAUTION_LOWER_RELEVANCE,0,0,0,0,1,5467.624039575198,5.467624039575198,17337881,,Power Plant,0,0,0,0,1,20760.655178549478
8.66208,78.00376,331.58,0.38,0.36,2025-01-06,807,N20,VIIRS,n,2.0NRT,300.9,2.81,D,VIIRS_N20,269,10,Tree cover,FAILED_TILE,60970.14957515059,60.97014957515059,17369385,relation,,Power Plant,Power Plant,HIGHER_RELEVANCE,0,0,0,0,0,60970.14957515059,60.97014957515059,17369385,,Power Plant,0,0,0,0,0,87248.31485900597
8.26385,77.14684,332.48,0.39,0.36,2025-01-06,807,N20,VIIRS,n,2.0NRT,304.61,3.29,D,VIIRS_N20,270,10,Tree cover,COVERED,565.3643649960343,0.5653643649960343,662556056,way,,Other Industrial,Industrial Area / Zone,GENERAL_CONTEXT,0,1,1,1,1,2433.233816815177,2.433233816815177,338650946,,Mining & Quarry,0,0,0,1,1,565.3643649960343
11.81821,77.91634,315.54,0.44,0.46,2025-01-06,2042,N20,VIIRS,n,2.0NRT,291.65,1.47,N,VIIRS_N20,271,50,Built-up,COVERED,373.00575735060517,0.37300575735060515,340479236,way,,Other Industrial,Substation & Electrical Infrastructure,CAUTION_LOWER_RELEVANCE,1,1,1,1,1,461.0124216789972,0.4610124216789972,876239837,JSW Steel Plant,Steel / Metallurgy,1,1,1,1,1,1746.8729142957754
11.81328,77.91955,304.19,0.44,0.46,2025-01-06,2042,N20,VIIRS,n,2.0NRT,290.77,1.47,N,VIIRS_N20,272,50,Built-up,COVERED,198.80093748909854,0.19880093748909855,876239837,way,JSW Steel Plant,Manufacturing,Steel / Metallurgy,HIGHER_RELEVANCE,1,1,1,1,1,198.80093748909854,0.19880093748909855,876239837,JSW Steel Plant,Steel / Metallurgy,1,1,1,1,1,1962.3255943293605
11.81797,77.91679,314.09,0.44,0.46,2025-01-06,2042,N20,VIIRS,n,2.0NRT,291.39,2.03,N,VIIRS_N20,273,50,Built-up,COVERED,317.4608502086562,0.3174608502086562,340479236,way,,Other Industrial,Substation & Electrical Infrastructure,CAUTION_LOWER_RELEVANCE,1,1,1,1,1,416.7684459583805,0.4167684459583805,876239837,JSW Steel Plant,Steel / Metallurgy,1,1,1,1,1,1782.090530726084
11.81306,77.92001,306.63,0.44,0.46,2025-01-06,2042,N20,VIIRS,n,2.0NRT,291.19,1.54,N,VIIRS_N20,274,50,Built-up,COVERED,252.75353960391908,0.25275353960391905,876239837,way,JSW Steel Plant,Manufacturing,Steel / Metallurgy,HIGHER_RELEVANCE,1,1,1,1,1,252.75353960391908,0.25275353960391905,876239837,JSW Steel Plant,Steel / Metallurgy,1,1,1,1,1,2010.8055400447795
11.77549,76.99091,309.64,0.39,0.44,2025-01-06,2042,N20,VIIRS,n,2.0NRT,287.04,0.59,N,VIIRS_N20,275,10,Tree cover,FAILED_TILE,34664.19915553623,34.66419915553623,284189645,way,PG Palya,Other Industrial,Substation & Electrical Infrastructure,CAUTION_LOWER_RELEVANCE,0,0,0,0,0,42308.11663598309,42.30811663598309,1012851506,,Power Plant,0,0,0,0,0,44216.4390488881
10.92894,77.5596,299.88,0.43,0.46,2025-01-06,2042,N20,VIIRS,n,2.0NRT,288.46,0.35,N,VIIRS_N20,276,50,Built-up,COVERED,379.727079366564,0.379727079366564,11845351792,node,,Power Plant,Power Plant,HIGHER_RELEVANCE,1,1,1,1,1,379.727079366564,0.379727079366564,11845351792,,Power Plant,1,1,1,1,1,2575.4439690541135
9.77955,77.90776,307.42,0.47,0.48,2025-01-06,2042,N20,VIIRS,n,2.0NRT,289.65,1.11,N,VIIRS_N20,277,10,Tree cover,COVERED,4026.8565810905206,4.026856581090521,906795394,way,,Other Industrial,Industrial Area / Zone,GENERAL_CONTEXT,0,0,0,1,1,5505.455943567071,5.505455943567071,13470286,,Power Plant,0,0,0,0,1,4026.8565810905206
8.85111,78.11459,330.62,0.53,0.42,2025-01-07,748,N20,VIIRS,n,2.0NRT,296.45,3.16,D,VIIRS_N20,278,20,Shrubland,FAILED_TILE,36876.49410449711,36.87649410449711,17369385,relation,,Power Plant,Power Plant,HIGHER_RELEVANCE,0,0,0,0,0,36876.49410449711,36.87649410449711,17369385,,Power Plant,0,0,0,0,0,70537.03524063255
8.31969,77.4026,335.66,0.4,0.44,2025-01-07,748,N20,VIIRS,n,2.0NRT,296.77,2.28,D,VIIRS_N20,279,10,Tree cover,FAILED_TILE,16563.23698939932,16.56323698939932,774534255,way,,Mining,Mining & Quarry,HIGHER_RELEVANCE,0,0,0,0,0,16563.23698939932,16.56323698939932,774534255,,Mining & Quarry,0,0,0,0,0,27220.116003954296
8.22996,77.46539,333.8,0.4,0.44,2025-01-07,748,N20,VIIRS,n,2.0NRT,299.25,1.65,D,VIIRS_N20,280,10,Tree cover,FAILED_TILE,23743.872478581317,23.743872478581316,1081579633,way,,Mining,Mining & Quarry,HIGHER_RELEVANCE,0,0,0,0,0,23743.872478581317,23.743872478581316,1081579633,,Mining & Quarry,0,0,0,0,0,32666.303414078047
9.3789,77.40843,331.02,0.38,0.43,2025-01-07,748,N20,VIIRS,n,2.0NRT,297.46,1.49,D,VIIRS_N20,281,10,Tree cover,FAILED_TILE,15955.78790191909,15.95578790191909,309492137,way,Mudangiyar,Other Industrial,Substation & Electrical Infrastructure,CAUTION_LOWER_RELEVANCE,0,0,0,0,0,20220.307855784304,20.220307855784302,1018276477,Janakiram Mills,Manufacturing & Industrial Works,0,0,0,0,0,18565.453380122915
11.19525,77.8558,330.86,0.51,0.41,2025-01-07,750,N20,VIIRS,n,2.0NRT,297.22,3.59,D,VIIRS_N20,282,10,Tree cover,COVERED,2751.0540280517844,2.7510540280517843,791243054,way,Skm Egg Products,Other Industrial,Industrial Area / Zone,GENERAL_CONTEXT,0,0,0,1,1,5408.184779168638,5.4081847791686375,429967372,Bhavani Kattalai III,Power Plant,0,0,0,0,1,2751.0540280517844
11.19609,77.85741,332.68,0.51,0.41,2025-01-07,750,N20,VIIRS,n,2.0NRT,297.65,3.07,D,VIIRS_N20,283,10,Tree cover,COVERED,2785.946644766588,2.785946644766588,791243054,way,Skm Egg Products,Other Industrial,Industrial Area / Zone,GENERAL_CONTEXT,0,0,0,1,1,5283.031729946664,5.283031729946664,429967372,Bhavani Kattalai III,Power Plant,0,0,0,0,1,2785.946644766588
11.83409,78.91941,331.81,0.45,0.39,2025-01-07,750,N20,VIIRS,n,2.0NRT,297.18,2.85,D,VIIRS_N20,284,10,Tree cover,COVERED,3558.935002421541,3.558935002421541,1468887808,way,,Other Industrial,Substation & Electrical Infrastructure,CAUTION_LOWER_RELEVANCE,0,0,0,1,1,19240.787368591267,19.240787368591267,815790484,,Mining & Quarry,0,0,0,0,0,11214.990368650351
12.03704,79.81008,332.96,0.41,0.37,2025-01-07,750,N20,VIIRS,n,2.0NRT,297.63,4.51,D,VIIRS_N20,285,10,Tree cover,COVERED,2634.4592466780537,2.6344592466780536,554802748,way,,Other Industrial,Industrial Area / Zone,GENERAL_CONTEXT,0,0,0,1,1,2761.68376221994,2.76168376221994,58389257,Workshop,Manufacturing & Industrial Works,0,0,0,1,1,2634.4592466780537
12.56889,77.66099,333.41,0.5,0.41,2025-01-07,750,N20,VIIRS,n,2.0NRT,300.56,3.88,D,VIIRS_N20,286,30,Grassland,FAILED_TILE,47943.80102604101,47.94380102604101,283880582,way,Halagur,Other Industrial,Substation & Electrical Infrastructure,CAUTION_LOWER_RELEVANCE,0,0,0,0,0,53592.250476918656,53.59225047691866,1014038244,,Power Plant,0,0,0,0,0,49628.52662412197
12.73532,77.78838,330.28,0.49,0.4,2025-01-07,750,N20,VIIRS,n,2.0NRT,298.86,1.51,D,VIIRS_N20,287,50,Built-up,FAILED_TILE,59720.78622004217,59.72078622004217,1134097095,way,,Other Industrial,Substation & Electrical Infrastructure,CAUTION_LOWER_RELEVANCE,0,0,0,0,0,61835.52314475235,61.83552314475235,971761880,,Mining & Quarry,0,0,0,0,0,62989.62592605609
13.1301,79.42122,339.6,0.42,0.37,2025-01-07,750,N20,VIIRS,n,2.0NRT,301.22,7.93,D,VIIRS_N20,288,10,Tree cover,FAILED_TILE,111023.97307002194,111.02397307002194,705173099,way,Sree Amman Transformer Works,Industrial Works,Manufacturing & Industrial Works,HIGHER_RELEVANCE,0,0,0,0,0,111023.97307002194,111.02397307002194,705173099,Sree Amman Transformer Works,Manufacturing & Industrial Works,0,0,0,0,0,120866.97551402081
13.27669,79.65884,339.67,0.41,0.37,2025-01-07,750,N20,VIIRS,n,2.0NRT,300.88,2.73,D,VIIRS_N20,289,40,Cropland,FAILED_TILE,121615.12090992452,121.61512090992451,1026841614,way,,Mining,Mining & Quarry,HIGHER_RELEVANCE,0,0,0,0,0,121615.12090992452,121.61512090992451,1026841614,,Mining & Quarry,0,0,0,0,0,127449.99958522903
13.39254,80.10291,308.94,0.45,0.39,2025-01-07,2023,N20,VIIRS,n,2.0NRT,293.93,1.01,N,VIIRS_N20,290,40,Cropland,FAILED_TILE,137484.36939169123,137.48436939169122,202465563,way,,Other Industrial,Industrial Area / Zone,GENERAL_CONTEXT,0,0,0,0,0,139073.70675665178,139.07370675665177,1026841614,,Mining & Quarry,0,0,0,0,0,137484.36939169123
12.96668,79.9149,309.15,0.45,0.39,2025-01-07,2023,N20,VIIRS,n,2.0NRT,292.53,0.6,N,VIIRS_N20,291,40,Cropland,FAILED_TILE,88270.74534097077,88.27074534097076,1026841614,way,,Mining,Mining & Quarry,HIGHER_RELEVANCE,0,0,0,0,0,88270.74534097077,88.27074534097076,1026841614,,Mining & Quarry,0,0,0,0,0,89155.201567319
10.93249,77.06418,301.81,0.39,0.36,2025-01-07,2025,N20,VIIRS,n,2.0NRT,291.07,0.29,N,VIIRS_N20,292,40,Cropland,FAILED_TILE,20313.25405526025,20.313254055260252,3449174617,node,,Power Plant,Power Plant,HIGHER_RELEVANCE,0,0,0,0,0,20313.25405526025,20.313254055260252,3449174617,,Power Plant,0,0,0,0,0,21158.666879155506
10.92919,77.06364,308.07,0.39,0.36,2025-01-07,2025,N20,VIIRS,n,2.0NRT,291.43,0.73,N,VIIRS_N20,293,40,Cropland,FAILED_TILE,20368.207554463417,20.368207554463417,3449174406,node,,Power Plant,Power Plant,HIGHER_RELEVANCE,0,0,0,0,0,20368.207554463417,20.368207554463417,3449174406,,Power Plant,0,0,0,0,0,21317.49916779937
12.69209,77.94728,300.0,0.39,0.36,2025-01-07,2025,N20,VIIRS,n,2.0NRT,288.55,0.36,N,VIIRS_N20,294,40,Cropland,FAILED_TILE,59884.97850489007,59.884978504890064,425335457,way,Palavadi,Other Industrial,Substation & Electrical Infrastructure,CAUTION_LOWER_RELEVANCE,0,0,0,0,0,76145.21825788118,76.14521825788118,1536206840,HPCL Dharmapuri Terminal,"Oil, Gas & Chemical",0,0,0,0,0,67730.67277913255
11.81625,77.91691,327.38,0.39,0.36,2025-01-07,2025,N20,VIIRS,n,2.0NRT,293.31,2.43,N,VIIRS_N20,295,50,Built-up,COVERED,241.3261647496208,0.2413261647496208,876239837,way,JSW Steel Plant,Manufacturing,Steel / Metallurgy,HIGHER_RELEVANCE,1,1,1,1,1,241.3261647496208,0.2413261647496208,876239837,JSW Steel Plant,Steel / Metallurgy,1,1,1,1,1,1733.602287827854
11.18222,79.09943,308.16,0.43,0.38,2025-01-07,2025,N20,VIIRS,n,2.0NRT,292.09,1.04,N,VIIRS_N20,296,50,Built-up,COVERED,381.66906194860866,0.38166906194860867,340697977,way,,Other Industrial,Substation & Electrical Infrastructure,CAUTION_LOWER_RELEVANCE,1,1,1,1,1,732.4425770503208,0.7324425770503208,1468887795,,Power Plant,0,1,1,1,1,730.9718952055191
12.03586,79.81428,339.16,0.49,0.49,2025-01-08,730,N20,VIIRS,n,2.0NRT,296.26,13.34,D,VIIRS_N20,297,10,Tree cover,COVERED,2614.7746517408978,2.614774651740898,58389257,way,Workshop,Industrial Works,Manufacturing & Industrial Works,HIGHER_RELEVANCE,0,0,0,1,1,2614.7746517408978,2.614774651740898,58389257,Workshop,Manufacturing & Industrial Works,0,0,0,1,1,2883.7846421428912
11.49851,77.90342,332.3,0.34,0.56,2025-01-08,730,N20,VIIRS,n,2.0NRT,297.83,1.85,D,VIIRS_N20,298,30,Grassland,COVERED,1004.2071010355904,1.0042071010355904,340337101,way,Iveli,Other Industrial,Substation & Electrical Infrastructure,CAUTION_LOWER_RELEVANCE,0,0,1,1,1,4332.69921722764,4.332699217227639,974689361,,Mining & Quarry,0,0,0,1,1,1712.3191706536593
11.09697,79.0728,330.98,0.57,0.52,2025-01-08,730,N20,VIIRS,n,2.0NRT,293.46,4.14,D,VIIRS_N20,299,10,Tree cover,COVERED,4354.079365922327,4.354079365922328,178523282,way,Chettinad Cement Corporation Private Limited,Construction Materials,Cement & Construction Materials,HIGHER_RELEVANCE,0,0,0,1,1,4354.079365922327,4.354079365922328,178523282,Chettinad Cement Corporation Private Limited,Cement & Construction Materials,0,0,0,1,1,5834.474652346209
9.97193,77.53833,335.02,0.38,0.59,2025-01-08,730,N20,VIIRS,n,2.0NRT,295.7,5.18,D,VIIRS_N20,300,30,Grassland,COVERED,973.1022444655101,0.9731022444655101,4979969193,node,,Power Plant,Power Plant,HIGHER_RELEVANCE,0,1,1,1,1,973.1022444655101,0.9731022444655101,4979969193,,Power Plant,0,1,1,1,1,5185.786006520343
12.99833,79.90717,302.68,0.41,0.37,2025-01-08,2004,N20,VIIRS,n,2.0NRT,291.63,0.35,N,VIIRS_N20,301,30,Grassland,FAILED_TILE,91577.45777155054,91.57745777155054,1026841614,way,,Mining,Mining & Quarry,HIGHER_RELEVANCE,0,0,0,0,0,91577.45777155054,91.57745777155054,1026841614,,Mining & Quarry,0,0,0,0,0,92707.23682098149
12.87515,79.88918,301.59,0.41,0.37,2025-01-08,2004,N20,VIIRS,n,2.0NRT,291.27,0.4,N,VIIRS_N20,302,30,Grassland,FAILED_TILE,77752.07517096541,77.75207517096541,1026841614,way,,Mining,Mining & Quarry,HIGHER_RELEVANCE,0,0,0,0,0,77752.07517096541,77.75207517096541,1026841614,,Mining & Quarry,0,0,0,0,0,79158.57149785709
12.87471,79.8894,302.08,0.41,0.37,2025-01-08,2004,N20,VIIRS,n,2.0NRT,291.51,0.52,N,VIIRS_N20,303,30,Grassland,FAILED_TILE,77708.27826918055,77.70827826918055,1026841614,way,,Mining,Mining & Quarry,HIGHER_RELEVANCE,0,0,0,0,0,77708.27826918055,77.70827826918055,1026841614,,Mining & Quarry,0,0,0,0,0,79107.90970675636
12.85482,79.90556,314.02,0.41,0.37,2025-01-08,2004,N20,VIIRS,n,2.0NRT,290.84,1.66,N,VIIRS_N20,304,30,Grassland,FAILED_TILE,75880.7370291362,75.8807370291362,1026841614,way,,Mining,Mining & Quarry,HIGHER_RELEVANCE,0,0,0,0,0,75880.7370291362,75.8807370291362,1026841614,,Mining & Quarry,0,0,0,0,0,76780.6996809013
12.70463,77.80582,301.35,0.5,0.41,2025-01-08,2004,N20,VIIRS,n,2.0NRT,286.74,1.06,N,VIIRS_N20,305,40,Cropland,FAILED_TILE,61955.25501837077,61.95525501837077,1134097095,way,,Other Industrial,Substation & Electrical Infrastructure,CAUTION_LOWER_RELEVANCE,0,0,0,0,0,64955.67867352709,64.95567867352709,971761880,,Mining & Quarry,0,0,0,0,0,64509.88381671139
11.8722,79.22449,304.37,0.43,0.38,2025-01-08,2004,N20,VIIRS,n,2.0NRT,290.15,0.67,N,VIIRS_N20,306,10,Tree cover,COVERED,5574.592797126129,5.574592797126129,265038580,way,,Other Industrial,Industrial Area / Zone,GENERAL_CONTEXT,0,0,0,0,1,21149.83249383997,21.14983249383997,1119513114,,Mining & Quarry,0,0,0,0,0,5574.592797126129
11.81092,77.92183,321.69,0.48,0.4,2025-01-08,2004,N20,VIIRS,n,2.0NRT,293.12,3.02,N,VIIRS_N20,307,50,Built-up,COVERED,498.46205320689955,0.49846205320689957,340479189,way,,Other Industrial,Substation & Electrical Infrastructure,CAUTION_LOWER_RELEVANCE,1,1,1,1,1,559.6307468426442,0.5596307468426441,876239837,JSW Steel Plant,Steel / Metallurgy,0,1,1,1,1,2209.7135555262375
11.6535,78.02995,308.69,0.48,0.4,2025-01-08,2004,N20,VIIRS,n,2.0NRT,290.95,1.3,N,VIIRS_N20,308,50,Built-up,COVERED,189.6875187890415,0.1896875187890415,336571753,way,SAIL,Other Industrial,Substation & Electrical Infrastructure,CAUTION_LOWER_RELEVANCE,1,1,1,1,1,282.1183485569245,0.2821183485569245,104170107,Salem Steel Plant,Steel / Metallurgy,1,1,1,1,1,1025.0040831380536
11.18334,79.0993,303.54,0.42,0.38,2025-01-08,2004,N20,VIIRS,n,2.0NRT,291.18,0.7,N,VIIRS_N20,309,50,Built-up,COVERED,316.42255827827864,0.31642255827827864,340697977,way,,Other Industrial,Substation & Electrical Infrastructure,CAUTION_LOWER_RELEVANCE,1,1,1,1,1,681.2898730074105,0.6812898730074105,1468887795,,Power Plant,0,1,1,1,1,733.5554980802356
10.49672,77.46429,300.18,0.49,0.41,2025-01-08,2004,N20,VIIRS,n,2.0NRT,288.84,0.45,N,VIIRS_N20,310,40,Cropland,COVERED,1269.1337497582454,1.2691337497582453,9117568426,node,,Power Plant,Power Plant,HIGHER_RELEVANCE,0,0,1,1,1,1269.1337497582454,1.2691337497582453,9117568426,,Power Plant,0,0,1,1,1,4960.068370402506
10.75285,78.90936,303.48,0.43,0.38,2025-01-08,2004,N20,VIIRS,n,2.0NRT,291.06,0.58,N,VIIRS_N20,311,30,Grassland,COVERED,3900.24598174453,3.90024598174453,175584077,way,,Other Industrial,Industrial Area / Zone,GENERAL_CONTEXT,0,0,0,1,1,5605.11783539266,5.60511783539266,4442170450,Apex Steel Technology Ltd,Steel / Metallurgy,0,0,0,0,1,3900.24598174453
11.17813,79.08661,305.27,0.42,0.38,2025-01-08,2004,N20,VIIRS,n,2.0NRT,291.03,0.67,N,VIIRS_N20,312,50,Built-up,COVERED,789.1021762875375,0.7891021762875375,178523246,way,,Other Industrial,Industrial Area / Zone,GENERAL_CONTEXT,0,1,1,1,1,2181.2029524752857,2.1812029524752856,1468887795,,Power Plant,0,0,0,1,1,789.1021762875375
13.39291,80.10188,309.06,0.41,0.37,2025-01-08,2004,N20,VIIRS,n,2.0NRT,293.45,1.19,N,VIIRS_N20,313,40,Cropland,FAILED_TILE,137511.51009824782,137.5115100982478,202465563,way,,Other Industrial,Industrial Area / Zone,GENERAL_CONTEXT,0,0,0,0,0,139083.51011550176,139.08351011550175,1026841614,,Mining & Quarry,0,0,0,0,0,137511.51009824782
13.39286,80.0788,306.07,0.41,0.37,2025-01-08,2004,N20,VIIRS,n,2.0NRT,292.05,0.29,N,VIIRS_N20,314,40,Cropland,FAILED_TILE,137222.7564890088,137.22275648900882,202465563,way,,Other Industrial,Industrial Area / Zone,GENERAL_CONTEXT,0,0,0,0,0,138431.6087699726,138.4316087699726,1026841614,,Mining & Quarry,0,0,0,0,0,137222.7564890088
13.1593,80.28298,306.74,0.4,0.37,2025-01-08,2004,N20,VIIRS,n,2.0NRT,292.96,0.61,N,VIIRS_N20,315,50,Built-up,FAILED_TILE,116362.49067044225,116.36249067044224,202465563,way,,Other Industrial,Industrial Area / Zone,GENERAL_CONTEXT,0,0,0,0,0,122068.3233031726,122.0683233031726,1026841614,,Mining & Quarry,0,0,0,0,0,116362.49067044225
13.06491,80.18908,307.27,0.4,0.37,2025-01-08,2004,N20,VIIRS,n,2.0NRT,293.31,0.52,N,VIIRS_N20,316,50,Built-up,FAILED_TILE,103402.5067374805,103.4025067374805,202465563,way,,Other Industrial,Industrial Area / Zone,GENERAL_CONTEXT,0,0,0,0,0,108122.54796313644,108.12254796313644,1026841614,,Mining & Quarry,0,0,0,0,0,103402.5067374805
13.08191,79.98158,304.94,0.41,0.37,2025-01-08,2004,N20,VIIRS,n,2.0NRT,291.92,0.78,N,VIIRS_N20,317,60,Bare/sparse vegetation,FAILED_TILE,101969.3037210198,101.9693037210198,202465563,way,,Other Industrial,Industrial Area / Zone,GENERAL_CONTEXT,0,0,0,0,0,102333.66021474959,102.33366021474959,1026841614,,Mining & Quarry,0,0,0,0,0,101969.3037210198
9.85275,78.15184,303.28,0.58,0.52,2025-01-09,1946,N20,VIIRS,n,2.0NRT,288.27,0.87,N,VIIRS_N20,318,20,Shrubland,COVERED,1749.9883630547804,1.7499883630547803,1467375226,way,,Other Industrial,Substation & Electrical Infrastructure,CAUTION_LOWER_RELEVANCE,0,0,1,1,1,4288.25217894644,4.28825217894644,726539282,,Manufacturing & Industrial Works,0,0,0,1,1,4454.7365243566255
11.81362,77.9201,303.56,0.32,0.55,2025-01-09,1946,N20,VIIRS,n,2.0NRT,289.48,0.8,N,VIIRS_N20,319,50,Built-up,COVERED,227.96843595314698,0.22796843595314698,876239837,way,JSW Steel Plant,Manufacturing,Steel / Metallurgy,HIGHER_RELEVANCE,1,1,1,1,1,227.96843595314698,0.22796843595314698,876239837,JSW Steel Plant,Steel / Metallurgy,1,1,1,1,1,2024.8985291450736
13.41907,80.08904,301.93,0.48,0.48,2025-01-09,1946,N20,VIIRS,n,2.0NRT,290.01,0.65,N,VIIRS_N20,320,40,Cropland,FAILED_TILE,140239.18526639105,140.23918526639105,202465563,way,,Other Industrial,Industrial Area / Zone,GENERAL_CONTEXT,0,0,0,0,0,141530.98833238782,141.5309883323878,1026841614,,Mining & Quarry,0,0,0,0,0,140239.18526639105
13.39514,80.0994,302.13,0.48,0.48,2025-01-09,1946,N20,VIIRS,n,2.0NRT,290.01,0.42,N,VIIRS_N20,321,40,Cropland,FAILED_TILE,137725.08068960346,137.72508068960346,202465563,way,,Other Industrial,Industrial Area / Zone,GENERAL_CONTEXT,0,0,0,0,0,139251.09959630526,139.25109959630527,1026841614,,Mining & Quarry,0,0,0,0,0,137725.08068960346
13.16071,80.28396,303.31,0.47,0.47,2025-01-09,1946,N20,VIIRS,n,2.0NRT,290.23,1.38,N,VIIRS_N20,322,50,Built-up,FAILED_TILE,116544.66918271163,116.54466918271163,202465563,way,,Other Industrial,Industrial Area / Zone,GENERAL_CONTEXT,0,0,0,0,0,122256.49046252557,122.25649046252558,1026841614,,Mining & Quarry,0,0,0,0,0,116544.66918271163
13.08376,79.97999,308.81,0.49,0.48,2025-01-09,1946,N20,VIIRS,n,2.0NRT,289.48,1.17,N,VIIRS_N20,323,20,Shrubland,FAILED_TILE,102168.68136416374,102.16868136416375,202465563,way,,Other Industrial,Industrial Area / Zone,GENERAL_CONTEXT,0,0,0,0,0,102493.23282188807,102.49323282188807,1026841614,,Mining & Quarry,0,0,0,0,0,102168.68136416374
10.93198,77.55813,299.79,0.33,0.55,2025-01-09,1946,N20,VIIRS,n,2.0NRT,287.83,0.28,N,VIIRS_N20,324,40,Cropland,COVERED,646.6072262661334,0.6466072262661333,11845351792,node,,Power Plant,Power Plant,HIGHER_RELEVANCE,0,1,1,1,1,646.6072262661334,0.6466072262661333,11845351792,,Power Plant,0,1,1,1,1,2296.342416555826
11.37769,77.35635,332.0,0.49,0.49,2025-01-10,834,N20,VIIRS,n,2.0NRT,296.18,1.71,D,VIIRS_N20,325,10,Tree cover,COVERED,4845.924572607859,4.845924572607859,1198547815,way,,Other Industrial,Substation & Electrical Infrastructure,CAUTION_LOWER_RELEVANCE,0,0,0,1,1,10214.604384113494,10.214604384113494,1359264500,Malayappalayam EB Sub Station,Manufacturing & Industrial Works,0,0,0,0,0,9727.903619405377
13.19121,80.2813,300.58,0.49,0.65,2025-01-10,1925,N20,VIIRS,n,2.0NRT,284.85,0.57,N,VIIRS_N20,326,40,Cropland,FAILED_TILE,119681.22594543823,119.68122594543823,202465563,way,,Other Industrial,Industrial Area / Zone,GENERAL_CONTEXT,0,0,0,0,0,125136.34504170615,125.13634504170615,1026841614,,Mining & Quarry,0,0,0,0,0,119681.22594543823
13.16068,80.2821,304.75,0.49,0.65,2025-01-10,1925,N20,VIIRS,n,2.0NRT,289.54,1.19,N,VIIRS_N20,327,50,Built-up,FAILED_TILE,116478.36020204065,116.47836020204065,202465563,way,,Other Industrial,Industrial Area / Zone,GENERAL_CONTEXT,0,0,0,0,0,122159.80888356765,122.15980888356765,1026841614,,Mining & Quarry,0,0,0,0,0,116478.36020204065
12.99741,79.90338,303.22,0.51,0.66,2025-01-10,1925,N20,VIIRS,n,2.0NRT,286.82,0.66,N,VIIRS_N20,328,30,Grassland,FAILED_TILE,91405.70973570843,91.40570973570843,1026841614,way,,Mining,Mining & Quarry,HIGHER_RELEVANCE,0,0,0,0,0,91405.70973570843,91.40570973570843,1026841614,,Mining & Quarry,0,0,0,0,0,92625.15009802765
12.99128,79.90255,298.08,0.51,0.66,2025-01-10,1925,N20,VIIRS,n,2.0NRT,284.76,0.66,N,VIIRS_N20,329,10,Tree cover,FAILED_TILE,90718.74491144183,90.71874491144183,1026841614,way,,Mining,Mining & Quarry,HIGHER_RELEVANCE,0,0,0,0,0,90718.74491144183,90.71874491144183,1026841614,,Mining & Quarry,0,0,0,0,0,91949.10452156635
9.55959,77.2526,339.39,0.4,0.37,2025-01-11,813,N20,VIIRS,n,2.0NRT,294.53,4.69,D,VIIRS_N20,330,30,Grassland,COVERED,7092.4192553177445,7.092419255317744,310070120,way,Suruliyar,Power Plant,Power Plant,HIGHER_RELEVANCE,0,0,0,0,1,7092.4192553177445,7.092419255317744,310070120,Suruliyar,Power Plant,0,0,0,0,1,35092.143055037624
9.56013,77.25623,332.2,0.4,0.37,2025-01-11,813,N20,VIIRS,n,2.0NRT,291.71,4.69,D,VIIRS_N20,331,10,Tree cover,COVERED,6921.299331665356,6.921299331665356,310070120,way,Suruliyar,Power Plant,Power Plant,HIGHER_RELEVANCE,0,0,0,0,1,6921.299331665356,6.921299331665356,310070120,Suruliyar,Power Plant,0,0,0,0,1,34733.70871622703
8.13922,77.58295,333.34,0.4,0.37,2025-01-11,813,N20,VIIRS,n,2.0NRT,299.79,2.61,D,VIIRS_N20,332,10,Tree cover,FAILED_TILE,38583.9909447222,38.5839909447222,1081579633,way,,Mining,Mining & Quarry,HIGHER_RELEVANCE,0,0,0,0,0,38583.9909447222,38.5839909447222,1081579633,,Mining & Quarry,0,0,0,0,0,46945.12544481186
12.99835,79.90646,306.38,0.36,0.58,2025-01-11,2048,N20,VIIRS,n,2.0NRT,285.89,1.02,N,VIIRS_N20,333,30,Grassland,FAILED_TILE,91566.21981760405,91.56621981760405,1026841614,way,,Mining,Mining & Quarry,HIGHER_RELEVANCE,0,0,0,0,0,91566.21981760405,91.56621981760405,1026841614,,Mining & Quarry,0,0,0,0,0,92713.08109396885
11.81491,77.91808,302.41,0.56,0.52,2025-01-11,2048,N20,VIIRS,n,2.0NRT,290.83,1.9,N,VIIRS_N20,334,50,Built-up,COVERED,48.98458533478792,0.048984585334787924,876239837,way,JSW Steel Plant,Manufacturing,Steel / Metallurgy,HIGHER_RELEVANCE,1,1,1,1,1,48.98458533478792,0.048984585334787924,876239837,JSW Steel Plant,Steel / Metallurgy,1,1,1,1,1,1825.1187925035588
11.18388,79.0989,307.19,0.35,0.56,2025-01-11,2048,N20,VIIRS,n,2.0NRT,287.45,0.81,N,VIIRS_N20,335,50,Built-up,COVERED,262.33232314237773,0.26233232314237775,340697977,way,,Other Industrial,Substation & Electrical Infrastructure,CAUTION_LOWER_RELEVANCE,1,1,1,1,1,698.2072474726497,0.6982072474726496,1468887795,,Power Plant,0,1,1,1,1,707.3362400201812
11.43351,77.34338,312.45,0.52,0.5,2025-01-11,2048,N20,VIIRS,n,2.0NRT,288.97,0.99,N,VIIRS_N20,336,20,Shrubland,COVERED,2796.611047985778,2.796611047985778,1467377953,way,,Other Industrial,Substation & Electrical Infrastructure,CAUTION_LOWER_RELEVANCE,0,0,0,1,1,13907.907974521997,13.907907974521997,1440947503,Coirmedia,Manufacturing & Industrial Works,0,0,0,0,0,3696.1499683844427
12.99838,79.90594,304.46,0.36,0.58,2025-01-11,2048,N20,VIIRS,n,2.0NRT,285.68,0.86,N,VIIRS_N20,337,20,Shrubland,FAILED_TILE,91559.71067229408,91.55971067229407,1026841614,way,,Mining,Mining & Quarry,HIGHER_RELEVANCE,0,0,0,0,0,91559.71067229408,91.55971067229407,1026841614,,Mining & Quarry,0,0,0,0,0,92719.10692844719
13.3941,80.10033,301.71,0.37,0.58,2025-01-11,2048,N20,VIIRS,n,2.0NRT,286.62,0.74,N,VIIRS_N20,338,30,Grassland,FAILED_TILE,137622.4273852717,137.6224273852717,202465563,way,,Other Industrial,Industrial Area / Zone,GENERAL_CONTEXT,0,0,0,0,0,139166.324567592,139.166324567592,1026841614,,Mining & Quarry,0,0,0,0,0,137622.4273852717
13.30202,79.47368,302.13,0.5,0.41,2025-01-12,2029,N20,VIIRS,n,2.0NRT,289.58,0.71,N,VIIRS_N20,339,10,Tree cover,FAILED_TILE,127762.55404814293,127.76255404814293,1026841614,way,,Mining,Mining & Quarry,HIGHER_RELEVANCE,0,0,0,0,0,127762.55404814293,127.76255404814293,1026841614,,Mining & Quarry,0,0,0,0,0,136403.1976236896
13.0976,79.75738,301.04,0.53,0.42,2025-01-12,2029,N20,VIIRS,n,2.0NRT,285.58,0.42,N,VIIRS_N20,340,20,Shrubland,FAILED_TILE,101208.02662490573,101.20802662490573,1026841614,way,,Mining,Mining & Quarry,HIGHER_RELEVANCE,0,0,0,0,0,101208.02662490573,101.20802662490573,1026841614,,Mining & Quarry,0,0,0,0,0,105666.77443994542
8.90227,77.86367,332.77,0.47,0.4,2024-11-01,820,N,VIIRS,n,2.0NRT,297.62,4.54,D,VIIRS_SUOMI_NPP,341,40,Cropland,FAILED_TILE,55883.74651325777,55.88374651325777,17369385,relation,,Power Plant,Power Plant,HIGHER_RELEVANCE,0,0,0,0,0,55883.74651325777,55.88374651325777,17369385,,Power Plant,0,0,0,0,0,59120.1308163252
10.46357,77.84547,330.32,0.49,0.4,2024-11-01,822,N,VIIRS,n,2.0NRT,294.18,3.68,D,VIIRS_SUOMI_NPP,342,30,Grassland,COVERED,2977.5854856879946,2.9775854856879946,310694377,way,Reddiyarchatram,Other Industrial,Substation & Electrical Infrastructure,CAUTION_LOWER_RELEVANCE,0,0,0,1,1,5672.488223732066,5.672488223732066,1268396569,,Power Plant,0,0,0,0,1,9138.035431517546
13.15854,80.28359,310.97,0.79,0.78,2024-11-01,1913,N,VIIRS,n,2.0NRT,284.86,5.59,N,VIIRS_SUOMI_NPP,343,50,Built-up,FAILED_TILE,116303.01895208268,116.30301895208268,202465563,way,,Other Industrial,Industrial Area / Zone,GENERAL_CONTEXT,0,0,0,0,0,122024.35815248029,122.02435815248029,1026841614,,Mining & Quarry,0,0,0,0,0,116303.01895208268
13.15899,80.28084,315.11,0.79,0.78,2024-11-01,1913,N,VIIRS,n,2.0NRT,285.01,5.64,N,VIIRS_SUOMI_NPP,344,50,Built-up,FAILED_TILE,116257.22222079131,116.25722222079132,202465563,way,,Other Industrial,Industrial Area / Zone,GENERAL_CONTEXT,0,0,0,0,0,121930.0170976518,121.9300170976518,1026841614,,Mining & Quarry,0,0,0,0,0,116257.22222079131
11.18414,79.10126,303.51,0.43,0.62,2024-11-01,2055,N,VIIRS,n,2.0NRT,287.46,0.58,N,VIIRS_SUOMI_NPP,345,50,Built-up,COVERED,450.2868295502201,0.4502868295502201,1468887795,way,,Power Plant,Power Plant,HIGHER_RELEVANCE,1,1,1,1,1,450.2868295502201,0.4502868295502201,1468887795,,Power Plant,1,1,1,1,1,962.4438169788496
11.80874,77.9237,298.62,0.35,0.57,2024-11-01,2055,N,VIIRS,n,2.0NRT,287.21,1.85,N,VIIRS_SUOMI_NPP,346,50,Built-up,COVERED,238.2820559650022,0.2382820559650022,340479189,way,,Other Industrial,Substation & Electrical Infrastructure,CAUTION_LOWER_RELEVANCE,1,1,1,1,1,875.4225894924213,0.8754225894924212,876239837,JSW Steel Plant,Steel / Metallurgy,0,1,1,1,1,2437.9395226398706
9.29491,79.06944,337.04,0.38,0.36,2024-11-02,801,N,VIIRS,n,2.0NRT,295.45,5.41,D,VIIRS_SUOMI_NPP,347,10,Tree cover,COVERED,2871.5212403196306,2.8715212403196304,11850487562,node,,Power Plant,Power Plant,HIGHER_RELEVANCE,0,0,0,1,1,2871.5212403196306,2.8715212403196304,11850487562,,Power Plant,0,0,0,1,1,16366.742663966828
10.63004,77.4669,336.59,0.4,0.37,2024-11-02,801,N,VIIRS,n,2.0NRT,296.66,3.01,D,VIIRS_SUOMI_NPP,348,30,Grassland,COVERED,337.8261491686382,0.33782614916863823,11848030174,node,,Power Plant,Power Plant,HIGHER_RELEVANCE,1,1,1,1,1,337.8261491686382,0.33782614916863823,11848030174,,Power Plant,1,1,1,1,1,3315.052383609388
10.79266,78.01292,330.23,0.39,0.36,2024-11-02,801,N,VIIRS,n,2.0NRT,294.31,1.9,D,VIIRS_SUOMI_NPP,349,40,Cropland,COVERED,233.91234043622575,0.23391234043622575,11847815110,node,,Power Plant,Power Plant,HIGHER_RELEVANCE,1,1,1,1,1,233.91234043622575,0.23391234043622575,11847815110,,Power Plant,1,1,1,1,1,10476.725142744874
11.68599,79.03794,333.44,0.38,0.36,2024-11-02,801,N,VIIRS,n,2.0NRT,298.07,3.0,D,VIIRS_SUOMI_NPP,350,10,Tree cover,COVERED,2702.823315056084,2.702823315056084,1467377962,way,,Other Industrial,Substation & Electrical Infrastructure,CAUTION_LOWER_RELEVANCE,0,0,0,1,1,3183.187342781008,3.183187342781008,815790484,,Mining & Quarry,0,0,0,1,1,6366.415183485206
13.39204,80.10352,305.79,0.44,0.46,2024-11-02,2036,N,VIIRS,n,2.0NRT,291.23,2.97,N,VIIRS_SUOMI_NPP,351,30,Grassland,FAILED_TILE,137437.35037291847,137.43735037291847,202465563,way,,Other Industrial,Industrial Area / Zone,GENERAL_CONTEXT,0,0,0,0,0,139037.86563574828,139.0378656357483,1026841614,,Mining & Quarry,0,0,0,0,0,137437.35037291847
11.18124,79.09919,306.97,0.42,0.45,2024-11-02,2038,N,VIIRS,n,2.0NRT,289.17,1.04,N,VIIRS_SUOMI_NPP,352,50,Built-up,COVERED,432.6863111461704,0.4326863111461704,340697977,way,,Other Industrial,Substation & Electrical Infrastructure,CAUTION_LOWER_RELEVANCE,1,1,1,1,1,819.9264708804886,0.8199264708804886,1468887795,,Power Plant,0,1,1,1,1,707.7907100121145
11.808,77.92326,306.08,0.52,0.42,2024-11-02,2038,N,VIIRS,n,2.0NRT,289.32,1.92,N,VIIRS_SUOMI_NPP,353,50,Built-up,COVERED,150.28430659679753,0.15028430659679753,340479189,way,,Other Industrial,Substation & Electrical Infrastructure,CAUTION_LOWER_RELEVANCE,1,1,1,1,1,907.332267623369,0.907332267623369,876239837,JSW Steel Plant,Steel / Metallurgy,0,1,1,1,1,2404.7792080793433
11.81181,77.92392,303.38,0.52,0.42,2024-11-02,2038,N,VIIRS,n,2.0NRT,289.52,1.33,N,VIIRS_SUOMI_NPP,354,10,Tree cover,COVERED,578.8981084058486,0.5788981084058485,340479189,way,,Other Industrial,Substation & Electrical Infrastructure,CAUTION_LOWER_RELEVANCE,0,1,1,1,1,689.8721484299417,0.6898721484299417,876239837,JSW Steel Plant,Steel / Metallurgy,0,1,1,1,1,2433.604693681302
11.18253,79.10263,304.44,0.42,0.45,2024-11-02,2038,N,VIIRS,n,2.0NRT,289.59,1.26,N,VIIRS_SUOMI_NPP,355,10,Tree cover,COVERED,460.7683193757693,0.4607683193757693,1468887795,way,,Power Plant,Power Plant,HIGHER_RELEVANCE,1,1,1,1,1,460.7683193757693,0.4607683193757693,1468887795,,Power Plant,1,1,1,1,1,1081.4396033861683
12.91178,79.89191,344.15,0.47,0.39,2024-11-03,743,N,VIIRS,n,2.0NRT,294.93,8.03,D,VIIRS_SUOMI_NPP,356,40,Cropland,FAILED_TILE,81812.6765757137,81.81267657571371,1026841614,way,,Mining,Mining & Quarry,HIGHER_RELEVANCE,0,0,0,0,0,81812.6765757137,81.81267657571371,1026841614,,Mining & Quarry,0,0,0,0,0,83197.60372146683
11.39463,77.1191,330.8,0.38,0.59,2024-11-09,733,N,VIIRS,n,2.0NRT,297.71,2.54,D,VIIRS_SUOMI_NPP,357,30,Grassland,FAILED_TILE,19230.882705329303,19.230882705329304,336571755,way,Bannari Amman Sugars,Other Industrial,Substation & Electrical Infrastructure,CAUTION_LOWER_RELEVANCE,0,0,0,0,0,19284.11087109634,19.284110871096342,17338131,,Power Plant,0,0,0,0,0,19295.69240169026
11.14266,76.89446,330.38,0.4,0.6,2024-11-09,733,N,VIIRS,n,2.0NRT,288.88,2.44,D,VIIRS_SUOMI_NPP,358,30,Grassland,FAILED_TILE,39329.52346534671,39.32952346534671,1008711605,way,,Other Industrial,Industrial Area / Zone,GENERAL_CONTEXT,0,0,0,0,0,40970.06189831468,40.970061898314675,1008711557,,Mining & Quarry,0,0,0,0,0,39329.52346534671
13.12178,79.84028,342.92,0.47,0.48,2024-11-09,733,N,VIIRS,n,2.0NRT,273.1,5.33,D,VIIRS_SUOMI_NPP,359,40,Cropland,FAILED_TILE,104263.05165348912,104.26305165348911,1026841614,way,,Mining,Mining & Quarry,HIGHER_RELEVANCE,0,0,0,0,0,104263.05165348912,104.26305165348911,1026841614,,Mining & Quarry,0,0,0,0,0,106961.86579290552
13.08049,79.98437,308.65,0.41,0.37,2024-11-09,2004,N,VIIRS,n,2.0NRT,290.05,0.63,N,VIIRS_SUOMI_NPP,360,30,Grassland,FAILED_TILE,101823.12650254091,101.8231265025409,202465563,way,,Other Industrial,Industrial Area / Zone,GENERAL_CONTEXT,0,0,0,0,0,102251.94324584119,102.25194324584119,1026841614,,Mining & Quarry,0,0,0,0,0,101823.12650254091
13.08105,79.98058,305.95,0.41,0.37,2024-11-09,2004,N,VIIRS,n,2.0NRT,290.08,1.14,N,VIIRS_SUOMI_NPP,361,10,Tree cover,FAILED_TILE,101869.8004517081,101.8698004517081,202465563,way,,Other Industrial,Industrial Area / Zone,GENERAL_CONTEXT,0,0,0,0,0,102215.23956679436,102.21523956679437,1026841614,,Mining & Quarry,0,0,0,0,0,101869.8004517081
13.39108,80.10101,306.27,0.41,0.37,2024-11-09,2004,N,VIIRS,n,2.0NRT,289.74,0.89,N,VIIRS_SUOMI_NPP,362,40,Cropland,FAILED_TILE,137298.04819360576,137.29804819360575,202465563,way,,Other Industrial,Industrial Area / Zone,GENERAL_CONTEXT,0,0,0,0,0,138862.2741016328,138.8622741016328,1026841614,,Mining & Quarry,0,0,0,0,0,137298.04819360576
12.85254,79.90463,306.22,0.41,0.37,2024-11-09,2006,N,VIIRS,n,2.0NRT,286.95,1.24,N,VIIRS_SUOMI_NPP,363,30,Grassland,FAILED_TILE,75611.76099462462,75.61176099462462,1026841614,way,,Mining,Mining & Quarry,HIGHER_RELEVANCE,0,0,0,0,0,75611.76099462462,75.61176099462462,1026841614,,Mining & Quarry,0,0,0,0,0,76533.61124568385
12.85171,79.90358,316.68,0.41,0.37,2024-11-09,2006,N,VIIRS,n,2.0NRT,287.26,1.35,N,VIIRS_SUOMI_NPP,364,60,Bare/sparse vegetation,FAILED_TILE,75497.84338604167,75.49784338604167,1026841614,way,,Mining,Mining & Quarry,HIGHER_RELEVANCE,0,0,0,0,0,75497.84338604167,75.49784338604167,1026841614,,Mining & Quarry,0,0,0,0,0,76448.42685196822
12.84911,79.9041,318.43,0.41,0.37,2024-11-09,2006,N,VIIRS,n,2.0NRT,287.42,1.24,N,VIIRS_SUOMI_NPP,365,20,Shrubland,FAILED_TILE,75226.7625801575,75.2267625801575,1026841614,way,,Mining,Mining & Quarry,HIGHER_RELEVANCE,0,0,0,0,0,75226.7625801575,75.2267625801575,1026841614,,Mining & Quarry,0,0,0,0,0,76156.40189082544
11.20334,77.56705,298.97,0.5,0.41,2024-11-09,2006,N,VIIRS,n,2.0NRT,271.9,0.53,N,VIIRS_SUOMI_NPP,366,30,Grassland,COVERED,426.17796181616524,0.42617796181616524,823591866,way,,Mining,Mining & Quarry,HIGHER_RELEVANCE,1,1,1,1,1,426.17796181616524,0.42617796181616524,823591866,,Mining & Quarry,1,1,1,1,1,1408.5283606803473
12.71976,79.57167,331.94,0.51,0.66,2024-11-10,711,N,VIIRS,n,2.0NRT,294.12,5.91,D,VIIRS_SUOMI_NPP,367,40,Cropland,FAILED_TILE,62617.58802307244,62.61758802307244,1026841614,way,,Mining,Mining & Quarry,HIGHER_RELEVANCE,0,0,0,0,0,62617.58802307244,62.61758802307244,1026841614,,Mining & Quarry,0,0,0,0,0,73885.92919765567
12.18344,79.5451,331.26,0.53,0.67,2024-11-10,711,N,VIIRS,n,2.0NRT,292.68,6.93,D,VIIRS_SUOMI_NPP,368,40,Cropland,FAILED_TILE,7406.627435627412,7.406627435627412,705173099,way,Sree Amman Transformer Works,Industrial Works,Manufacturing & Industrial Works,HIGHER_RELEVANCE,0,0,0,0,1,7406.627435627412,7.406627435627412,705173099,Sree Amman Transformer Works,Manufacturing & Industrial Works,0,0,0,0,1,14843.90944166525
11.69097,79.10184,329.39,0.58,0.69,2024-11-10,711,N,VIIRS,n,2.0NRT,296.46,3.5,D,VIIRS_SUOMI_NPP,369,40,Cropland,COVERED,4576.919223874287,4.576919223874287,1467377962,way,,Other Industrial,Substation & Electrical Infrastructure,CAUTION_LOWER_RELEVANCE,0,0,0,1,1,10161.691557267326,10.161691557267327,815790484,,Mining & Quarry,0,0,0,0,0,4968.115157789773
11.81698,77.91642,302.6,0.33,0.55,2024-11-10,1946,N,VIIRS,n,2.0NRT,287.53,1.23,N,VIIRS_SUOMI_NPP,370,50,Built-up,COVERED,332.92102388825714,0.3329210238882571,340479236,way,,Other Industrial,Substation & Electrical Infrastructure,CAUTION_LOWER_RELEVANCE,1,1,1,1,1,338.39383793461695,0.33839383793461697,876239837,JSW Steel Plant,Steel / Metallurgy,1,1,1,1,1,1706.4319504750747
10.23154,78.85571,330.48,0.58,0.52,2024-11-11,834,N,VIIRS,n,2.0NRT,295.37,2.1,D,VIIRS_SUOMI_NPP,371,20,Shrubland,COVERED,10619.653117543523,10.619653117543523,665751399,way,,Other Industrial,Industrial Area / Zone,GENERAL_CONTEXT,0,0,0,0,0,11405.775569811407,11.405775569811407,13470287,,Power Plant,0,0,0,0,0,10619.653117543523
8.63081,77.77,334.89,0.4,0.37,2024-11-12,813,N,VIIRS,n,2.0NRT,301.83,2.7,D,VIIRS_SUOMI_NPP,372,20,Shrubland,FAILED_TILE,62638.25060276931,62.63825060276931,758873221,way,,Mining,Mining & Quarry,HIGHER_RELEVANCE,0,0,0,0,0,62638.25060276931,62.63825060276931,758873221,,Mining & Quarry,0,0,0,0,0,66334.19662153983
8.63009,77.76981,333.65,0.4,0.37,2024-11-12,813,N,VIIRS,n,2.0NRT,301.28,1.66,D,VIIRS_SUOMI_NPP,373,20,Shrubland,FAILED_TILE,62587.98401994419,62.58798401994419,758873221,way,,Mining,Mining & Quarry,HIGHER_RELEVANCE,0,0,0,0,0,62587.98401994419,62.58798401994419,758873221,,Mining & Quarry,0,0,0,0,0,66320.11934801583
9.9609,77.73166,325.51,0.45,0.39,2024-11-13,756,N,VIIRS,n,2.0NRT,285.28,2.23,D,VIIRS_SUOMI_NPP,374,40,Cropland,COVERED,7953.546360892033,7.953546360892033,309653622,way,,Other Industrial,Substation & Electrical Infrastructure,CAUTION_LOWER_RELEVANCE,0,0,0,0,1,11175.144145392824,11.175144145392824,1268384969,,Power Plant,0,0,0,0,0,17143.18028354609
8.89287,77.77798,330.4,0.46,0.39,2024-11-13,756,N,VIIRS,n,2.0NRT,294.64,2.75,D,VIIRS_SUOMI_NPP,375,40,Cropland,FAILED_TILE,57011.724340407294,57.01172434040729,3148284509,node,,Power Plant,Power Plant,HIGHER_RELEVANCE,0,0,0,0,0,57011.724340407294,57.01172434040729,3148284509,,Power Plant,0,0,0,0,0,60099.94047457672
8.61749,77.78497,330.76,0.46,0.39,2024-11-13,756,N,VIIRS,n,2.0NRT,297.79,3.08,D,VIIRS_SUOMI_NPP,376,30,Grassland,FAILED_TILE,63612.42970161801,63.61242970161801,758873221,way,,Mining,Mining & Quarry,HIGHER_RELEVANCE,0,0,0,0,0,63612.42970161801,63.61242970161801,758873221,,Mining & Quarry,0,0,0,0,0,68111.10758354129
13.1593,80.28202,306.01,0.57,0.43,2024-11-15,1953,N,VIIRS,n,2.0NRT,287.72,2.5,N,VIIRS_SUOMI_NPP,377,50,Built-up,FAILED_TILE,116329.906581395,116.329906581395,202465563,way,,Other Industrial,Industrial Area / Zone,GENERAL_CONTEXT,0,0,0,0,0,122019.9308054929,122.0199308054929,1026841614,,Mining & Quarry,0,0,0,0,0,116329.906581395
11.18377,79.1026,307.39,0.43,0.62,2024-11-17,2055,N,VIIRS,n,2.0NRT,288.18,1.04,N,VIIRS_SUOMI_NPP,378,10,Tree cover,COVERED,355.2556785605288,0.3552556785605288,1468887795,way,,Power Plant,Power Plant,HIGHER_RELEVANCE,1,1,1,1,1,355.2556785605288,0.3552556785605288,1468887795,,Power Plant,1,1,1,1,1,1095.7620555655878
12.87528,79.8847,330.09,0.4,0.37,2024-11-18,802,N,VIIRS,n,2.0NRT,297.49,1.89,D,VIIRS_SUOMI_NPP,379,40,Cropland,FAILED_TILE,77679.91762359122,77.67991762359122,1026841614,way,,Mining,Mining & Quarry,HIGHER_RELEVANCE,0,0,0,0,0,77679.91762359122,77.67991762359122,1026841614,,Mining & Quarry,0,0,0,0,0,79213.00382429296
11.91846,79.64741,305.71,0.44,0.46,2024-11-18,2036,N,VIIRS,n,2.0NRT,291.32,1.05,N,VIIRS_SUOMI_NPP,380,50,Built-up,COVERED,453.5822434020712,0.4535822434020712,342136969,way,,Other Industrial,Substation & Electrical Infrastructure,CAUTION_LOWER_RELEVANCE,1,1,1,1,1,1401.6347167144602,1.4016347167144603,775148770,,Manufacturing & Industrial Works,0,0,1,1,1,487.19486760558635
11.81552,77.91557,301.63,0.52,0.41,2024-11-18,2036,N,VIIRS,n,2.0NRT,289.73,0.62,N,VIIRS_SUOMI_NPP,381,10,Tree cover,COVERED,308.624437117436,0.308624437117436,876239837,way,JSW Steel Plant,Manufacturing,Steel / Metallurgy,HIGHER_RELEVANCE,1,1,1,1,1,308.624437117436,0.308624437117436,876239837,JSW Steel Plant,Steel / Metallurgy,1,1,1,1,1,1571.8504506854406
11.81103,77.92401,306.19,0.39,0.36,2024-11-19,2018,N,VIIRS,n,2.0NRT,291.28,0.9,N,VIIRS_SUOMI_NPP,382,60,Bare/sparse vegetation,COVERED,494.6563590814819,0.4946563590814819,340479189,way,,Other Industrial,Substation & Electrical Infrastructure,CAUTION_LOWER_RELEVANCE,1,1,1,1,1,739.8301154598986,0.7398301154598986,876239837,JSW Steel Plant,Steel / Metallurgy,0,1,1,1,1,2446.005918949889
11.81158,77.92048,305.82,0.39,0.36,2024-11-19,2018,N,VIIRS,n,2.0NRT,290.75,0.71,N,VIIRS_SUOMI_NPP,383,10,Tree cover,COVERED,407.31500644210126,0.4073150064421013,876239837,way,JSW Steel Plant,Manufacturing,Steel / Metallurgy,HIGHER_RELEVANCE,1,1,1,1,1,407.31500644210126,0.4073150064421013,876239837,JSW Steel Plant,Steel / Metallurgy,1,1,1,1,1,2059.7597356603915
11.81545,77.91749,304.77,0.39,0.36,2024-11-19,2018,N,VIIRS,n,2.0NRT,290.92,0.71,N,VIIRS_SUOMI_NPP,384,50,Built-up,COVERED,132.24974322528777,0.13224974322528776,876239837,way,JSW Steel Plant,Manufacturing,Steel / Metallurgy,HIGHER_RELEVANCE,1,1,1,1,1,132.24974322528777,0.13224974322528776,876239837,JSW Steel Plant,Steel / Metallurgy,1,1,1,1,1,1773.607614119488
13.0831,79.98327,311.39,0.39,0.36,2024-11-19,2018,N,VIIRS,n,2.0NRT,285.11,0.57,N,VIIRS_SUOMI_NPP,385,20,Shrubland,FAILED_TILE,102108.44248260662,102.10844248260662,202465563,way,,Other Industrial,Industrial Area / Zone,GENERAL_CONTEXT,0,0,0,0,0,102505.48905854135,102.50548905854136,1026841614,,Mining & Quarry,0,0,0,0,0,102108.44248260662
13.42058,80.08909,303.21,0.48,0.4,2024-11-20,1957,N,VIIRS,n,2.0NRT,288.8,0.37,N,VIIRS_SUOMI_NPP,386,10,Tree cover,FAILED_TILE,140406.66464444032,140.40666464444033,202465563,way,,Other Industrial,Industrial Area / Zone,GENERAL_CONTEXT,0,0,0,0,0,141694.80729274763,141.69480729274764,1026841614,,Mining & Quarry,0,0,0,0,0,140406.66464444032
13.44849,80.09657,305.03,0.48,0.4,2024-11-20,1957,N,VIIRS,n,2.0NRT,291.34,0.7,N,VIIRS_SUOMI_NPP,387,40,Cropland,FAILED_TILE,143581.03266142812,143.5810326614281,202465563,way,,Other Industrial,Industrial Area / Zone,GENERAL_CONTEXT,0,0,0,0,0,144901.96313237096,144.90196313237095,1026841614,,Mining & Quarry,0,0,0,0,0,143581.03266142812
13.16111,80.28606,304.89,0.47,0.4,2024-11-20,1957,N,VIIRS,n,2.0NRT,288.34,0.52,N,VIIRS_SUOMI_NPP,388,10,Tree cover,FAILED_TILE,116658.53407590957,116.65853407590957,202465563,way,,Other Industrial,Industrial Area / Zone,GENERAL_CONTEXT,0,0,0,0,0,122401.94557513896,122.40194557513897,1026841614,,Mining & Quarry,0,0,0,0,0,116658.53407590957
13.39223,80.103,304.51,0.48,0.4,2024-11-20,1957,N,VIIRS,n,2.0NRT,290.32,0.67,N,VIIRS_SUOMI_NPP,389,30,Grassland,FAILED_TILE,137451.36292129906,137.45136292129905,202465563,way,,Other Industrial,Industrial Area / Zone,GENERAL_CONTEXT,0,0,0,0,0,139043.11153883502,139.043111538835,1026841614,,Mining & Quarry,0,0,0,0,0,137451.36292129906
13.15981,80.28191,310.67,0.61,0.53,2024-11-21,1940,N,VIIRS,n,2.0NRT,291.23,2.41,N,VIIRS_SUOMI_NPP,390,50,Built-up,FAILED_TILE,116380.0400315389,116.3800400315389,202465563,way,,Other Industrial,Industrial Area / Zone,GENERAL_CONTEXT,0,0,0,0,0,122064.59408682512,122.06459408682512,1026841614,,Mining & Quarry,0,0,0,0,0,116380.0400315389
11.6506,78.03009,304.25,0.41,0.61,2024-11-21,1940,N,VIIRS,n,2.0NRT,291.67,0.63,N,VIIRS_SUOMI_NPP,391,50,Built-up,COVERED,497.2745420116749,0.49727454201167487,336571753,way,SAIL,Other Industrial,Substation & Electrical Infrastructure,CAUTION_LOWER_RELEVANCE,1,1,1,1,1,540.5825445912102,0.5405825445912102,104170107,Salem Steel Plant,Steel / Metallurgy,0,1,1,1,1,1279.3173726722648
10.87733,78.95669,340.87,0.47,0.48,2024-11-22,828,N,VIIRS,n,2.0NRT,296.12,3.84,D,VIIRS_SUOMI_NPP,392,10,Tree cover,COVERED,3210.8027929857344,3.2108027929857346,1201737620,way,Thirukattupalli,Other Industrial,Substation & Electrical Infrastructure,CAUTION_LOWER_RELEVANCE,0,0,0,1,1,9530.897162983958,9.530897162983958,178531106,,Mining & Quarry,0,0,0,0,1,7787.4963150987705
11.38068,77.52322,330.94,0.39,0.44,2024-11-22,828,N,VIIRS,n,2.0NRT,299.71,1.97,D,VIIRS_SUOMI_NPP,393,10,Tree cover,COVERED,4176.769560442027,4.176769560442027,336498169,way,Kavundapadi,Other Industrial,Substation & Electrical Infrastructure,CAUTION_LOWER_RELEVANCE,0,0,0,1,1,7921.2183903400255,7.921218390340026,58602741,Gen-Set,Power Plant,0,0,0,0,1,10978.80672562728
12.06948,78.48637,334.62,0.46,0.47,2024-11-22,828,N,VIIRS,n,2.0NRT,299.29,3.58,D,VIIRS_SUOMI_NPP,394,40,Cropland,COVERED,2286.8496071837726,2.2868496071837727,386718623,way,Harur,Other Industrial,Substation & Electrical Infrastructure,CAUTION_LOWER_RELEVANCE,0,0,0,1,1,3627.55058484131,3.62755058484131,607113537,,Mining & Quarry,0,0,0,1,1,4107.2341020742115
10.12921,77.86756,326.04,0.39,0.36,2024-11-23,807,N,VIIRS,n,2.0NRT,291.39,1.78,D,VIIRS_SUOMI_NPP,395,20,Shrubland,COVERED,2693.061245309066,2.693061245309066,906795398,way,,Other Industrial,Industrial Area / Zone,GENERAL_CONTEXT,0,0,0,1,1,8341.11155800569,8.341111558005691,17417219,,Power Plant,0,0,0,0,1,2693.061245309066
10.12589,77.86807,326.13,0.39,0.36,2024-11-23,807,N,VIIRS,n,2.0NRT,291.92,1.78,D,VIIRS_SUOMI_NPP,396,40,Cropland,COVERED,2647.6281554098464,2.6476281554098464,906795398,way,,Other Industrial,Industrial Area / Zone,GENERAL_CONTEXT,0,0,0,1,1,8136.668729236792,8.136668729236792,17417219,,Power Plant,0,0,0,0,1,2647.6281554098464
12.85529,79.90582,314.61,0.55,0.51,2024-11-23,2042,N,VIIRS,n,2.0NRT,291.78,2.23,N,VIIRS_SUOMI_NPP,397,40,Cropland,FAILED_TILE,75937.73465538616,75.93773465538615,1026841614,way,,Mining,Mining & Quarry,HIGHER_RELEVANCE,0,0,0,0,0,75937.73465538616,75.93773465538615,1026841614,,Mining & Quarry,0,0,0,0,0,76831.22481145807
10.92857,77.0635,303.75,0.39,0.44,2024-11-23,2044,N,VIIRS,n,2.0NRT,289.3,0.83,N,VIIRS_SUOMI_NPP,398,30,Grassland,FAILED_TILE,20382.710208202097,20.3827102082021,3449174406,node,,Power Plant,Power Plant,HIGHER_RELEVANCE,0,0,0,0,0,20382.710208202097,20.3827102082021,3449174406,,Power Plant,0,0,0,0,0,21351.959513649428
13.16088,80.28236,305.07,0.38,0.59,2024-12-02,1934,N,VIIRS,n,2.0NRT,287.3,0.83,N,VIIRS_SUOMI_NPP,399,50,Built-up,FAILED_TILE,116508.28956520495,116.50828956520495,202465563,way,,Other Industrial,Industrial Area / Zone,GENERAL_CONTEXT,0,0,0,0,0,122192.58469630899,122.19258469630898,1026841614,,Mining & Quarry,0,0,0,0,0,116508.28956520495
8.25705,77.52367,334.92,0.45,0.39,2024-12-03,820,N,VIIRS,n,2.0NRT,296.25,4.22,D,VIIRS_SUOMI_NPP,400,50,Built-up,FAILED_TILE,30069.49570012863,30.06949570012863,1081579633,way,,Mining,Mining & Quarry,HIGHER_RELEVANCE,0,0,0,0,0,30069.49570012863,30.06949570012863,1081579633,,Mining & Quarry,0,0,0,0,0,39106.158267146486
8.26062,77.52313,346.33,0.45,0.39,2024-12-03,820,N,VIIRS,n,2.0NRT,296.87,4.22,D,VIIRS_SUOMI_NPP,401,40,Cropland,FAILED_TILE,30023.799122414537,30.023799122414538,1081579633,way,,Mining,Mining & Quarry,HIGHER_RELEVANCE,0,0,0,0,0,30023.799122414537,30.023799122414538,1081579633,,Mining & Quarry,0,0,0,0,0,39067.997595903274
8.62227,77.64931,335.64,0.46,0.39,2024-12-03,822,N,VIIRS,n,2.0NRT,299.54,3.28,D,VIIRS_SUOMI_NPP,402,30,Grassland,FAILED_TILE,50222.76650912872,50.22276650912872,758873221,way,,Mining,Mining & Quarry,HIGHER_RELEVANCE,0,0,0,0,0,50222.76650912872,50.22276650912872,758873221,,Mining & Quarry,0,0,0,0,0,53230.85252961734
13.08326,79.98197,305.17,0.46,0.63,2024-12-03,2055,N,VIIRS,n,2.0NRT,266.68,0.5,N,VIIRS_SUOMI_NPP,403,20,Shrubland,FAILED_TILE,102120.87928076535,102.12087928076535,202465563,way,,Other Industrial,Industrial Area / Zone,GENERAL_CONTEXT,0,0,0,0,0,102489.49976933691,102.4894997693369,1026841614,,Mining & Quarry,0,0,0,0,0,102120.87928076535
13.08462,79.98254,299.33,0.46,0.63,2024-12-03,2055,N,VIIRS,n,2.0NRT,266.66,0.64,N,VIIRS_SUOMI_NPP,404,30,Grassland,FAILED_TILE,102274.31410666347,102.27431410666347,202465563,way,,Other Industrial,Industrial Area / Zone,GENERAL_CONTEXT,0,0,0,0,0,102651.01739580241,102.65101739580241,1026841614,,Mining & Quarry,0,0,0,0,0,102274.31410666347
13.07881,79.98133,296.25,0.46,0.63,2024-12-03,2055,N,VIIRS,n,2.0NRT,266.74,0.5,N,VIIRS_SUOMI_NPP,405,20,Shrubland,FAILED_TILE,101623.83631826495,101.62383631826495,202465563,way,,Other Industrial,Industrial Area / Zone,GENERAL_CONTEXT,0,0,0,0,0,101992.29521252846,101.99229521252846,1026841614,,Mining & Quarry,0,0,0,0,0,101623.83631826495
8.26011,77.52467,338.35,0.41,0.37,2024-12-04,802,N,VIIRS,n,2.0NRT,296.7,4.14,D,VIIRS_SUOMI_NPP,406,10,Tree cover,FAILED_TILE,30190.854552568377,30.190854552568375,1081579633,way,,Mining,Mining & Quarry,HIGHER_RELEVANCE,0,0,0,0,0,30190.854552568377,30.190854552568375,1081579633,,Mining & Quarry,0,0,0,0,0,39233.913163263234
11.17877,77.88016,333.86,0.39,0.36,2024-12-04,802,N,VIIRS,n,2.0NRT,298.16,4.49,D,VIIRS_SUOMI_NPP,407,10,Tree cover,COVERED,3934.0823987590984,3.9340823987590983,1467379855,way,,Other Industrial,Substation & Electrical Infrastructure,CAUTION_LOWER_RELEVANCE,0,0,0,1,1,7292.903561996085,7.292903561996085,429967372,Bhavani Kattalai III,Power Plant,0,0,0,0,1,5894.534514391222
9.76264,78.47953,342.24,0.39,0.36,2024-12-04,802,N,VIIRS,n,2.0NRT,301.83,3.98,D,VIIRS_SUOMI_NPP,408,20,Shrubland,COVERED,4663.512589114025,4.663512589114025,726568456,way,,Other Industrial,Industrial Area / Zone,GENERAL_CONTEXT,0,0,0,1,1,5783.37473512698,5.78337473512698,999684605,Sivaganga,Power Plant,0,0,0,0,1,4663.512589114025
9.60918,78.14217,332.79,0.39,0.36,2024-12-04,802,N,VIIRS,n,2.0NRT,297.52,2.97,D,VIIRS_SUOMI_NPP,409,10,Tree cover,COVERED,3687.0399722701736,3.6870399722701737,297525518,way,,Mining,Mining & Quarry,HIGHER_RELEVANCE,0,0,0,1,1,3687.0399722701736,3.6870399722701737,297525518,,Mining & Quarry,0,0,0,1,1,7124.675918577419
11.81566,77.91788,307.28,0.53,0.42,2024-12-04,2038,N,VIIRS,n,2.0NRT,290.13,0.99,N,VIIRS_SUOMI_NPP,410,60,Bare/sparse vegetation,COVERED,135.16990545344984,0.13516990545344984,876239837,way,JSW Steel Plant,Manufacturing,Steel / Metallurgy,HIGHER_RELEVANCE,1,1,1,1,1,135.16990545344984,0.13516990545344984,876239837,JSW Steel Plant,Steel / Metallurgy,1,1,1,1,1,1820.0826657533682
11.18365,79.10008,310.69,0.42,0.45,2024-12-04,2038,N,VIIRS,n,2.0NRT,289.49,1.34,N,VIIRS_SUOMI_NPP,411,50,Built-up,COVERED,393.12492861202463,0.39312492861202464,340697977,way,,Other Industrial,Substation & Electrical Infrastructure,CAUTION_LOWER_RELEVANCE,1,1,1,1,1,589.7203726998135,0.5897203726998136,1468887795,,Power Plant,0,1,1,1,1,824.2445771683236
11.18443,79.09995,306.67,0.42,0.45,2024-12-04,2038,N,VIIRS,n,2.0NRT,289.26,0.79,N,VIIRS_SUOMI_NPP,412,10,Tree cover,COVERED,377.40356755378247,0.37740356755378246,340697977,way,,Other Industrial,Substation & Electrical Infrastructure,CAUTION_LOWER_RELEVANCE,1,1,1,1,1,570.015112504252,0.570015112504252,1468887795,,Power Plant,0,1,1,1,1,835.512531571779
12.9988,79.9073,304.31,0.44,0.46,2024-12-04,2038,N,VIIRS,n,2.0NRT,289.69,0.59,N,VIIRS_SUOMI_NPP,413,30,Grassland,FAILED_TILE,91631.37772879306,91.63137772879305,1026841614,way,,Mining,Mining & Quarry,HIGHER_RELEVANCE,0,0,0,0,0,91631.37772879306,91.63137772879305,1026841614,,Mining & Quarry,0,0,0,0,0,92758.78544250781
13.10752,80.18994,328.97,0.45,0.39,2024-12-05,743,N,VIIRS,n,2.0NRT,296.31,2.67,D,VIIRS_SUOMI_NPP,414,10,Tree cover,FAILED_TILE,108013.97156045471,108.0139715604547,202465563,way,,Other Industrial,Industrial Area / Zone,GENERAL_CONTEXT,0,0,0,0,0,112453.86124060625,112.45386124060624,1026841614,,Mining & Quarry,0,0,0,0,0,108013.97156045471
10.92776,77.06435,302.54,0.39,0.36,2024-12-05,2018,N,VIIRS,n,2.0NRT,290.47,0.65,N,VIIRS_SUOMI_NPP,415,30,Grassland,FAILED_TILE,20289.240613147293,20.289240613147292,3449174406,node,,Power Plant,Power Plant,HIGHER_RELEVANCE,0,0,0,0,0,20289.240613147293,20.289240613147292,3449174406,,Power Plant,0,0,0,0,0,21289.433862436337
13.16137,80.28695,310.58,0.4,0.37,2024-12-05,2018,N,VIIRS,n,2.0NRT,293.33,1.58,N,VIIRS_SUOMI_NPP,416,10,Tree cover,FAILED_TILE,116716.43965166363,116.71643965166363,202465563,way,,Other Industrial,Industrial Area / Zone,GENERAL_CONTEXT,0,0,0,0,0,122472.56262296408,122.47256262296408,1026841614,,Mining & Quarry,0,0,0,0,0,116716.43965166363
11.81004,77.92374,305.19,0.39,0.36,2024-12-05,2018,N,VIIRS,n,2.0NRT,293.73,1.22,N,VIIRS_SUOMI_NPP,417,50,Built-up,COVERED,381.2699079369954,0.38126990793699544,340479189,way,,Other Industrial,Substation & Electrical Infrastructure,CAUTION_LOWER_RELEVANCE,1,1,1,1,1,779.6006720942619,0.7796006720942619,876239837,JSW Steel Plant,Steel / Metallurgy,0,1,1,1,1,2424.4692082475913
13.39089,80.10269,312.44,0.4,0.37,2024-12-05,2018,N,VIIRS,n,2.0NRT,293.89,1.08,N,VIIRS_SUOMI_NPP,418,60,Bare/sparse vegetation,FAILED_TILE,137299.3635093892,137.2993635093892,202465563,way,,Other Industrial,Industrial Area / Zone,GENERAL_CONTEXT,0,0,0,0,0,138890.5769114769,138.8905769114769,1026841614,,Mining & Quarry,0,0,0,0,0,137299.3635093892
12.99843,79.91005,304.56,0.4,0.37,2024-12-05,2018,N,VIIRS,n,2.0NRT,292.33,0.47,N,VIIRS_SUOMI_NPP,419,30,Grassland,FAILED_TILE,91643.511345439,91.643511345439,1026841614,way,,Mining,Mining & Quarry,HIGHER_RELEVANCE,0,0,0,0,0,91643.511345439,91.643511345439,1026841614,,Mining & Quarry,0,0,0,0,0,92704.30561775816
11.81712,77.91738,304.73,0.39,0.36,2024-12-05,2018,N,VIIRS,n,2.0NRT,292.57,0.8,N,VIIRS_SUOMI_NPP,420,50,Built-up,COVERED,230.01590586284044,0.23001590586284043,340479236,way,,Other Industrial,Substation & Electrical Infrastructure,CAUTION_LOWER_RELEVANCE,1,1,1,1,1,306.24903901726,0.30624903901725997,876239837,JSW Steel Plant,Steel / Metallurgy,1,1,1,1,1,1810.5139669216057
11.20239,77.56619,307.98,0.39,0.36,2024-12-05,2018,N,VIIRS,n,2.0NRT,291.76,0.8,N,VIIRS_SUOMI_NPP,421,60,Bare/sparse vegetation,COVERED,341.7049607645601,0.3417049607645601,823591866,way,,Mining,Mining & Quarry,HIGHER_RELEVANCE,1,1,1,1,1,341.7049607645601,0.3417049607645601,823591866,,Mining & Quarry,1,1,1,1,1,1547.2282250608814
13.44818,80.09667,306.39,0.4,0.37,2024-12-05,2018,N,VIIRS,n,2.0NRT,293.39,0.99,N,VIIRS_SUOMI_NPP,422,40,Cropland,FAILED_TILE,143548.00957247525,143.54800957247525,202465563,way,,Other Industrial,Industrial Area / Zone,GENERAL_CONTEXT,0,0,0,0,0,144871.3447873433,144.87134478734328,1026841614,,Mining & Quarry,0,0,0,0,0,143548.00957247525
11.81182,77.91952,311.1,0.4,0.44,2024-12-06,1959,N,VIIRS,n,2.0NRT,287.29,1.54,N,VIIRS_SUOMI_NPP,423,50,Built-up,COVERED,329.33837584814063,0.32933837584814063,876239837,way,JSW Steel Plant,Manufacturing,Steel / Metallurgy,HIGHER_RELEVANCE,1,1,1,1,1,329.33837584814063,0.32933837584814063,876239837,JSW Steel Plant,Steel / Metallurgy,1,1,1,1,1,1954.7356979097133
13.03769,79.97076,306.07,0.47,0.4,2024-12-06,1959,N,VIIRS,n,2.0NRT,292.06,1.04,N,VIIRS_SUOMI_NPP,424,30,Grassland,FAILED_TILE,97017.45461986646,97.01745461986646,202465563,way,,Other Industrial,Industrial Area / Zone,GENERAL_CONTEXT,0,0,0,0,0,97278.91087966484,97.27891087966483,1026841614,,Mining & Quarry,0,0,0,0,0,97017.45461986646
13.08081,79.97988,310.25,0.47,0.4,2024-12-06,1959,N,VIIRS,n,2.0NRT,292.14,1.5,N,VIIRS_SUOMI_NPP,425,30,Grassland,FAILED_TILE,101840.44027044128,101.84044027044128,202465563,way,,Other Industrial,Industrial Area / Zone,GENERAL_CONTEXT,0,0,0,0,0,102171.51804812245,102.17151804812245,1026841614,,Mining & Quarry,0,0,0,0,0,101840.44027044128
13.15958,80.28446,308.83,0.46,0.39,2024-12-06,1959,N,VIIRS,n,2.0NRT,292.85,2.63,N,VIIRS_SUOMI_NPP,426,50,Built-up,FAILED_TILE,116442.437822022,116.442437822022,202465563,way,,Other Industrial,Industrial Area / Zone,GENERAL_CONTEXT,0,0,0,0,0,122170.59780963375,122.17059780963375,1026841614,,Mining & Quarry,0,0,0,0,0,116442.437822022
8.73038,78.15974,330.68,0.42,0.61,2024-12-07,845,N,VIIRS,n,2.0NRT,292.66,1.53,D,VIIRS_SUOMI_NPP,427,10,Tree cover,FAILED_TILE,45766.55460334168,45.76655460334168,1264776476,way,,Power Plant,Power Plant,HIGHER_RELEVANCE,0,0,0,0,0,45766.55460334168,45.76655460334168,1264776476,,Power Plant,0,0,0,0,0,80574.34497950882
8.73359,78.15977,333.17,0.42,0.61,2024-12-07,845,N,VIIRS,n,2.0NRT,292.74,0.91,D,VIIRS_SUOMI_NPP,428,20,Shrubland,FAILED_TILE,45439.21108950509,45.439211089505086,1264776476,way,,Power Plant,Power Plant,HIGHER_RELEVANCE,0,0,0,0,0,45439.21108950509,45.439211089505086,1264776476,,Power Plant,0,0,0,0,0,80262.33201969184
8.65521,78.08772,332.6,0.41,0.61,2024-12-07,845,N,VIIRS,n,2.0NRT,292.56,2.74,D,VIIRS_SUOMI_NPP,429,20,Shrubland,FAILED_TILE,56748.31473207259,56.74831473207259,1264776476,way,,Power Plant,Power Plant,HIGHER_RELEVANCE,0,0,0,0,0,56748.31473207259,56.74831473207259,1264776476,,Power Plant,0,0,0,0,0,90100.90497767745
11.81017,77.92149,306.17,0.41,0.61,2024-12-07,1940,N,VIIRS,n,2.0NRT,290.04,1.05,N,VIIRS_SUOMI_NPP,430,50,Built-up,COVERED,434.4908448998803,0.4344908448998803,340479189,way,,Other Industrial,Substation & Electrical Infrastructure,CAUTION_LOWER_RELEVANCE,1,1,1,1,1,598.6772810556386,0.5986772810556386,876239837,JSW Steel Plant,Steel / Metallurgy,0,1,1,1,1,2179.3154547648605
11.3754,78.20809,334.7,0.44,0.46,2024-12-08,828,N,VIIRS,n,2.0NRT,295.72,2.31,D,VIIRS_SUOMI_NPP,431,40,Cropland,COVERED,5479.069092974367,5.479069092974367,1010297113,way,,Power Plant,Power Plant,HIGHER_RELEVANCE,0,0,0,0,1,5479.069092974367,5.479069092974367,1010297113,,Power Plant,0,0,0,0,1,8819.43132797216
11.46885,77.43934,330.31,0.39,0.44,2024-12-08,828,N,VIIRS,n,2.0NRT,300.01,2.26,D,VIIRS_SUOMI_NPP,432,10,Tree cover,COVERED,3162.2187577396776,3.1622187577396774,1440947503,node,Coirmedia,Industrial Works,Manufacturing & Industrial Works,HIGHER_RELEVANCE,0,0,0,1,1,3162.2187577396776,3.1622187577396774,1440947503,Coirmedia,Manufacturing & Industrial Works,0,0,0,1,1,13065.139819427457
11.69407,78.08384,340.55,0.44,0.46,2024-12-08,828,N,VIIRS,n,2.0NRT,297.42,3.76,D,VIIRS_SUOMI_NPP,433,40,Cropland,COVERED,985.4623514185505,0.9854623514185505,31857907,way,Magnesite,Mining,Mining & Quarry,HIGHER_RELEVANCE,0,1,1,1,1,985.4623514185505,0.9854623514185505,31857907,Magnesite,Mining & Quarry,0,1,1,1,1,1777.29462448679
13.16068,80.27818,300.22,0.61,0.71,2024-12-08,1921,N,VIIRS,n,2.0NRT,282.8,1.63,N,VIIRS_SUOMI_NPP,434,50,Built-up,FAILED_TILE,116346.32016610814,116.34632016610814,202465563,way,,Other Industrial,Industrial Area / Zone,GENERAL_CONTEXT,0,0,0,0,0,121963.12731379645,121.96312731379645,1026841614,,Mining & Quarry,0,0,0,0,0,116346.32016610814
11.80894,77.92698,302.66,0.45,0.63,2024-12-08,2101,N,VIIRS,n,2.0NRT,289.21,1.01,N,VIIRS_SUOMI_NPP,435,30,Grassland,COVERED,481.96416386991694,0.4819641638699169,340479189,way,,Other Industrial,Substation & Electrical Infrastructure,CAUTION_LOWER_RELEVANCE,1,1,1,1,1,1137.1860176569608,1.1371860176569608,876239837,JSW Steel Plant,Steel / Metallurgy,0,0,1,1,1,2788.4287408979135
13.15905,80.28837,305.27,0.61,0.71,2024-12-08,2101,N,VIIRS,n,2.0NRT,286.56,1.01,N,VIIRS_SUOMI_NPP,436,60,Bare/sparse vegetation,FAILED_TILE,116520.64429688621,116.5206442968862,202465563,way,,Other Industrial,Industrial Area / Zone,GENERAL_CONTEXT,0,0,0,0,0,122316.77628398227,122.31677628398226,1026841614,,Mining & Quarry,0,0,0,0,0,116520.64429688621
9.76258,78.48173,335.57,0.39,0.36,2024-12-09,807,N,VIIRS,n,2.0NRT,297.47,3.11,D,VIIRS_SUOMI_NPP,437,10,Tree cover,COVERED,4708.07942158127,4.70807942158127,726568456,way,,Other Industrial,Industrial Area / Zone,GENERAL_CONTEXT,0,0,0,1,1,5931.716021629098,5.931716021629097,999684605,Sivaganga,Power Plant,0,0,0,0,1,4708.07942158127
9.76732,77.95178,331.97,0.39,0.36,2024-12-09,807,N,VIIRS,n,2.0NRT,298.41,1.87,D,VIIRS_SUOMI_NPP,438,20,Shrubland,COVERED,2722.5900864179202,2.72259008641792,906795394,way,,Other Industrial,Industrial Area / Zone,GENERAL_CONTEXT,0,0,0,1,1,2929.4983031509732,2.9294983031509734,990641677,,Mining & Quarry,0,0,0,1,1,2722.5900864179202
9.50536,78.25312,331.32,0.39,0.36,2024-12-09,807,N,VIIRS,n,2.0NRT,298.1,1.25,D,VIIRS_SUOMI_NPP,439,20,Shrubland,COVERED,485.78967652748776,0.4857896765274878,13479054,relation,,Power Plant,Power Plant,HIGHER_RELEVANCE,1,1,1,1,1,485.78967652748776,0.4857896765274878,13479054,,Power Plant,1,1,1,1,1,6731.06808931432
9.77065,77.95128,334.36,0.39,0.36,2024-12-09,807,N,VIIRS,n,2.0NRT,299.3,1.87,D,VIIRS_SUOMI_NPP,440,20,Shrubland,COVERED,2358.6252631437596,2.3586252631437596,906795394,way,,Other Industrial,Industrial Area / Zone,GENERAL_CONTEXT,0,0,0,1,1,2619.153713830803,2.619153713830803,990641677,,Mining & Quarry,0,0,0,1,1,2358.6252631437596
9.85353,79.09533,332.44,0.41,0.37,2024-12-09,807,N,VIIRS,n,2.0NRT,295.33,3.85,D,VIIRS_SUOMI_NPP,441,20,Shrubland,COVERED,9777.46995985348,9.77746995985348,1232409935,way,,Other Industrial,Generic Industrial Building,GENERAL_CONTEXT,0,0,0,0,1,36579.35374889279,36.57935374889279,1181414705,Uppur Power Plant,Power Plant,0,0,0,0,0,9777.46995985348
9.21547,77.83137,330.4,0.38,0.36,2024-12-09,807,N,VIIRS,n,2.0NRT,298.1,2.46,D,VIIRS_SUOMI_NPP,442,20,Shrubland,FAILED_TILE,24489.35114733426,24.489351147334258,642500125,way,,Other Industrial,Industrial Area / Zone,GENERAL_CONTEXT,0,0,0,0,0,28810.662146774404,28.810662146774405,164716908,Ramco Cement Factory,Cement & Construction Materials,0,0,0,0,0,24489.35114733426
10.50258,78.95891,334.1,0.41,0.37,2024-12-09,809,N,VIIRS,n,2.0NRT,298.17,4.84,D,VIIRS_SUOMI_NPP,443,20,Shrubland,COVERED,1866.4911348925366,1.8664911348925366,310578517,way,Adanakottai,Other Industrial,Substation & Electrical Infrastructure,CAUTION_LOWER_RELEVANCE,0,0,1,1,1,11698.220545746733,11.698220545746734,986260259,Killanur A,Power Plant,0,0,0,0,0,15191.684505933164
10.97892,78.83411,337.29,0.41,0.37,2024-12-09,809,N,VIIRS,n,2.0NRT,298.51,3.16,D,VIIRS_SUOMI_NPP,444,20,Shrubland,COVERED,3386.5186206564717,3.3865186206564717,340479212,way,Siruganur,Other Industrial,Substation & Electrical Infrastructure,CAUTION_LOWER_RELEVANCE,0,0,0,1,1,11095.649896754438,11.095649896754438,178531106,,Mining & Quarry,0,0,0,0,0,9080.247127874478
11.20422,77.5667,303.12,0.43,0.46,2024-12-09,2044,N,VIIRS,n,2.0NRT,289.36,0.49,N,VIIRS_SUOMI_NPP,445,30,Grassland,COVERED,527.2080998620937,0.5272080998620937,823591866,way,,Mining,Mining & Quarry,HIGHER_RELEVANCE,0,1,1,1,1,527.2080998620937,0.5272080998620937,823591866,,Mining & Quarry,0,1,1,1,1,1383.9947339692526
10.49913,78.96156,335.39,0.46,0.39,2024-12-10,750,N,VIIRS,n,2.0NRT,277.87,5.45,D,VIIRS_SUOMI_NPP,446,20,Shrubland,COVERED,2286.7314237847163,2.2867314237847163,310578517,way,Adanakottai,Other Industrial,Substation & Electrical Infrastructure,CAUTION_LOWER_RELEVANCE,0,0,0,1,1,12166.67713951965,12.166677139519651,986260259,Killanur A,Power Plant,0,0,0,0,0,14876.411955425392
9.84898,78.026,335.31,0.52,0.41,2024-12-10,750,N,VIIRS,n,2.0NRT,297.84,2.91,D,VIIRS_SUOMI_NPP,447,50,Built-up,COVERED,459.4651128756852,0.4594651128756852,990641684,way,,Other Industrial,Industrial Area / Zone,GENERAL_CONTEXT,1,1,1,1,1,2227.198514140296,2.227198514140296,1283314813,,Manufacturing & Industrial Works,0,0,0,1,1,459.4651128756852
9.31199,77.68814,333.89,0.55,0.43,2024-12-10,750,N,VIIRS,n,2.0NRT,296.36,5.7,D,VIIRS_SUOMI_NPP,448,30,Grassland,FAILED_TILE,14449.733286353128,14.449733286353128,642500075,way,,Mining,Mining & Quarry,HIGHER_RELEVANCE,0,0,0,0,0,14449.733286353128,14.449733286353128,642500075,,Mining & Quarry,0,0,0,0,0,15545.189717534538
13.2788,79.43861,326.97,0.41,0.37,2024-12-10,752,N,VIIRS,n,2.0NRT,287.48,2.29,D,VIIRS_SUOMI_NPP,449,20,Shrubland,FAILED_TILE,126255.78613998914,126.25578613998914,1026841614,way,,Mining,Mining & Quarry,HIGHER_RELEVANCE,0,0,0,0,0,126255.78613998914,126.25578613998914,1026841614,,Mining & Quarry,0,0,0,0,0,135518.14076746104
13.15948,80.28324,297.25,0.48,0.65,2024-12-13,1927,N,VIIRS,n,2.0NRT,284.29,1.06,N,VIIRS_SUOMI_NPP,450,50,Built-up,FAILED_TILE,116390.33228475665,116.39033228475664,202465563,way,,Other Industrial,Industrial Area / Zone,GENERAL_CONTEXT,0,0,0,0,0,122099.15015359716,122.09915015359717,1026841614,,Mining & Quarry,0,0,0,0,0,116390.33228475665
13.16246,80.29005,301.72,0.77,0.77,2024-12-13,2108,N,VIIRS,n,2.0NRT,287.45,1.32,N,VIIRS_SUOMI_NPP,451,50,Built-up,FAILED_TILE,116938.01884665931,116.9380188466593,202465563,way,,Other Industrial,Industrial Area / Zone,GENERAL_CONTEXT,0,0,0,0,0,122736.960870798,122.73696087079799,1026841614,,Mining & Quarry,0,0,0,0,0,116938.01884665931
13.16009,80.29156,301.59,0.77,0.78,2024-12-13,2108,N,VIIRS,n,2.0NRT,288.03,1.09,N,VIIRS_SUOMI_NPP,452,40,Cropland,FAILED_TILE,116740.63218712015,116.74063218712016,202465563,way,,Other Industrial,Industrial Area / Zone,GENERAL_CONTEXT,0,0,0,0,0,122581.37113909714,122.58137113909714,1026841614,,Mining & Quarry,0,0,0,0,0,116740.63218712015
11.20285,77.56692,312.78,0.54,0.51,2024-12-14,2050,N,VIIRS,n,2.0NRT,290.62,1.52,N,VIIRS_SUOMI_NPP,453,30,Grassland,COVERED,373.10836837714925,0.3731083683771492,823591866,way,,Mining,Mining & Quarry,HIGHER_RELEVANCE,1,1,1,1,1,373.10836837714925,0.3731083683771492,823591866,,Mining & Quarry,1,1,1,1,1,1453.0094730642709
11.076,79.56938,307.17,0.37,0.58,2024-12-14,2050,N,VIIRS,n,2.0NRT,291.68,0.43,N,VIIRS_SUOMI_NPP,454,10,Tree cover,COVERED,1499.8488850546948,1.499848885054695,341791011,way,Kadalangudi,Other Industrial,Substation & Electrical Infrastructure,CAUTION_LOWER_RELEVANCE,0,0,1,1,1,5034.391873813357,5.034391873813357,823185402,Kuttulam Power Plant,Power Plant,0,0,0,0,1,4994.772442708923
11.1806,79.09951,301.39,0.34,0.56,2024-12-14,2050,N,VIIRS,n,2.0NRT,291.11,0.87,N,VIIRS_SUOMI_NPP,455,50,Built-up,COVERED,509.20082596637155,0.5092008259663715,340697977,way,,Other Industrial,Substation & Electrical Infrastructure,CAUTION_LOWER_RELEVANCE,0,1,1,1,1,842.8752422606786,0.8428752422606787,1468887795,,Power Plant,0,1,1,1,1,752.9196481487717
13.42046,80.08818,303.12,0.36,0.58,2024-12-14,2050,N,VIIRS,n,2.0NRT,291.06,0.41,N,VIIRS_SUOMI_NPP,456,60,Bare/sparse vegetation,FAILED_TILE,140382.6065099865,140.38260650998652,202465563,way,,Other Industrial,Industrial Area / Zone,GENERAL_CONTEXT,0,0,0,0,0,141657.0607994911,141.6570607994911,1026841614,,Mining & Quarry,0,0,0,0,0,140382.6065099865
9.35392,78.38164,341.17,0.42,0.38,2024-12-15,756,N,VIIRS,n,2.0NRT,299.02,3.2,D,VIIRS_SUOMI_NPP,457,50,Built-up,COVERED,1602.4368628100622,1.6024368628100623,510509746,way,Kamudi,Other Industrial,Substation & Electrical Infrastructure,CAUTION_LOWER_RELEVANCE,0,0,1,1,1,2765.702795885389,2.7657027958853893,13471259,,Power Plant,0,0,0,1,1,15383.512656881703
9.81162,78.69306,342.33,0.41,0.37,2024-12-15,756,N,VIIRS,n,2.0NRT,295.71,2.19,D,VIIRS_SUOMI_NPP,458,30,Grassland,COVERED,175.24057353467404,0.17524057353467404,13526119,relation,,Power Plant,Power Plant,HIGHER_RELEVANCE,1,1,1,1,1,175.24057353467404,0.17524057353467404,13526119,,Power Plant,1,1,1,1,1,9644.217446121187
9.81504,78.69252,346.03,0.41,0.37,2024-12-15,756,N,VIIRS,n,2.0NRT,296.15,3.73,D,VIIRS_SUOMI_NPP,459,40,Cropland,COVERED,500.17475120960415,0.5001747512096042,1009975066,way,,Power Plant,Power Plant,HIGHER_RELEVANCE,0,1,1,1,1,500.17475120960415,0.5001747512096042,1009975066,,Power Plant,0,1,1,1,1,9357.38658594936
11.20301,77.5686,309.22,0.43,0.38,2024-12-15,2031,N,VIIRS,n,2.0NRT,291.37,1.15,N,VIIRS_SUOMI_NPP,460,50,Built-up,COVERED,413.84420207200066,0.4138442020720007,823591866,way,,Mining,Mining & Quarry,HIGHER_RELEVANCE,1,1,1,1,1,413.84420207200066,0.4138442020720007,823591866,,Mining & Quarry,1,1,1,1,1,1301.9703431015198
11.20368,77.56465,314.26,0.43,0.38,2024-12-15,2031,N,VIIRS,n,2.0NRT,291.55,1.58,N,VIIRS_SUOMI_NPP,461,30,Grassland,COVERED,545.713052493641,0.545713052493641,823591866,way,,Mining,Mining & Quarry,HIGHER_RELEVANCE,0,1,1,1,1,545.713052493641,0.545713052493641,823591866,,Mining & Quarry,0,1,1,1,1,1606.1211468926958
13.11503,79.75854,331.87,0.56,0.43,2024-12-16,737,N,VIIRS,n,2.0NRT,297.93,3.36,D,VIIRS_SUOMI_NPP,462,10,Tree cover,FAILED_TILE,103145.91037775158,103.14591037775159,1026841614,way,,Mining,Mining & Quarry,HIGHER_RELEVANCE,0,0,0,0,0,103145.91037775158,103.14591037775159,1026841614,,Mining & Quarry,0,0,0,0,0,107544.34302901838
13.1139,79.75702,333.6,0.56,0.43,2024-12-16,737,N,VIIRS,n,2.0NRT,298.88,4.1,D,VIIRS_SUOMI_NPP,463,40,Cropland,FAILED_TILE,103020.60323571492,103.02060323571493,1026841614,way,,Mining,Mining & Quarry,HIGHER_RELEVANCE,0,0,0,0,0,103020.60323571492,103.02060323571493,1026841614,,Mining & Quarry,0,0,0,0,0,107452.5070276918
11.20311,77.5677,315.01,0.42,0.38,2024-12-16,2012,N,VIIRS,n,2.0NRT,289.58,1.35,N,VIIRS_SUOMI_NPP,464,50,Built-up,COVERED,402.1772038857784,0.4021772038857784,823591866,way,,Mining,Mining & Quarry,HIGHER_RELEVANCE,1,1,1,1,1,402.1772038857784,0.4021772038857784,823591866,,Mining & Quarry,1,1,1,1,1,1368.6470363764427
11.81663,77.91622,309.91,0.41,0.37,2024-12-16,2012,N,VIIRS,n,2.0NRT,290.86,0.91,N,VIIRS_SUOMI_NPP,465,50,Built-up,COVERED,321.4847990178874,0.3214847990178874,876239837,way,JSW Steel Plant,Manufacturing,Steel / Metallurgy,HIGHER_RELEVANCE,1,1,1,1,1,321.4847990178874,0.3214847990178874,876239837,JSW Steel Plant,Steel / Metallurgy,1,1,1,1,1,1673.6453309417852
11.80862,77.92271,306.26,0.41,0.37,2024-12-16,2012,N,VIIRS,n,2.0NRT,292.37,1.54,N,VIIRS_SUOMI_NPP,466,30,Grassland,COVERED,226.1123158076199,0.2261123158076199,340479189,way,,Other Industrial,Substation & Electrical Infrastructure,CAUTION_LOWER_RELEVANCE,1,1,1,1,1,816.2296493744954,0.8162296493744954,876239837,JSW Steel Plant,Steel / Metallurgy,0,1,1,1,1,2333.6652974007384
10.92926,77.06384,295.61,0.44,0.38,2024-12-16,2014,N,VIIRS,n,2.0NRT,281.52,0.34,N,VIIRS_SUOMI_NPP,467,30,Grassland,FAILED_TILE,20346.476808920703,20.346476808920702,3449174406,node,,Power Plant,Power Plant,HIGHER_RELEVANCE,0,0,0,0,0,20346.476808920703,20.346476808920702,3449174406,,Power Plant,0,0,0,0,0,21294.349394375975
8.65877,78.11285,335.17,0.49,0.4,2024-12-19,822,N,VIIRS,n,2.0NRT,295.75,5.52,D,VIIRS_SUOMI_NPP,468,95,Mangroves,FAILED_TILE,55155.38363620173,55.155383636201734,1264776476,way,,Power Plant,Power Plant,HIGHER_RELEVANCE,0,0,0,0,0,55155.38363620173,55.155383636201734,1264776476,,Power Plant,0,0,0,0,0,90044.64419687704
8.36387,77.99434,334.99,0.48,0.4,2024-12-19,822,N,VIIRS,n,2.0NRT,295.72,3.94,D,VIIRS_SUOMI_NPP,469,10,Tree cover,FAILED_TILE,81838.87848276627,81.83887848276628,774534255,way,,Mining,Mining & Quarry,HIGHER_RELEVANCE,0,0,0,0,0,81838.87848276627,81.83887848276628,774534255,,Mining & Quarry,0,0,0,0,0,91377.30702140924
9.32755,77.64175,334.31,0.4,0.37,2024-12-20,802,N,VIIRS,n,2.0NRT,297.91,2.54,D,VIIRS_SUOMI_NPP,470,20,Shrubland,FAILED_TILE,13173.712771370056,13.173712771370056,906386131,way,,Other Industrial,Industrial Area / Zone,GENERAL_CONTEXT,0,0,0,0,0,14233.149364882915,14.233149364882914,642500075,,Mining & Quarry,0,0,0,0,0,13173.712771370056
11.1546,77.35361,333.26,0.4,0.37,2024-12-20,805,N,VIIRS,n,2.0NRT,301.58,2.56,D,VIIRS_SUOMI_NPP,471,30,Grassland,COVERED,1342.401200648939,1.342401200648939,985084093,way,,Other Industrial,Industrial Area / Zone,GENERAL_CONTEXT,0,0,1,1,1,6730.572947862748,6.730572947862748,13557922,,Power Plant,0,0,0,0,1,1342.401200648939
11.53465,78.47977,334.28,0.38,0.36,2024-12-20,805,N,VIIRS,n,2.0NRT,299.87,2.52,D,VIIRS_SUOMI_NPP,472,10,Tree cover,COVERED,4022.0258847419104,4.02202588474191,813893974,way,,Mining,Mining & Quarry,HIGHER_RELEVANCE,0,0,0,1,1,4022.0258847419104,4.02202588474191,813893974,,Mining & Quarry,0,0,0,1,1,4605.2007718344885
11.93054,79.0218,331.38,0.39,0.36,2024-12-20,805,N,VIIRS,n,2.0NRT,296.37,2.48,D,VIIRS_SUOMI_NPP,473,40,Cropland,COVERED,3079.845860992677,3.079845860992677,342137009,way,Ariyalur,Other Industrial,Substation & Electrical Infrastructure,CAUTION_LOWER_RELEVANCE,0,0,0,1,1,15666.322364229638,15.666322364229638,4938983210,Kallakurichi Coop Sugar Mills,Manufacturing & Industrial Works,0,0,0,0,0,19004.25942052461
13.3918,80.10139,312.89,0.4,0.37,2024-12-21,2018,N,VIIRS,n,2.0NRT,294.76,1.55,N,VIIRS_SUOMI_NPP,474,30,Grassland,FAILED_TILE,137382.52736110994,137.38252736110994,202465563,way,,Other Industrial,Industrial Area / Zone,GENERAL_CONTEXT,0,0,0,0,0,138950.40660760787,138.95040660760787,1026841614,,Mining & Quarry,0,0,0,0,0,137382.52736110994
11.94577,78.98011,329.31,0.35,0.57,2024-12-22,726,N,VIIRS,n,2.0NRT,286.27,2.98,D,VIIRS_SUOMI_NPP,475,10,Tree cover,COVERED,3277.888271834174,3.2778882718341738,342137009,way,Ariyalur,Other Industrial,Substation & Electrical Infrastructure,CAUTION_LOWER_RELEVANCE,0,0,0,1,1,13020.291346671507,13.020291346671508,4938983210,Kallakurichi Coop Sugar Mills,Manufacturing & Industrial Works,0,0,0,0,0,23285.482575662198
13.39238,80.10198,307.97,0.47,0.39,2024-12-22,1959,N,VIIRS,n,2.0NRT,293.78,1.16,N,VIIRS_SUOMI_NPP,476,30,Grassland,FAILED_TILE,137454.34601791494,137.45434601791493,202465563,way,,Other Industrial,Industrial Area / Zone,GENERAL_CONTEXT,0,0,0,0,0,139029.61719509563,139.02961719509562,1026841614,,Mining & Quarry,0,0,0,0,0,137454.34601791494
11.48374,77.36877,346.95,0.41,0.61,2024-12-23,847,N,VIIRS,n,2.0NRT,293.24,3.22,D,VIIRS_SUOMI_NPP,477,40,Cropland,COVERED,3445.295024767323,3.445295024767323,337856917,way,Thuckanaickenpalayam,Other Industrial,Substation & Electrical Infrastructure,CAUTION_LOWER_RELEVANCE,0,0,0,1,1,11028.08862807511,11.028088628075109,1440947503,Coirmedia,Manufacturing & Industrial Works,0,0,0,0,0,6057.774042421636
11.48662,77.3672,367.0,0.41,0.61,2024-12-23,847,N,VIIRS,h,2.0NRT,293.65,8.34,D,VIIRS_SUOMI_NPP,478,10,Tree cover,COVERED,3168.492785063283,3.168492785063283,337856917,way,Thuckanaickenpalayam,Other Industrial,Substation & Electrical Infrastructure,CAUTION_LOWER_RELEVANCE,0,0,0,1,1,11267.727297648215,11.267727297648214,1440947503,Coirmedia,Manufacturing & Industrial Works,0,0,0,0,0,6072.228149022978
11.48707,77.37101,332.03,0.41,0.61,2024-12-23,847,N,VIIRS,n,2.0NRT,293.49,9.93,D,VIIRS_SUOMI_NPP,479,40,Cropland,COVERED,3042.5972996731334,3.0425972996731336,337856917,way,Thuckanaickenpalayam,Other Industrial,Substation & Electrical Infrastructure,CAUTION_LOWER_RELEVANCE,0,0,0,1,1,10877.714845559241,10.877714845559241,1440947503,Coirmedia,Manufacturing & Industrial Works,0,0,0,0,0,6452.958501987757
11.38817,77.17683,332.85,0.38,0.44,2024-12-24,828,N,VIIRS,n,2.0NRT,304.41,1.32,D,VIIRS_SUOMI_NPP,480,40,Cropland,FAILED_TILE,14738.154481416579,14.73815448141658,1220446723,way,,Power Plant,Power Plant,HIGHER_RELEVANCE,0,0,0,0,0,14738.154481416579,14.73815448141658,1220446723,,Power Plant,0,0,0,0,0,14860.23577254634
10.21246,77.85556,343.2,0.41,0.45,2024-12-24,828,N,VIIRS,n,2.0NRT,302.09,4.68,D,VIIRS_SUOMI_NPP,481,10,Tree cover,COVERED,4512.665545844232,4.512665545844232,906795405,way,,Other Industrial,Industrial Area / Zone,GENERAL_CONTEXT,0,0,0,1,1,6048.978643491317,6.048978643491317,1264199856,,Power Plant,0,0,0,0,1,4512.665545844232
10.06075,77.48013,334.83,0.39,0.44,2024-12-24,828,N,VIIRS,n,2.0NRT,299.36,3.24,D,VIIRS_SUOMI_NPP,482,10,Tree cover,COVERED,1422.867053212318,1.422867053212318,1509435064,way,,Other Industrial,Industrial Area / Zone,GENERAL_CONTEXT,0,0,1,1,1,8153.057465789899,8.1530574657899,977532855,,Mining & Quarry,0,0,0,0,1,1422.867053212318
9.78438,77.42071,331.52,0.57,0.43,2024-12-24,828,N,VIIRS,n,2.0NRT,303.34,1.82,D,VIIRS_SUOMI_NPP,483,40,Cropland,COVERED,1861.0861299037788,1.8610861299037789,9101497944,node,,Power Plant,Power Plant,HIGHER_RELEVANCE,0,0,1,1,1,1861.0861299037788,1.8610861299037789,9101497944,,Power Plant,0,0,1,1,1,18014.739114454627
13.16129,80.28079,303.72,0.6,0.71,2024-12-24,1921,N,VIIRS,n,2.0NRT,287.44,1.6,N,VIIRS_SUOMI_NPP,484,50,Built-up,FAILED_TILE,116498.53129287461,116.49853129287462,202465563,way,,Other Industrial,Industrial Area / Zone,GENERAL_CONTEXT,0,0,0,0,0,122154.04616297643,122.15404616297643,1026841614,,Mining & Quarry,0,0,0,0,0,116498.53129287461
12.6902,77.94789,298.72,0.44,0.63,2024-12-24,2101,N,VIIRS,n,2.0NRT,288.36,0.52,N,VIIRS_SUOMI_NPP,485,30,Grassland,FAILED_TILE,59665.80284264241,59.665802842642414,425335457,way,Palavadi,Other Industrial,Substation & Electrical Infrastructure,CAUTION_LOWER_RELEVANCE,0,0,0,0,0,75925.33295889685,75.92533295889685,1536206840,HPCL Dharmapuri Terminal,"Oil, Gas & Chemical",0,0,0,0,0,67510.37295344574
9.18193,78.44804,331.75,0.39,0.36,2024-12-25,809,N,VIIRS,l,2.0NRT,302.63,1.9,D,VIIRS_SUOMI_NPP,486,20,Shrubland,COVERED,4878.749208795854,4.878749208795854,1095203400,way,IOCL,Chemical,"Oil, Gas & Chemical",HIGHER_RELEVANCE,0,0,0,1,1,4878.749208795854,4.878749208795854,1095203400,IOCL,"Oil, Gas & Chemical",0,0,0,1,1,21459.283064301773
9.85774,77.33888,336.26,0.38,0.36,2024-12-25,809,N,VIIRS,n,2.0NRT,307.18,3.26,D,VIIRS_SUOMI_NPP,487,30,Grassland,COVERED,1751.5116911688228,1.7515116911688229,9101497939,node,,Power Plant,Power Plant,HIGHER_RELEVANCE,0,0,1,1,1,1751.5116911688228,1.7515116911688229,9101497939,,Power Plant,0,0,1,1,1,15264.607097632846
11.38649,77.14317,341.97,0.38,0.36,2024-12-25,809,N,VIIRS,n,2.0NRT,304.31,3.75,D,VIIRS_SUOMI_NPP,488,40,Cropland,FAILED_TILE,16800.38493864228,16.80038493864228,17338131,relation,,Power Plant,Power Plant,HIGHER_RELEVANCE,0,0,0,0,0,16800.38493864228,16.80038493864228,17338131,,Power Plant,0,0,0,0,0,17677.08635988016
9.18541,78.61312,331.38,0.49,0.4,2024-12-26,750,N,VIIRS,n,2.0NRT,297.13,2.53,D,VIIRS_SUOMI_NPP,489,60,Bare/sparse vegetation,COVERED,2115.504970736605,2.1155049707366054,385335088,way,Valinokam,Other Industrial,Substation & Electrical Infrastructure,CAUTION_LOWER_RELEVANCE,0,0,0,1,1,8707.944291334392,8.707944291334393,17337881,,Power Plant,0,0,0,0,1,21923.43303405657
11.8161,77.91463,303.33,0.48,0.4,2024-12-27,2006,N,VIIRS,n,2.0NRT,290.44,0.72,N,VIIRS_SUOMI_NPP,490,50,Built-up,COVERED,428.14787994085907,0.42814787994085907,876239837,way,JSW Steel Plant,Manufacturing,Steel / Metallurgy,HIGHER_RELEVANCE,1,1,1,1,1,428.14787994085907,0.42814787994085907,876239837,JSW Steel Plant,Steel / Metallurgy,1,1,1,1,1,1490.878170702342
11.81118,77.92284,303.71,0.48,0.4,2024-12-27,2006,N,VIIRS,n,2.0NRT,291.55,1.24,N,VIIRS_SUOMI_NPP,491,50,Built-up,COVERED,505.52792652144336,0.5055279265214434,340479189,way,,Other Industrial,Substation & Electrical Infrastructure,CAUTION_LOWER_RELEVANCE,0,1,1,1,1,624.507751856188,0.6245077518561879,876239837,JSW Steel Plant,Steel / Metallurgy,0,1,1,1,1,2318.0351628063127
13.08174,79.97926,310.44,0.41,0.37,2024-12-27,2006,N,VIIRS,n,2.0NRT,293.82,1.41,N,VIIRS_SUOMI_NPP,492,60,Bare/sparse vegetation,FAILED_TILE,101941.45440053902,101.94145440053902,202465563,way,,Other Industrial,Industrial Area / Zone,GENERAL_CONTEXT,0,0,0,0,0,102256.3678505108,102.2563678505108,1026841614,,Mining & Quarry,0,0,0,0,0,101941.45440053902
12.99953,79.90663,329.01,0.48,0.48,2024-12-28,1949,N,VIIRS,n,2.0NRT,291.28,3.74,N,VIIRS_SUOMI_NPP,493,20,Shrubland,FAILED_TILE,91698.6325982306,91.6986325982306,1026841614,way,,Mining,Mining & Quarry,HIGHER_RELEVANCE,0,0,0,0,0,91698.6325982306,91.6986325982306,1026841614,,Mining & Quarry,0,0,0,0,0,92843.27113624917
9.18301,78.57902,331.26,0.56,0.52,2024-12-29,834,N,VIIRS,n,2.0NRT,296.26,4.45,D,VIIRS_SUOMI_NPP,494,10,Tree cover,COVERED,5179.574089377101,5.179574089377101,1537121520,way,,Other Industrial,Substation & Electrical Infrastructure,CAUTION_LOWER_RELEVANCE,0,0,0,0,1,5287.150935183922,5.287150935183922,17337881,,Power Plant,0,0,0,0,1,20736.810262876534
11.08905,78.05498,332.23,0.44,0.38,2024-12-30,815,N,VIIRS,n,2.0NRT,293.97,3.3,D,VIIRS_SUOMI_NPP,495,10,Tree cover,COVERED,4132.232637611704,4.132232637611704,338030175,way,,Other Industrial,Substation & Electrical Infrastructure,CAUTION_LOWER_RELEVANCE,0,0,0,1,1,7616.028404099826,7.616028404099826,947395686,Kagithapuram Mill Power Station,Power Plant,0,0,0,0,1,5261.695748959653
11.81181,77.92474,306.72,0.57,0.52,2024-12-30,2050,N,VIIRS,n,2.0NRT,291.29,2.74,N,VIIRS_SUOMI_NPP,496,50,Built-up,COVERED,597.2176145423738,0.5972176145423738,340479189,way,,Other Industrial,Substation & Electrical Infrastructure,CAUTION_LOWER_RELEVANCE,0,1,1,1,1,771.3544979703341,0.7713544979703342,876239837,JSW Steel Plant,Steel / Metallurgy,0,1,1,1,1,2522.847234269151
12.64716,77.85314,303.28,0.54,0.51,2024-12-30,2050,N,VIIRS,n,2.0NRT,284.02,0.58,N,VIIRS_SUOMI_NPP,497,30,Grassland,FAILED_TILE,57578.52017924884,57.578520179248834,386095154,way,Pennagaram,Other Industrial,Substation & Electrical Infrastructure,CAUTION_LOWER_RELEVANCE,0,0,0,0,0,71165.7249338421,71.1657249338421,1003159749,,Power Plant,0,0,0,0,0,66797.27216381844
13.15957,80.2869,302.87,0.38,0.59,2024-12-30,2050,N,VIIRS,n,2.0NRT,289.76,0.79,N,VIIRS_SUOMI_NPP,498,10,Tree cover,FAILED_TILE,116524.88695727586,116.52488695727585,202465563,way,,Other Industrial,Industrial Area / Zone,GENERAL_CONTEXT,0,0,0,0,0,122293.17056537034,122.29317056537035,1026841614,,Mining & Quarry,0,0,0,0,0,116524.88695727586
13.39337,80.10251,301.17,0.37,0.58,2024-12-30,2050,N,VIIRS,n,2.0NRT,285.01,0.36,N,VIIRS_SUOMI_NPP,499,30,Grassland,FAILED_TILE,137570.63331823653,137.57063331823653,202465563,way,,Other Industrial,Industrial Area / Zone,GENERAL_CONTEXT,0,0,0,0,0,139151.02847090605,139.15102847090606,1026841614,,Mining & Quarry,0,0,0,0,0,137570.63331823653
11.80905,77.92311,331.86,0.42,0.37,2024-12-31,758,N,VIIRS,l,2.0NRT,306.36,2.27,D,VIIRS_SUOMI_NPP,500,50,Built-up,COVERED,267.25223697024444,0.2672522369702444,340479189,way,,Other Industrial,Substation & Electrical Infrastructure,CAUTION_LOWER_RELEVANCE,1,1,1,1,1,806.7013787363704,0.8067013787363704,876239837,JSW Steel Plant,Steel / Metallurgy,0,1,1,1,1,2369.3450861386154
12.24608,77.47054,330.06,0.43,0.38,2024-12-31,758,N,VIIRS,l,2.0NRT,303.78,3.6,D,VIIRS_SUOMI_NPP,501,20,Shrubland,FAILED_TILE,14184.353437436328,14.184353437436329,13570496,relation,,Power Plant,Power Plant,HIGHER_RELEVANCE,0,0,0,0,0,14184.353437436328,14.184353437436329,13570496,,Power Plant,0,0,0,0,0,53091.1801893091
12.26136,77.4766,337.7,0.43,0.38,2024-12-31,758,N,VIIRS,n,2.0NRT,301.63,3.13,D,VIIRS_SUOMI_NPP,502,10,Tree cover,FAILED_TILE,15772.590804511188,15.772590804511188,1467381349,way,,Other Industrial,Substation & Electrical Infrastructure,CAUTION_LOWER_RELEVANCE,0,0,0,0,0,15786.659308740285,15.786659308740285,13570496,,Power Plant,0,0,0,0,0,52020.90414386564
12.73766,77.7874,345.14,0.41,0.37,2024-12-31,758,N,VIIRS,n,2.0NRT,300.05,4.81,D,VIIRS_SUOMI_NPP,503,50,Built-up,FAILED_TILE,59595.31427609683,59.595314276096836,1134097095,way,,Other Industrial,Substation & Electrical Infrastructure,CAUTION_LOWER_RELEVANCE,0,0,0,0,0,61636.24954375321,61.63624954375321,971761880,,Mining & Quarry,0,0,0,0,0,62919.724528286664
13.26257,79.65422,332.18,0.38,0.36,2024-12-31,758,N,VIIRS,n,2.0NRT,300.73,1.57,D,VIIRS_SUOMI_NPP,504,10,Tree cover,FAILED_TILE,120098.25433429207,120.09825433429206,1026841614,way,,Mining,Mining & Quarry,HIGHER_RELEVANCE,0,0,0,0,0,120098.25433429207,120.09825433429206,1026841614,,Mining & Quarry,0,0,0,0,0,126053.97695453513
12.35046,80.01983,308.33,0.56,0.43,2024-12-31,2031,N,VIIRS,n,2.0NRT,292.87,0.45,N,VIIRS_SUOMI_NPP,505,40,Cropland,FAILED_TILE,22037.338707131545,22.037338707131546,202465563,way,,Other Industrial,Industrial Area / Zone,GENERAL_CONTEXT,0,0,0,0,0,33574.143915996276,33.574143915996274,1026841614,,Mining & Quarry,0,0,0,0,0,22037.338707131545
13.06525,80.18826,303.81,0.56,0.43,2024-12-31,2031,N,VIIRS,n,2.0NRT,293.73,0.59,N,VIIRS_SUOMI_NPP,506,40,Cropland,FAILED_TILE,103416.5072183708,103.4165072183708,202465563,way,,Other Industrial,Industrial Area / Zone,GENERAL_CONTEXT,0,0,0,0,0,108118.36137606473,108.11836137606473,1026841614,,Mining & Quarry,0,0,0,0,0,103416.5072183708
11.77809,77.72276,304.24,0.44,0.38,2024-12-31,2031,N,VIIRS,n,2.0NRT,291.62,0.75,N,VIIRS_SUOMI_NPP,507,40,Cropland,COVERED,5979.356113083448,5.979356113083448,876239831,way,,Mining,Mining & Quarry,HIGHER_RELEVANCE,0,0,0,0,1,5979.356113083448,5.979356113083448,876239831,,Mining & Quarry,0,0,0,0,1,9219.501732652057
11.80982,77.92365,304.84,0.45,0.39,2024-12-31,2031,N,VIIRS,n,2.0NRT,294.6,1.01,N,VIIRS_SUOMI_NPP,508,10,Tree cover,COVERED,355.6773585527705,0.3556773585527705,340479189,way,,Other Industrial,Substation & Electrical Infrastructure,CAUTION_LOWER_RELEVANCE,1,1,1,1,1,787.9392817552564,0.7879392817552564,876239837,JSW Steel Plant,Steel / Metallurgy,0,1,1,1,1,2417.138149883097
13.16059,80.28819,306.36,0.57,0.43,2024-12-31,2031,N,VIIRS,n,2.0NRT,294.14,1.17,N,VIIRS_SUOMI_NPP,509,10,Tree cover,FAILED_TILE,116676.78348421336,116.67678348421336,202465563,way,,Other Industrial,Industrial Area / Zone,GENERAL_CONTEXT,0,0,0,0,0,122458.83176256511,122.45883176256511,1026841614,,Mining & Quarry,0,0,0,0,0,116676.78348421336
10.92962,77.06595,302.5,0.42,0.38,2024-12-31,2031,N,VIIRS,n,2.0NRT,290.24,0.4,N,VIIRS_SUOMI_NPP,510,30,Grassland,FAILED_TILE,20116.715807999964,20.116715807999963,3449174406,node,,Power Plant,Power Plant,HIGHER_RELEVANCE,0,0,0,0,0,20116.715807999964,20.116715807999963,3449174406,,Power Plant,0,0,0,0,0,21062.177367396216
12.35442,80.02054,304.49,0.56,0.43,2024-12-31,2031,N,VIIRS,n,2.0NRT,293.05,0.61,N,VIIRS_SUOMI_NPP,511,30,Grassland,FAILED_TILE,22476.139341047437,22.47613934104744,202465563,way,,Other Industrial,Industrial Area / Zone,GENERAL_CONTEXT,0,0,0,0,0,33878.26615192593,33.87826615192593,1026841614,,Mining & Quarry,0,0,0,0,0,22476.139341047437
11.1818,79.09956,306.75,0.52,0.41,2024-12-31,2031,N,VIIRS,n,2.0NRT,293.35,1.06,N,VIIRS_SUOMI_NPP,512,50,Built-up,COVERED,420.3323478308147,0.4203323478308147,340697977,way,,Other Industrial,Substation & Electrical Infrastructure,CAUTION_LOWER_RELEVANCE,1,1,1,1,1,749.1646838010165,0.7491646838010165,1468887795,,Power Plant,0,1,1,1,1,744.3903835233873
12.35191,80.02312,313.69,0.56,0.43,2024-12-31,2031,N,VIIRS,n,2.0NRT,291.86,0.83,N,VIIRS_SUOMI_NPP,513,10,Tree cover,FAILED_TILE,22317.913879759515,22.317913879759516,202465563,way,,Other Industrial,Industrial Area / Zone,GENERAL_CONTEXT,0,0,0,0,0,33962.06739722142,33.96206739722142,1026841614,,Mining & Quarry,0,0,0,0,0,22317.913879759515
13.03009,79.9235,308.28,0.38,0.36,2025-01-01,2012,N,VIIRS,n,2.0NRT,285.59,0.34,N,VIIRS_SUOMI_NPP,514,10,Tree cover,FAILED_TILE,95370.73471760958,95.37073471760958,1026841614,way,,Mining,Mining & Quarry,HIGHER_RELEVANCE,0,0,0,0,0,95370.73471760958,95.37073471760958,1026841614,,Mining & Quarry,0,0,0,0,0,96171.81991009544
13.02678,79.92296,304.66,0.38,0.36,2025-01-01,2012,N,VIIRS,n,2.0NRT,284.79,0.34,N,VIIRS_SUOMI_NPP,515,10,Tree cover,FAILED_TILE,94998.22887195967,94.99822887195967,1026841614,way,,Mining,Mining & Quarry,HIGHER_RELEVANCE,0,0,0,0,0,94998.22887195967,94.99822887195967,1026841614,,Mining & Quarry,0,0,0,0,0,95805.47141444792
13.44642,80.09644,303.51,0.38,0.36,2025-01-01,2012,N,VIIRS,n,2.0NRT,292.82,0.32,N,VIIRS_SUOMI_NPP,516,10,Tree cover,FAILED_TILE,143350.74835955506,143.35074835955507,202465563,way,,Other Industrial,Industrial Area / Zone,GENERAL_CONTEXT,0,0,0,0,0,144675.71228954708,144.67571228954708,1026841614,,Mining & Quarry,0,0,0,0,0,143350.74835955506
13.39118,80.10189,310.36,0.38,0.36,2025-01-01,2012,N,VIIRS,n,2.0NRT,292.64,0.96,N,VIIRS_SUOMI_NPP,517,30,Grassland,FAILED_TILE,137320.72517592894,137.32072517592894,202465563,way,,Other Industrial,Industrial Area / Zone,GENERAL_CONTEXT,0,0,0,0,0,138898.44579978363,138.89844579978362,1026841614,,Mining & Quarry,0,0,0,0,0,137320.72517592894
13.39176,80.07661,303.4,0.38,0.36,2025-01-01,2012,N,VIIRS,n,2.0NRT,292.07,0.38,N,VIIRS_SUOMI_NPP,518,10,Tree cover,FAILED_TILE,137076.55522746925,137.07655522746924,202465563,way,,Other Industrial,Industrial Area / Zone,GENERAL_CONTEXT,0,0,0,0,0,138253.99257014666,138.25399257014666,1026841614,,Mining & Quarry,0,0,0,0,0,137076.55522746925
10.5693,77.56763,299.53,0.41,0.37,2025-01-01,2014,N,VIIRS,n,2.0NRT,288.15,0.22,N,VIIRS_SUOMI_NPP,519,30,Grassland,COVERED,1787.1464901272766,1.7871464901272767,986360596,way,,Power Plant,Power Plant,HIGHER_RELEVANCE,0,0,1,1,1,1787.1464901272766,1.7871464901272767,986360596,,Power Plant,0,0,1,1,1,13187.31788269273
10.50231,78.77765,301.26,0.39,0.36,2025-01-01,2014,N,VIIRS,n,2.0NRT,290.91,0.55,N,VIIRS_SUOMI_NPP,520,50,Built-up,COVERED,2249.351752156727,2.249351752156727,175584075,way,,Mining,Mining & Quarry,HIGHER_RELEVANCE,0,0,0,1,1,2249.351752156727,2.249351752156727,175584075,,Mining & Quarry,0,0,0,1,1,6242.724125031496
10.92976,77.06351,305.17,0.43,0.38,2025-01-01,2014,N,VIIRS,n,2.0NRT,290.0,0.86,N,VIIRS_SUOMI_NPP,521,40,Cropland,FAILED_TILE,20383.323244292827,20.38332324429283,3449174406,node,,Power Plant,Power Plant,HIGHER_RELEVANCE,0,0,0,0,0,20383.323244292827,20.38332324429283,3449174406,,Power Plant,0,0,0,0,0,21313.062892030815
11.36123,79.23216,304.63,0.39,0.36,2025-01-01,2014,N,VIIRS,n,2.0NRT,293.62,0.6,N,VIIRS_SUOMI_NPP,522,50,Built-up,COVERED,507.5082326742411,0.5075082326742412,340479233,way,,Other Industrial,Substation & Electrical Infrastructure,CAUTION_LOWER_RELEVANCE,0,1,1,1,1,518.6886667316061,0.5186886667316061,93323695,Ramco Cements,Cement & Construction Materials,0,1,1,1,1,14812.083252326898
11.80925,77.92265,306.43,0.41,0.37,2025-01-01,2014,N,VIIRS,n,2.0NRT,294.62,1.42,N,VIIRS_SUOMI_NPP,523,10,Tree cover,COVERED,295.8200807898517,0.2958200807898517,340479189,way,,Other Industrial,Substation & Electrical Infrastructure,CAUTION_LOWER_RELEVANCE,1,1,1,1,1,757.2236461069562,0.7572236461069561,876239837,JSW Steel Plant,Steel / Metallurgy,0,1,1,1,1,2316.6718639400424
11.81723,77.91619,328.89,0.41,0.37,2025-01-01,2014,N,VIIRS,n,2.0NRT,292.56,2.82,N,VIIRS_SUOMI_NPP,524,50,Built-up,COVERED,360.06439986185734,0.36006439986185734,340479236,way,,Other Industrial,Substation & Electrical Infrastructure,CAUTION_LOWER_RELEVANCE,1,1,1,1,1,375.54805562755195,0.37554805562755195,876239837,JSW Steel Plant,Steel / Metallurgy,1,1,1,1,1,1691.933493566209
10.9532,79.16271,331.17,0.45,0.63,2025-01-02,720,N,VIIRS,n,2.0NRT,293.74,4.8,D,VIIRS_SUOMI_NPP,525,50,Built-up,COVERED,5725.1302050298145,5.7251302050298145,1078863162,way,,Mining,Mining & Quarry,HIGHER_RELEVANCE,0,0,0,0,1,5725.1302050298145,5.7251302050298145,1078863162,,Mining & Quarry,0,0,0,0,1,14426.400176070503
12.38014,79.09187,343.87,0.43,0.62,2025-01-02,720,N,VIIRS,n,2.0NRT,289.05,4.66,D,VIIRS_SUOMI_NPP,526,40,Cropland,FAILED_TILE,27139.823512584695,27.139823512584694,342136913,way,Rajanthangal,Other Industrial,Substation & Electrical Infrastructure,CAUTION_LOWER_RELEVANCE,0,0,0,0,0,34132.12627842833,34.13212627842833,995868195,,Power Plant,0,0,0,0,0,46403.34940910276
12.8479,79.90363,310.46,0.39,0.59,2025-01-03,1934,N,VIIRS,n,2.0NRT,291.36,1.06,N,VIIRS_SUOMI_NPP,527,10,Tree cover,FAILED_TILE,75084.55192427879,75.08455192427878,1026841614,way,,Mining,Mining & Quarry,HIGHER_RELEVANCE,0,0,0,0,0,75084.55192427879,75.08455192427878,1026841614,,Mining & Quarry,0,0,0,0,0,76025.24999018264
12.85339,79.90439,311.31,0.39,0.59,2025-01-03,1934,N,VIIRS,n,2.0NRT,291.57,1.01,N,VIIRS_SUOMI_NPP,528,30,Grassland,FAILED_TILE,75698.79938660146,75.69879938660146,1026841614,way,,Mining,Mining & Quarry,HIGHER_RELEVANCE,0,0,0,0,0,75698.79938660146,75.69879938660146,1026841614,,Mining & Quarry,0,0,0,0,0,76629.52353448575
13.15899,80.2822,303.53,0.37,0.58,2025-01-03,1934,N,VIIRS,n,2.0NRT,292.6,1.72,N,VIIRS_SUOMI_NPP,529,10,Tree cover,FAILED_TILE,116303.27434581201,116.30327434581201,202465563,way,,Other Industrial,Industrial Area / Zone,GENERAL_CONTEXT,0,0,0,0,0,121998.48951021151,121.99848951021151,1026841614,,Mining & Quarry,0,0,0,0,0,116303.27434581201
11.80855,77.92345,300.86,0.51,0.66,2025-01-03,1936,N,VIIRS,n,2.0NRT,290.69,1.3,N,VIIRS_SUOMI_NPP,530,50,Built-up,COVERED,212.84597573036524,0.21284597573036523,340479189,way,,Other Industrial,Substation & Electrical Infrastructure,CAUTION_LOWER_RELEVANCE,1,1,1,1,1,872.9141270227976,0.8729141270227976,876239837,JSW Steel Plant,Steel / Metallurgy,0,1,1,1,1,2414.395604817802
9.18218,78.58096,333.08,0.53,0.42,2025-01-04,822,N,VIIRS,n,2.0NRT,300.37,3.79,D,VIIRS_SUOMI_NPP,531,40,Cropland,COVERED,5306.177260966642,5.306177260966642,1537121520,way,,Other Industrial,Substation & Electrical Infrastructure,CAUTION_LOWER_RELEVANCE,0,0,0,0,1,5409.911933982044,5.409911933982044,17337881,,Power Plant,0,0,0,0,1,20890.08514458041
9.77502,78.45444,335.49,0.53,0.42,2025-01-04,822,N,VIIRS,n,2.0NRT,303.55,3.17,D,VIIRS_SUOMI_NPP,532,20,Shrubland,COVERED,3389.6039442559595,3.3896039442559593,999684605,way,Sivaganga,Power Plant,Power Plant,HIGHER_RELEVANCE,0,0,0,1,1,3389.6039442559595,3.3896039442559593,999684605,Sivaganga,Power Plant,0,0,0,1,1,6246.581516974982
11.28849,78.96098,339.65,0.4,0.44,2025-01-04,822,N,VIIRS,n,2.0NRT,301.5,3.6,D,VIIRS_SUOMI_NPP,533,40,Cropland,COVERED,228.1511378943593,0.22815113789435928,1000546384,way,,Mining,Mining & Quarry,HIGHER_RELEVANCE,1,1,1,1,1,228.1511378943593,0.22815113789435928,1000546384,,Mining & Quarry,1,1,1,1,1,7602.126330881203
11.1349,77.34515,334.05,0.48,0.4,2025-01-04,822,N,VIIRS,n,2.0NRT,305.42,2.8,D,VIIRS_SUOMI_NPP,534,50,Built-up,COVERED,1152.330477960091,1.152330477960091,985084093,way,,Other Industrial,Industrial Area / Zone,GENERAL_CONTEXT,0,0,1,1,1,6161.798234070154,6.161798234070154,10796176160,JR Apparels,Manufacturing & Industrial Works,0,0,0,0,1,1152.330477960091
12.09574,79.49277,330.85,0.44,0.46,2025-01-04,822,N,VIIRS,n,2.0NRT,298.37,2.13,D,VIIRS_SUOMI_NPP,535,40,Cropland,COVERED,4234.509771150438,4.234509771150438,341813941,way,Kanjanur EB,Other Industrial,Substation & Electrical Infrastructure,CAUTION_LOWER_RELEVANCE,0,0,0,1,1,13232.724637626106,13.232724637626106,705173099,Sree Amman Transformer Works,Manufacturing & Industrial Works,0,0,0,0,0,7698.780333169153
12.04727,78.13994,336.15,0.54,0.42,2025-01-04,822,N,VIIRS,n,2.0NRT,300.9,4.0,D,VIIRS_SUOMI_NPP,536,40,Cropland,COVERED,3534.4943193134627,3.534494319313463,1536206840,way,HPCL Dharmapuri Terminal,Chemical,"Oil, Gas & Chemical",HIGHER_RELEVANCE,0,0,0,1,1,3534.4943193134627,3.534494319313463,1536206840,HPCL Dharmapuri Terminal,"Oil, Gas & Chemical",0,0,0,1,1,6967.610638944907
12.0474,78.14194,334.05,0.54,0.42,2025-01-04,822,N,VIIRS,n,2.0NRT,300.26,4.37,D,VIIRS_SUOMI_NPP,537,40,Cropland,COVERED,3714.1110028586204,3.7141110028586204,1536206840,way,HPCL Dharmapuri Terminal,Chemical,"Oil, Gas & Chemical",HIGHER_RELEVANCE,0,0,0,1,1,3714.1110028586204,3.7141110028586204,1536206840,HPCL Dharmapuri Terminal,"Oil, Gas & Chemical",0,0,0,1,1,7009.086721857405
11.84558,77.76095,308.44,0.35,0.57,2025-01-04,2055,N,VIIRS,n,2.0NRT,292.09,1.34,N,VIIRS_SUOMI_NPP,538,10,Tree cover,COVERED,1799.0457225338544,1.7990457225338543,1203037103,way,Kolathur,Other Industrial,Substation & Electrical Infrastructure,CAUTION_LOWER_RELEVANCE,0,0,1,1,1,4521.927957614796,4.521927957614795,876239831,,Mining & Quarry,0,0,0,1,1,7794.058665497368
11.81536,77.91702,309.36,0.36,0.57,2025-01-04,2055,N,VIIRS,n,2.0NRT,290.87,1.4,N,VIIRS_SUOMI_NPP,539,50,Built-up,COVERED,161.19120712624948,0.16119120712624949,876239837,way,JSW Steel Plant,Manufacturing,Steel / Metallurgy,HIGHER_RELEVANCE,1,1,1,1,1,161.19120712624948,0.16119120712624949,876239837,JSW Steel Plant,Steel / Metallurgy,1,1,1,1,1,1721.493973343022
11.18219,79.10017,307.72,0.44,0.63,2025-01-04,2057,N,VIIRS,n,2.0NRT,290.44,1.08,N,VIIRS_SUOMI_NPP,540,50,Built-up,COVERED,452.86793713176274,0.45286793713176277,340697977,way,,Other Industrial,Substation & Electrical Infrastructure,CAUTION_LOWER_RELEVANCE,1,1,1,1,1,670.1630837918365,0.6701630837918364,1468887795,,Power Plant,0,1,1,1,1,811.4713850354625
8.1684,77.59218,336.56,0.41,0.37,2025-01-05,802,N,VIIRS,n,2.0NRT,303.58,3.42,D,VIIRS_SUOMI_NPP,541,30,Grassland,FAILED_TILE,38665.12311266098,38.66512311266098,1081579633,way,,Mining,Mining & Quarry,HIGHER_RELEVANCE,0,0,0,0,0,38665.12311266098,38.66512311266098,1081579633,,Mining & Quarry,0,0,0,0,0,47277.94040530108
9.33349,77.98875,332.55,0.39,0.36,2025-01-05,805,N,VIIRS,l,2.0NRT,302.89,3.14,D,VIIRS_SUOMI_NPP,542,50,Built-up,FAILED_TILE,13137.07438178312,13.13707438178312,1206014676,way,Virudhunagar,Other Industrial,Substation & Electrical Infrastructure,CAUTION_LOWER_RELEVANCE,0,0,0,0,0,13471.04164317364,13.47104164317364,1002789488,,Power Plant,0,0,0,0,0,15765.30682420042
10.13346,77.2739,345.93,0.4,0.37,2025-01-05,805,N,VIIRS,n,2.0NRT,306.84,10.62,D,VIIRS_SUOMI_NPP,543,10,Tree cover,COVERED,14669.0164675094,14.669016467509401,1509428390,way,,Mining,Mining & Quarry,HIGHER_RELEVANCE,0,0,0,0,0,14669.0164675094,14.669016467509401,1509428390,,Mining & Quarry,0,0,0,0,0,18518.669023849412
10.6712,79.15398,338.25,0.39,0.36,2025-01-05,805,N,VIIRS,n,2.0NRT,299.97,4.61,D,VIIRS_SUOMI_NPP,544,40,Cropland,COVERED,1408.383048433953,1.408383048433953,341305252,way,Eachankottai,Other Industrial,Substation & Electrical Infrastructure,CAUTION_LOWER_RELEVANCE,0,0,1,1,1,8690.501671462538,8.690501671462538,441125477,Kurungulam Sugar Mill,Manufacturing & Industrial Works,0,0,0,0,1,5681.95418434644
10.91736,77.61953,333.86,0.39,0.36,2025-01-05,805,N,VIIRS,n,2.0NRT,301.51,2.25,D,VIIRS_SUOMI_NPP,545,30,Grassland,COVERED,2729.328677516014,2.729328677516014,1002422529,way,,Power Plant,Power Plant,HIGHER_RELEVANCE,0,0,0,1,1,2729.328677516014,2.729328677516014,1002422529,,Power Plant,0,0,0,1,1,5727.363579162459
11.10819,78.02068,333.93,0.39,0.36,2025-01-05,805,N,VIIRS,n,2.0NRT,303.01,5.79,D,VIIRS_SUOMI_NPP,546,10,Tree cover,COVERED,1441.5865560075943,1.4415865560075942,876239826,way,,Other Industrial,Industrial Area / Zone,GENERAL_CONTEXT,0,0,1,1,1,6680.279749956519,6.680279749956519,947395686,Kagithapuram Mill Power Station,Power Plant,0,0,0,0,1,1441.5865560075943
11.21045,77.58961,336.85,0.39,0.36,2025-01-05,805,N,VIIRS,n,2.0NRT,303.89,2.2,D,VIIRS_SUOMI_NPP,547,40,Cropland,COVERED,1335.566306059622,1.3355663060596221,823591868,way,,Other Industrial,Industrial Area / Zone,GENERAL_CONTEXT,0,0,1,1,1,2720.7228479652713,2.720722847965271,823591866,,Mining & Quarry,0,0,0,1,1,1335.566306059622
11.58939,78.69434,337.84,0.38,0.36,2025-01-05,805,N,VIIRS,n,2.0NRT,304.94,3.02,D,VIIRS_SUOMI_NPP,548,40,Cropland,COVERED,253.64681487347684,0.25364681487347684,906387731,way,,Other Industrial,Industrial Area / Zone,GENERAL_CONTEXT,1,1,1,1,1,20770.172949023097,20.7701729490231,813893974,,Mining & Quarry,0,0,0,0,0,253.64681487347684
11.67086,79.1691,343.24,0.39,0.36,2025-01-05,805,N,VIIRS,n,2.0NRT,304.07,9.79,D,VIIRS_SUOMI_NPP,549,40,Cropland,COVERED,3963.767427816255,3.9637674278162547,1119090151,way,,Mining,Mining & Quarry,HIGHER_RELEVANCE,0,0,0,1,1,3963.767427816255,3.9637674278162547,1119090151,,Mining & Quarry,0,0,0,1,1,6752.411994959855
11.67419,79.16859,339.03,0.39,0.36,2025-01-05,805,N,VIIRS,n,2.0NRT,301.82,5.17,D,VIIRS_SUOMI_NPP,550,40,Cropland,COVERED,4068.645705489262,4.068645705489262,1119090151,way,,Mining,Mining & Quarry,HIGHER_RELEVANCE,0,0,0,1,1,4068.645705489262,4.068645705489262,1119090151,,Mining & Quarry,0,0,0,1,1,7122.255673164217
11.42044,77.17234,335.44,0.4,0.37,2025-01-05,805,N,VIIRS,n,2.0NRT,303.95,1.52,D,VIIRS_SUOMI_NPP,551,30,Grassland,FAILED_TILE,12805.318571555184,12.805318571555185,336571755,way,Bannari Amman Sugars,Other Industrial,Substation & Electrical Infrastructure,CAUTION_LOWER_RELEVANCE,0,0,0,0,0,18115.09435328863,18.11509435328863,1220446723,,Power Plant,0,0,0,0,0,12867.349636206463
11.68682,78.53464,330.92,0.38,0.36,2025-01-05,805,N,VIIRS,n,2.0NRT,300.81,1.63,D,VIIRS_SUOMI_NPP,552,40,Cropland,COVERED,9245.483322762368,9.245483322762368,340479226,way,Puthiragoundampalayam,Other Industrial,Substation & Electrical Infrastructure,CAUTION_LOWER_RELEVANCE,0,0,0,0,1,14434.352037637664,14.434352037637664,813893974,,Mining & Quarry,0,0,0,0,0,11122.04608229974
11.48593,77.12023,335.0,0.4,0.37,2025-01-05,805,N,VIIRS,n,2.0NRT,301.06,2.21,D,VIIRS_SUOMI_NPP,553,10,Tree cover,FAILED_TILE,16179.588110989587,16.179588110989588,336571755,way,Bannari Amman Sugars,Other Industrial,Substation & Electrical Infrastructure,CAUTION_LOWER_RELEVANCE,0,0,0,0,0,27233.598416836914,27.233598416836916,1220446723,,Power Plant,0,0,0,0,0,16263.40271027518
11.48418,76.83774,330.64,0.4,0.37,2025-01-05,805,N,VIIRS,n,2.0NRT,299.12,2.54,D,VIIRS_SUOMI_NPP,554,10,Tree cover,FAILED_TILE,46962.65214654046,46.96265214654046,336571755,way,Bannari Amman Sugars,Other Industrial,Substation & Electrical Infrastructure,CAUTION_LOWER_RELEVANCE,0,0,0,0,0,50324.66908865356,50.32466908865356,17338131,,Power Plant,0,0,0,0,0,47046.440886783115
11.89346,79.48836,333.31,0.39,0.36,2025-01-05,805,N,VIIRS,n,2.0NRT,301.12,3.09,D,VIIRS_SUOMI_NPP,555,40,Cropland,COVERED,1877.5410026730967,1.8775410026730968,342136964,way,Tirupachanur,Other Industrial,Substation & Electrical Infrastructure,CAUTION_LOWER_RELEVANCE,0,0,1,1,1,4430.720951355221,4.43072095135522,759521384,,Mining & Quarry,0,0,0,1,1,16731.948952879302
11.99577,78.8779,332.76,0.39,0.36,2025-01-05,805,N,VIIRS,n,2.0NRT,300.57,1.85,D,VIIRS_SUOMI_NPP,556,40,Cropland,COVERED,3601.072864938612,3.601072864938612,958872470,way,Pudupattu,Other Industrial,Substation & Electrical Infrastructure,CAUTION_LOWER_RELEVANCE,0,0,0,1,1,12600.837925697328,12.600837925697327,4938983210,Kallakurichi Coop Sugar Mills,Manufacturing & Industrial Works,0,0,0,0,0,29743.99048246445
12.764,77.78973,345.01,0.39,0.36,2025-01-05,805,N,VIIRS,n,2.0NRT,304.34,3.18,D,VIIRS_SUOMI_NPP,557,50,Built-up,FAILED_TILE,59706.6118555665,59.7066118555665,1134097095,way,,Other Industrial,Substation & Electrical Infrastructure,CAUTION_LOWER_RELEVANCE,0,0,0,0,0,60796.617545578614,60.79661754557861,971761880,,Mining & Quarry,0,0,0,0,0,63639.29837655258
12.76731,77.78919,338.26,0.39,0.36,2025-01-05,805,N,VIIRS,n,2.0NRT,306.45,3.18,D,VIIRS_SUOMI_NPP,558,50,Built-up,FAILED_TILE,59640.5138152003,59.6405138152003,1134097095,way,,Other Industrial,Substation & Electrical Infrastructure,CAUTION_LOWER_RELEVANCE,0,0,0,0,0,60615.420660330776,60.61542066033078,971761880,,Mining & Quarry,0,0,0,0,0,63650.036768589
10.13388,77.27204,308.36,0.52,0.42,2025-01-05,2038,N,VIIRS,n,2.0NRT,279.04,1.18,N,VIIRS_SUOMI_NPP,559,10,Tree cover,COVERED,14843.711652291975,14.843711652291976,1509428390,way,,Mining,Mining & Quarry,HIGHER_RELEVANCE,0,0,0,0,0,14843.711652291975,14.843711652291976,1509428390,,Mining & Quarry,0,0,0,0,0,18691.171725766828
12.85668,79.90691,306.07,0.46,0.47,2025-01-05,2038,N,VIIRS,n,2.0NRT,292.13,0.97,N,VIIRS_SUOMI_NPP,560,40,Cropland,FAILED_TILE,76113.6298373561,76.1136298373561,1026841614,way,,Mining,Mining & Quarry,HIGHER_RELEVANCE,0,0,0,0,0,76113.6298373561,76.1136298373561,1026841614,,Mining & Quarry,0,0,0,0,0,76978.74700950396
13.44883,80.09917,303.2,0.46,0.47,2025-01-05,2038,N,VIIRS,n,2.0NRT,291.76,0.73,N,VIIRS_SUOMI_NPP,561,30,Grassland,FAILED_TILE,143650.70536757875,143.65070536757875,202465563,way,,Other Industrial,Industrial Area / Zone,GENERAL_CONTEXT,0,0,0,0,0,145009.824520511,145.009824520511,1026841614,,Mining & Quarry,0,0,0,0,0,143650.70536757875
12.85542,79.90849,309.34,0.46,0.47,2025-01-05,2038,N,VIIRS,n,2.0NRT,292.31,1.05,N,VIIRS_SUOMI_NPP,562,20,Shrubland,FAILED_TILE,76012.90165641313,76.01290165641313,1026841614,way,,Mining,Mining & Quarry,HIGHER_RELEVANCE,0,0,0,0,0,76012.90165641313,76.01290165641313,1026841614,,Mining & Quarry,0,0,0,0,0,76829.34733121008
11.18309,79.10023,309.36,0.43,0.46,2025-01-05,2038,N,VIIRS,n,2.0NRT,291.69,1.5,N,VIIRS_SUOMI_NPP,563,50,Built-up,COVERED,421.60913424522687,0.4216091342452269,340697977,way,,Other Industrial,Substation & Electrical Infrastructure,CAUTION_LOWER_RELEVANCE,1,1,1,1,1,606.0855438005464,0.6060855438005464,1468887795,,Power Plant,0,1,1,1,1,827.9766271271317
8.99723,78.21001,338.75,0.42,0.45,2025-01-06,743,N,VIIRS,n,2.0NRT,301.95,2.77,D,VIIRS_SUOMI_NPP,564,60,Bare/sparse vegetation,FAILED_TILE,17819.91776000487,17.81991776000487,17369385,relation,,Power Plant,Power Plant,HIGHER_RELEVANCE,0,0,0,0,0,17819.91776000487,17.81991776000487,17369385,,Power Plant,0,0,0,0,0,52953.19120020103
9.18516,78.57988,337.11,0.4,0.44,2025-01-06,743,N,VIIRS,n,2.0NRT,294.89,2.64,D,VIIRS_SUOMI_NPP,565,20,Shrubland,COVERED,5394.886627805176,5.394886627805176,1537121520,way,,Other Industrial,Substation & Electrical Infrastructure,CAUTION_LOWER_RELEVANCE,0,0,0,0,1,5505.068471139107,5.505068471139107,17337881,,Power Plant,0,0,0,0,1,20538.28606583959
10.13271,77.27168,341.05,0.47,0.48,2025-01-06,743,N,VIIRS,n,2.0NRT,300.12,8.34,D,VIIRS_SUOMI_NPP,566,10,Tree cover,COVERED,14778.095705731992,14.778095705731992,1509428390,way,,Mining,Mining & Quarry,HIGHER_RELEVANCE,0,0,0,0,0,14778.095705731992,14.778095705731992,1509428390,,Mining & Quarry,0,0,0,0,0,18623.135214294296
11.21062,77.5909,330.92,0.43,0.46,2025-01-06,743,N,VIIRS,n,2.0NRT,300.7,2.2,D,VIIRS_SUOMI_NPP,567,40,Cropland,COVERED,1475.5748784663922,1.4755748784663922,823591868,way,,Other Industrial,Industrial Area / Zone,GENERAL_CONTEXT,0,0,1,1,1,2855.4138186606156,2.8554138186606157,823591866,,Mining & Quarry,0,0,0,1,1,1475.5748784663922
10.65176,78.9027,333.03,0.54,0.42,2025-01-06,743,N,VIIRS,n,2.0NRT,299.15,4.71,D,VIIRS_SUOMI_NPP,568,40,Cropland,COVERED,4210.4497338513565,4.210449733851356,560347053,way,,Mining,Mining & Quarry,HIGHER_RELEVANCE,0,0,0,1,1,4210.4497338513565,4.210449733851356,560347053,,Mining & Quarry,0,0,0,1,1,8349.359396972097
11.698,79.04674,331.68,0.52,0.41,2025-01-06,745,N,VIIRS,n,2.0NRT,301.09,2.53,D,VIIRS_SUOMI_NPP,569,40,Cropland,COVERED,2678.2583631679313,2.6782583631679313,1467377962,way,,Other Industrial,Substation & Electrical Infrastructure,CAUTION_LOWER_RELEVANCE,0,0,0,1,1,4391.909222611576,4.391909222611576,815790484,,Mining & Quarry,0,0,0,1,1,4736.460380590681
12.01129,78.97485,337.96,0.52,0.41,2025-01-06,745,N,VIIRS,n,2.0NRT,299.83,7.53,D,VIIRS_SUOMI_NPP,570,10,Tree cover,COVERED,2626.9069770677543,2.6269069770677542,1467381344,way,,Other Industrial,Substation & Electrical Infrastructure,CAUTION_LOWER_RELEVANCE,0,0,0,1,1,5712.710418109082,5.712710418109082,4938983210,Kallakurichi Coop Sugar Mills,Manufacturing & Industrial Works,0,0,0,0,1,23986.08128021417
11.81642,77.91901,319.69,0.38,0.36,2025-01-06,2021,N,VIIRS,n,2.0NRT,292.72,1.62,N,VIIRS_SUOMI_NPP,571,50,Built-up,COVERED,70.30925553269223,0.07030925553269224,340479236,way,,Other Industrial,Substation & Electrical Infrastructure,CAUTION_LOWER_RELEVANCE,1,1,1,1,1,232.3827789969602,0.23238277899696022,876239837,JSW Steel Plant,Steel / Metallurgy,1,1,1,1,1,1959.3628968872601
11.80924,77.92147,304.9,0.38,0.36,2025-01-06,2021,N,VIIRS,n,2.0NRT,292.97,1.11,N,VIIRS_SUOMI_NPP,572,50,Built-up,COVERED,345.4369459002631,0.3454369459002631,340479189,way,,Other Industrial,Substation & Electrical Infrastructure,CAUTION_LOWER_RELEVANCE,1,1,1,1,1,683.2337672327478,0.6832337672327479,876239837,JSW Steel Plant,Steel / Metallurgy,0,1,1,1,1,2189.659448016035
11.80869,77.92499,303.84,0.38,0.36,2025-01-06,2021,N,VIIRS,n,2.0NRT,293.36,1.07,N,VIIRS_SUOMI_NPP,573,50,Built-up,COVERED,297.62062416298767,0.2976206241629877,340479189,way,,Other Industrial,Substation & Electrical Infrastructure,CAUTION_LOWER_RELEVANCE,1,1,1,1,1,980.4431851069828,0.9804431851069828,876239837,JSW Steel Plant,Steel / Metallurgy,0,1,1,1,1,2577.6019443797454
11.77325,76.99046,312.64,0.4,0.37,2025-01-06,2021,N,VIIRS,n,2.0NRT,287.19,1.06,N,VIIRS_SUOMI_NPP,574,10,Tree cover,FAILED_TILE,34806.16418135778,34.80616418135778,284189645,way,PG Palya,Other Industrial,Substation & Electrical Infrastructure,CAUTION_LOWER_RELEVANCE,0,0,0,0,0,42514.53049463502,42.514530494635025,1012851506,,Power Plant,0,0,0,0,0,44069.444727019
10.96319,78.09085,314.19,0.38,0.36,2025-01-06,2021,N,VIIRS,n,2.0NRT,291.51,0.97,N,VIIRS_SUOMI_NPP,575,50,Built-up,COVERED,2202.5509566625124,2.2025509566625123,193319217,way,,Other Industrial,Industrial Area / Zone,GENERAL_CONTEXT,0,0,0,1,1,2258.6100850296552,2.2586100850296553,4391401194,,Power Plant,0,0,0,1,1,2202.5509566625124
10.95987,78.09032,302.25,0.38,0.36,2025-01-06,2021,N,VIIRS,n,2.0NRT,291.27,0.97,N,VIIRS_SUOMI_NPP,576,10,Tree cover,COVERED,2166.886463067978,2.166886463067978,193319217,way,,Other Industrial,Industrial Area / Zone,GENERAL_CONTEXT,0,0,0,1,1,2185.791255199482,2.185791255199482,4391401194,,Power Plant,0,0,0,1,1,2166.886463067978
11.81698,77.9155,304.61,0.38,0.36,2025-01-06,2021,N,VIIRS,n,2.0NRT,292.23,1.94,N,VIIRS_SUOMI_NPP,577,50,Built-up,COVERED,404.18428602604064,0.4041842860260406,876239837,way,JSW Steel Plant,Manufacturing,Steel / Metallurgy,HIGHER_RELEVANCE,1,1,1,1,1,404.18428602604064,0.4041842860260406,876239837,JSW Steel Plant,Steel / Metallurgy,1,1,1,1,1,1611.8587396813323
9.78036,77.90816,313.3,0.38,0.36,2025-01-06,2021,N,VIIRS,n,2.0NRT,290.43,1.27,N,VIIRS_SUOMI_NPP,578,20,Shrubland,COVERED,3959.1841864704234,3.959184186470423,906795394,way,,Other Industrial,Industrial Area / Zone,GENERAL_CONTEXT,0,0,0,1,1,5421.782156637593,5.421782156637593,13470286,,Power Plant,0,0,0,0,1,3959.1841864704234
9.45324,77.58031,302.33,0.38,0.36,2025-01-06,2021,N,VIIRS,n,2.0NRT,291.7,0.23,N,VIIRS_SUOMI_NPP,579,20,Shrubland,COVERED,1457.5402008078472,1.4575402008078473,309564851,way,Thottiapatti,Other Industrial,Substation & Electrical Infrastructure,CAUTION_LOWER_RELEVANCE,0,0,1,1,1,2179.170363590276,2.1791703635902757,1018276477,Janakiram Mills,Manufacturing & Industrial Works,0,0,0,1,1,2630.0921356731105
11.19506,77.85767,336.1,0.42,0.61,2025-01-07,726,N,VIIRS,n,2.0NRT,290.96,2.63,D,VIIRS_SUOMI_NPP,580,10,Tree cover,COVERED,2892.2639673250546,2.8922639673250545,791243054,way,Skm Egg Products,Other Industrial,Industrial Area / Zone,GENERAL_CONTEXT,0,0,0,1,1,5390.986446685424,5.3909864466854245,429967372,Bhavani Kattalai III,Power Plant,0,0,0,0,1,2892.2639673250546
11.19699,77.85682,348.63,0.42,0.61,2025-01-07,726,N,VIIRS,n,2.0NRT,292.33,4.8,D,VIIRS_SUOMI_NPP,581,40,Cropland,COVERED,2667.9952277929683,2.6679952277929684,791243054,way,Skm Egg Products,Other Industrial,Industrial Area / Zone,GENERAL_CONTEXT,0,0,0,1,1,5196.4953443883505,5.19649534438835,429967372,Bhavani Kattalai III,Power Plant,0,0,0,0,1,2667.9952277929683
11.64698,78.41904,340.57,0.38,0.59,2025-01-07,726,N,VIIRS,n,2.0NRT,294.83,2.95,D,VIIRS_SUOMI_NPP,582,50,Built-up,COVERED,1601.0441384881676,1.6010441384881675,340479211,way,Singipuram,Other Industrial,Substation & Electrical Infrastructure,CAUTION_LOWER_RELEVANCE,0,0,1,1,1,13534.615656854823,13.534615656854823,813893974,,Mining & Quarry,0,0,0,0,0,7861.206630287089
11.80938,77.92202,303.47,0.39,0.44,2025-01-07,1959,N,VIIRS,n,2.0NRT,292.98,1.45,N,VIIRS_SUOMI_NPP,583,10,Tree cover,COVERED,330.6130531027879,0.3306130531027879,340479189,way,,Other Industrial,Substation & Electrical Infrastructure,CAUTION_LOWER_RELEVANCE,1,1,1,1,1,703.6090937591362,0.7036090937591362,876239837,JSW Steel Plant,Steel / Metallurgy,0,1,1,1,1,2246.7792397813905
13.39113,80.10016,306.87,0.46,0.39,2025-01-07,1959,N,VIIRS,n,2.0NRT,292.96,1.25,N,VIIRS_SUOMI_NPP,584,30,Grassland,FAILED_TILE,137292.38438132821,137.29238438132822,202465563,way,,Other Industrial,Industrial Area / Zone,GENERAL_CONTEXT,0,0,0,0,0,138843.10030445125,138.84310030445124,1026841614,,Mining & Quarry,0,0,0,0,0,137292.38438132821
13.1604,80.28367,306.54,0.45,0.39,2025-01-07,1959,N,VIIRS,n,2.0NRT,293.81,0.65,N,VIIRS_SUOMI_NPP,585,50,Built-up,FAILED_TILE,116502.0781459982,116.5020781459982,202465563,way,,Other Industrial,Industrial Area / Zone,GENERAL_CONTEXT,0,0,0,0,0,122211.35921531163,122.21135921531163,1026841614,,Mining & Quarry,0,0,0,0,0,116502.0781459982
13.08046,79.98327,302.9,0.47,0.39,2025-01-07,1959,N,VIIRS,n,2.0NRT,292.29,0.74,N,VIIRS_SUOMI_NPP,586,30,Grassland,FAILED_TILE,101815.10763693336,101.81510763693336,202465563,way,,Other Industrial,Industrial Area / Zone,GENERAL_CONTEXT,0,0,0,0,0,102220.32213363882,102.22032213363882,1026841614,,Mining & Quarry,0,0,0,0,0,101815.10763693336
10.56854,79.53321,302.53,0.46,0.39,2025-01-07,1959,N,VIIRS,n,2.0NRT,289.75,0.21,N,VIIRS_SUOMI_NPP,587,40,Cropland,FAILED_TILE,27458.689564320983,27.458689564320984,341599833,way,Vaduvur,Other Industrial,Substation & Electrical Infrastructure,CAUTION_LOWER_RELEVANCE,0,0,0,0,0,37217.7994046799,37.2177994046799,1187708883,,Power Plant,0,0,0,0,0,27775.086706731716
12.9673,79.91721,309.01,0.47,0.4,2025-01-07,1959,N,VIIRS,n,2.0NRT,292.89,0.96,N,VIIRS_SUOMI_NPP,588,40,Cropland,FAILED_TILE,88386.54208084503,88.38654208084503,1026841614,way,,Mining,Mining & Quarry,HIGHER_RELEVANCE,0,0,0,0,0,88386.54208084503,88.38654208084503,1026841614,,Mining & Quarry,0,0,0,0,0,89214.65793434538
13.09831,79.52977,302.67,0.32,0.55,2025-01-08,1942,N,VIIRS,n,2.0NRT,290.09,0.35,N,VIIRS_SUOMI_NPP,589,40,Cropland,FAILED_TILE,104315.0395051626,104.3150395051626,1026841614,way,,Mining,Mining & Quarry,HIGHER_RELEVANCE,0,0,0,0,0,104315.0395051626,104.3150395051626,1026841614,,Mining & Quarry,0,0,0,0,0,113171.76013098066
12.85353,79.90421,316.21,0.61,0.53,2025-01-08,1942,N,VIIRS,n,2.0NRT,290.85,2.34,N,VIIRS_SUOMI_NPP,590,30,Grassland,FAILED_TILE,75709.9781559579,75.7099781559579,1026841614,way,,Mining,Mining & Quarry,HIGHER_RELEVANCE,0,0,0,0,0,75709.9781559579,75.7099781559579,1026841614,,Mining & Quarry,0,0,0,0,0,76646.2435976581
12.85778,79.90404,305.45,0.61,0.53,2025-01-08,1942,N,VIIRS,n,2.0NRT,290.49,1.75,N,VIIRS_SUOMI_NPP,591,20,Shrubland,FAILED_TILE,76168.5491062812,76.1685491062812,1026841614,way,,Mining,Mining & Quarry,HIGHER_RELEVANCE,0,0,0,0,0,76168.5491062812,76.1685491062812,1026841614,,Mining & Quarry,0,0,0,0,0,77119.07038071478
12.85284,79.90339,301.42,0.61,0.53,2025-01-08,1942,N,VIIRS,n,2.0NRT,290.55,1.32,N,VIIRS_SUOMI_NPP,592,30,Grassland,FAILED_TILE,75616.5197794333,75.6165197794333,1026841614,way,,Mining,Mining & Quarry,HIGHER_RELEVANCE,0,0,0,0,0,75616.5197794333,75.6165197794333,1026841614,,Mining & Quarry,0,0,0,0,0,76575.10983900719
12.70408,77.80666,297.16,0.42,0.61,2025-01-08,1942,N,VIIRS,n,2.0NRT,285.67,0.99,N,VIIRS_SUOMI_NPP,593,40,Cropland,FAILED_TILE,62053.536075449665,62.053536075449664,1134097095,way,,Other Industrial,Substation & Electrical Infrastructure,CAUTION_LOWER_RELEVANCE,0,0,0,0,0,65064.14992289093,65.06414992289093,971761880,,Mining & Quarry,0,0,0,0,0,64596.003401580696
11.17473,79.0871,300.37,0.33,0.55,2025-01-08,1942,N,VIIRS,n,2.0NRT,289.25,0.41,N,VIIRS_SUOMI_NPP,594,30,Grassland,COVERED,895.2110858924976,0.8952110858924976,340479150,way,,Other Industrial,Substation & Electrical Infrastructure,CAUTION_LOWER_RELEVANCE,0,1,1,1,1,2313.572335832291,2.313572335832291,1468887795,,Power Plant,0,0,0,1,1,1007.0962492056361
11.87426,79.22582,299.85,0.33,0.55,2025-01-08,1942,N,VIIRS,n,2.0NRT,288.74,0.46,N,VIIRS_SUOMI_NPP,595,40,Cropland,COVERED,5472.55945441956,5.47255945441956,265038580,way,,Other Industrial,Industrial Area / Zone,GENERAL_CONTEXT,0,0,0,0,1,21392.48462374392,21.39248462374392,1119513114,,Mining & Quarry,0,0,0,0,0,5472.55945441956
11.47961,77.45571,300.42,0.42,0.61,2025-01-08,1942,N,VIIRS,n,2.0NRT,288.57,0.53,N,VIIRS_SUOMI_NPP,596,40,Cropland,COVERED,2320.2513427644108,2.320251342764411,1440947503,node,Coirmedia,Industrial Works,Manufacturing & Industrial Works,HIGHER_RELEVANCE,0,0,0,1,1,2320.2513427644108,2.320251342764411,1440947503,Coirmedia,Manufacturing & Industrial Works,0,0,0,1,1,12789.508884686038
13.39244,80.10259,301.69,0.6,0.53,2025-01-08,1942,N,VIIRS,n,2.0NRT,291.67,0.71,N,VIIRS_SUOMI_NPP,597,30,Grassland,FAILED_TILE,137469.0710879676,137.4690710879676,202465563,way,,Other Industrial,Industrial Area / Zone,GENERAL_CONTEXT,0,0,0,0,0,139053.71423846125,139.05371423846125,1026841614,,Mining & Quarry,0,0,0,0,0,137469.0710879676
10.49431,77.46686,303.12,0.41,0.61,2025-01-08,1942,N,VIIRS,n,2.0NRT,287.09,0.59,N,VIIRS_SUOMI_NPP,598,40,Cropland,COVERED,1585.8409937644155,1.5858409937644156,9117568426,node,,Power Plant,Power Plant,HIGHER_RELEVANCE,0,0,1,1,1,1585.8409937644155,1.5858409937644156,9117568426,,Power Plant,0,0,1,1,1,5343.916778040927
9.52238,77.94103,340.27,0.41,0.45,2025-01-09,828,N,VIIRS,n,2.0NRT,297.21,2.4,D,VIIRS_SUOMI_NPP,599,20,Shrubland,COVERED,372.3540664421373,0.3723540664421373,504743070,way,,Other Industrial,Generic Industrial Building,GENERAL_CONTEXT,1,1,1,1,1,4073.736289468884,4.073736289468884,1268366785,,Power Plant,0,0,0,1,1,372.3540664421373
13.16291,80.28133,300.03,0.6,0.7,2025-01-09,1921,N,VIIRS,n,2.0NRT,287.66,1.65,N,VIIRS_SUOMI_NPP,600,50,Built-up,FAILED_TILE,116687.91737992488,116.68791737992488,202465563,way,,Other Industrial,Industrial Area / Zone,GENERAL_CONTEXT,0,0,0,0,0,122340.76346560623,122.34076346560623,1026841614,,Mining & Quarry,0,0,0,0,0,116687.91737992488
13.09289,79.98177,301.71,0.59,0.7,2025-01-09,2101,N,VIIRS,n,2.0NRT,287.48,1.06,N,VIIRS_SUOMI_NPP,601,10,Tree cover,FAILED_TILE,103190.15518352625,103.19015518352624,202465563,way,,Other Industrial,Industrial Area / Zone,GENERAL_CONTEXT,0,0,0,0,0,103525.40302174428,103.52540302174428,1026841614,,Mining & Quarry,0,0,0,0,0,103190.15518352625
11.18055,79.09982,299.91,0.57,0.69,2025-01-09,2103,N,VIIRS,n,2.0NRT,286.79,0.89,N,VIIRS_SUOMI_NPP,602,50,Built-up,COVERED,535.6821201531317,0.5356821201531317,340697977,way,,Other Industrial,Substation & Electrical Infrastructure,CAUTION_LOWER_RELEVANCE,0,1,1,1,1,823.6427920976852,0.8236427920976852,1468887795,,Power Plant,0,1,1,1,1,787.1744218496582
11.33074,77.31197,330.12,0.39,0.36,2025-01-10,809,N,VIIRS,n,2.0NRT,297.92,1.4,D,VIIRS_SUOMI_NPP,603,10,Tree cover,COVERED,2062.6236509596483,2.0626236509596483,336571813,way,Nambiyur,Other Industrial,Substation & Electrical Infrastructure,CAUTION_LOWER_RELEVANCE,0,0,0,1,1,5032.15220174796,5.0321522017479605,1359264500,Malayappalayam EB Sub Station,Manufacturing & Industrial Works,0,0,0,0,1,13814.146452612044
11.15711,77.16776,333.56,0.38,0.36,2025-01-10,809,N,VIIRS,n,2.0NRT,298.92,2.44,D,VIIRS_SUOMI_NPP,604,30,Grassland,FAILED_TILE,10134.999251770334,10.134999251770335,1219580454,way,,Other Industrial,Substation & Electrical Infrastructure,CAUTION_LOWER_RELEVANCE,0,0,0,0,0,14284.881121383505,14.284881121383505,1008711557,,Mining & Quarry,0,0,0,0,0,11641.248500803165
9.182,78.58192,332.54,0.39,0.37,2025-01-10,809,N,VIIRS,n,2.0NRT,291.11,2.61,D,VIIRS_SUOMI_NPP,605,60,Bare/sparse vegetation,COVERED,5384.859007006112,5.384859007006112,1537121520,way,,Other Industrial,Substation & Electrical Infrastructure,CAUTION_LOWER_RELEVANCE,0,0,0,0,1,5487.138791340857,5.487138791340857,17337881,,Power Plant,0,0,0,0,1,20942.122327957666
8.61673,77.20992,340.59,0.38,0.36,2025-01-10,809,N,VIIRS,n,2.0NRT,302.7,6.47,D,VIIRS_SUOMI_NPP,606,30,Grassland,COVERED,8006.100682837379,8.00610068283738,961629968,way,"Generation Section, Kerala State Electricity Board Limited, Peppara",Power Plant,Power Plant,HIGHER_RELEVANCE,0,0,0,0,1,8006.100682837379,8.00610068283738,961629968,"Generation Section, Kerala State Electricity Board Limited, Peppara",Power Plant,0,0,0,0,1,8387.969127260754
10.92877,77.06388,302.48,0.41,0.45,2025-01-10,2044,N,VIIRS,n,2.0NRT,289.08,0.65,N,VIIRS_SUOMI_NPP,607,40,Cropland,FAILED_TILE,20341.45132040782,20.34145132040782,3449174406,node,,Power Plant,Power Plant,HIGHER_RELEVANCE,0,0,0,0,0,20341.45132040782,20.34145132040782,3449174406,,Power Plant,0,0,0,0,0,21305.818158613118
11.7456,77.78709,301.62,0.44,0.46,2025-01-10,2044,N,VIIRS,n,2.0NRT,289.01,0.79,N,VIIRS_SUOMI_NPP,608,80,Permanent water bodies,COVERED,2181.9605852789414,2.1819605852789414,429967361,way,Lower Mettur Barrage I Power House,Power Plant,Power Plant,HIGHER_RELEVANCE,0,0,0,1,1,2181.9605852789414,2.1819605852789414,429967361,Lower Mettur Barrage I Power House,Power Plant,0,0,0,1,1,3193.8177864136314
12.99132,79.90599,301.2,0.58,0.52,2025-01-10,2044,N,VIIRS,n,2.0NRT,290.45,0.83,N,VIIRS_SUOMI_NPP,609,10,Tree cover,FAILED_TILE,90787.63638155667,90.78763638155667,1026841614,way,,Mining,Mining & Quarry,HIGHER_RELEVANCE,0,0,0,0,0,90787.63638155667,90.78763638155667,1026841614,,Mining & Quarry,0,0,0,0,0,91934.7250664285
13.16101,80.28852,304.68,0.61,0.53,2025-01-10,2044,N,VIIRS,n,2.0NRT,291.09,1.39,N,VIIRS_SUOMI_NPP,610,10,Tree cover,FAILED_TILE,116732.42276668147,116.73242276668147,202465563,way,,Other Industrial,Industrial Area / Zone,GENERAL_CONTEXT,0,0,0,0,0,122516.83718274941,122.51683718274941,1026841614,,Mining & Quarry,0,0,0,0,0,116732.42276668147
9.31969,77.7392,308.59,0.48,0.48,2025-01-10,2046,N,VIIRS,n,2.0NRT,289.39,1.29,N,VIIRS_SUOMI_NPP,611,30,Grassland,FAILED_TILE,13480.712290164764,13.480712290164764,642500113,way,,Other Industrial,Industrial Area / Zone,GENERAL_CONTEXT,0,0,0,0,0,14147.959352934997,14.147959352934997,642500075,,Mining & Quarry,0,0,0,0,0,13480.712290164764
9.32282,77.73862,304.96,0.48,0.48,2025-01-10,2046,N,VIIRS,n,2.0NRT,289.68,1.0,N,VIIRS_SUOMI_NPP,612,20,Shrubland,FAILED_TILE,13155.81393413661,13.15581393413661,642500113,way,,Other Industrial,Industrial Area / Zone,GENERAL_CONTEXT,0,0,0,0,0,13796.660429800397,13.796660429800397,642500075,,Mining & Quarry,0,0,0,0,0,13155.81393413661
9.56091,77.25191,345.93,0.57,0.43,2025-01-11,750,N,VIIRS,n,2.0NRT,289.92,14.13,D,VIIRS_SUOMI_NPP,613,30,Grassland,COVERED,6977.315033694434,6.977315033694434,310070120,way,Suruliyar,Power Plant,Power Plant,HIGHER_RELEVANCE,0,0,0,0,1,6977.315033694434,6.977315033694434,310070120,Suruliyar,Power Plant,0,0,0,0,1,35210.337286352566
12.0241,79.72982,334.81,0.41,0.37,2025-01-11,752,N,VIIRS,n,2.0NRT,295.48,3.78,D,VIIRS_SUOMI_NPP,614,10,Tree cover,COVERED,3163.182708893656,3.163182708893656,1026885681,way,,Other Industrial,Industrial Area / Zone,GENERAL_CONTEXT,0,0,0,1,1,6996.561599172167,6.996561599172167,403077162,Solar Power Station,Power Plant,0,0,0,0,1,3163.182708893656
13.39263,80.10065,308.65,0.46,0.39,2025-01-11,2025,N,VIIRS,n,2.0NRT,291.26,0.85,N,VIIRS_SUOMI_NPP,615,20,Shrubland,FAILED_TILE,137464.3778660218,137.4643778660218,202465563,way,,Other Industrial,Industrial Area / Zone,GENERAL_CONTEXT,0,0,0,0,0,139017.9863227927,139.01798632279272,1026841614,,Mining & Quarry,0,0,0,0,0,137464.3778660218
13.15952,80.286,306.37,0.47,0.4,2025-01-11,2025,N,VIIRS,n,2.0NRT,291.33,0.56,N,VIIRS_SUOMI_NPP,616,50,Built-up,FAILED_TILE,116488.74887607186,116.48874887607185,202465563,way,,Other Industrial,Industrial Area / Zone,GENERAL_CONTEXT,0,0,0,0,0,122242.63084004298,122.24263084004298,1026841614,,Mining & Quarry,0,0,0,0,0,116488.74887607186
12.99868,79.90742,322.45,0.45,0.39,2025-01-11,2025,N,VIIRS,n,2.0NRT,290.6,1.85,N,VIIRS_SUOMI_NPP,617,30,Grassland,FAILED_TILE,91620.51701403188,91.62051701403188,1026841614,way,,Mining,Mining & Quarry,HIGHER_RELEVANCE,0,0,0,0,0,91620.51701403188,91.62051701403188,1026841614,,Mining & Quarry,0,0,0,0,0,92744.852713961
11.81719,77.91909,305.62,0.4,0.37,2025-01-11,2025,N,VIIRS,n,2.0NRT,291.81,0.81,N,VIIRS_SUOMI_NPP,618,50,Built-up,COVERED,55.980786116684996,0.05598078611668499,340479236,way,,Other Industrial,Substation & Electrical Infrastructure,CAUTION_LOWER_RELEVANCE,1,1,1,1,1,315.86405458835577,0.31586405458835576,876239837,JSW Steel Plant,Steel / Metallurgy,1,1,1,1,1,1990.5303311700425
11.80929,77.92525,321.57,0.4,0.37,2025-01-11,2025,N,VIIRS,n,2.0NRT,293.01,1.66,N,VIIRS_SUOMI_NPP,619,50,Built-up,COVERED,367.43710287392196,0.36743710287392195,340479189,way,,Other Industrial,Substation & Electrical Infrastructure,CAUTION_LOWER_RELEVANCE,1,1,1,1,1,960.3875969956107,0.9603875969956107,876239837,JSW Steel Plant,Steel / Metallurgy,0,1,1,1,1,2596.7847871589806
11.80988,77.92161,304.33,0.4,0.37,2025-01-11,2025,N,VIIRS,n,2.0NRT,292.49,1.57,N,VIIRS_SUOMI_NPP,620,50,Built-up,COVERED,399.77629301753143,0.3997762930175314,340479189,way,,Other Industrial,Substation & Electrical Infrastructure,CAUTION_LOWER_RELEVANCE,1,1,1,1,1,632.3960195326256,0.6323960195326256,876239837,JSW Steel Plant,Steel / Metallurgy,0,1,1,1,1,2195.6738620062165
11.54756,77.44373,317.43,0.39,0.36,2025-01-11,2025,N,VIIRS,n,2.0NRT,290.83,1.34,N,VIIRS_SUOMI_NPP,621,10,Tree cover,COVERED,2185.333952637886,2.185333952637886,337856844,way,,Other Industrial,Substation & Electrical Infrastructure,CAUTION_LOWER_RELEVANCE,0,0,0,1,1,9831.879416315445,9.831879416315445,1440947503,Coirmedia,Manufacturing & Industrial Works,0,0,0,0,1,16348.785682464011
11.54699,77.4473,303.58,0.39,0.36,2025-01-11,2025,N,VIIRS,n,2.0NRT,290.52,0.72,N,VIIRS_SUOMI_NPP,622,10,Tree cover,COVERED,1855.196262768793,1.855196262768793,337856844,way,,Other Industrial,Substation & Electrical Infrastructure,CAUTION_LOWER_RELEVANCE,0,0,1,1,1,9674.606440289337,9.674606440289336,1440947503,Coirmedia,Manufacturing & Industrial Works,0,0,0,0,1,15982.399052075863
11.18491,79.09974,303.72,0.44,0.38,2025-01-11,2025,N,VIIRS,n,2.0NRT,290.75,0.6,N,VIIRS_SUOMI_NPP,623,50,Built-up,COVERED,363.9377202729235,0.36393772027292354,340697977,way,,Other Industrial,Substation & Electrical Infrastructure,CAUTION_LOWER_RELEVANCE,1,1,1,1,1,578.2370605985802,0.5782370605985803,1468887795,,Power Plant,0,1,1,1,1,833.9067716952427
11.18139,79.09914,302.58,0.44,0.38,2025-01-11,2025,N,VIIRS,n,2.0NRT,290.04,0.6,N,VIIRS_SUOMI_NPP,624,50,Built-up,COVERED,416.7779194787963,0.41677791947879633,340697977,way,,Other Industrial,Substation & Electrical Infrastructure,CAUTION_LOWER_RELEVANCE,1,1,1,1,1,813.4536503242497,0.8134536503242497,1468887795,,Power Plant,0,1,1,1,1,700.8120988267063
11.43135,77.34455,304.69,0.39,0.36,2025-01-11,2025,N,VIIRS,n,2.0NRT,289.38,1.19,N,VIIRS_SUOMI_NPP,625,10,Tree cover,COVERED,2809.1974492116437,2.8091974492116436,1467377953,way,,Other Industrial,Substation & Electrical Infrastructure,CAUTION_LOWER_RELEVANCE,0,0,0,1,1,13841.618412855307,13.841618412855308,1440947503,Coirmedia,Manufacturing & Industrial Works,0,0,0,0,0,3958.731704705783
10.93856,78.05747,302.52,0.4,0.37,2025-01-11,2025,N,VIIRS,n,2.0NRT,290.59,0.56,N,VIIRS_SUOMI_NPP,626,40,Cropland,COVERED,1617.7373416234693,1.6177373416234693,193319216,way,,Other Industrial,Industrial Area / Zone,GENERAL_CONTEXT,0,0,1,1,1,2833.847431565123,2.8338474315651228,4391401194,,Power Plant,0,0,0,1,1,1617.7373416234693
10.13546,77.27298,299.05,0.39,0.36,2025-01-11,2025,N,VIIRS,n,2.0NRT,278.67,0.59,N,VIIRS_SUOMI_NPP,627,10,Tree cover,COVERED,14899.712486015645,14.899712486015645,1509428390,way,,Mining,Mining & Quarry,HIGHER_RELEVANCE,0,0,0,0,0,14899.712486015645,14.899712486015645,1509428390,,Mining & Quarry,0,0,0,0,0,18750.726094753514
11.37917,77.05492,343.89,0.37,0.58,2025-01-12,733,N,VIIRS,n,2.0NRT,293.35,3.97,D,VIIRS_SUOMI_NPP,628,10,Tree cover,FAILED_TILE,23944.535518872828,23.94453551887283,17338131,relation,,Power Plant,Power Plant,HIGHER_RELEVANCE,0,0,0,0,0,23944.535518872828,23.94453551887283,17338131,,Power Plant,0,0,0,0,0,26239.7389992147
13.11165,79.79388,303.36,0.41,0.37,2025-01-12,2006,N,VIIRS,n,2.0NRT,289.77,0.27,N,VIIRS_SUOMI_NPP,629,50,Built-up,FAILED_TILE,102836.65599641373,102.83665599641373,1026841614,way,,Mining,Mining & Quarry,HIGHER_RELEVANCE,0,0,0,0,0,102836.65599641373,102.83665599641373,1026841614,,Mining & Quarry,0,0,0,0,0,106510.45584568034
13.08312,79.98172,303.24,0.41,0.37,2025-01-12,2006,N,VIIRS,n,2.0NRT,290.26,0.82,N,VIIRS_SUOMI_NPP,630,20,Shrubland,FAILED_TILE,102104.31780744142,102.10431780744142,202465563,way,,Other Industrial,Industrial Area / Zone,GENERAL_CONTEXT,0,0,0,0,0,102467.9923037477,102.46799230374769,1026841614,,Mining & Quarry,0,0,0,0,0,102104.31780744142
13.09624,79.75659,307.02,0.41,0.37,2025-01-12,2006,N,VIIRS,n,2.0NRT,290.33,0.51,N,VIIRS_SUOMI_NPP,631,20,Shrubland,FAILED_TILE,101057.05693476864,101.05705693476864,1026841614,way,,Mining,Mining & Quarry,HIGHER_RELEVANCE,0,0,0,0,0,101057.05693476864,101.05705693476864,1026841614,,Mining & Quarry,0,0,0,0,0,105535.20320111059
11.81623,77.91869,299.48,0.48,0.4,2025-01-12,2008,N,VIIRS,n,2.0NRT,287.58,0.52,N,VIIRS_SUOMI_NPP,632,50,Built-up,COVERED,110.426293864994,0.11042629386499399,340479236,way,,Other Industrial,Substation & Electrical Infrastructure,CAUTION_LOWER_RELEVANCE,1,1,1,1,1,201.10470488028693,0.20110470488028692,876239837,JSW Steel Plant,Steel / Metallurgy,1,1,1,1,1,1920.4410082297923
