event_id,row_id,latitude,longitude,acq_date,acq_time,satellite,satellite_source,instrument,frp,brightness,bright_t31,confidence,daynight,landcover_class,nearest_facility_name,nearest_facility_osm_id,distance_to_facility_m,distance_to_facility_km,candidate_priority,predicted_class,probability_agricultural_burning,probability_industrial_thermal_activity,probability_natural_wildfire_other,max_probability,confidence,model_path,model_sha256,model_version,inference_timestamp
FIRMS_TN_0000,0,11.65394,78.02792,2024-11-01,1940,N20,VIIRS_N20,VIIRS,1.16,311.1,287.43,n,N,Built-up,SAIL,336571753,328.3336921461477,0.3283336921461477,,Industrial Thermal Activity,0.4331,0.5031,0.0639,0.5031,MEDIUM,outputs/phase_5_ml_handoff/final_model.joblib,5909bb546fc55aeffd37b7bb601e96718709fe685e987705b246bb2963279798,phase_5_ml_handoff/final_model.joblib,2026-09-06T17:19:14Z
FIRMS_TN_0001,1,9.29417,79.06924,2024-11-02,826,N20,VIIRS_N20,VIIRS,5.15,338.83,289.06,n,D,Tree cover,,11850487562,2826.685458137604,2.826685458137604,HIGH,Agricultural Burning,0.6951,0.1602,0.1447,0.6951,MEDIUM,outputs/phase_5_ml_handoff/final_model.joblib,5909bb546fc55aeffd37b7bb601e96718709fe685e987705b246bb2963279798,phase_5_ml_handoff/final_model.joblib,2026-09-06T17:19:14Z
FIRMS_TN_0002,2,10.26853,78.83812,2024-11-03,807,N20,VIIRS_N20,VIIRS,2.77,331.76,298.6,n,D,Shrubland,,669581925,9090.553073033305,9.090553073033304,,Natural / Wildfire / Other,0.1798,0.0157,0.8045,0.8045,HIGH,outputs/phase_5_ml_handoff/final_model.joblib,5909bb546fc55aeffd37b7bb601e96718709fe685e987705b246bb2963279798,phase_5_ml_handoff/final_model.joblib,2026-09-06T17:19:14Z
FIRMS_TN_0003,3,11.18232,79.09965,2024-11-03,2042,N20,VIIRS_N20,VIIRS,1.14,304.79,290.01,n,N,Built-up,,340697977,396.25434257551336,0.3962543425755133,,Industrial Thermal Activity,0.0161,0.9839,0.0,0.9839,HIGH,outputs/phase_5_ml_handoff/final_model.joblib,5909bb546fc55aeffd37b7bb601e96718709fe685e987705b246bb2963279798,phase_5_ml_handoff/final_model.joblib,2026-09-06T17:19:14Z
FIRMS_TN_0004,4,13.20969,79.91416,2024-11-04,750,N20,VIIRS_N20,VIIRS,4.01,333.19,303.03,n,D,Cropland,,1026841614,114898.83334131957,114.89883334131956,MEDIUM,Agricultural Burning,0.6917,0.0,0.3083,0.6917,MEDIUM,outputs/phase_5_ml_handoff/final_model.joblib,5909bb546fc55aeffd37b7bb601e96718709fe685e987705b246bb2963279798,phase_5_ml_handoff/final_model.joblib,2026-09-06T17:19:14Z
FIRMS_TN_0005,5,12.2742,79.54851,2024-11-04,750,N20,VIIRS_N20,VIIRS,5.64,337.36,298.09,n,D,Cropland,Sree Amman Transformer Works,705173099,15266.538267725924,15.266538267725924,,Agricultural Burning,0.8367,0.0193,0.1439,0.8367,HIGH,outputs/phase_5_ml_handoff/final_model.joblib,5909bb546fc55aeffd37b7bb601e96718709fe685e987705b246bb2963279798,phase_5_ml_handoff/final_model.joblib,2026-09-06T17:19:14Z
FIRMS_TN_0006,6,12.2748,79.55231,2024-11-04,750,N20,VIIRS_N20,VIIRS,5.52,338.19,297.67,n,D,Cropland,Sree Amman Transformer Works,705173099,15175.128861239547,15.175128861239548,MEDIUM,Agricultural Burning,0.8559,0.0218,0.1223,0.8559,HIGH,outputs/phase_5_ml_handoff/final_model.joblib,5909bb546fc55aeffd37b7bb601e96718709fe685e987705b246bb2963279798,phase_5_ml_handoff/final_model.joblib,2026-09-06T17:19:14Z
FIRMS_TN_0007,7,11.18312,79.09965,2024-11-04,2025,N20,VIIRS_N20,VIIRS,1.23,309.46,293.88,n,N,Built-up,,340697977,360.0193161722355,0.3600193161722355,,Industrial Thermal Activity,0.0181,0.9619,0.02,0.9619,HIGH,outputs/phase_5_ml_handoff/final_model.joblib,5909bb546fc55aeffd37b7bb601e96718709fe685e987705b246bb2963279798,phase_5_ml_handoff/final_model.joblib,2026-09-06T17:19:14Z
FIRMS_TN_0008,8,11.81736,77.91756,2024-11-04,2025,N20,VIIRS_N20,VIIRS,1.06,305.68,290.19,n,N,Built-up,,340479236,215.91883199453267,0.2159188319945326,,Industrial Thermal Activity,0.0031,0.9969,0.0,0.9969,HIGH,outputs/phase_5_ml_handoff/final_model.joblib,5909bb546fc55aeffd37b7bb601e96718709fe685e987705b246bb2963279798,phase_5_ml_handoff/final_model.joblib,2026-09-06T17:19:14Z
FIRMS_TN_0009,9,12.87509,79.88728,2024-11-04,2025,N20,VIIRS_N20,VIIRS,1.03,309.2,293.36,n,N,Grassland,,1026841614,77708.51188730031,77.7085118873003,,Agricultural Burning,0.4042,0.2769,0.319,0.4042,LOW,outputs/phase_5_ml_handoff/final_model.joblib,5909bb546fc55aeffd37b7bb601e96718709fe685e987705b246bb2963279798,phase_5_ml_handoff/final_model.joblib,2026-09-06T17:19:14Z
FIRMS_TN_0010,10,13.06476,80.18575,2024-11-04,2025,N20,VIIRS_N20,VIIRS,2.09,306.06,293.85,n,N,Built-up,,202465563,103295.15465757216,103.29515465757216,MEDIUM,Industrial Thermal Activity,0.0513,0.9184,0.0303,0.9184,HIGH,outputs/phase_5_ml_handoff/final_model.joblib,5909bb546fc55aeffd37b7bb601e96718709fe685e987705b246bb2963279798,phase_5_ml_handoff/final_model.joblib,2026-09-06T17:19:14Z
FIRMS_TN_0011,11,9.29705,79.31593,2024-11-05,730,N20,VIIRS_N20,VIIRS,2.52,329.73,295.11,n,D,Grassland,,363311231,1689.756786660581,1.689756786660581,MEDIUM,Agricultural Burning,0.4944,0.0292,0.4765,0.4944,LOW,outputs/phase_5_ml_handoff/final_model.joblib,5909bb546fc55aeffd37b7bb601e96718709fe685e987705b246bb2963279798,phase_5_ml_handoff/final_model.joblib,2026-09-06T17:19:14Z
FIRMS_TN_0012,12,13.2005,79.68807,2024-11-05,730,N20,VIIRS_N20,VIIRS,3.07,331.87,298.38,n,D,Grassland,,1026841614,112917.72411944935,112.91772411944936,,Natural / Wildfire / Other,0.3263,0.0068,0.6669,0.6669,MEDIUM,outputs/phase_5_ml_handoff/final_model.joblib,5909bb546fc55aeffd37b7bb601e96718709fe685e987705b246bb2963279798,phase_5_ml_handoff/final_model.joblib,2026-09-06T17:19:14Z
FIRMS_TN_0013,13,12.7964,79.38124,2024-11-05,730,N20,VIIRS_N20,VIIRS,2.81,334.25,294.0,n,D,Cropland,Rajanthangal,342136913,75113.59616349725,75.11359616349725,MEDIUM,Agricultural Burning,0.7382,0.02,0.2418,0.7382,MEDIUM,outputs/phase_5_ml_handoff/final_model.joblib,5909bb546fc55aeffd37b7bb601e96718709fe685e987705b246bb2963279798,phase_5_ml_handoff/final_model.joblib,2026-09-06T17:19:14Z
FIRMS_TN_0014,14,11.71039,79.35712,2024-11-05,730,N20,VIIRS_N20,VIIRS,2.31,331.85,297.89,n,D,Tree cover,Tirunavalur,1202696878,8712.110941951185,8.712110941951185,,Natural / Wildfire / Other,0.2666,0.0357,0.6977,0.6977,MEDIUM,outputs/phase_5_ml_handoff/final_model.joblib,5909bb546fc55aeffd37b7bb601e96718709fe685e987705b246bb2963279798,phase_5_ml_handoff/final_model.joblib,2026-09-06T17:19:14Z
FIRMS_TN_0015,15,10.65226,78.76717,2024-11-05,730,N20,VIIRS_N20,VIIRS,7.76,336.8,295.25,n,D,Grassland,,375950947,210.5924139308873,0.2105924139308873,HIGH,Agricultural Burning,0.6416,0.1545,0.2039,0.6416,MEDIUM,outputs/phase_5_ml_handoff/final_model.joblib,5909bb546fc55aeffd37b7bb601e96718709fe685e987705b246bb2963279798,phase_5_ml_handoff/final_model.joblib,2026-09-06T17:19:14Z
FIRMS_TN_0016,16,10.44508,79.01453,2024-11-05,730,N20,VIIRS_N20,VIIRS,4.65,338.77,296.08,n,D,Cropland,Malaiyur,1201657684,2312.042233464192,2.312042233464192,,Agricultural Burning,0.7773,0.025,0.1977,0.7773,HIGH,outputs/phase_5_ml_handoff/final_model.joblib,5909bb546fc55aeffd37b7bb601e96718709fe685e987705b246bb2963279798,phase_5_ml_handoff/final_model.joblib,2026-09-06T17:19:14Z
FIRMS_TN_0017,17,13.39262,80.10134,2024-11-05,2004,N20,VIIRS_N20,VIIRS,1.09,309.67,294.2,n,N,Shrubland,,202465563,137472.3642904896,137.47236429048962,,Industrial Thermal Activity,0.0171,0.9451,0.0378,0.9451,HIGH,outputs/phase_5_ml_handoff/final_model.joblib,5909bb546fc55aeffd37b7bb601e96718709fe685e987705b246bb2963279798,phase_5_ml_handoff/final_model.joblib,2026-09-06T17:19:14Z
FIRMS_TN_0018,18,13.39318,80.0746,2024-11-05,2004,N20,VIIRS_N20,VIIRS,0.93,307.13,293.17,n,N,Tree cover,,202465563,137211.4624235174,137.2114624235174,,Industrial Thermal Activity,0.1594,0.6273,0.2132,0.6273,MEDIUM,outputs/phase_5_ml_handoff/final_model.joblib,5909bb546fc55aeffd37b7bb601e96718709fe685e987705b246bb2963279798,phase_5_ml_handoff/final_model.joblib,2026-09-06T17:19:14Z
FIRMS_TN_0019,19,13.16125,80.28574,2024-11-05,2004,N20,VIIRS_N20,VIIRS,2.17,306.53,294.31,n,N,Built-up,,202465563,116662.3629248224,116.6623629248224,,Industrial Thermal Activity,0.006,0.964,0.03,0.964,HIGH,outputs/phase_5_ml_handoff/final_model.joblib,5909bb546fc55aeffd37b7bb601e96718709fe685e987705b246bb2963279798,phase_5_ml_handoff/final_model.joblib,2026-09-06T17:19:14Z
FIRMS_TN_0020,20,12.64997,77.90159,2024-11-05,2004,N20,VIIRS_N20,VIIRS,0.53,303.67,290.7,n,N,Shrubland,Palavadi,425335457,56594.30644426172,56.59430644426172,,Agricultural Burning,0.4694,0.164,0.3666,0.4694,LOW,outputs/phase_5_ml_handoff/final_model.joblib,5909bb546fc55aeffd37b7bb601e96718709fe685e987705b246bb2963279798,phase_5_ml_handoff/final_model.joblib,2026-09-06T17:19:14Z
FIRMS_TN_0021,21,12.65149,77.90409,2024-11-05,2004,N20,VIIRS_N20,VIIRS,0.73,307.14,290.66,n,N,Shrubland,Palavadi,425335457,56674.71897683146,56.67471897683146,,Agricultural Burning,0.3964,0.3719,0.2317,0.3964,LOW,outputs/phase_5_ml_handoff/final_model.joblib,5909bb546fc55aeffd37b7bb601e96718709fe685e987705b246bb2963279798,phase_5_ml_handoff/final_model.joblib,2026-09-06T17:19:14Z
FIRMS_TN_0022,22,11.18193,79.09972,2024-11-05,2004,N20,VIIRS_N20,VIIRS,0.89,305.49,293.98,n,N,Built-up,,340697977,425.9234002300185,0.4259234002300185,,Industrial Thermal Activity,0.0181,0.9719,0.01,0.9719,HIGH,outputs/phase_5_ml_handoff/final_model.joblib,5909bb546fc55aeffd37b7bb601e96718709fe685e987705b246bb2963279798,phase_5_ml_handoff/final_model.joblib,2026-09-06T17:19:14Z
FIRMS_TN_0023,23,10.44399,79.01185,2024-11-06,852,N20,VIIRS_N20,VIIRS,4.07,329.26,296.96,n,D,Shrubland,Malaiyur,1201657684,2528.538019187664,2.528538019187664,,Natural / Wildfire / Other,0.4537,0.0267,0.5196,0.5196,MEDIUM,outputs/phase_5_ml_handoff/final_model.joblib,5909bb546fc55aeffd37b7bb601e96718709fe685e987705b246bb2963279798,phase_5_ml_handoff/final_model.joblib,2026-09-06T17:19:14Z
FIRMS_TN_0024,24,13.08217,79.97812,2024-11-06,1946,N20,VIIRS_N20,VIIRS,1.13,305.51,289.63,n,N,Shrubland,,202465563,101985.06707114771,101.98506707114772,,Industrial Thermal Activity,0.0523,0.9302,0.0175,0.9302,HIGH,outputs/phase_5_ml_handoff/final_model.joblib,5909bb546fc55aeffd37b7bb601e96718709fe685e987705b246bb2963279798,phase_5_ml_handoff/final_model.joblib,2026-09-06T17:19:14Z
FIRMS_TN_0025,25,13.08157,79.98259,2024-11-06,1946,N20,VIIRS_N20,VIIRS,1.15,306.65,289.54,n,N,Grassland,,202465563,101935.61816199872,101.93561816199872,,Industrial Thermal Activity,0.0832,0.8602,0.0566,0.8602,HIGH,outputs/phase_5_ml_handoff/final_model.joblib,5909bb546fc55aeffd37b7bb601e96718709fe685e987705b246bb2963279798,phase_5_ml_handoff/final_model.joblib,2026-09-06T17:19:14Z
FIRMS_TN_0026,26,12.11268,79.59145,2024-11-08,813,N20,VIIRS_N20,VIIRS,4.24,332.93,300.65,n,D,Cropland,Chendur,341813936,1661.525391031482,1.661525391031482,,Agricultural Burning,0.5853,0.044,0.3707,0.5853,MEDIUM,outputs/phase_5_ml_handoff/final_model.joblib,5909bb546fc55aeffd37b7bb601e96718709fe685e987705b246bb2963279798,phase_5_ml_handoff/final_model.joblib,2026-09-06T17:19:14Z
FIRMS_TN_0027,27,12.97006,79.91603,2024-11-08,2048,N20,VIIRS_N20,VIIRS,1.46,320.27,278.03,n,N,Grassland,,1026841614,88663.06726286904,88.66306726286903,,Agricultural Burning,0.4381,0.2648,0.2972,0.4381,LOW,outputs/phase_5_ml_handoff/final_model.joblib,5909bb546fc55aeffd37b7bb601e96718709fe685e987705b246bb2963279798,phase_5_ml_handoff/final_model.joblib,2026-09-06T17:19:14Z
FIRMS_TN_0028,28,11.81808,77.91673,2024-11-08,2048,N20,VIIRS_N20,VIIRS,1.01,300.71,281.62,n,N,Built-up,,340479236,328.35658889246344,0.3283565888924634,,Industrial Thermal Activity,0.0031,0.9969,0.0,0.9969,HIGH,outputs/phase_5_ml_handoff/final_model.joblib,5909bb546fc55aeffd37b7bb601e96718709fe685e987705b246bb2963279798,phase_5_ml_handoff/final_model.joblib,2026-09-06T17:19:14Z
FIRMS_TN_0029,29,11.81653,77.91456,2024-11-08,2048,N20,VIIRS_N20,VIIRS,1.23,300.69,279.36,n,N,Tree cover,JSW Steel Plant,876239837,456.8826663525913,0.4568826663525913,HIGH,Industrial Thermal Activity,0.0,1.0,0.0,1.0,HIGH,outputs/phase_5_ml_handoff/final_model.joblib,5909bb546fc55aeffd37b7bb601e96718709fe685e987705b246bb2963279798,phase_5_ml_handoff/final_model.joblib,2026-09-06T17:19:14Z
FIRMS_TN_0030,30,11.18483,79.0995,2024-11-08,2048,N20,VIIRS_N20,VIIRS,0.85,302.91,279.77,n,N,Built-up,,340697977,336.38136249246065,0.3363813624924606,HIGH,Industrial Thermal Activity,0.0161,0.9839,0.0,0.9839,HIGH,outputs/phase_5_ml_handoff/final_model.joblib,5909bb546fc55aeffd37b7bb601e96718709fe685e987705b246bb2963279798,phase_5_ml_handoff/final_model.joblib,2026-09-06T17:19:14Z
FIRMS_TN_0031,31,13.16331,80.28699,2024-11-08,2048,N20,VIIRS_N20,VIIRS,0.96,309.23,285.26,n,N,Built-up,,202465563,116922.4480227712,116.9224480227712,,Industrial Thermal Activity,0.0268,0.9454,0.0278,0.9454,HIGH,outputs/phase_5_ml_handoff/final_model.joblib,5909bb546fc55aeffd37b7bb601e96718709fe685e987705b246bb2963279798,phase_5_ml_handoff/final_model.joblib,2026-09-06T17:19:14Z
FIRMS_TN_0032,32,13.08252,79.97832,2024-11-08,2048,N20,VIIRS_N20,VIIRS,0.91,310.31,286.86,n,N,Shrubland,,202465563,102024.68482408114,102.02468482408112,,Industrial Thermal Activity,0.0655,0.8896,0.0449,0.8896,HIGH,outputs/phase_5_ml_handoff/final_model.joblib,5909bb546fc55aeffd37b7bb601e96718709fe685e987705b246bb2963279798,phase_5_ml_handoff/final_model.joblib,2026-09-06T17:19:14Z
FIRMS_TN_0033,33,12.96966,79.91622,2024-11-08,2048,N20,VIIRS_N20,VIIRS,1.12,315.4,277.86,n,N,Cropland,,1026841614,88623.36201494736,88.62336201494736,,Agricultural Burning,0.453,0.3946,0.1525,0.453,LOW,outputs/phase_5_ml_handoff/final_model.joblib,5909bb546fc55aeffd37b7bb601e96718709fe685e987705b246bb2963279798,phase_5_ml_handoff/final_model.joblib,2026-09-06T17:19:14Z
FIRMS_TN_0034,34,11.38716,78.70573,2024-11-09,756,N20,VIIRS_N20,VIIRS,2.52,330.54,279.55,n,D,Cropland,Dhanalakshmi Sugars,1201862060,6305.329550475626,6.305329550475626,,Agricultural Burning,0.6037,0.0225,0.3738,0.6037,MEDIUM,outputs/phase_5_ml_handoff/final_model.joblib,5909bb546fc55aeffd37b7bb601e96718709fe685e987705b246bb2963279798,phase_5_ml_handoff/final_model.joblib,2026-09-06T17:19:14Z
FIRMS_TN_0035,35,11.39555,77.11979,2024-11-09,756,N20,VIIRS_N20,VIIRS,4.78,341.93,301.53,n,D,Grassland,Bannari Amman Sugars,336571755,19112.91841048882,19.11291841048882,MEDIUM,Natural / Wildfire / Other,0.3369,0.0069,0.6562,0.6562,MEDIUM,outputs/phase_5_ml_handoff/final_model.joblib,5909bb546fc55aeffd37b7bb601e96718709fe685e987705b246bb2963279798,phase_5_ml_handoff/final_model.joblib,2026-09-06T17:19:14Z
FIRMS_TN_0036,36,12.29479,78.40997,2024-11-09,756,N20,VIIRS_N20,VIIRS,2.87,330.79,293.83,n,D,Cropland,,1468887802,16203.19104785215,16.20319104785215,MEDIUM,Agricultural Burning,0.6748,0.0225,0.3027,0.6748,MEDIUM,outputs/phase_5_ml_handoff/final_model.joblib,5909bb546fc55aeffd37b7bb601e96718709fe685e987705b246bb2963279798,phase_5_ml_handoff/final_model.joblib,2026-09-06T17:19:14Z
FIRMS_TN_0037,37,12.76743,77.78644,2024-11-09,756,N20,VIIRS_N20,VIIRS,2.54,334.85,299.92,n,D,Bare/sparse vegetation,,1134097095,59342.10148951248,59.34210148951248,,Natural / Wildfire / Other,0.412,0.1232,0.4648,0.4648,LOW,outputs/phase_5_ml_handoff/final_model.joblib,5909bb546fc55aeffd37b7bb601e96718709fe685e987705b246bb2963279798,phase_5_ml_handoff/final_model.joblib,2026-09-06T17:19:14Z
FIRMS_TN_0038,38,12.79986,77.9681,2024-11-09,756,N20,VIIRS_N20,VIIRS,2.37,329.83,302.07,n,D,Cropland,Palavadi,425335457,71318.27733142306,71.31827733142306,,Agricultural Burning,0.503,0.0425,0.4545,0.503,MEDIUM,outputs/phase_5_ml_handoff/final_model.joblib,5909bb546fc55aeffd37b7bb601e96718709fe685e987705b246bb2963279798,phase_5_ml_handoff/final_model.joblib,2026-09-06T17:19:14Z
FIRMS_TN_0039,39,13.08321,79.9809,2024-11-09,2029,N20,VIIRS_N20,VIIRS,0.83,304.64,285.62,n,N,Grassland,,202465563,102111.0729909121,102.1110729909121,,Industrial Thermal Activity,0.0932,0.8602,0.0466,0.8602,HIGH,outputs/phase_5_ml_handoff/final_model.joblib,5909bb546fc55aeffd37b7bb601e96718709fe685e987705b246bb2963279798,phase_5_ml_handoff/final_model.joblib,2026-09-06T17:19:14Z
FIRMS_TN_0040,40,12.65022,77.90694,2024-11-09,2029,N20,VIIRS_N20,VIIRS,0.72,301.68,283.78,n,N,Cropland,Palavadi,425335457,56448.95807025455,56.44895807025455,,Agricultural Burning,0.5239,0.3294,0.1467,0.5239,MEDIUM,outputs/phase_5_ml_handoff/final_model.joblib,5909bb546fc55aeffd37b7bb601e96718709fe685e987705b246bb2963279798,phase_5_ml_handoff/final_model.joblib,2026-09-06T17:19:14Z
FIRMS_TN_0041,41,12.65088,77.903,2024-11-09,2029,N20,VIIRS_N20,VIIRS,0.72,299.37,283.9,n,N,Shrubland,Palavadi,425335457,56645.04696887466,56.64504696887466,,Agricultural Burning,0.4064,0.3719,0.2217,0.4064,LOW,outputs/phase_5_ml_handoff/final_model.joblib,5909bb546fc55aeffd37b7bb601e96718709fe685e987705b246bb2963279798,phase_5_ml_handoff/final_model.joblib,2026-09-06T17:19:14Z
FIRMS_TN_0042,42,12.85108,79.90353,2024-11-09,2029,N20,VIIRS_N20,VIIRS,1.68,311.16,282.75,n,N,Bare/sparse vegetation,,1026841614,75428.18693713525,75.42818693713525,,Industrial Thermal Activity,0.1827,0.4722,0.3451,0.4722,LOW,outputs/phase_5_ml_handoff/final_model.joblib,5909bb546fc55aeffd37b7bb601e96718709fe685e987705b246bb2963279798,phase_5_ml_handoff/final_model.joblib,2026-09-06T17:19:14Z
FIRMS_TN_0043,43,11.81658,77.91605,2024-11-09,2029,N20,VIIRS_N20,VIIRS,1.22,300.83,275.93,n,N,Built-up,JSW Steel Plant,876239837,330.234601173254,0.330234601173254,,Industrial Thermal Activity,0.0,1.0,0.0,1.0,HIGH,outputs/phase_5_ml_handoff/final_model.joblib,5909bb546fc55aeffd37b7bb601e96718709fe685e987705b246bb2963279798,phase_5_ml_handoff/final_model.joblib,2026-09-06T17:19:14Z
FIRMS_TN_0044,44,11.81173,77.92348,2024-11-09,2029,N20,VIIRS_N20,VIIRS,1.44,307.91,276.34,n,N,Built-up,,340479189,565.6842580703791,0.5656842580703791,,Industrial Thermal Activity,0.0364,0.9536,0.01,0.9536,HIGH,outputs/phase_5_ml_handoff/final_model.joblib,5909bb546fc55aeffd37b7bb601e96718709fe685e987705b246bb2963279798,phase_5_ml_handoff/final_model.joblib,2026-09-06T17:19:14Z
FIRMS_TN_0045,45,11.20356,77.56443,2024-11-09,2029,N20,VIIRS_N20,VIIRS,0.59,297.61,269.71,n,N,Grassland,,823591866,547.7675827585176,0.5477675827585177,,Industrial Thermal Activity,0.1917,0.7801,0.0283,0.7801,HIGH,outputs/phase_5_ml_handoff/final_model.joblib,5909bb546fc55aeffd37b7bb601e96718709fe685e987705b246bb2963279798,phase_5_ml_handoff/final_model.joblib,2026-09-06T17:19:14Z
FIRMS_TN_0046,46,11.17264,79.26752,2024-11-10,735,N20,VIIRS_N20,VIIRS,8.09,332.76,303.05,n,D,Tree cover,,1000877896,10369.192746213672,10.369192746213672,,Natural / Wildfire / Other,0.4367,0.0183,0.545,0.545,MEDIUM,outputs/phase_5_ml_handoff/final_model.joblib,5909bb546fc55aeffd37b7bb601e96718709fe685e987705b246bb2963279798,phase_5_ml_handoff/final_model.joblib,2026-09-06T17:19:14Z
FIRMS_TN_0047,47,11.17331,79.27145,2024-11-10,735,N20,VIIRS_N20,VIIRS,10.13,341.73,303.22,n,D,Tree cover,Jayankondam,341305254,10140.75941602158,10.14075941602158,,Natural / Wildfire / Other,0.3239,0.0175,0.6586,0.6586,MEDIUM,outputs/phase_5_ml_handoff/final_model.joblib,5909bb546fc55aeffd37b7bb601e96718709fe685e987705b246bb2963279798,phase_5_ml_handoff/final_model.joblib,2026-09-06T17:19:14Z
FIRMS_TN_0048,48,9.28159,78.86513,2024-11-10,735,N20,VIIRS_N20,VIIRS,2.26,334.38,299.92,n,D,Grassland,Rajasuriyamadai,385335096,6623.247135592411,6.623247135592411,LOW,Natural / Wildfire / Other,0.3991,0.0592,0.5417,0.5417,MEDIUM,outputs/phase_5_ml_handoff/final_model.joblib,5909bb546fc55aeffd37b7bb601e96718709fe685e987705b246bb2963279798,phase_5_ml_handoff/final_model.joblib,2026-09-06T17:19:14Z
FIRMS_TN_0049,49,13.18365,79.56056,2024-11-10,737,N20,VIIRS_N20,VIIRS,5.94,339.41,300.13,n,D,Cropland,,1026841614,112863.87556154594,112.86387556154594,MEDIUM,Agricultural Burning,0.8495,0.0,0.1505,0.8495,HIGH,outputs/phase_5_ml_handoff/final_model.joblib,5909bb546fc55aeffd37b7bb601e96718709fe685e987705b246bb2963279798,phase_5_ml_handoff/final_model.joblib,2026-09-06T17:19:14Z
FIRMS_TN_0050,50,11.81621,77.91726,2024-11-10,2010,N20,VIIRS_N20,VIIRS,3.35,325.29,292.1,n,N,Built-up,JSW Steel Plant,876239837,217.3837611418768,0.2173837611418767,,Industrial Thermal Activity,0.0708,0.8767,0.0525,0.8767,HIGH,outputs/phase_5_ml_handoff/final_model.joblib,5909bb546fc55aeffd37b7bb601e96718709fe685e987705b246bb2963279798,phase_5_ml_handoff/final_model.joblib,2026-09-06T17:19:14Z
FIRMS_TN_0051,51,11.81612,77.91793,2024-11-10,2010,N20,VIIRS_N20,VIIRS,3.93,329.91,292.9,n,N,Bare/sparse vegetation,JSW Steel Plant,876239837,184.0999649636778,0.1840999649636777,HIGH,Industrial Thermal Activity,0.0444,0.9197,0.0358,0.9197,HIGH,outputs/phase_5_ml_handoff/final_model.joblib,5909bb546fc55aeffd37b7bb601e96718709fe685e987705b246bb2963279798,phase_5_ml_handoff/final_model.joblib,2026-09-06T17:19:14Z
FIRMS_TN_0052,52,12.29693,79.69377,2024-11-11,718,N20,VIIRS_N20,VIIRS,1.67,329.6,289.95,n,D,Grassland,,1026841614,14131.512146807774,14.131512146807774,MEDIUM,Agricultural Burning,0.6353,0.0445,0.3202,0.6353,MEDIUM,outputs/phase_5_ml_handoff/final_model.joblib,5909bb546fc55aeffd37b7bb601e96718709fe685e987705b246bb2963279798,phase_5_ml_handoff/final_model.joblib,2026-09-06T17:19:14Z
FIRMS_TN_0053,53,11.20259,77.5637,2024-11-14,2036,N20,VIIRS_N20,VIIRS,0.92,304.3,279.75,n,N,Grassland,,823591866,520.3661417401237,0.5203661417401236,,Industrial Thermal Activity,0.0367,0.9417,0.0216,0.9417,HIGH,outputs/phase_5_ml_handoff/final_model.joblib,5909bb546fc55aeffd37b7bb601e96718709fe685e987705b246bb2963279798,phase_5_ml_handoff/final_model.joblib,2026-09-06T17:19:14Z
FIRMS_TN_0054,54,11.81859,77.91496,2024-11-14,2036,N20,VIIRS_N20,VIIRS,0.79,300.99,286.54,n,N,Built-up,,340479236,527.9437968338219,0.5279437968338219,,Industrial Thermal Activity,0.1031,0.8969,0.0,0.8969,HIGH,outputs/phase_5_ml_handoff/final_model.joblib,5909bb546fc55aeffd37b7bb601e96718709fe685e987705b246bb2963279798,phase_5_ml_handoff/final_model.joblib,2026-09-06T17:19:14Z
FIRMS_TN_0055,55,11.20184,77.56679,2024-11-14,2036,N20,VIIRS_N20,VIIRS,0.69,302.92,279.07,n,N,Bare/sparse vegetation,,823591866,264.3672600774778,0.2643672600774778,,Industrial Thermal Activity,0.1417,0.8367,0.0216,0.8367,HIGH,outputs/phase_5_ml_handoff/final_model.joblib,5909bb546fc55aeffd37b7bb601e96718709fe685e987705b246bb2963279798,phase_5_ml_handoff/final_model.joblib,2026-09-06T17:19:14Z
FIRMS_TN_0056,56,13.15905,80.2841,2024-11-15,2016,N20,VIIRS_N20,VIIRS,2.63,309.74,290.96,n,N,Built-up,,202465563,116374.226860511,116.374226860511,,Industrial Thermal Activity,0.0097,0.941,0.0493,0.941,HIGH,outputs/phase_5_ml_handoff/final_model.joblib,5909bb546fc55aeffd37b7bb601e96718709fe685e987705b246bb2963279798,phase_5_ml_handoff/final_model.joblib,2026-09-06T17:19:14Z
FIRMS_TN_0057,57,10.93138,77.06387,2024-11-15,2018,N20,VIIRS_N20,VIIRS,0.68,306.01,288.91,n,N,Grassland,,3449174617,20346.244497251468,20.34624449725147,,Industrial Thermal Activity,0.265,0.6559,0.0791,0.6559,MEDIUM,outputs/phase_5_ml_handoff/final_model.joblib,5909bb546fc55aeffd37b7bb601e96718709fe685e987705b246bb2963279798,phase_5_ml_handoff/final_model.joblib,2026-09-06T17:19:14Z
FIRMS_TN_0058,58,11.80968,77.92031,2024-11-16,1957,N20,VIIRS_N20,VIIRS,1.82,311.5,283.67,n,N,Built-up,,340479189,462.57664971445774,0.4625766497144577,,Industrial Thermal Activity,0.0014,0.9986,0.0,0.9986,HIGH,outputs/phase_5_ml_handoff/final_model.joblib,5909bb546fc55aeffd37b7bb601e96718709fe685e987705b246bb2963279798,phase_5_ml_handoff/final_model.joblib,2026-09-06T17:19:14Z
FIRMS_TN_0059,59,10.9307,77.06355,2024-11-16,1957,N20,VIIRS_N20,VIIRS,0.94,305.42,288.29,n,N,Bare/sparse vegetation,,3449174406,20380.910858071416,20.380910858071417,,Industrial Thermal Activity,0.1191,0.7918,0.0891,0.7918,HIGH,outputs/phase_5_ml_handoff/final_model.joblib,5909bb546fc55aeffd37b7bb601e96718709fe685e987705b246bb2963279798,phase_5_ml_handoff/final_model.joblib,2026-09-06T17:19:14Z
FIRMS_TN_0060,60,11.81306,77.92103,2024-11-17,1940,N20,VIIRS_N20,VIIRS,0.71,297.2,282.33,n,N,Built-up,JSW Steel Plant,876239837,346.28826732148985,0.3462882673214899,,Industrial Thermal Activity,0.1317,0.8683,0.0,0.8683,HIGH,outputs/phase_5_ml_handoff/final_model.joblib,5909bb546fc55aeffd37b7bb601e96718709fe685e987705b246bb2963279798,phase_5_ml_handoff/final_model.joblib,2026-09-06T17:19:14Z
FIRMS_TN_0061,61,13.25654,79.43639,2024-11-19,807,N20,VIIRS_N20,VIIRS,4.14,334.69,297.58,n,D,Tree cover,,1026841614,123946.88059357191,123.94688059357192,,Agricultural Burning,0.577,0.0243,0.3987,0.577,MEDIUM,outputs/phase_5_ml_handoff/final_model.joblib,5909bb546fc55aeffd37b7bb601e96718709fe685e987705b246bb2963279798,phase_5_ml_handoff/final_model.joblib,2026-09-06T17:19:14Z
FIRMS_TN_0062,62,13.32541,79.48901,2024-11-19,807,N20,VIIRS_N20,VIIRS,2.34,332.04,298.23,n,D,Grassland,,1026841614,129900.88679558122,129.9008867955812,MEDIUM,Natural / Wildfire / Other,0.2361,0.0234,0.7405,0.7405,MEDIUM,outputs/phase_5_ml_handoff/final_model.joblib,5909bb546fc55aeffd37b7bb601e96718709fe685e987705b246bb2963279798,phase_5_ml_handoff/final_model.joblib,2026-09-06T17:19:14Z
FIRMS_TN_0063,63,13.08208,79.97921,2024-11-19,2042,N20,VIIRS_N20,VIIRS,0.43,299.57,282.49,n,N,Bare/sparse vegetation,,202465563,101979.05210441966,101.97905210441968,,Industrial Thermal Activity,0.244,0.7385,0.0175,0.7385,MEDIUM,outputs/phase_5_ml_handoff/final_model.joblib,5909bb546fc55aeffd37b7bb601e96718709fe685e987705b246bb2963279798,phase_5_ml_handoff/final_model.joblib,2026-09-06T17:19:14Z
FIRMS_TN_0064,64,11.80911,77.92155,2024-11-19,2042,N20,VIIRS_N20,VIIRS,1.39,304.06,290.57,n,N,Built-up,,340479189,328.57753709290256,0.3285775370929025,,Industrial Thermal Activity,0.0014,0.9986,0.0,0.9986,HIGH,outputs/phase_5_ml_handoff/final_model.joblib,5909bb546fc55aeffd37b7bb601e96718709fe685e987705b246bb2963279798,phase_5_ml_handoff/final_model.joblib,2026-09-06T17:19:14Z
FIRMS_TN_0065,65,11.81893,77.91513,2024-11-19,2042,N20,VIIRS_N20,VIIRS,1.7,309.46,289.97,n,N,Tree cover,,340479236,526.1862632754564,0.5261862632754565,HIGH,Industrial Thermal Activity,0.0114,0.9886,0.0,0.9886,HIGH,outputs/phase_5_ml_handoff/final_model.joblib,5909bb546fc55aeffd37b7bb601e96718709fe685e987705b246bb2963279798,phase_5_ml_handoff/final_model.joblib,2026-09-06T17:19:14Z
FIRMS_TN_0066,66,13.44629,80.09775,2024-11-20,2023,N20,VIIRS_N20,VIIRS,0.72,307.03,287.04,n,N,Built-up,,202465563,143352.51413134564,143.35251413134563,,Industrial Thermal Activity,0.2243,0.5804,0.1953,0.5804,MEDIUM,outputs/phase_5_ml_handoff/final_model.joblib,5909bb546fc55aeffd37b7bb601e96718709fe685e987705b246bb2963279798,phase_5_ml_handoff/final_model.joblib,2026-09-06T17:19:14Z
FIRMS_TN_0067,67,13.39475,80.10127,2024-11-20,2023,N20,VIIRS_N20,VIIRS,0.18,298.46,284.69,n,N,Shrubland,,202465563,137706.51917862103,137.70651917862102,,Industrial Thermal Activity,0.2057,0.7843,0.01,0.7843,HIGH,outputs/phase_5_ml_handoff/final_model.joblib,5909bb546fc55aeffd37b7bb601e96718709fe685e987705b246bb2963279798,phase_5_ml_handoff/final_model.joblib,2026-09-06T17:19:14Z
FIRMS_TN_0068,68,13.16029,80.28455,2024-11-20,2023,N20,VIIRS_N20,VIIRS,0.44,302.73,284.46,n,N,Tree cover,,202465563,116520.4369351603,116.52043693516028,,Industrial Thermal Activity,0.1957,0.7943,0.01,0.7943,HIGH,outputs/phase_5_ml_handoff/final_model.joblib,5909bb546fc55aeffd37b7bb601e96718709fe685e987705b246bb2963279798,phase_5_ml_handoff/final_model.joblib,2026-09-06T17:19:14Z
FIRMS_TN_0069,69,11.81179,77.92168,2024-11-20,2025,N20,VIIRS_N20,VIIRS,0.86,300.16,282.34,n,N,Tree cover,JSW Steel Plant,876239837,482.90935284388536,0.4829093528438853,HIGH,Industrial Thermal Activity,0.0017,0.9983,0.0,0.9983,HIGH,outputs/phase_5_ml_handoff/final_model.joblib,5909bb546fc55aeffd37b7bb601e96718709fe685e987705b246bb2963279798,phase_5_ml_handoff/final_model.joblib,2026-09-06T17:19:14Z
FIRMS_TN_0070,70,11.81606,77.91496,2024-11-21,2004,N20,VIIRS_N20,VIIRS,2.09,307.45,288.83,n,N,Built-up,JSW Steel Plant,876239837,393.82918118309976,0.3938291811830998,HIGH,Industrial Thermal Activity,0.0,1.0,0.0,1.0,HIGH,outputs/phase_5_ml_handoff/final_model.joblib,5909bb546fc55aeffd37b7bb601e96718709fe685e987705b246bb2963279798,phase_5_ml_handoff/final_model.joblib,2026-09-06T17:19:14Z
FIRMS_TN_0071,71,13.06687,80.1871,2024-11-21,2004,N20,VIIRS_N20,VIIRS,0.46,304.0,292.92,n,N,Built-up,,202465563,103559.02387864474,103.55902387864477,,Industrial Thermal Activity,0.2568,0.7207,0.0225,0.7207,MEDIUM,outputs/phase_5_ml_handoff/final_model.joblib,5909bb546fc55aeffd37b7bb601e96718709fe685e987705b246bb2963279798,phase_5_ml_handoff/final_model.joblib,2026-09-06T17:19:14Z
FIRMS_TN_0072,72,13.16066,80.2851,2024-11-21,2004,N20,VIIRS_N20,VIIRS,1.11,313.65,292.77,n,N,Built-up,,202465563,116578.24770140208,116.57824770140208,,Industrial Thermal Activity,0.0571,0.9051,0.0378,0.9051,HIGH,outputs/phase_5_ml_handoff/final_model.joblib,5909bb546fc55aeffd37b7bb601e96718709fe685e987705b246bb2963279798,phase_5_ml_handoff/final_model.joblib,2026-09-06T17:19:14Z
FIRMS_TN_0073,73,13.16213,80.28485,2024-11-21,2004,N20,VIIRS_N20,VIIRS,0.54,311.61,292.11,n,N,Tree cover,,202465563,116724.85935142782,116.72485935142782,,Industrial Thermal Activity,0.1988,0.7734,0.0278,0.7734,HIGH,outputs/phase_5_ml_handoff/final_model.joblib,5909bb546fc55aeffd37b7bb601e96718709fe685e987705b246bb2963279798,phase_5_ml_handoff/final_model.joblib,2026-09-06T17:19:14Z
FIRMS_TN_0074,74,13.39214,80.09968,2024-11-21,2004,N20,VIIRS_N20,VIIRS,0.92,308.7,292.85,n,N,Shrubland,,202465563,137397.58035418938,137.3975803541894,,Industrial Thermal Activity,0.331,0.394,0.275,0.394,LOW,outputs/phase_5_ml_handoff/final_model.joblib,5909bb546fc55aeffd37b7bb601e96718709fe685e987705b246bb2963279798,phase_5_ml_handoff/final_model.joblib,2026-09-06T17:19:14Z
FIRMS_TN_0075,75,13.31326,80.00461,2024-11-22,711,N20,VIIRS_N20,VIIRS,4.28,338.93,293.98,n,D,Tree cover,,202465563,127778.07008552176,127.77807008552176,,Natural / Wildfire / Other,0.4738,0.0438,0.4824,0.4824,LOW,outputs/phase_5_ml_handoff/final_model.joblib,5909bb546fc55aeffd37b7bb601e96718709fe685e987705b246bb2963279798,phase_5_ml_handoff/final_model.joblib,2026-09-06T17:19:14Z
FIRMS_TN_0076,76,13.31909,80.0034,2024-11-22,711,N20,VIIRS_N20,VIIRS,4.28,332.19,293.99,n,D,Cropland,,202465563,128419.24133263432,128.4192413326343,,Agricultural Burning,0.6274,0.0345,0.3381,0.6274,MEDIUM,outputs/phase_5_ml_handoff/final_model.joblib,5909bb546fc55aeffd37b7bb601e96718709fe685e987705b246bb2963279798,phase_5_ml_handoff/final_model.joblib,2026-09-06T17:19:14Z
FIRMS_TN_0077,77,13.3172,80.0006,2024-11-22,711,N20,VIIRS_N20,VIIRS,9.18,341.84,294.78,n,D,Cropland,,202465563,128195.18916805476,128.19518916805475,MEDIUM,Agricultural Burning,0.7373,0.032,0.2307,0.7373,MEDIUM,outputs/phase_5_ml_handoff/final_model.joblib,5909bb546fc55aeffd37b7bb601e96718709fe685e987705b246bb2963279798,phase_5_ml_handoff/final_model.joblib,2026-09-06T17:19:14Z
FIRMS_TN_0078,78,13.16057,80.27849,2024-11-23,1925,N20,VIIRS_N20,VIIRS,1.42,306.96,285.23,n,N,Built-up,,202465563,116345.08096160118,116.34508096160118,,Industrial Thermal Activity,0.0884,0.8438,0.0678,0.8438,HIGH,outputs/phase_5_ml_handoff/final_model.joblib,5909bb546fc55aeffd37b7bb601e96718709fe685e987705b246bb2963279798,phase_5_ml_handoff/final_model.joblib,2026-09-06T17:19:14Z
FIRMS_TN_0079,79,12.86026,79.90279,2024-11-23,1925,N20,VIIRS_N20,VIIRS,1.17,305.01,290.01,n,N,Cropland,,1026841614,76410.7393297646,76.41073932976461,,Agricultural Burning,0.561,0.3025,0.1365,0.561,MEDIUM,outputs/phase_5_ml_handoff/final_model.joblib,5909bb546fc55aeffd37b7bb601e96718709fe685e987705b246bb2963279798,phase_5_ml_handoff/final_model.joblib,2026-09-06T17:19:14Z
FIRMS_TN_0080,80,11.79451,77.72559,2024-11-24,813,N20,VIIRS_N20,VIIRS,2.14,328.6,280.78,n,D,Cropland,,876239831,4975.3106890549925,4.975310689054992,,Agricultural Burning,0.7881,0.0667,0.1452,0.7881,HIGH,outputs/phase_5_ml_handoff/final_model.joblib,5909bb546fc55aeffd37b7bb601e96718709fe685e987705b246bb2963279798,phase_5_ml_handoff/final_model.joblib,2026-09-06T17:19:14Z
FIRMS_TN_0081,81,11.53918,79.05564,2024-11-25,2029,N20,VIIRS_N20,VIIRS,0.7,304.73,281.42,n,N,Cropland,Adari,1201892040,2042.5513706596105,2.04255137065961,,Agricultural Burning,0.7415,0.1676,0.091,0.7415,MEDIUM,outputs/phase_5_ml_handoff/final_model.joblib,5909bb546fc55aeffd37b7bb601e96718709fe685e987705b246bb2963279798,phase_5_ml_handoff/final_model.joblib,2026-09-06T17:19:14Z
FIRMS_TN_0082,82,13.39221,80.07728,2024-12-02,1957,N20,VIIRS_N20,VIIRS,0.59,306.79,290.19,n,N,Grassland,,202465563,137133.7946247407,137.1337946247407,,Industrial Thermal Activity,0.3063,0.4643,0.2294,0.4643,LOW,outputs/phase_5_ml_handoff/final_model.joblib,5909bb546fc55aeffd37b7bb601e96718709fe685e987705b246bb2963279798,phase_5_ml_handoff/final_model.joblib,2026-09-06T17:19:14Z
FIRMS_TN_0083,83,9.03133,77.63218,2024-12-03,843,N20,VIIRS_N20,VIIRS,2.41,332.93,296.24,n,D,Cropland,,3148284509,39986.89177422207,39.98689177422207,,Agricultural Burning,0.6577,0.0,0.3423,0.6577,MEDIUM,outputs/phase_5_ml_handoff/final_model.joblib,5909bb546fc55aeffd37b7bb601e96718709fe685e987705b246bb2963279798,phase_5_ml_handoff/final_model.joblib,2026-09-06T17:19:14Z
FIRMS_TN_0084,84,13.08149,79.97901,2024-12-03,1938,N20,VIIRS_N20,VIIRS,3.09,315.32,275.63,n,N,Bare/sparse vegetation,,202465563,101912.7435308386,101.9127435308386,,Industrial Thermal Activity,0.0786,0.7267,0.1947,0.7267,MEDIUM,outputs/phase_5_ml_handoff/final_model.joblib,5909bb546fc55aeffd37b7bb601e96718709fe685e987705b246bb2963279798,phase_5_ml_handoff/final_model.joblib,2026-09-06T17:19:14Z
FIRMS_TN_0085,85,13.08649,79.97971,2024-12-03,1938,N20,VIIRS_N20,VIIRS,2.97,303.22,279.65,n,N,Tree cover,,202465563,102470.9994534866,102.4709994534866,,Industrial Thermal Activity,0.0895,0.8077,0.1028,0.8077,HIGH,outputs/phase_5_ml_handoff/final_model.joblib,5909bb546fc55aeffd37b7bb601e96718709fe685e987705b246bb2963279798,phase_5_ml_handoff/final_model.joblib,2026-09-06T17:19:14Z
FIRMS_TN_0086,86,13.1657,80.27771,2024-12-04,1919,N20,VIIRS_N20,VIIRS,1.2,302.88,286.77,n,N,Built-up,,202465563,116861.58402325513,116.86158402325512,,Industrial Thermal Activity,0.1632,0.776,0.0608,0.776,HIGH,outputs/phase_5_ml_handoff/final_model.joblib,5909bb546fc55aeffd37b7bb601e96718709fe685e987705b246bb2963279798,phase_5_ml_handoff/final_model.joblib,2026-09-06T17:19:14Z
FIRMS_TN_0087,87,11.18143,79.0966,2024-12-04,2059,N20,VIIRS_N20,VIIRS,1.08,300.15,283.25,n,N,Cropland,,340697977,297.6449673170429,0.2976449673170429,,Industrial Thermal Activity,0.1361,0.8589,0.005,0.8589,HIGH,outputs/phase_5_ml_handoff/final_model.joblib,5909bb546fc55aeffd37b7bb601e96718709fe685e987705b246bb2963279798,phase_5_ml_handoff/final_model.joblib,2026-09-06T17:19:14Z
FIRMS_TN_0088,88,11.81185,77.92299,2024-12-04,2059,N20,VIIRS_N20,VIIRS,1.18,301.56,287.41,n,N,Built-up,,340479189,578.8710810693607,0.5788710810693607,,Industrial Thermal Activity,0.0214,0.9786,0.0,0.9786,HIGH,outputs/phase_5_ml_handoff/final_model.joblib,5909bb546fc55aeffd37b7bb601e96718709fe685e987705b246bb2963279798,phase_5_ml_handoff/final_model.joblib,2026-09-06T17:19:14Z
FIRMS_TN_0089,89,10.93044,77.06243,2024-12-04,2059,N20,VIIRS_N20,VIIRS,1.57,298.53,282.48,n,N,Cropland,,3449174406,20502.5717678656,20.5025717678656,,Industrial Thermal Activity,0.1906,0.7307,0.0787,0.7307,MEDIUM,outputs/phase_5_ml_handoff/final_model.joblib,5909bb546fc55aeffd37b7bb601e96718709fe685e987705b246bb2963279798,phase_5_ml_handoff/final_model.joblib,2026-09-06T17:19:14Z
FIRMS_TN_0090,90,8.46327,78.09595,2024-12-05,805,N20,VIIRS_N20,VIIRS,4.51,335.56,298.98,n,D,Shrubland,,1264776476,75968.60443986111,75.96860443986111,,Natural / Wildfire / Other,0.4298,0.0164,0.5538,0.5538,MEDIUM,outputs/phase_5_ml_handoff/final_model.joblib,5909bb546fc55aeffd37b7bb601e96718709fe685e987705b246bb2963279798,phase_5_ml_handoff/final_model.joblib,2026-09-06T17:19:14Z
FIRMS_TN_0091,91,9.78928,78.08914,2024-12-05,807,N20,VIIRS_N20,VIIRS,2.17,332.05,298.1,n,D,Grassland,,202527042,1578.1053174993233,1.5781053174993234,MEDIUM,Agricultural Burning,0.7694,0.0367,0.194,0.7694,HIGH,outputs/phase_5_ml_handoff/final_model.joblib,5909bb546fc55aeffd37b7bb601e96718709fe685e987705b246bb2963279798,phase_5_ml_handoff/final_model.joblib,2026-09-06T17:19:14Z
FIRMS_TN_0092,92,11.81644,77.91484,2024-12-05,2042,N20,VIIRS_N20,VIIRS,1.67,314.01,291.14,n,N,Built-up,JSW Steel Plant,876239837,425.5175289694269,0.4255175289694268,,Industrial Thermal Activity,0.0,1.0,0.0,1.0,HIGH,outputs/phase_5_ml_handoff/final_model.joblib,5909bb546fc55aeffd37b7bb601e96718709fe685e987705b246bb2963279798,phase_5_ml_handoff/final_model.joblib,2026-09-06T17:19:14Z
FIRMS_TN_0093,93,13.08348,79.98227,2024-12-05,2042,N20,VIIRS_N20,VIIRS,7.89,338.59,291.76,n,N,Grassland,,202465563,102146.54020147429,102.14654020147428,MEDIUM,Industrial Thermal Activity,0.3007,0.3972,0.3022,0.3972,LOW,outputs/phase_5_ml_handoff/final_model.joblib,5909bb546fc55aeffd37b7bb601e96718709fe685e987705b246bb2963279798,phase_5_ml_handoff/final_model.joblib,2026-09-06T17:19:14Z
FIRMS_TN_0094,94,11.2042,77.56649,2024-12-05,2042,N20,VIIRS_N20,VIIRS,0.98,311.38,290.66,n,N,Grassland,,823591866,528.3272957877394,0.5283272957877394,,Industrial Thermal Activity,0.05,0.9284,0.0216,0.9284,HIGH,outputs/phase_5_ml_handoff/final_model.joblib,5909bb546fc55aeffd37b7bb601e96718709fe685e987705b246bb2963279798,phase_5_ml_handoff/final_model.joblib,2026-09-06T17:19:14Z
FIRMS_TN_0095,95,11.30839,78.23434,2024-12-06,748,N20,VIIRS_N20,VIIRS,13.94,340.17,299.79,n,D,Cropland,Sendamangalam,1097586861,4162.416756934263,4.162416756934262,,Agricultural Burning,0.7248,0.0067,0.2685,0.7248,MEDIUM,outputs/phase_5_ml_handoff/final_model.joblib,5909bb546fc55aeffd37b7bb601e96718709fe685e987705b246bb2963279798,phase_5_ml_handoff/final_model.joblib,2026-09-06T17:19:14Z
FIRMS_TN_0096,96,11.55684,78.93368,2024-12-06,748,N20,VIIRS_N20,VIIRS,3.68,334.28,297.82,n,D,Cropland,,17419092,4886.681073339836,4.886681073339836,,Agricultural Burning,0.8392,0.026,0.1348,0.8392,HIGH,outputs/phase_5_ml_handoff/final_model.joblib,5909bb546fc55aeffd37b7bb601e96718709fe685e987705b246bb2963279798,phase_5_ml_handoff/final_model.joblib,2026-09-06T17:19:14Z
FIRMS_TN_0097,97,11.18291,79.10018,2024-12-06,2023,N20,VIIRS_N20,VIIRS,0.66,304.45,281.86,n,N,Built-up,,340697977,422.2231440177953,0.4222231440177953,,Industrial Thermal Activity,0.2194,0.7602,0.0203,0.7602,HIGH,outputs/phase_5_ml_handoff/final_model.joblib,5909bb546fc55aeffd37b7bb601e96718709fe685e987705b246bb2963279798,phase_5_ml_handoff/final_model.joblib,2026-09-06T17:19:14Z
FIRMS_TN_0098,98,11.8087,77.92446,2024-12-06,2023,N20,VIIRS_N20,VIIRS,1.04,305.36,293.0,n,N,Built-up,,340479189,264.94843807385547,0.2649484380738555,,Industrial Thermal Activity,0.0451,0.9549,0.0,0.9549,HIGH,outputs/phase_5_ml_handoff/final_model.joblib,5909bb546fc55aeffd37b7bb601e96718709fe685e987705b246bb2963279798,phase_5_ml_handoff/final_model.joblib,2026-09-06T17:19:14Z
FIRMS_TN_0099,99,11.80927,77.92089,2024-12-06,2023,N20,VIIRS_N20,VIIRS,1.0,305.07,292.28,n,N,Built-up,,340479189,386.4031797005644,0.3864031797005644,,Industrial Thermal Activity,0.0351,0.9649,0.0,0.9649,HIGH,outputs/phase_5_ml_handoff/final_model.joblib,5909bb546fc55aeffd37b7bb601e96718709fe685e987705b246bb2963279798,phase_5_ml_handoff/final_model.joblib,2026-09-06T17:19:14Z
FIRMS_TN_0100,100,11.81649,77.91842,2024-12-06,2023,N20,VIIRS_N20,VIIRS,1.29,315.16,289.77,n,N,Built-up,,340479236,122.0163267572707,0.1220163267572707,,Industrial Thermal Activity,0.0114,0.9786,0.01,0.9786,HIGH,outputs/phase_5_ml_handoff/final_model.joblib,5909bb546fc55aeffd37b7bb601e96718709fe685e987705b246bb2963279798,phase_5_ml_handoff/final_model.joblib,2026-09-06T17:19:14Z
FIRMS_TN_0101,101,13.16047,80.28578,2024-12-06,2023,N20,VIIRS_N20,VIIRS,2.07,309.56,292.99,n,N,Built-up,,202465563,116581.43621366248,116.58143621366249,,Industrial Thermal Activity,0.0138,0.9601,0.0261,0.9601,HIGH,outputs/phase_5_ml_handoff/final_model.joblib,5909bb546fc55aeffd37b7bb601e96718709fe685e987705b246bb2963279798,phase_5_ml_handoff/final_model.joblib,2026-09-06T17:19:14Z
FIRMS_TN_0102,102,10.92305,77.06053,2024-12-06,2025,N20,VIIRS_N20,VIIRS,0.37,302.27,290.32,n,N,Tree cover,,3449174406,20710.23504823216,20.71023504823216,,Industrial Thermal Activity,0.3418,0.5807,0.0775,0.5807,MEDIUM,outputs/phase_5_ml_handoff/final_model.joblib,5909bb546fc55aeffd37b7bb601e96718709fe685e987705b246bb2963279798,phase_5_ml_handoff/final_model.joblib,2026-09-06T17:19:14Z
FIRMS_TN_0103,103,9.69524,78.25095,2024-12-07,730,N20,VIIRS_N20,VIIRS,2.53,330.05,295.34,n,D,Grassland,,17323908,4800.126337595339,4.800126337595339,,Agricultural Burning,0.6849,0.01,0.3051,0.6849,MEDIUM,outputs/phase_5_ml_handoff/final_model.joblib,5909bb546fc55aeffd37b7bb601e96718709fe685e987705b246bb2963279798,phase_5_ml_handoff/final_model.joblib,2026-09-06T17:19:14Z
FIRMS_TN_0104,104,11.41806,77.40839,2024-12-07,730,N20,VIIRS_N20,VIIRS,2.7,330.35,290.46,n,D,Cropland,,336571721,1887.841541042334,1.887841541042334,,Agricultural Burning,0.6823,0.036,0.2817,0.6823,MEDIUM,outputs/phase_5_ml_handoff/final_model.joblib,5909bb546fc55aeffd37b7bb601e96718709fe685e987705b246bb2963279798,phase_5_ml_handoff/final_model.joblib,2026-09-06T17:19:14Z
FIRMS_TN_0105,105,10.9318,77.06347,2024-12-07,2004,N20,VIIRS_N20,VIIRS,1.32,300.96,290.39,n,N,Grassland,,3449174617,20390.149124228887,20.390149124228888,,Industrial Thermal Activity,0.1429,0.7857,0.0714,0.7857,HIGH,outputs/phase_5_ml_handoff/final_model.joblib,5909bb546fc55aeffd37b7bb601e96718709fe685e987705b246bb2963279798,phase_5_ml_handoff/final_model.joblib,2026-09-06T17:19:14Z
FIRMS_TN_0106,106,11.81816,77.91727,2024-12-07,2004,N20,VIIRS_N20,VIIRS,1.06,305.01,291.78,n,N,Built-up,,340479236,280.419549621998,0.280419549621998,,Industrial Thermal Activity,0.0251,0.9749,0.0,0.9749,HIGH,outputs/phase_5_ml_handoff/final_model.joblib,5909bb546fc55aeffd37b7bb601e96718709fe685e987705b246bb2963279798,phase_5_ml_handoff/final_model.joblib,2026-09-06T17:19:14Z
FIRMS_TN_0107,107,12.85547,79.90582,2024-12-07,2004,N20,VIIRS_N20,VIIRS,0.96,308.12,289.52,n,N,Cropland,,1026841614,75957.3075554979,75.9573075554979,,Industrial Thermal Activity,0.3219,0.3989,0.2792,0.3989,LOW,outputs/phase_5_ml_handoff/final_model.joblib,5909bb546fc55aeffd37b7bb601e96718709fe685e987705b246bb2963279798,phase_5_ml_handoff/final_model.joblib,2026-09-06T17:19:14Z
FIRMS_TN_0108,108,12.96963,79.91547,2024-12-07,2004,N20,VIIRS_N20,VIIRS,0.51,305.64,293.62,n,N,Grassland,,1026841614,88604.52842162742,88.60452842162742,,Agricultural Burning,0.4958,0.2682,0.236,0.4958,LOW,outputs/phase_5_ml_handoff/final_model.joblib,5909bb546fc55aeffd37b7bb601e96718709fe685e987705b246bb2963279798,phase_5_ml_handoff/final_model.joblib,2026-09-06T17:19:14Z
FIRMS_TN_0109,109,13.15946,80.28299,2024-12-07,2004,N20,VIIRS_N20,VIIRS,2.59,320.44,290.65,n,N,Built-up,,202465563,116379.72267378333,116.37972267378332,,Industrial Thermal Activity,0.0565,0.8284,0.1151,0.8284,HIGH,outputs/phase_5_ml_handoff/final_model.joblib,5909bb546fc55aeffd37b7bb601e96718709fe685e987705b246bb2963279798,phase_5_ml_handoff/final_model.joblib,2026-09-06T17:19:14Z
FIRMS_TN_0110,110,13.4469,80.09521,2024-12-07,2004,N20,VIIRS_N20,VIIRS,0.84,308.77,291.18,n,N,Shrubland,,202465563,143388.76867026856,143.38876867026855,,Industrial Thermal Activity,0.1471,0.6354,0.2174,0.6354,MEDIUM,outputs/phase_5_ml_handoff/final_model.joblib,5909bb546fc55aeffd37b7bb601e96718709fe685e987705b246bb2963279798,phase_5_ml_handoff/final_model.joblib,2026-09-06T17:19:14Z
FIRMS_TN_0111,111,12.70293,77.96101,2024-12-08,1944,N20,VIIRS_N20,VIIRS,0.41,302.2,288.83,n,N,Grassland,Palavadi,425335457,60789.473123297605,60.7894731232976,,Agricultural Burning,0.6199,0.1569,0.2232,0.6199,MEDIUM,outputs/phase_5_ml_handoff/final_model.joblib,5909bb546fc55aeffd37b7bb601e96718709fe685e987705b246bb2963279798,phase_5_ml_handoff/final_model.joblib,2026-09-06T17:19:14Z
FIRMS_TN_0112,112,11.17625,79.08495,2024-12-08,1946,N20,VIIRS_N20,VIIRS,1.05,303.1,291.37,n,N,Tree cover,,178523246,1056.7053178358874,1.0567053178358874,,Agricultural Burning,0.5136,0.3023,0.1841,0.5136,MEDIUM,outputs/phase_5_ml_handoff/final_model.joblib,5909bb546fc55aeffd37b7bb601e96718709fe685e987705b246bb2963279798,phase_5_ml_handoff/final_model.joblib,2026-09-06T17:19:14Z
FIRMS_TN_0113,113,9.76998,77.95444,2024-12-09,832,N20,VIIRS_N20,VIIRS,3.26,332.5,294.85,n,D,Shrubland,,990641677,2546.4905913065563,2.5464905913065565,MEDIUM,Agricultural Burning,0.7812,0.0273,0.1914,0.7812,HIGH,outputs/phase_5_ml_handoff/final_model.joblib,5909bb546fc55aeffd37b7bb601e96718709fe685e987705b246bb2963279798,phase_5_ml_handoff/final_model.joblib,2026-09-06T17:19:14Z
FIRMS_TN_0114,114,13.08267,79.97949,2024-12-09,1925,N20,VIIRS_N20,VIIRS,0.53,301.59,287.87,n,N,Bare/sparse vegetation,,202465563,102045.6640570061,102.04566405700608,,Industrial Thermal Activity,0.2807,0.681,0.0383,0.681,MEDIUM,outputs/phase_5_ml_handoff/final_model.joblib,5909bb546fc55aeffd37b7bb601e96718709fe685e987705b246bb2963279798,phase_5_ml_handoff/final_model.joblib,2026-09-06T17:19:14Z
FIRMS_TN_0115,115,13.15994,80.28136,2024-12-09,1925,N20,VIIRS_N20,VIIRS,1.1,310.49,285.55,n,N,Built-up,,202465563,116375.15623941532,116.37515623941532,,Industrial Thermal Activity,0.0423,0.9293,0.0283,0.9293,HIGH,outputs/phase_5_ml_handoff/final_model.joblib,5909bb546fc55aeffd37b7bb601e96718709fe685e987705b246bb2963279798,phase_5_ml_handoff/final_model.joblib,2026-09-06T17:19:14Z
FIRMS_TN_0116,116,13.16152,80.27855,2024-12-09,1925,N20,VIIRS_N20,VIIRS,2.19,306.73,285.68,n,N,Built-up,,202465563,116447.53655120802,116.44753655120802,,Industrial Thermal Activity,0.0726,0.8388,0.0886,0.8388,HIGH,outputs/phase_5_ml_handoff/final_model.joblib,5909bb546fc55aeffd37b7bb601e96718709fe685e987705b246bb2963279798,phase_5_ml_handoff/final_model.joblib,2026-09-06T17:19:14Z
FIRMS_TN_0117,117,13.0032,79.90566,2024-12-09,1925,N20,VIIRS_N20,VIIRS,0.48,303.25,287.22,n,N,Tree cover,,1026841614,92082.35557187992,92.08235557187992,,Agricultural Burning,0.6316,0.1512,0.2172,0.6316,MEDIUM,outputs/phase_5_ml_handoff/final_model.joblib,5909bb546fc55aeffd37b7bb601e96718709fe685e987705b246bb2963279798,phase_5_ml_handoff/final_model.joblib,2026-09-06T17:19:14Z
FIRMS_TN_0118,118,13.16194,80.28547,2024-12-09,2105,N20,VIIRS_N20,VIIRS,2.19,301.16,284.89,n,N,Tree cover,,202465563,116725.94900066884,116.72594900066883,MEDIUM,Industrial Thermal Activity,0.0107,0.971,0.0183,0.971,HIGH,outputs/phase_5_ml_handoff/final_model.joblib,5909bb546fc55aeffd37b7bb601e96718709fe685e987705b246bb2963279798,phase_5_ml_handoff/final_model.joblib,2026-09-06T17:19:14Z
FIRMS_TN_0119,119,11.5004,77.66466,2024-12-10,813,N20,VIIRS_N20,VIIRS,1.56,330.01,299.13,n,D,Cropland,Urachikottai,508747402,4232.871152767903,4.232871152767904,,Agricultural Burning,0.71,0.04,0.25,0.71,MEDIUM,outputs/phase_5_ml_handoff/final_model.joblib,5909bb546fc55aeffd37b7bb601e96718709fe685e987705b246bb2963279798,phase_5_ml_handoff/final_model.joblib,2026-09-06T17:19:14Z
FIRMS_TN_0120,120,10.2006,77.91628,2024-12-10,813,N20,VIIRS_N20,VIIRS,2.99,332.12,294.92,n,D,Shrubland,,1330708153,6828.526297833246,6.828526297833246,,Natural / Wildfire / Other,0.2535,0.0107,0.7359,0.7359,MEDIUM,outputs/phase_5_ml_handoff/final_model.joblib,5909bb546fc55aeffd37b7bb601e96718709fe685e987705b246bb2963279798,phase_5_ml_handoff/final_model.joblib,2026-09-06T17:19:14Z
FIRMS_TN_0121,121,10.07669,77.4958,2024-12-10,813,N20,VIIRS_N20,VIIRS,12.14,343.83,299.02,n,D,Cropland,Madurapuri,1201040251,2515.7595977111414,2.515759597711141,MEDIUM,Agricultural Burning,0.8152,0.0167,0.1682,0.8152,HIGH,outputs/phase_5_ml_handoff/final_model.joblib,5909bb546fc55aeffd37b7bb601e96718709fe685e987705b246bb2963279798,phase_5_ml_handoff/final_model.joblib,2026-09-06T17:19:14Z
FIRMS_TN_0122,122,9.84554,78.02377,2024-12-10,813,N20,VIIRS_N20,VIIRS,6.79,339.41,297.28,n,D,Cropland,,990641684,898.1800863695421,0.898180086369542,HIGH,Agricultural Burning,0.863,0.0687,0.0683,0.863,HIGH,outputs/phase_5_ml_handoff/final_model.joblib,5909bb546fc55aeffd37b7bb601e96718709fe685e987705b246bb2963279798,phase_5_ml_handoff/final_model.joblib,2026-09-06T17:19:14Z
FIRMS_TN_0123,123,9.67397,77.88118,2024-12-10,813,N20,VIIRS_N20,VIIRS,3.0,336.45,296.73,n,D,Tree cover,ROPE Enterprises Pvt Ltd,11733554339,1724.224255915977,1.724224255915977,MEDIUM,Agricultural Burning,0.8174,0.1167,0.066,0.8174,HIGH,outputs/phase_5_ml_handoff/final_model.joblib,5909bb546fc55aeffd37b7bb601e96718709fe685e987705b246bb2963279798,phase_5_ml_handoff/final_model.joblib,2026-09-06T17:19:14Z
FIRMS_TN_0124,124,11.81672,77.91647,2024-12-10,2048,N20,VIIRS_N20,VIIRS,1.76,309.14,290.04,n,N,Built-up,JSW Steel Plant,876239837,311.81616961377847,0.3118161696137784,,Industrial Thermal Activity,0.0,1.0,0.0,1.0,HIGH,outputs/phase_5_ml_handoff/final_model.joblib,5909bb546fc55aeffd37b7bb601e96718709fe685e987705b246bb2963279798,phase_5_ml_handoff/final_model.joblib,2026-09-06T17:19:14Z
FIRMS_TN_0125,125,12.65014,77.90301,2024-12-10,2048,N20,VIIRS_N20,VIIRS,2.34,315.05,287.51,n,N,Grassland,Palavadi,425335457,56566.18107564154,56.566181075641545,,Industrial Thermal Activity,0.2851,0.3698,0.3451,0.3698,LOW,outputs/phase_5_ml_handoff/final_model.joblib,5909bb546fc55aeffd37b7bb601e96718709fe685e987705b246bb2963279798,phase_5_ml_handoff/final_model.joblib,2026-09-06T17:19:14Z
FIRMS_TN_0126,126,13.06451,80.18615,2024-12-13,1951,N20,VIIRS_N20,VIIRS,0.59,299.81,287.68,n,N,Built-up,,202465563,103279.14593594168,103.27914593594168,,Industrial Thermal Activity,0.289,0.6777,0.0333,0.6777,MEDIUM,outputs/phase_5_ml_handoff/final_model.joblib,5909bb546fc55aeffd37b7bb601e96718709fe685e987705b246bb2963279798,phase_5_ml_handoff/final_model.joblib,2026-09-06T17:19:14Z
FIRMS_TN_0127,127,13.16292,80.28403,2024-12-13,1951,N20,VIIRS_N20,VIIRS,0.8,306.34,291.65,n,N,Tree cover,,202465563,116780.35948455097,116.78035948455096,,Industrial Thermal Activity,0.1543,0.8173,0.0283,0.8173,HIGH,outputs/phase_5_ml_handoff/final_model.joblib,5909bb546fc55aeffd37b7bb601e96718709fe685e987705b246bb2963279798,phase_5_ml_handoff/final_model.joblib,2026-09-06T17:19:14Z
FIRMS_TN_0128,128,13.16121,80.28536,2024-12-13,1951,N20,VIIRS_N20,VIIRS,1.63,306.24,291.2,n,N,Built-up,,202465563,116645.16158511248,116.64516158511248,,Industrial Thermal Activity,0.0107,0.971,0.0183,0.971,HIGH,outputs/phase_5_ml_handoff/final_model.joblib,5909bb546fc55aeffd37b7bb601e96718709fe685e987705b246bb2963279798,phase_5_ml_handoff/final_model.joblib,2026-09-06T17:19:14Z
FIRMS_TN_0129,129,13.39247,80.09898,2024-12-13,1951,N20,VIIRS_N20,VIIRS,0.25,301.98,288.82,n,N,Cropland,,202465563,137424.881251842,137.42488125184198,,Agricultural Burning,0.6718,0.1683,0.1598,0.6718,MEDIUM,outputs/phase_5_ml_handoff/final_model.joblib,5909bb546fc55aeffd37b7bb601e96718709fe685e987705b246bb2963279798,phase_5_ml_handoff/final_model.joblib,2026-09-06T17:19:14Z
FIRMS_TN_0130,130,13.16315,80.27982,2024-12-14,1932,N20,VIIRS_N20,VIIRS,1.31,304.87,292.17,n,N,Built-up,,202465563,116662.46894157148,116.66246894157146,,Industrial Thermal Activity,0.1352,0.804,0.0608,0.804,HIGH,outputs/phase_5_ml_handoff/final_model.joblib,5909bb546fc55aeffd37b7bb601e96718709fe685e987705b246bb2963279798,phase_5_ml_handoff/final_model.joblib,2026-09-06T17:19:14Z
FIRMS_TN_0131,131,13.16219,80.28056,2024-12-14,1932,N20,VIIRS_N20,VIIRS,0.92,304.72,292.0,n,N,Built-up,,202465563,116585.8848470674,116.58588484706742,,Industrial Thermal Activity,0.0543,0.9273,0.0183,0.9273,HIGH,outputs/phase_5_ml_handoff/final_model.joblib,5909bb546fc55aeffd37b7bb601e96718709fe685e987705b246bb2963279798,phase_5_ml_handoff/final_model.joblib,2026-09-06T17:19:14Z
FIRMS_TN_0132,132,12.62623,77.90338,2024-12-14,1932,N20,VIIRS_N20,VIIRS,1.72,312.78,286.16,n,N,Cropland,Palavadi,425335457,54021.87255275186,54.02187255275186,,Agricultural Burning,0.5122,0.1913,0.2965,0.5122,MEDIUM,outputs/phase_5_ml_handoff/final_model.joblib,5909bb546fc55aeffd37b7bb601e96718709fe685e987705b246bb2963279798,phase_5_ml_handoff/final_model.joblib,2026-09-06T17:19:14Z
FIRMS_TN_0133,133,11.20735,77.56242,2024-12-14,2114,N20,VIIRS_N20,VIIRS,0.72,298.91,288.66,n,N,Cropland,,823591866,1020.7402969136716,1.0207402969136716,,Industrial Thermal Activity,0.2883,0.6872,0.0244,0.6872,MEDIUM,outputs/phase_5_ml_handoff/final_model.joblib,5909bb546fc55aeffd37b7bb601e96718709fe685e987705b246bb2963279798,phase_5_ml_handoff/final_model.joblib,2026-09-06T17:19:14Z
FIRMS_TN_0134,134,11.80848,77.92314,2024-12-15,820,N20,VIIRS_N20,VIIRS,3.13,328.29,299.57,n,D,Grassland,,340479189,203.78870129137096,0.2037887012913709,,Industrial Thermal Activity,0.149,0.6923,0.1587,0.6923,MEDIUM,outputs/phase_5_ml_handoff/final_model.joblib,5909bb546fc55aeffd37b7bb601e96718709fe685e987705b246bb2963279798,phase_5_ml_handoff/final_model.joblib,2026-09-06T17:19:14Z
FIRMS_TN_0135,135,11.20535,77.56535,2024-12-15,2053,N20,VIIRS_N20,VIIRS,1.42,320.14,290.65,n,N,Cropland,,823591866,682.6748414741023,0.6826748414741023,,Industrial Thermal Activity,0.0942,0.8814,0.0244,0.8814,HIGH,outputs/phase_5_ml_handoff/final_model.joblib,5909bb546fc55aeffd37b7bb601e96718709fe685e987705b246bb2963279798,phase_5_ml_handoff/final_model.joblib,2026-09-06T17:19:14Z
FIRMS_TN_0136,136,11.18495,79.09976,2024-12-15,2053,N20,VIIRS_N20,VIIRS,1.19,306.14,289.92,n,N,Tree cover,,340697977,367.1654604916772,0.3671654604916771,,Industrial Thermal Activity,0.0261,0.9739,0.0,0.9739,HIGH,outputs/phase_5_ml_handoff/final_model.joblib,5909bb546fc55aeffd37b7bb601e96718709fe685e987705b246bb2963279798,phase_5_ml_handoff/final_model.joblib,2026-09-06T17:19:14Z
FIRMS_TN_0137,137,11.81657,77.91467,2024-12-15,2053,N20,VIIRS_N20,VIIRS,1.45,307.92,290.06,n,N,Built-up,JSW Steel Plant,876239837,448.8173598825396,0.4488173598825396,,Industrial Thermal Activity,0.01,0.99,0.0,0.99,HIGH,outputs/phase_5_ml_handoff/final_model.joblib,5909bb546fc55aeffd37b7bb601e96718709fe685e987705b246bb2963279798,phase_5_ml_handoff/final_model.joblib,2026-09-06T17:19:14Z
FIRMS_TN_0138,138,11.48131,77.4594,2024-12-16,802,N20,VIIRS_N20,VIIRS,8.59,342.79,300.67,n,D,Cropland,Coirmedia,1440947503,2295.5884972236377,2.295588497223638,HIGH,Agricultural Burning,0.886,0.0435,0.0705,0.886,HIGH,outputs/phase_5_ml_handoff/final_model.joblib,5909bb546fc55aeffd37b7bb601e96718709fe685e987705b246bb2963279798,phase_5_ml_handoff/final_model.joblib,2026-09-06T17:19:14Z
FIRMS_TN_0139,139,12.76216,77.78831,2024-12-16,802,N20,VIIRS_N20,VIIRS,1.43,337.56,302.01,n,D,Built-up,,1134097095,59557.847684182445,59.55784768418245,,Agricultural Burning,0.4674,0.13,0.4026,0.4674,LOW,outputs/phase_5_ml_handoff/final_model.joblib,5909bb546fc55aeffd37b7bb601e96718709fe685e987705b246bb2963279798,phase_5_ml_handoff/final_model.joblib,2026-09-06T17:19:14Z
FIRMS_TN_0140,140,12.76547,77.78778,2024-12-16,802,N20,VIIRS_N20,VIIRS,4.32,344.81,304.2,n,D,Bare/sparse vegetation,,1134097095,59491.555999704506,59.4915559997045,,Natural / Wildfire / Other,0.2949,0.0551,0.65,0.65,MEDIUM,outputs/phase_5_ml_handoff/final_model.joblib,5909bb546fc55aeffd37b7bb601e96718709fe685e987705b246bb2963279798,phase_5_ml_handoff/final_model.joblib,2026-09-06T17:19:14Z
FIRMS_TN_0141,141,11.81888,77.91548,2024-12-16,2036,N20,VIIRS_N20,VIIRS,1.19,305.13,286.45,n,N,Tree cover,,340479236,489.64492595005936,0.4896449259500594,,Industrial Thermal Activity,0.0214,0.9786,0.0,0.9786,HIGH,outputs/phase_5_ml_handoff/final_model.joblib,5909bb546fc55aeffd37b7bb601e96718709fe685e987705b246bb2963279798,phase_5_ml_handoff/final_model.joblib,2026-09-06T17:19:14Z
FIRMS_TN_0142,142,11.20212,77.56716,2024-12-16,2036,N20,VIIRS_N20,VIIRS,1.93,318.27,289.9,n,N,Bare/sparse vegetation,,823591866,290.05405586036164,0.2900540558603616,HIGH,Industrial Thermal Activity,0.025,0.9334,0.0416,0.9334,HIGH,outputs/phase_5_ml_handoff/final_model.joblib,5909bb546fc55aeffd37b7bb601e96718709fe685e987705b246bb2963279798,phase_5_ml_handoff/final_model.joblib,2026-09-06T17:19:14Z
FIRMS_TN_0143,143,11.8174,77.91515,2024-12-17,2016,N20,VIIRS_N20,VIIRS,0.97,305.75,288.28,n,N,Built-up,JSW Steel Plant,876239837,464.00659129658777,0.4640065912965878,,Industrial Thermal Activity,0.0217,0.9783,0.0,0.9783,HIGH,outputs/phase_5_ml_handoff/final_model.joblib,5909bb546fc55aeffd37b7bb601e96718709fe685e987705b246bb2963279798,phase_5_ml_handoff/final_model.joblib,2026-09-06T17:19:14Z
FIRMS_TN_0144,144,11.20251,77.56435,2024-12-17,2016,N20,VIIRS_N20,VIIRS,0.41,305.83,290.08,n,N,Cropland,,823591866,462.79829702190256,0.4627982970219025,,Industrial Thermal Activity,0.2683,0.7172,0.0144,0.7172,MEDIUM,outputs/phase_5_ml_handoff/final_model.joblib,5909bb546fc55aeffd37b7bb601e96718709fe685e987705b246bb2963279798,phase_5_ml_handoff/final_model.joblib,2026-09-06T17:19:14Z
FIRMS_TN_0145,145,10.93045,77.06244,2024-12-17,2016,N20,VIIRS_N20,VIIRS,0.45,305.56,289.32,n,N,Cropland,,3449174406,20501.502162024222,20.501502162024227,,Industrial Thermal Activity,0.3818,0.5507,0.0675,0.5507,MEDIUM,outputs/phase_5_ml_handoff/final_model.joblib,5909bb546fc55aeffd37b7bb601e96718709fe685e987705b246bb2963279798,phase_5_ml_handoff/final_model.joblib,2026-09-06T17:19:14Z
FIRMS_TN_0146,146,10.92989,77.06603,2024-12-17,2016,N20,VIIRS_N20,VIIRS,0.49,301.1,289.01,n,N,Grassland,,3449174406,20108.47290766541,20.10847290766541,,Industrial Thermal Activity,0.3429,0.5807,0.0764,0.5807,MEDIUM,outputs/phase_5_ml_handoff/final_model.joblib,5909bb546fc55aeffd37b7bb601e96718709fe685e987705b246bb2963279798,phase_5_ml_handoff/final_model.joblib,2026-09-06T17:19:14Z
FIRMS_TN_0147,147,10.00933,78.04446,2024-12-18,1957,N20,VIIRS_N20,VIIRS,1.93,308.01,290.73,n,N,Tree cover,,532487857,2921.05211554039,2.9210521155403897,,Agricultural Burning,0.4932,0.3183,0.1885,0.4932,LOW,outputs/phase_5_ml_handoff/final_model.joblib,5909bb546fc55aeffd37b7bb601e96718709fe685e987705b246bb2963279798,phase_5_ml_handoff/final_model.joblib,2026-09-06T17:19:14Z
FIRMS_TN_0148,148,12.64918,77.90309,2024-12-19,1938,N20,VIIRS_N20,VIIRS,5.7,336.44,285.87,n,N,Grassland,Palavadi,425335457,56461.7103287743,56.4617103287743,MEDIUM,Natural / Wildfire / Other,0.0971,0.0192,0.8837,0.8837,HIGH,outputs/phase_5_ml_handoff/final_model.joblib,5909bb546fc55aeffd37b7bb601e96718709fe685e987705b246bb2963279798,phase_5_ml_handoff/final_model.joblib,2026-09-06T17:19:14Z
FIRMS_TN_0149,149,12.64964,77.89924,2024-12-19,1938,N20,VIIRS_N20,VIIRS,5.29,319.44,286.18,n,N,Grassland,Palavadi,425335457,56636.60475374231,56.636604753742304,,Natural / Wildfire / Other,0.135,0.1398,0.7253,0.7253,MEDIUM,outputs/phase_5_ml_handoff/final_model.joblib,5909bb546fc55aeffd37b7bb601e96718709fe685e987705b246bb2963279798,phase_5_ml_handoff/final_model.joblib,2026-09-06T17:19:14Z
FIRMS_TN_0150,150,11.44375,77.46748,2024-12-20,826,N20,VIIRS_N20,VIIRS,6.68,351.63,299.93,n,D,Cropland,Coirmedia,1440947503,2060.745009153992,2.060745009153992,,Agricultural Burning,0.8257,0.0802,0.0942,0.8257,HIGH,outputs/phase_5_ml_handoff/final_model.joblib,5909bb546fc55aeffd37b7bb601e96718709fe685e987705b246bb2963279798,phase_5_ml_handoff/final_model.joblib,2026-09-06T17:19:14Z
FIRMS_TN_0151,151,11.44777,77.46694,2024-12-20,826,N20,VIIRS_N20,VIIRS,9.86,354.99,300.5,n,D,Tree cover,Coirmedia,1440947503,1615.1911283383236,1.6151911283383236,HIGH,Agricultural Burning,0.7311,0.1248,0.1441,0.7311,MEDIUM,outputs/phase_5_ml_handoff/final_model.joblib,5909bb546fc55aeffd37b7bb601e96718709fe685e987705b246bb2963279798,phase_5_ml_handoff/final_model.joblib,2026-09-06T17:19:14Z
FIRMS_TN_0152,152,11.2123,77.60321,2024-12-20,826,N20,VIIRS_N20,VIIRS,1.68,332.67,300.34,n,D,Cropland,Ingur Traction,337856849,2266.446960785172,2.266446960785172,,Agricultural Burning,0.7327,0.03,0.2373,0.7327,MEDIUM,outputs/phase_5_ml_handoff/final_model.joblib,5909bb546fc55aeffd37b7bb601e96718709fe685e987705b246bb2963279798,phase_5_ml_handoff/final_model.joblib,2026-09-06T17:19:14Z
FIRMS_TN_0153,153,12.97122,79.91327,2024-12-20,1919,N20,VIIRS_N20,VIIRS,1.15,300.36,283.71,n,N,Grassland,,1026841614,88732.94191616487,88.73294191616488,,Agricultural Burning,0.4336,0.2935,0.2729,0.4336,LOW,outputs/phase_5_ml_handoff/final_model.joblib,5909bb546fc55aeffd37b7bb601e96718709fe685e987705b246bb2963279798,phase_5_ml_handoff/final_model.joblib,2026-09-06T17:19:14Z
FIRMS_TN_0154,154,11.52357,77.66821,2024-12-21,807,N20,VIIRS_N20,VIIRS,1.34,330.52,300.76,n,D,Cropland,Lower Mettur Barrage IV PH,508747380,5531.231187405632,5.531231187405632,,Agricultural Burning,0.6898,0.04,0.2702,0.6898,MEDIUM,outputs/phase_5_ml_handoff/final_model.joblib,5909bb546fc55aeffd37b7bb601e96718709fe685e987705b246bb2963279798,phase_5_ml_handoff/final_model.joblib,2026-09-06T17:19:14Z
FIRMS_TN_0155,155,11.47827,77.61415,2024-12-21,807,N20,VIIRS_N20,VIIRS,1.9,334.49,300.19,n,D,Cropland,Thalavaipettai,337856881,1426.1082636718302,1.42610826367183,,Agricultural Burning,0.7842,0.035,0.1808,0.7842,HIGH,outputs/phase_5_ml_handoff/final_model.joblib,5909bb546fc55aeffd37b7bb601e96718709fe685e987705b246bb2963279798,phase_5_ml_handoff/final_model.joblib,2026-09-06T17:19:14Z
FIRMS_TN_0156,156,11.47069,77.67638,2024-12-21,807,N20,VIIRS_N20,VIIRS,1.67,332.89,300.91,n,D,Tree cover,Urachikottai,508747402,2614.710799588337,2.614710799588337,,Agricultural Burning,0.6437,0.0417,0.3146,0.6437,MEDIUM,outputs/phase_5_ml_handoff/final_model.joblib,5909bb546fc55aeffd37b7bb601e96718709fe685e987705b246bb2963279798,phase_5_ml_handoff/final_model.joblib,2026-09-06T17:19:14Z
FIRMS_TN_0157,157,11.10388,77.42687,2024-12-21,807,N20,VIIRS_N20,VIIRS,2.59,333.35,297.89,n,D,Built-up,,985084087,870.6978560876358,0.8706978560876358,MEDIUM,Agricultural Burning,0.7668,0.1244,0.1088,0.7668,HIGH,outputs/phase_5_ml_handoff/final_model.joblib,5909bb546fc55aeffd37b7bb601e96718709fe685e987705b246bb2963279798,phase_5_ml_handoff/final_model.joblib,2026-09-06T17:19:14Z
FIRMS_TN_0158,158,10.74081,77.85687,2024-12-21,807,N20,VIIRS_N20,VIIRS,0.91,332.06,297.42,n,D,Grassland,,9118032962,1180.3066976229843,1.1803066976229843,MEDIUM,Agricultural Burning,0.862,0.0267,0.1113,0.862,HIGH,outputs/phase_5_ml_handoff/final_model.joblib,5909bb546fc55aeffd37b7bb601e96718709fe685e987705b246bb2963279798,phase_5_ml_handoff/final_model.joblib,2026-09-06T17:19:14Z
FIRMS_TN_0159,159,9.91195,77.92106,2024-12-21,807,N20,VIIRS_N20,VIIRS,2.18,334.42,300.24,n,D,Tree cover,,1336244249,4004.920878777628,4.004920878777628,,Agricultural Burning,0.8526,0.0367,0.1108,0.8526,HIGH,outputs/phase_5_ml_handoff/final_model.joblib,5909bb546fc55aeffd37b7bb601e96718709fe685e987705b246bb2963279798,phase_5_ml_handoff/final_model.joblib,2026-09-06T17:19:14Z
FIRMS_TN_0160,160,13.39486,80.10213,2024-12-21,2042,N20,VIIRS_N20,VIIRS,1.21,304.54,293.31,n,N,Shrubland,,202465563,137730.0198598103,137.7300198598103,,Industrial Thermal Activity,0.0127,0.959,0.0283,0.959,HIGH,outputs/phase_5_ml_handoff/final_model.joblib,5909bb546fc55aeffd37b7bb601e96718709fe685e987705b246bb2963279798,phase_5_ml_handoff/final_model.joblib,2026-09-06T17:19:14Z
FIRMS_TN_0161,161,8.57614,77.6655,2024-12-22,748,N20,VIIRS_N20,VIIRS,5.01,340.7,296.14,n,D,Built-up,,758873221,49703.83474294651,49.703834742946505,MEDIUM,Agricultural Burning,0.7274,0.0211,0.2515,0.7274,MEDIUM,outputs/phase_5_ml_handoff/final_model.joblib,5909bb546fc55aeffd37b7bb601e96718709fe685e987705b246bb2963279798,phase_5_ml_handoff/final_model.joblib,2026-09-06T17:19:14Z
FIRMS_TN_0162,162,8.84257,78.11455,2024-12-22,748,N20,VIIRS_N20,VIIRS,2.62,330.01,296.08,n,D,Shrubland,,17369385,37616.19420335506,37.61619420335506,,Natural / Wildfire / Other,0.4095,0.0011,0.5894,0.5894,MEDIUM,outputs/phase_5_ml_handoff/final_model.joblib,5909bb546fc55aeffd37b7bb601e96718709fe685e987705b246bb2963279798,phase_5_ml_handoff/final_model.joblib,2026-09-06T17:19:14Z
FIRMS_TN_0163,163,13.39196,80.10265,2024-12-22,2023,N20,VIIRS_N20,VIIRS,0.85,307.16,294.31,n,N,Grassland,,202465563,137416.90237896252,137.41690237896253,,Industrial Thermal Activity,0.0627,0.899,0.0383,0.899,HIGH,outputs/phase_5_ml_handoff/final_model.joblib,5909bb546fc55aeffd37b7bb601e96718709fe685e987705b246bb2963279798,phase_5_ml_handoff/final_model.joblib,2026-09-06T17:19:14Z
FIRMS_TN_0164,164,13.39257,80.10049,2024-12-22,2023,N20,VIIRS_N20,VIIRS,0.96,308.37,293.81,n,N,Shrubland,,202465563,137455.6534060081,137.45565340600808,,Industrial Thermal Activity,0.0427,0.919,0.0383,0.919,HIGH,outputs/phase_5_ml_handoff/final_model.joblib,5909bb546fc55aeffd37b7bb601e96718709fe685e987705b246bb2963279798,phase_5_ml_handoff/final_model.joblib,2026-09-06T17:19:14Z
FIRMS_TN_0165,165,13.39311,80.07539,2024-12-22,2023,N20,VIIRS_N20,VIIRS,0.47,308.79,293.14,n,N,Built-up,,202465563,137212.38560028482,137.21238560028482,,Industrial Thermal Activity,0.3379,0.4534,0.2086,0.4534,LOW,outputs/phase_5_ml_handoff/final_model.joblib,5909bb546fc55aeffd37b7bb601e96718709fe685e987705b246bb2963279798,phase_5_ml_handoff/final_model.joblib,2026-09-06T17:19:14Z
FIRMS_TN_0166,166,11.8156,77.91853,2024-12-22,2023,N20,VIIRS_N20,VIIRS,1.64,305.09,290.81,n,N,Built-up,JSW Steel Plant,876239837,128.95221289907732,0.1289522128990773,,Industrial Thermal Activity,0.0,1.0,0.0,1.0,HIGH,outputs/phase_5_ml_handoff/final_model.joblib,5909bb546fc55aeffd37b7bb601e96718709fe685e987705b246bb2963279798,phase_5_ml_handoff/final_model.joblib,2026-09-06T17:19:14Z
FIRMS_TN_0167,167,11.81169,77.92155,2024-12-22,2023,N20,VIIRS_N20,VIIRS,2.08,305.45,292.43,n,N,Tree cover,JSW Steel Plant,876239837,479.03822529162807,0.479038225291628,,Industrial Thermal Activity,0.002,0.998,0.0,0.998,HIGH,outputs/phase_5_ml_handoff/final_model.joblib,5909bb546fc55aeffd37b7bb601e96718709fe685e987705b246bb2963279798,phase_5_ml_handoff/final_model.joblib,2026-09-06T17:19:14Z
FIRMS_TN_0168,168,12.05193,79.74717,2024-12-23,730,N20,VIIRS_N20,VIIRS,3.25,333.88,300.46,n,D,Tree cover,,554804876,3646.250747162911,3.6462507471629104,,Agricultural Burning,0.5031,0.01,0.4869,0.5031,MEDIUM,outputs/phase_5_ml_handoff/final_model.joblib,5909bb546fc55aeffd37b7bb601e96718709fe685e987705b246bb2963279798,phase_5_ml_handoff/final_model.joblib,2026-09-06T17:19:14Z
FIRMS_TN_0169,169,11.57135,79.6544,2024-12-23,730,N20,VIIRS_N20,VIIRS,7.97,339.36,297.47,n,D,Cropland,,206113660,4447.038071488831,4.447038071488831,,Agricultural Burning,0.8302,0.005,0.1648,0.8302,HIGH,outputs/phase_5_ml_handoff/final_model.joblib,5909bb546fc55aeffd37b7bb601e96718709fe685e987705b246bb2963279798,phase_5_ml_handoff/final_model.joblib,2026-09-06T17:19:14Z
FIRMS_TN_0170,170,10.92947,77.06361,2024-12-23,2004,N20,VIIRS_N20,VIIRS,0.87,302.8,291.48,n,N,Grassland,,3449174406,20371.91200431255,20.371912004312552,,Industrial Thermal Activity,0.1345,0.7807,0.0848,0.7807,HIGH,outputs/phase_5_ml_handoff/final_model.joblib,5909bb546fc55aeffd37b7bb601e96718709fe685e987705b246bb2963279798,phase_5_ml_handoff/final_model.joblib,2026-09-06T17:19:14Z
FIRMS_TN_0171,171,11.8166,77.91568,2024-12-23,2004,N20,VIIRS_N20,VIIRS,2.52,304.41,293.06,n,N,Built-up,JSW Steel Plant,876239837,361.35354769994905,0.361353547699949,,Industrial Thermal Activity,0.0309,0.9366,0.0325,0.9366,HIGH,outputs/phase_5_ml_handoff/final_model.joblib,5909bb546fc55aeffd37b7bb601e96718709fe685e987705b246bb2963279798,phase_5_ml_handoff/final_model.joblib,2026-09-06T17:19:14Z
FIRMS_TN_0172,172,13.16163,80.28162,2024-12-24,1944,N20,VIIRS_N20,VIIRS,1.34,307.96,290.23,n,N,Built-up,,202465563,116562.47146869994,116.56247146869994,,Industrial Thermal Activity,0.0218,0.9421,0.0361,0.9421,HIGH,outputs/phase_5_ml_handoff/final_model.joblib,5909bb546fc55aeffd37b7bb601e96718709fe685e987705b246bb2963279798,phase_5_ml_handoff/final_model.joblib,2026-09-06T17:19:14Z
FIRMS_TN_0173,173,13.06699,80.18574,2024-12-24,1944,N20,VIIRS_N20,VIIRS,0.39,302.18,289.22,n,N,Built-up,,202465563,103534.9113476196,103.5349113476196,,Industrial Thermal Activity,0.3107,0.656,0.0333,0.656,MEDIUM,outputs/phase_5_ml_handoff/final_model.joblib,5909bb546fc55aeffd37b7bb601e96718709fe685e987705b246bb2963279798,phase_5_ml_handoff/final_model.joblib,2026-09-06T17:19:14Z
FIRMS_TN_0174,174,12.6561,77.75505,2024-12-24,1946,N20,VIIRS_N20,VIIRS,0.42,304.65,288.07,n,N,Cropland,,1046569109,56969.35599542756,56.96935599542756,,Agricultural Burning,0.7809,0.1026,0.1165,0.7809,HIGH,outputs/phase_5_ml_handoff/final_model.joblib,5909bb546fc55aeffd37b7bb601e96718709fe685e987705b246bb2963279798,phase_5_ml_handoff/final_model.joblib,2026-09-06T17:19:14Z
FIRMS_TN_0175,175,9.8559,77.33848,2024-12-25,832,N20,VIIRS_N20,VIIRS,3.09,332.5,302.53,n,D,Grassland,,9101497939,1892.245429453148,1.892245429453148,,Agricultural Burning,0.772,0.0297,0.1983,0.772,HIGH,outputs/phase_5_ml_handoff/final_model.joblib,5909bb546fc55aeffd37b7bb601e96718709fe685e987705b246bb2963279798,phase_5_ml_handoff/final_model.joblib,2026-09-06T17:19:14Z
FIRMS_TN_0176,176,10.76445,78.79064,2024-12-27,754,N20,VIIRS_N20,VIIRS,4.52,338.28,294.36,n,D,Tree cover,,906637570,501.0030636662363,0.5010030636662363,HIGH,Industrial Thermal Activity,0.2944,0.6581,0.0475,0.6581,MEDIUM,outputs/phase_5_ml_handoff/final_model.joblib,5909bb546fc55aeffd37b7bb601e96718709fe685e987705b246bb2963279798,phase_5_ml_handoff/final_model.joblib,2026-09-06T17:19:14Z
FIRMS_TN_0177,177,10.64623,79.0605,2024-12-27,754,N20,VIIRS_N20,VIIRS,9.95,344.72,297.12,n,D,Shrubland,Punnakulam,341305246,1989.2136361743624,1.9892136361743624,MEDIUM,Agricultural Burning,0.6869,0.0473,0.2658,0.6869,MEDIUM,outputs/phase_5_ml_handoff/final_model.joblib,5909bb546fc55aeffd37b7bb601e96718709fe685e987705b246bb2963279798,phase_5_ml_handoff/final_model.joblib,2026-09-06T17:19:14Z
FIRMS_TN_0178,178,13.08411,79.97797,2024-12-27,2027,N20,VIIRS_N20,VIIRS,0.94,304.58,292.75,n,N,Shrubland,,202465563,102200.12987870489,102.20012987870489,,Industrial Thermal Activity,0.101,0.8607,0.0383,0.8607,HIGH,outputs/phase_5_ml_handoff/final_model.joblib,5909bb546fc55aeffd37b7bb601e96718709fe685e987705b246bb2963279798,phase_5_ml_handoff/final_model.joblib,2026-09-06T17:19:14Z
FIRMS_TN_0179,179,13.39336,80.10159,2024-12-27,2027,N20,VIIRS_N20,VIIRS,1.53,305.88,293.58,n,N,Grassland,,202465563,137557.33511477127,137.55733511477126,,Industrial Thermal Activity,0.0127,0.959,0.0283,0.959,HIGH,outputs/phase_5_ml_handoff/final_model.joblib,5909bb546fc55aeffd37b7bb601e96718709fe685e987705b246bb2963279798,phase_5_ml_handoff/final_model.joblib,2026-09-06T17:19:14Z
FIRMS_TN_0180,180,11.81603,77.91521,2024-12-27,2029,N20,VIIRS_N20,VIIRS,0.95,303.31,290.52,n,N,Tree cover,JSW Steel Plant,876239837,368.084768811036,0.3680847688110359,,Industrial Thermal Activity,0.0217,0.9783,0.0,0.9783,HIGH,outputs/phase_5_ml_handoff/final_model.joblib,5909bb546fc55aeffd37b7bb601e96718709fe685e987705b246bb2963279798,phase_5_ml_handoff/final_model.joblib,2026-09-06T17:19:14Z
FIRMS_TN_0181,181,11.8112,77.9226,2024-12-27,2029,N20,VIIRS_N20,VIIRS,1.36,304.57,292.3,n,N,Tree cover,,340479189,510.5420451642938,0.5105420451642938,,Industrial Thermal Activity,0.0234,0.9766,0.0,0.9766,HIGH,outputs/phase_5_ml_handoff/final_model.joblib,5909bb546fc55aeffd37b7bb601e96718709fe685e987705b246bb2963279798,phase_5_ml_handoff/final_model.joblib,2026-09-06T17:19:14Z
FIRMS_TN_0182,182,8.65828,78.11434,2024-12-28,737,N20,VIIRS_N20,VIIRS,6.71,333.53,293.5,n,D,Permanent water bodies,,1264776476,55134.39880952583,55.13439880952584,MEDIUM,Natural / Wildfire / Other,0.4143,0.0144,0.5713,0.5713,MEDIUM,outputs/phase_5_ml_handoff/final_model.joblib,5909bb546fc55aeffd37b7bb601e96718709fe685e987705b246bb2963279798,phase_5_ml_handoff/final_model.joblib,2026-09-06T17:19:14Z
FIRMS_TN_0183,183,12.99904,79.90917,2024-12-28,2010,N20,VIIRS_N20,VIIRS,1.42,323.67,293.42,n,N,Grassland,,1026841614,91693.3196940146,91.6933196940146,,Natural / Wildfire / Other,0.2728,0.3589,0.3683,0.3683,LOW,outputs/phase_5_ml_handoff/final_model.joblib,5909bb546fc55aeffd37b7bb601e96718709fe685e987705b246bb2963279798,phase_5_ml_handoff/final_model.joblib,2026-09-06T17:19:14Z
FIRMS_TN_0184,184,11.80998,77.9227,2024-12-28,2010,N20,VIIRS_N20,VIIRS,1.43,306.04,294.45,n,N,Built-up,,340479189,374.7060314288412,0.3747060314288412,,Industrial Thermal Activity,0.0324,0.9366,0.031,0.9366,HIGH,outputs/phase_5_ml_handoff/final_model.joblib,5909bb546fc55aeffd37b7bb601e96718709fe685e987705b246bb2963279798,phase_5_ml_handoff/final_model.joblib,2026-09-06T17:19:14Z
FIRMS_TN_0185,185,11.36158,79.23222,2024-12-28,2010,N20,VIIRS_N20,VIIRS,0.55,304.49,293.35,n,N,Built-up,Ramco Cements,93323695,512.5342865747808,0.5125342865747808,MEDIUM,Agricultural Burning,0.6755,0.2853,0.0391,0.6755,MEDIUM,outputs/phase_5_ml_handoff/final_model.joblib,5909bb546fc55aeffd37b7bb601e96718709fe685e987705b246bb2963279798,phase_5_ml_handoff/final_model.joblib,2026-09-06T17:19:14Z
FIRMS_TN_0186,186,13.19071,80.22569,2024-12-28,2010,N20,VIIRS_N20,VIIRS,1.75,304.05,293.31,n,N,Cropland,,202465563,117939.52315420928,117.93952315420928,,Agricultural Burning,0.4511,0.33,0.2189,0.4511,LOW,outputs/phase_5_ml_handoff/final_model.joblib,5909bb546fc55aeffd37b7bb601e96718709fe685e987705b246bb2963279798,phase_5_ml_handoff/final_model.joblib,2026-09-06T17:19:14Z
FIRMS_TN_0187,187,11.818,77.91617,2024-12-28,2010,N20,VIIRS_N20,VIIRS,1.51,309.86,292.31,n,N,Tree cover,,340479236,381.61444074956063,0.3816144407495606,,Industrial Thermal Activity,0.0134,0.9866,0.0,0.9866,HIGH,outputs/phase_5_ml_handoff/final_model.joblib,5909bb546fc55aeffd37b7bb601e96718709fe685e987705b246bb2963279798,phase_5_ml_handoff/final_model.joblib,2026-09-06T17:19:14Z
FIRMS_TN_0188,188,13.39401,80.10009,2024-12-28,2010,N20,VIIRS_N20,VIIRS,1.64,312.26,293.73,n,N,Grassland,,202465563,137609.35115213177,137.60935115213178,MEDIUM,Industrial Thermal Activity,0.0104,0.9568,0.0328,0.9568,HIGH,outputs/phase_5_ml_handoff/final_model.joblib,5909bb546fc55aeffd37b7bb601e96718709fe685e987705b246bb2963279798,phase_5_ml_handoff/final_model.joblib,2026-09-06T17:19:14Z
FIRMS_TN_0189,189,13.16097,80.28578,2024-12-28,2010,N20,VIIRS_N20,VIIRS,2.17,304.34,293.33,n,N,Built-up,,202465563,116634.18793483214,116.63418793483214,,Industrial Thermal Activity,0.0127,0.959,0.0283,0.959,HIGH,outputs/phase_5_ml_handoff/final_model.joblib,5909bb546fc55aeffd37b7bb601e96718709fe685e987705b246bb2963279798,phase_5_ml_handoff/final_model.joblib,2026-09-06T17:19:14Z
FIRMS_TN_0190,190,13.06441,80.18712,2024-12-28,2010,N20,VIIRS_N20,VIIRS,0.56,304.75,292.87,n,N,Tree cover,,202465563,103294.88576244436,103.29488576244437,,Industrial Thermal Activity,0.2813,0.6757,0.043,0.6757,MEDIUM,outputs/phase_5_ml_handoff/final_model.joblib,5909bb546fc55aeffd37b7bb601e96718709fe685e987705b246bb2963279798,phase_5_ml_handoff/final_model.joblib,2026-09-06T17:19:14Z
FIRMS_TN_0191,191,11.10632,79.16979,2024-12-28,2010,N20,VIIRS_N20,VIIRS,0.4,304.27,293.12,n,N,Built-up,,84737250,242.77062998955867,0.2427706299895586,,Agricultural Burning,0.6526,0.2333,0.1141,0.6526,MEDIUM,outputs/phase_5_ml_handoff/final_model.joblib,5909bb546fc55aeffd37b7bb601e96718709fe685e987705b246bb2963279798,phase_5_ml_handoff/final_model.joblib,2026-09-06T17:19:14Z
FIRMS_TN_0192,192,11.18189,79.09865,2024-12-28,2010,N20,VIIRS_N20,VIIRS,0.8,310.19,293.11,n,N,Built-up,,340697977,339.65514324508894,0.3396551432450889,,Industrial Thermal Activity,0.1281,0.8619,0.01,0.8619,HIGH,outputs/phase_5_ml_handoff/final_model.joblib,5909bb546fc55aeffd37b7bb601e96718709fe685e987705b246bb2963279798,phase_5_ml_handoff/final_model.joblib,2026-09-06T17:19:14Z
FIRMS_TN_0193,193,13.42006,80.09048,2024-12-29,1953,N20,VIIRS_N20,VIIRS,1.07,299.51,286.91,n,N,Grassland,,202465563,140365.8222010186,140.3658222010186,,Agricultural Burning,0.3885,0.3683,0.2432,0.3885,LOW,outputs/phase_5_ml_handoff/final_model.joblib,5909bb546fc55aeffd37b7bb601e96718709fe685e987705b246bb2963279798,phase_5_ml_handoff/final_model.joblib,2026-09-06T17:19:14Z
FIRMS_TN_0194,194,13.00249,79.90515,2024-12-30,1932,N20,VIIRS_N20,VIIRS,0.83,303.22,287.44,n,N,Shrubland,,1026841614,91995.07965534682,91.99507965534684,,Agricultural Burning,0.4894,0.2912,0.2194,0.4894,LOW,outputs/phase_5_ml_handoff/final_model.joblib,5909bb546fc55aeffd37b7bb601e96718709fe685e987705b246bb2963279798,phase_5_ml_handoff/final_model.joblib,2026-09-06T17:19:14Z
FIRMS_TN_0195,195,11.4404,77.99475,2024-12-31,820,N20,VIIRS_N20,VIIRS,3.43,331.85,292.7,n,D,Cropland,,340340839,4618.387673342534,4.618387673342534,,Agricultural Burning,0.654,0.01,0.336,0.654,MEDIUM,outputs/phase_5_ml_handoff/final_model.joblib,5909bb546fc55aeffd37b7bb601e96718709fe685e987705b246bb2963279798,phase_5_ml_handoff/final_model.joblib,2026-09-06T17:19:14Z
FIRMS_TN_0196,196,11.68432,79.29988,2024-12-31,820,N20,VIIRS_N20,VIIRS,2.41,337.24,296.3,n,D,Tree cover,Ulundurpet,341037767,3303.970515288745,3.303970515288745,,Agricultural Burning,0.7166,0.0373,0.2461,0.7166,MEDIUM,outputs/phase_5_ml_handoff/final_model.joblib,5909bb546fc55aeffd37b7bb601e96718709fe685e987705b246bb2963279798,phase_5_ml_handoff/final_model.joblib,2026-09-06T17:19:14Z
FIRMS_TN_0197,197,12.26136,77.4773,2024-12-31,820,N20,VIIRS_N20,VIIRS,10.24,348.28,303.57,n,D,Tree cover,,1467381349,15831.010216118271,15.831010216118273,MEDIUM,Natural / Wildfire / Other,0.1414,0.0011,0.8575,0.8575,HIGH,outputs/phase_5_ml_handoff/final_model.joblib,5909bb546fc55aeffd37b7bb601e96718709fe685e987705b246bb2963279798,phase_5_ml_handoff/final_model.joblib,2026-09-06T17:19:14Z
FIRMS_TN_0198,198,12.24911,77.47062,2024-12-31,820,N20,VIIRS_N20,VIIRS,3.31,331.21,302.87,l,D,Shrubland,,13570496,14403.97019208102,14.40397019208102,,Natural / Wildfire / Other,0.3622,0.0011,0.6367,0.6367,MEDIUM,outputs/phase_5_ml_handoff/final_model.joblib,5909bb546fc55aeffd37b7bb601e96718709fe685e987705b246bb2963279798,phase_5_ml_handoff/final_model.joblib,2026-09-06T17:19:14Z
FIRMS_TN_0199,199,13.15986,80.28521,2024-12-31,2053,N20,VIIRS_N20,VIIRS,1.12,306.51,292.53,n,N,Built-up,,202465563,116497.5902352988,116.4975902352988,,Industrial Thermal Activity,0.0443,0.9273,0.0283,0.9273,HIGH,outputs/phase_5_ml_handoff/final_model.joblib,5909bb546fc55aeffd37b7bb601e96718709fe685e987705b246bb2963279798,phase_5_ml_handoff/final_model.joblib,2026-09-06T17:19:14Z
FIRMS_TN_0200,200,11.78081,77.7215,2024-12-31,2053,N20,VIIRS_N20,VIIRS,0.76,306.42,290.2,n,N,Cropland,,876239831,5949.818790234501,5.9498187902345006,MEDIUM,Agricultural Burning,0.7902,0.1383,0.0715,0.7902,HIGH,outputs/phase_5_ml_handoff/final_model.joblib,5909bb546fc55aeffd37b7bb601e96718709fe685e987705b246bb2963279798,phase_5_ml_handoff/final_model.joblib,2026-09-06T17:19:14Z
FIRMS_TN_0201,201,11.77863,77.72128,2024-12-31,2053,N20,VIIRS_N20,VIIRS,0.68,304.69,290.68,n,N,Cropland,,876239831,6087.816170906925,6.087816170906925,,Agricultural Burning,0.8052,0.1183,0.0765,0.8052,HIGH,outputs/phase_5_ml_handoff/final_model.joblib,5909bb546fc55aeffd37b7bb601e96718709fe685e987705b246bb2963279798,phase_5_ml_handoff/final_model.joblib,2026-09-06T17:19:14Z
FIRMS_TN_0202,202,11.184,79.09882,2024-12-31,2053,N20,VIIRS_N20,VIIRS,0.44,303.23,291.34,n,N,Built-up,,340697977,252.6786344265588,0.2526786344265587,,Industrial Thermal Activity,0.2161,0.7839,0.0,0.7839,HIGH,outputs/phase_5_ml_handoff/final_model.joblib,5909bb546fc55aeffd37b7bb601e96718709fe685e987705b246bb2963279798,phase_5_ml_handoff/final_model.joblib,2026-09-06T17:19:14Z
FIRMS_TN_0203,203,10.9299,77.06393,2024-12-31,2055,N20,VIIRS_N20,VIIRS,0.51,302.8,289.27,n,N,Cropland,,3449174406,20337.7321341047,20.33773213410469,,Industrial Thermal Activity,0.3793,0.5557,0.065,0.5557,MEDIUM,outputs/phase_5_ml_handoff/final_model.joblib,5909bb546fc55aeffd37b7bb601e96718709fe685e987705b246bb2963279798,phase_5_ml_handoff/final_model.joblib,2026-09-06T17:19:14Z
FIRMS_TN_0204,204,10.93015,77.06202,2024-12-31,2055,N20,VIIRS_N20,VIIRS,0.41,301.78,289.94,n,N,Cropland,,3449174406,20546.716758749903,20.546716758749906,,Industrial Thermal Activity,0.3918,0.5407,0.0675,0.5407,MEDIUM,outputs/phase_5_ml_handoff/final_model.joblib,5909bb546fc55aeffd37b7bb601e96718709fe685e987705b246bb2963279798,phase_5_ml_handoff/final_model.joblib,2026-09-06T17:19:14Z
FIRMS_TN_0205,205,8.98492,77.60124,2025-01-01,800,N20,VIIRS_N20,VIIRS,8.35,341.7,303.02,n,D,Grassland,,3148284509,36432.02552744043,36.43202552744043,MEDIUM,Natural / Wildfire / Other,0.3654,0.0011,0.6335,0.6335,MEDIUM,outputs/phase_5_ml_handoff/final_model.joblib,5909bb546fc55aeffd37b7bb601e96718709fe685e987705b246bb2963279798,phase_5_ml_handoff/final_model.joblib,2026-09-06T17:19:14Z
FIRMS_TN_0206,206,9.00014,77.61005,2025-01-01,800,N20,VIIRS_N20,VIIRS,2.68,330.68,299.15,n,D,Cropland,,3148284509,37376.201125159,37.376201125159,,Agricultural Burning,0.5878,0.0,0.4122,0.5878,MEDIUM,outputs/phase_5_ml_handoff/final_model.joblib,5909bb546fc55aeffd37b7bb601e96718709fe685e987705b246bb2963279798,phase_5_ml_handoff/final_model.joblib,2026-09-06T17:19:14Z
FIRMS_TN_0207,207,12.76551,77.78887,2025-01-01,802,N20,VIIRS_N20,VIIRS,4.8,344.2,304.08,n,D,Built-up,,1134097095,59609.64417276814,59.609644172768135,,Natural / Wildfire / Other,0.3628,0.0514,0.5857,0.5857,MEDIUM,outputs/phase_5_ml_handoff/final_model.joblib,5909bb546fc55aeffd37b7bb601e96718709fe685e987705b246bb2963279798,phase_5_ml_handoff/final_model.joblib,2026-09-06T17:19:14Z
FIRMS_TN_0208,208,12.76221,77.7894,2025-01-01,802,N20,VIIRS_N20,VIIRS,2.68,342.74,303.09,n,D,Built-up,,1134097095,59675.86267276918,59.67586267276918,,Natural / Wildfire / Other,0.4527,0.08,0.4673,0.4673,LOW,outputs/phase_5_ml_handoff/final_model.joblib,5909bb546fc55aeffd37b7bb601e96718709fe685e987705b246bb2963279798,phase_5_ml_handoff/final_model.joblib,2026-09-06T17:19:14Z
FIRMS_TN_0209,209,9.27809,78.04165,2025-01-01,802,N20,VIIRS_N20,VIIRS,1.58,330.24,298.26,n,D,Tree cover,,1002789486,17878.976203449758,17.878976203449756,LOW,Agricultural Burning,0.5102,0.03,0.4598,0.5102,MEDIUM,outputs/phase_5_ml_handoff/final_model.joblib,5909bb546fc55aeffd37b7bb601e96718709fe685e987705b246bb2963279798,phase_5_ml_handoff/final_model.joblib,2026-09-06T17:19:14Z
FIRMS_TN_0210,210,9.95182,77.59099,2025-01-01,802,N20,VIIRS_N20,VIIRS,2.79,334.88,302.88,n,D,Cropland,,3154159835,180.58017042174995,0.1805801704217499,MEDIUM,Agricultural Burning,0.7911,0.1331,0.0758,0.7911,HIGH,outputs/phase_5_ml_handoff/final_model.joblib,5909bb546fc55aeffd37b7bb601e96718709fe685e987705b246bb2963279798,phase_5_ml_handoff/final_model.joblib,2026-09-06T17:19:14Z
FIRMS_TN_0211,211,10.33826,78.88723,2025-01-01,802,N20,VIIRS_N20,VIIRS,3.52,333.68,299.81,n,D,Shrubland,,665737267,5070.475960950876,5.070475960950875,MEDIUM,Natural / Wildfire / Other,0.0628,0.0007,0.9365,0.9365,HIGH,outputs/phase_5_ml_handoff/final_model.joblib,5909bb546fc55aeffd37b7bb601e96718709fe685e987705b246bb2963279798,phase_5_ml_handoff/final_model.joblib,2026-09-06T17:19:14Z
FIRMS_TN_0212,212,10.69594,77.54763,2025-01-01,802,N20,VIIRS_N20,VIIRS,1.55,332.04,302.19,n,D,Built-up,,9117542639,1411.7067856357476,1.4117067856357477,,Agricultural Burning,0.7994,0.03,0.1706,0.7994,HIGH,outputs/phase_5_ml_handoff/final_model.joblib,5909bb546fc55aeffd37b7bb601e96718709fe685e987705b246bb2963279798,phase_5_ml_handoff/final_model.joblib,2026-09-06T17:19:14Z
FIRMS_TN_0213,213,10.94611,79.13213,2025-01-01,802,N20,VIIRS_N20,VIIRS,2.79,336.33,300.28,n,D,Tree cover,Sathamangalam,340697959,7482.198308177201,7.482198308177201,,Natural / Wildfire / Other,0.4296,0.0057,0.5647,0.5647,MEDIUM,outputs/phase_5_ml_handoff/final_model.joblib,5909bb546fc55aeffd37b7bb601e96718709fe685e987705b246bb2963279798,phase_5_ml_handoff/final_model.joblib,2026-09-06T17:19:14Z
FIRMS_TN_0214,214,11.25105,77.11478,2025-01-01,802,N20,VIIRS_N20,VIIRS,1.99,334.75,304.6,n,D,Grassland,,17338131,14671.187639902322,14.671187639902325,,Agricultural Burning,0.5127,0.0467,0.4406,0.5127,MEDIUM,outputs/phase_5_ml_handoff/final_model.joblib,5909bb546fc55aeffd37b7bb601e96718709fe685e987705b246bb2963279798,phase_5_ml_handoff/final_model.joblib,2026-09-06T17:19:14Z
FIRMS_TN_0215,215,11.94915,78.9861,2025-01-01,802,N20,VIIRS_N20,VIIRS,3.36,330.37,300.24,n,D,Grassland,Ariyalur,342137009,3354.832710190662,3.354832710190662,,Natural / Wildfire / Other,0.4007,0.0073,0.5919,0.5919,MEDIUM,outputs/phase_5_ml_handoff/final_model.joblib,5909bb546fc55aeffd37b7bb601e96718709fe685e987705b246bb2963279798,phase_5_ml_handoff/final_model.joblib,2026-09-06T17:19:14Z
FIRMS_TN_0216,216,11.70016,77.97418,2025-01-01,802,N20,VIIRS_N20,VIIRS,1.69,332.68,302.89,n,D,Grassland,Taramangalam,340479229,1321.9970531717313,1.321997053171731,,Agricultural Burning,0.6191,0.0517,0.3293,0.6191,MEDIUM,outputs/phase_5_ml_handoff/final_model.joblib,5909bb546fc55aeffd37b7bb601e96718709fe685e987705b246bb2963279798,phase_5_ml_handoff/final_model.joblib,2026-09-06T17:19:14Z
FIRMS_TN_0217,217,11.88465,79.34978,2025-01-01,802,N20,VIIRS_N20,VIIRS,3.68,337.29,301.5,n,D,Tree cover,Thiruvennainallur,341813942,4893.160422651487,4.893160422651487,,Agricultural Burning,0.5391,0.014,0.4469,0.5391,MEDIUM,outputs/phase_5_ml_handoff/final_model.joblib,5909bb546fc55aeffd37b7bb601e96718709fe685e987705b246bb2963279798,phase_5_ml_handoff/final_model.joblib,2026-09-06T17:19:14Z
FIRMS_TN_0218,218,11.5132,78.5043,2025-01-01,802,N20,VIIRS_N20,VIIRS,10.79,331.55,303.06,n,D,Cropland,,813893974,5214.957979207941,5.2149579792079415,MEDIUM,Agricultural Burning,0.783,0.0067,0.2103,0.783,HIGH,outputs/phase_5_ml_handoff/final_model.joblib,5909bb546fc55aeffd37b7bb601e96718709fe685e987705b246bb2963279798,phase_5_ml_handoff/final_model.joblib,2026-09-06T17:19:14Z
FIRMS_TN_0219,219,11.35749,77.60499,2025-01-01,802,N20,VIIRS_N20,VIIRS,2.28,331.35,300.22,n,D,Cropland,Gandhi Nagar,337856783,2650.77629575828,2.65077629575828,,Agricultural Burning,0.639,0.015,0.346,0.639,MEDIUM,outputs/phase_5_ml_handoff/final_model.joblib,5909bb546fc55aeffd37b7bb601e96718709fe685e987705b246bb2963279798,phase_5_ml_handoff/final_model.joblib,2026-09-06T17:19:14Z
FIRMS_TN_0220,220,11.81757,77.91451,2025-01-01,2036,N20,VIIRS_N20,VIIRS,1.33,302.01,291.5,n,N,Bare/sparse vegetation,JSW Steel Plant,876239837,528.232756284961,0.528232756284961,,Industrial Thermal Activity,0.022,0.978,0.0,0.978,HIGH,outputs/phase_5_ml_handoff/final_model.joblib,5909bb546fc55aeffd37b7bb601e96718709fe685e987705b246bb2963279798,phase_5_ml_handoff/final_model.joblib,2026-09-06T17:19:14Z
FIRMS_TN_0221,221,11.18145,79.09953,2025-01-01,2036,N20,VIIRS_N20,VIIRS,1.23,307.52,290.33,n,N,Built-up,,340697977,442.6917136507949,0.4426917136507948,,Industrial Thermal Activity,0.0261,0.9639,0.01,0.9639,HIGH,outputs/phase_5_ml_handoff/final_model.joblib,5909bb546fc55aeffd37b7bb601e96718709fe685e987705b246bb2963279798,phase_5_ml_handoff/final_model.joblib,2026-09-06T17:19:14Z
FIRMS_TN_0222,222,11.81676,77.91927,2025-01-01,2036,N20,VIIRS_N20,VIIRS,1.33,308.7,291.7,n,N,Built-up,,340479236,24.938585319909933,0.0249385853199099,,Industrial Thermal Activity,0.0134,0.9866,0.0,0.9866,HIGH,outputs/phase_5_ml_handoff/final_model.joblib,5909bb546fc55aeffd37b7bb601e96718709fe685e987705b246bb2963279798,phase_5_ml_handoff/final_model.joblib,2026-09-06T17:19:14Z
FIRMS_TN_0223,223,11.35407,77.32398,2025-01-01,2036,N20,VIIRS_N20,VIIRS,0.5,301.85,290.64,n,N,Built-up,Nambiyur,336571813,1349.1749216929948,1.349174921692995,,Agricultural Burning,0.7388,0.1629,0.0983,0.7388,MEDIUM,outputs/phase_5_ml_handoff/final_model.joblib,5909bb546fc55aeffd37b7bb601e96718709fe685e987705b246bb2963279798,phase_5_ml_handoff/final_model.joblib,2026-09-06T17:19:14Z
FIRMS_TN_0224,224,11.18356,79.10158,2025-01-01,2036,N20,VIIRS_N20,VIIRS,1.27,307.96,290.43,n,N,Built-up,,1468887795,455.0856799746628,0.4550856799746628,,Industrial Thermal Activity,0.2162,0.7277,0.0561,0.7277,MEDIUM,outputs/phase_5_ml_handoff/final_model.joblib,5909bb546fc55aeffd37b7bb601e96718709fe685e987705b246bb2963279798,phase_5_ml_handoff/final_model.joblib,2026-09-06T17:19:14Z
FIRMS_TN_0225,225,11.49499,77.31486,2025-01-01,2036,N20,VIIRS_N20,VIIRS,1.25,308.42,290.58,n,N,Cropland,Periyakodiveri,336571752,3948.0062501695697,3.94800625016957,,Agricultural Burning,0.6208,0.2696,0.1096,0.6208,MEDIUM,outputs/phase_5_ml_handoff/final_model.joblib,5909bb546fc55aeffd37b7bb601e96718709fe685e987705b246bb2963279798,phase_5_ml_handoff/final_model.joblib,2026-09-06T17:19:14Z
FIRMS_TN_0226,226,11.49306,77.31637,2025-01-01,2036,N20,VIIRS_N20,VIIRS,1.27,311.48,290.51,n,N,Tree cover,Saravana Polythreads Pvt. Ltd.,1263289204,3963.710178794028,3.963710178794028,,Agricultural Burning,0.4397,0.33,0.2303,0.4397,LOW,outputs/phase_5_ml_handoff/final_model.joblib,5909bb546fc55aeffd37b7bb601e96718709fe685e987705b246bb2963279798,phase_5_ml_handoff/final_model.joblib,2026-09-06T17:19:14Z
FIRMS_TN_0227,227,13.0309,79.92147,2025-01-01,2036,N20,VIIRS_N20,VIIRS,0.61,301.8,284.17,n,N,Tree cover,,1026841614,95418.46563205044,95.41846563205044,,Agricultural Burning,0.6016,0.1712,0.2272,0.6016,MEDIUM,outputs/phase_5_ml_handoff/final_model.joblib,5909bb546fc55aeffd37b7bb601e96718709fe685e987705b246bb2963279798,phase_5_ml_handoff/final_model.joblib,2026-09-06T17:19:14Z
FIRMS_TN_0228,228,13.39424,80.09948,2025-01-01,2036,N20,VIIRS_N20,VIIRS,0.94,302.39,288.04,n,N,Grassland,,202465563,137626.77468966597,137.62677468966598,,Agricultural Burning,0.3785,0.369,0.2525,0.3785,LOW,outputs/phase_5_ml_handoff/final_model.joblib,5909bb546fc55aeffd37b7bb601e96718709fe685e987705b246bb2963279798,phase_5_ml_handoff/final_model.joblib,2026-09-06T17:19:14Z
FIRMS_TN_0229,229,11.00075,78.41774,2025-01-02,741,N20,VIIRS_N20,VIIRS,1.61,331.64,300.45,n,D,Cropland,,17368798,2111.407234582634,2.111407234582634,,Agricultural Burning,0.8294,0.02,0.1506,0.8294,HIGH,outputs/phase_5_ml_handoff/final_model.joblib,5909bb546fc55aeffd37b7bb601e96718709fe685e987705b246bb2963279798,phase_5_ml_handoff/final_model.joblib,2026-09-06T17:19:14Z
FIRMS_TN_0230,230,12.76237,78.00354,2025-01-02,743,N20,VIIRS_N20,VIIRS,2.5,330.67,302.73,n,D,Grassland,Palavadi,425335457,66739.65935929085,66.73965935929084,,Natural / Wildfire / Other,0.2375,0.0118,0.7507,0.7507,HIGH,outputs/phase_5_ml_handoff/final_model.joblib,5909bb546fc55aeffd37b7bb601e96718709fe685e987705b246bb2963279798,phase_5_ml_handoff/final_model.joblib,2026-09-06T17:19:14Z
FIRMS_TN_0231,231,13.16646,79.46835,2025-01-02,743,N20,VIIRS_N20,VIIRS,3.63,330.02,296.27,n,D,Cropland,,1026841614,113361.560593828,113.361560593828,,Agricultural Burning,0.6144,0.0,0.3856,0.6144,MEDIUM,outputs/phase_5_ml_handoff/final_model.joblib,5909bb546fc55aeffd37b7bb601e96718709fe685e987705b246bb2963279798,phase_5_ml_handoff/final_model.joblib,2026-09-06T17:19:14Z
FIRMS_TN_0232,232,13.14527,79.34011,2025-01-02,743,N20,VIIRS_N20,VIIRS,4.12,333.58,294.47,n,D,Shrubland,Rajanthangal,342136913,111973.52913226772,111.97352913226771,MEDIUM,Natural / Wildfire / Other,0.0694,0.0018,0.9288,0.9288,HIGH,outputs/phase_5_ml_handoff/final_model.joblib,5909bb546fc55aeffd37b7bb601e96718709fe685e987705b246bb2963279798,phase_5_ml_handoff/final_model.joblib,2026-09-06T17:19:14Z
FIRMS_TN_0233,233,11.74678,78.1469,2025-01-02,2016,N20,VIIRS_N20,VIIRS,0.48,297.54,283.03,n,N,Bare/sparse vegetation,Magnesite mines,16803631,2435.2700536772004,2.4352700536772005,,Agricultural Burning,0.789,0.1362,0.0749,0.789,HIGH,outputs/phase_5_ml_handoff/final_model.joblib,5909bb546fc55aeffd37b7bb601e96718709fe685e987705b246bb2963279798,phase_5_ml_handoff/final_model.joblib,2026-09-06T17:19:14Z
FIRMS_TN_0234,234,13.16005,80.28485,2025-01-02,2016,N20,VIIRS_N20,VIIRS,1.28,310.98,282.87,n,N,Built-up,,202465563,116505.34404891184,116.50534404891184,,Industrial Thermal Activity,0.0751,0.7434,0.1815,0.7434,MEDIUM,outputs/phase_5_ml_handoff/final_model.joblib,5909bb546fc55aeffd37b7bb601e96718709fe685e987705b246bb2963279798,phase_5_ml_handoff/final_model.joblib,2026-09-06T17:19:14Z
FIRMS_TN_0235,235,12.968,79.91467,2025-01-02,2016,N20,VIIRS_N20,VIIRS,0.42,295.6,271.1,n,N,Shrubland,,1026841614,88410.07385442985,88.41007385442985,,Agricultural Burning,0.541,0.2402,0.2188,0.541,MEDIUM,outputs/phase_5_ml_handoff/final_model.joblib,5909bb546fc55aeffd37b7bb601e96718709fe685e987705b246bb2963279798,phase_5_ml_handoff/final_model.joblib,2026-09-06T17:19:14Z
FIRMS_TN_0236,236,11.81654,77.9172,2025-01-02,2016,N20,VIIRS_N20,VIIRS,1.84,317.27,287.46,n,N,Built-up,,340479236,250.2533526925569,0.2502533526925569,,Industrial Thermal Activity,0.0014,0.9886,0.01,0.9886,HIGH,outputs/phase_5_ml_handoff/final_model.joblib,5909bb546fc55aeffd37b7bb601e96718709fe685e987705b246bb2963279798,phase_5_ml_handoff/final_model.joblib,2026-09-06T17:19:14Z
FIRMS_TN_0237,237,11.80883,77.92317,2025-01-02,2016,N20,VIIRS_N20,VIIRS,1.63,307.07,288.45,n,N,Built-up,,340479189,242.57965435412007,0.24257965435412,,Industrial Thermal Activity,0.0214,0.9786,0.0,0.9786,HIGH,outputs/phase_5_ml_handoff/final_model.joblib,5909bb546fc55aeffd37b7bb601e96718709fe685e987705b246bb2963279798,phase_5_ml_handoff/final_model.joblib,2026-09-06T17:19:14Z
FIRMS_TN_0238,238,11.18149,79.09891,2025-01-02,2018,N20,VIIRS_N20,VIIRS,1.34,311.23,293.51,n,N,Built-up,,340697977,391.56804662037536,0.3915680466203753,,Industrial Thermal Activity,0.0181,0.9619,0.02,0.9619,HIGH,outputs/phase_5_ml_handoff/final_model.joblib,5909bb546fc55aeffd37b7bb601e96718709fe685e987705b246bb2963279798,phase_5_ml_handoff/final_model.joblib,2026-09-06T17:19:14Z
FIRMS_TN_0239,239,11.00624,76.89335,2025-01-02,2018,N20,VIIRS_N20,VIIRS,0.36,303.46,282.83,n,N,Built-up,,985074033,39091.72430964679,39.09172430964679,,Agricultural Burning,0.6542,0.149,0.1968,0.6542,MEDIUM,outputs/phase_5_ml_handoff/final_model.joblib,5909bb546fc55aeffd37b7bb601e96718709fe685e987705b246bb2963279798,phase_5_ml_handoff/final_model.joblib,2026-09-06T17:19:14Z
FIRMS_TN_0240,240,8.20461,77.64593,2025-01-03,722,N20,VIIRS_N20,VIIRS,3.94,337.12,289.89,n,D,Shrubland,,1081579633,43798.71074204502,43.79871074204502,,Agricultural Burning,0.6457,0.0246,0.3297,0.6457,MEDIUM,outputs/phase_5_ml_handoff/final_model.joblib,5909bb546fc55aeffd37b7bb601e96718709fe685e987705b246bb2963279798,phase_5_ml_handoff/final_model.joblib,2026-09-06T17:19:14Z
FIRMS_TN_0241,241,10.74361,77.07713,2025-01-03,724,N20,VIIRS_N20,VIIRS,11.51,345.56,295.75,n,D,Grassland,,6478182087,19198.01248688615,19.19801248688615,,Natural / Wildfire / Other,0.4405,0.0078,0.5517,0.5517,MEDIUM,outputs/phase_5_ml_handoff/final_model.joblib,5909bb546fc55aeffd37b7bb601e96718709fe685e987705b246bb2963279798,phase_5_ml_handoff/final_model.joblib,2026-09-06T17:19:14Z
FIRMS_TN_0242,242,10.74274,77.0725,2025-01-03,724,N20,VIIRS_N20,VIIRS,11.26,347.22,296.97,n,D,Grassland,,6478182087,19709.74956946722,19.70974956946722,,Natural / Wildfire / Other,0.4405,0.0078,0.5517,0.5517,MEDIUM,outputs/phase_5_ml_handoff/final_model.joblib,5909bb546fc55aeffd37b7bb601e96718709fe685e987705b246bb2963279798,phase_5_ml_handoff/final_model.joblib,2026-09-06T17:19:14Z
FIRMS_TN_0243,243,10.74473,77.07406,2025-01-03,724,N20,VIIRS_N20,VIIRS,15.17,367.0,298.07,h,D,Grassland,,6478182087,19523.65612649716,19.52365612649716,MEDIUM,Natural / Wildfire / Other,0.4875,0.0078,0.5047,0.5047,MEDIUM,outputs/phase_5_ml_handoff/final_model.joblib,5909bb546fc55aeffd37b7bb601e96718709fe685e987705b246bb2963279798,phase_5_ml_handoff/final_model.joblib,2026-09-06T17:19:14Z
FIRMS_TN_0244,244,12.22936,79.20753,2025-01-03,724,N20,VIIRS_N20,VIIRS,3.78,334.43,295.7,n,D,Cropland,Rajanthangal,342136913,9321.041863846987,9.321041863846988,,Agricultural Burning,0.6299,0.011,0.3591,0.6299,MEDIUM,outputs/phase_5_ml_handoff/final_model.joblib,5909bb546fc55aeffd37b7bb601e96718709fe685e987705b246bb2963279798,phase_5_ml_handoff/final_model.joblib,2026-09-06T17:19:14Z
FIRMS_TN_0245,245,12.2317,79.20523,2025-01-03,724,N20,VIIRS_N20,VIIRS,4.25,335.81,296.21,n,D,Cropland,Rajanthangal,342136913,9482.7178139481,9.4827178139481,,Agricultural Burning,0.6408,0.011,0.3482,0.6408,MEDIUM,outputs/phase_5_ml_handoff/final_model.joblib,5909bb546fc55aeffd37b7bb601e96718709fe685e987705b246bb2963279798,phase_5_ml_handoff/final_model.joblib,2026-09-06T17:19:14Z
FIRMS_TN_0246,246,11.90528,78.9305,2025-01-03,724,N20,VIIRS_N20,VIIRS,5.28,354.59,297.33,n,D,Cropland,Sankarapuram,386718596,3972.891728702029,3.9728917287020287,,Agricultural Burning,0.8131,0.045,0.1419,0.8131,HIGH,outputs/phase_5_ml_handoff/final_model.joblib,5909bb546fc55aeffd37b7bb601e96718709fe685e987705b246bb2963279798,phase_5_ml_handoff/final_model.joblib,2026-09-06T17:19:14Z
FIRMS_TN_0247,247,11.43129,77.46838,2025-01-03,1957,N20,VIIRS_N20,VIIRS,0.8,305.46,290.08,n,N,Cropland,Coirmedia,1440947503,3447.33028816122,3.44733028816122,,Agricultural Burning,0.741,0.2002,0.0588,0.741,MEDIUM,outputs/phase_5_ml_handoff/final_model.joblib,5909bb546fc55aeffd37b7bb601e96718709fe685e987705b246bb2963279798,phase_5_ml_handoff/final_model.joblib,2026-09-06T17:19:14Z
FIRMS_TN_0248,248,11.80808,77.92257,2025-01-03,1957,N20,VIIRS_N20,VIIRS,2.1,302.59,290.75,n,N,Built-up,,340479189,174.1831314713117,0.1741831314713117,,Industrial Thermal Activity,0.0014,0.9886,0.01,0.9886,HIGH,outputs/phase_5_ml_handoff/final_model.joblib,5909bb546fc55aeffd37b7bb601e96718709fe685e987705b246bb2963279798,phase_5_ml_handoff/final_model.joblib,2026-09-06T17:19:14Z
FIRMS_TN_0249,249,11.81264,77.91956,2025-01-03,1957,N20,VIIRS_N20,VIIRS,1.48,313.87,292.32,n,N,Built-up,JSW Steel Plant,876239837,252.9631548138713,0.2529631548138713,,Industrial Thermal Activity,0.012,0.988,0.0,0.988,HIGH,outputs/phase_5_ml_handoff/final_model.joblib,5909bb546fc55aeffd37b7bb601e96718709fe685e987705b246bb2963279798,phase_5_ml_handoff/final_model.joblib,2026-09-06T17:19:14Z
FIRMS_TN_0250,250,12.32897,78.5715,2025-01-03,1957,N20,VIIRS_N20,VIIRS,0.93,304.39,289.04,n,N,Shrubland,,386718609,17886.272190298783,17.886272190298783,,Agricultural Burning,0.5229,0.2976,0.1796,0.5229,MEDIUM,outputs/phase_5_ml_handoff/final_model.joblib,5909bb546fc55aeffd37b7bb601e96718709fe685e987705b246bb2963279798,phase_5_ml_handoff/final_model.joblib,2026-09-06T17:19:14Z
FIRMS_TN_0251,251,12.85007,79.90411,2025-01-03,1957,N20,VIIRS_N20,VIIRS,2.44,320.56,292.54,n,N,Shrubland,,1026841614,75331.39145498765,75.33139145498765,,Natural / Wildfire / Other,0.1922,0.3058,0.5021,0.5021,MEDIUM,outputs/phase_5_ml_handoff/final_model.joblib,5909bb546fc55aeffd37b7bb601e96718709fe685e987705b246bb2963279798,phase_5_ml_handoff/final_model.joblib,2026-09-06T17:19:14Z
FIRMS_TN_0252,252,11.90245,79.34005,2025-01-04,707,N20,VIIRS_N20,VIIRS,7.06,331.11,294.23,n,D,Tree cover,Thiruvennainallur,341813942,6971.018641248337,6.971018641248337,,Natural / Wildfire / Other,0.2786,0.0133,0.7081,0.7081,MEDIUM,outputs/phase_5_ml_handoff/final_model.joblib,5909bb546fc55aeffd37b7bb601e96718709fe685e987705b246bb2963279798,phase_5_ml_handoff/final_model.joblib,2026-09-06T17:19:14Z
FIRMS_TN_0253,253,11.90354,79.34016,2025-01-04,707,N20,VIIRS_N20,VIIRS,6.42,331.76,293.62,n,D,Shrubland,Thiruvennainallur,341813942,7088.535093746908,7.088535093746908,,Natural / Wildfire / Other,0.2693,0.0207,0.71,0.71,MEDIUM,outputs/phase_5_ml_handoff/final_model.joblib,5909bb546fc55aeffd37b7bb601e96718709fe685e987705b246bb2963279798,phase_5_ml_handoff/final_model.joblib,2026-09-06T17:19:14Z
FIRMS_TN_0254,254,11.51105,76.51912,2025-01-05,826,N20,VIIRS_N20,VIIRS,2.66,330.32,298.62,n,D,Tree cover,,1010736998,74854.92532263369,74.85492532263369,LOW,Natural / Wildfire / Other,0.1142,0.0011,0.8847,0.8847,HIGH,outputs/phase_5_ml_handoff/final_model.joblib,5909bb546fc55aeffd37b7bb601e96718709fe685e987705b246bb2963279798,phase_5_ml_handoff/final_model.joblib,2026-09-06T17:19:14Z
FIRMS_TN_0255,255,11.55031,78.6932,2025-01-05,826,N20,VIIRS_N20,VIIRS,3.0,334.16,303.21,n,D,Cropland,,906387733,3922.9887190652607,3.922988719065261,,Agricultural Burning,0.7413,0.0,0.2587,0.7413,MEDIUM,outputs/phase_5_ml_handoff/final_model.joblib,5909bb546fc55aeffd37b7bb601e96718709fe685e987705b246bb2963279798,phase_5_ml_handoff/final_model.joblib,2026-09-06T17:19:14Z
FIRMS_TN_0256,256,10.13353,77.27407,2025-01-05,826,N20,VIIRS_N20,VIIRS,16.84,340.17,306.16,n,D,Tree cover,,1509428390,14661.828762787076,14.661828762787076,MEDIUM,Natural / Wildfire / Other,0.1269,0.0226,0.8506,0.8506,HIGH,outputs/phase_5_ml_handoff/final_model.joblib,5909bb546fc55aeffd37b7bb601e96718709fe685e987705b246bb2963279798,phase_5_ml_handoff/final_model.joblib,2026-09-06T17:19:14Z
FIRMS_TN_0257,257,8.16496,77.5927,2025-01-05,826,N20,VIIRS_N20,VIIRS,3.19,336.52,301.11,n,D,Grassland,,1081579633,38811.72184353954,38.81172184353954,,Agricultural Burning,0.5666,0.0018,0.4316,0.5666,MEDIUM,outputs/phase_5_ml_handoff/final_model.joblib,5909bb546fc55aeffd37b7bb601e96718709fe685e987705b246bb2963279798,phase_5_ml_handoff/final_model.joblib,2026-09-06T17:19:14Z
FIRMS_TN_0258,258,12.85438,79.90437,2025-01-05,1919,N20,VIIRS_N20,VIIRS,5.28,324.72,290.82,n,N,Grassland,,1026841614,75806.03623019632,75.80603623019631,MEDIUM,Natural / Wildfire / Other,0.0725,0.0886,0.8389,0.8389,HIGH,outputs/phase_5_ml_handoff/final_model.joblib,5909bb546fc55aeffd37b7bb601e96718709fe685e987705b246bb2963279798,phase_5_ml_handoff/final_model.joblib,2026-09-06T17:19:14Z
FIRMS_TN_0259,259,10.13427,77.27188,2025-01-05,2101,N20,VIIRS_N20,VIIRS,1.19,312.06,278.03,n,N,Tree cover,,1509428390,14887.065502775384,14.887065502775384,,Natural / Wildfire / Other,0.3154,0.3297,0.3549,0.3549,LOW,outputs/phase_5_ml_handoff/final_model.joblib,5909bb546fc55aeffd37b7bb601e96718709fe685e987705b246bb2963279798,phase_5_ml_handoff/final_model.joblib,2026-09-06T17:19:14Z
FIRMS_TN_0260,260,12.27398,77.48555,2025-01-06,807,N20,VIIRS_N20,VIIRS,3.72,334.22,301.69,n,D,Grassland,,1467381349,17424.705642536395,17.424705642536395,,Natural / Wildfire / Other,0.2523,0.0011,0.7466,0.7466,MEDIUM,outputs/phase_5_ml_handoff/final_model.joblib,5909bb546fc55aeffd37b7bb601e96718709fe685e987705b246bb2963279798,phase_5_ml_handoff/final_model.joblib,2026-09-06T17:19:14Z
FIRMS_TN_0261,261,12.2745,77.48907,2025-01-06,807,N20,VIIRS_N20,VIIRS,3.72,339.47,302.55,n,D,Grassland,,1467381349,17751.087668633627,17.751087668633627,,Natural / Wildfire / Other,0.2563,0.0011,0.7425,0.7425,MEDIUM,outputs/phase_5_ml_handoff/final_model.joblib,5909bb546fc55aeffd37b7bb601e96718709fe685e987705b246bb2963279798,phase_5_ml_handoff/final_model.joblib,2026-09-06T17:19:14Z
FIRMS_TN_0262,262,12.0115,78.97699,2025-01-06,807,N20,VIIRS_N20,VIIRS,3.84,342.16,296.99,n,D,Tree cover,,1467381344,2503.908721347096,2.503908721347096,,Agricultural Burning,0.7009,0.064,0.2351,0.7009,MEDIUM,outputs/phase_5_ml_handoff/final_model.joblib,5909bb546fc55aeffd37b7bb601e96718709fe685e987705b246bb2963279798,phase_5_ml_handoff/final_model.joblib,2026-09-06T17:19:14Z
FIRMS_TN_0263,263,12.08129,79.76902,2025-01-06,807,N20,VIIRS_N20,VIIRS,4.09,332.47,300.52,n,D,Tree cover,,554804876,6253.324421589578,6.2533244215895785,MEDIUM,Natural / Wildfire / Other,0.0308,0.0,0.9692,0.9692,HIGH,outputs/phase_5_ml_handoff/final_model.joblib,5909bb546fc55aeffd37b7bb601e96718709fe685e987705b246bb2963279798,phase_5_ml_handoff/final_model.joblib,2026-09-06T17:19:14Z
FIRMS_TN_0264,264,11.74525,78.10697,2025-01-06,807,N20,VIIRS_N20,VIIRS,2.82,333.75,300.18,n,D,Cropland,,665707509,3553.7021930431724,3.5537021930431725,,Agricultural Burning,0.6168,0.01,0.3732,0.6168,MEDIUM,outputs/phase_5_ml_handoff/final_model.joblib,5909bb546fc55aeffd37b7bb601e96718709fe685e987705b246bb2963279798,phase_5_ml_handoff/final_model.joblib,2026-09-06T17:19:14Z
FIRMS_TN_0265,265,10.73405,78.8576,2025-01-06,807,N20,VIIRS_N20,VIIRS,3.26,334.65,303.19,n,D,Grassland,,447015148,555.0119933859053,0.5550119933859052,,Agricultural Burning,0.5615,0.1781,0.2604,0.5615,MEDIUM,outputs/phase_5_ml_handoff/final_model.joblib,5909bb546fc55aeffd37b7bb601e96718709fe685e987705b246bb2963279798,phase_5_ml_handoff/final_model.joblib,2026-09-06T17:19:14Z
FIRMS_TN_0266,266,10.65434,78.90324,2025-01-06,807,N20,VIIRS_N20,VIIRS,3.05,337.8,295.47,n,D,Tree cover,,560347053,4477.018755551074,4.477018755551073,,Agricultural Burning,0.8953,0.029,0.0757,0.8953,HIGH,outputs/phase_5_ml_handoff/final_model.joblib,5909bb546fc55aeffd37b7bb601e96718709fe685e987705b246bb2963279798,phase_5_ml_handoff/final_model.joblib,2026-09-06T17:19:14Z
FIRMS_TN_0267,267,10.13398,77.27408,2025-01-06,807,N20,VIIRS_N20,VIIRS,8.57,340.05,303.76,n,D,Tree cover,,1509428390,14697.390174334225,14.697390174334226,,Natural / Wildfire / Other,0.2265,0.0259,0.7476,0.7476,MEDIUM,outputs/phase_5_ml_handoff/final_model.joblib,5909bb546fc55aeffd37b7bb601e96718709fe685e987705b246bb2963279798,phase_5_ml_handoff/final_model.joblib,2026-09-06T17:19:14Z
FIRMS_TN_0268,268,9.18335,78.58079,2025-01-06,807,N20,VIIRS_N20,VIIRS,3.38,334.68,301.85,n,D,Tree cover,,1537121520,5361.582818029383,5.361582818029383,,Natural / Wildfire / Other,0.2746,0.04,0.6854,0.6854,MEDIUM,outputs/phase_5_ml_handoff/final_model.joblib,5909bb546fc55aeffd37b7bb601e96718709fe685e987705b246bb2963279798,phase_5_ml_handoff/final_model.joblib,2026-09-06T17:19:14Z
FIRMS_TN_0269,269,8.66208,78.00376,2025-01-06,807,N20,VIIRS_N20,VIIRS,2.81,331.58,300.9,n,D,Tree cover,,17369385,60970.14957515059,60.97014957515059,,Natural / Wildfire / Other,0.3335,0.0011,0.6654,0.6654,MEDIUM,outputs/phase_5_ml_handoff/final_model.joblib,5909bb546fc55aeffd37b7bb601e96718709fe685e987705b246bb2963279798,phase_5_ml_handoff/final_model.joblib,2026-09-06T17:19:14Z
FIRMS_TN_0270,270,8.26385,77.14684,2025-01-06,807,N20,VIIRS_N20,VIIRS,3.29,332.48,304.61,n,D,Tree cover,,662556056,565.3643649960343,0.5653643649960343,MEDIUM,Natural / Wildfire / Other,0.2389,0.0447,0.7165,0.7165,MEDIUM,outputs/phase_5_ml_handoff/final_model.joblib,5909bb546fc55aeffd37b7bb601e96718709fe685e987705b246bb2963279798,phase_5_ml_handoff/final_model.joblib,2026-09-06T17:19:14Z
FIRMS_TN_0271,271,11.81821,77.91634,2025-01-06,2042,N20,VIIRS_N20,VIIRS,1.47,315.54,291.65,n,N,Built-up,,340479236,373.0057573506052,0.3730057573506051,,Industrial Thermal Activity,0.0134,0.9766,0.01,0.9766,HIGH,outputs/phase_5_ml_handoff/final_model.joblib,5909bb546fc55aeffd37b7bb601e96718709fe685e987705b246bb2963279798,phase_5_ml_handoff/final_model.joblib,2026-09-06T17:19:14Z
FIRMS_TN_0272,272,11.81328,77.91955,2025-01-06,2042,N20,VIIRS_N20,VIIRS,1.47,304.19,290.77,n,N,Built-up,JSW Steel Plant,876239837,198.8009374890985,0.1988009374890985,,Industrial Thermal Activity,0.01,0.99,0.0,0.99,HIGH,outputs/phase_5_ml_handoff/final_model.joblib,5909bb546fc55aeffd37b7bb601e96718709fe685e987705b246bb2963279798,phase_5_ml_handoff/final_model.joblib,2026-09-06T17:19:14Z
FIRMS_TN_0273,273,11.81797,77.91679,2025-01-06,2042,N20,VIIRS_N20,VIIRS,2.03,314.09,291.39,n,N,Built-up,,340479236,317.4608502086562,0.3174608502086562,,Industrial Thermal Activity,0.0014,0.9886,0.01,0.9886,HIGH,outputs/phase_5_ml_handoff/final_model.joblib,5909bb546fc55aeffd37b7bb601e96718709fe685e987705b246bb2963279798,phase_5_ml_handoff/final_model.joblib,2026-09-06T17:19:14Z
FIRMS_TN_0274,274,11.81306,77.92001,2025-01-06,2042,N20,VIIRS_N20,VIIRS,1.54,306.63,291.19,n,N,Built-up,JSW Steel Plant,876239837,252.75353960391908,0.252753539603919,,Industrial Thermal Activity,0.1088,0.836,0.0552,0.836,HIGH,outputs/phase_5_ml_handoff/final_model.joblib,5909bb546fc55aeffd37b7bb601e96718709fe685e987705b246bb2963279798,phase_5_ml_handoff/final_model.joblib,2026-09-06T17:19:14Z
FIRMS_TN_0275,275,11.77549,76.99091,2025-01-06,2042,N20,VIIRS_N20,VIIRS,0.59,309.64,287.04,n,N,Tree cover,PG Palya,284189645,34664.19915553623,34.66419915553623,,Agricultural Burning,0.6101,0.109,0.2809,0.6101,MEDIUM,outputs/phase_5_ml_handoff/final_model.joblib,5909bb546fc55aeffd37b7bb601e96718709fe685e987705b246bb2963279798,phase_5_ml_handoff/final_model.joblib,2026-09-06T17:19:14Z
FIRMS_TN_0276,276,10.92894,77.5596,2025-01-06,2042,N20,VIIRS_N20,VIIRS,0.35,299.88,288.46,n,N,Built-up,,11845351792,379.727079366564,0.379727079366564,MEDIUM,Agricultural Burning,0.7085,0.2523,0.0391,0.7085,MEDIUM,outputs/phase_5_ml_handoff/final_model.joblib,5909bb546fc55aeffd37b7bb601e96718709fe685e987705b246bb2963279798,phase_5_ml_handoff/final_model.joblib,2026-09-06T17:19:14Z
FIRMS_TN_0277,277,9.77955,77.90776,2025-01-06,2042,N20,VIIRS_N20,VIIRS,1.11,307.42,289.65,n,N,Tree cover,,906795394,4026.8565810905206,4.026856581090521,,Agricultural Burning,0.51,0.2973,0.1927,0.51,MEDIUM,outputs/phase_5_ml_handoff/final_model.joblib,5909bb546fc55aeffd37b7bb601e96718709fe685e987705b246bb2963279798,phase_5_ml_handoff/final_model.joblib,2026-09-06T17:19:14Z
FIRMS_TN_0278,278,8.85111,78.11459,2025-01-07,748,N20,VIIRS_N20,VIIRS,3.16,330.62,296.45,n,D,Shrubland,,17369385,36876.49410449711,36.87649410449711,,Natural / Wildfire / Other,0.3833,0.0011,0.6156,0.6156,MEDIUM,outputs/phase_5_ml_handoff/final_model.joblib,5909bb546fc55aeffd37b7bb601e96718709fe685e987705b246bb2963279798,phase_5_ml_handoff/final_model.joblib,2026-09-06T17:19:14Z
FIRMS_TN_0279,279,8.31969,77.4026,2025-01-07,748,N20,VIIRS_N20,VIIRS,2.28,335.66,296.77,n,D,Tree cover,,774534255,16563.23698939932,16.56323698939932,,Agricultural Burning,0.6527,0.0118,0.3355,0.6527,MEDIUM,outputs/phase_5_ml_handoff/final_model.joblib,5909bb546fc55aeffd37b7bb601e96718709fe685e987705b246bb2963279798,phase_5_ml_handoff/final_model.joblib,2026-09-06T17:19:14Z
FIRMS_TN_0280,280,8.22996,77.46539,2025-01-07,748,N20,VIIRS_N20,VIIRS,1.65,333.8,299.25,n,D,Tree cover,,1081579633,23743.87247858132,23.74387247858132,,Agricultural Burning,0.6191,0.03,0.3509,0.6191,MEDIUM,outputs/phase_5_ml_handoff/final_model.joblib,5909bb546fc55aeffd37b7bb601e96718709fe685e987705b246bb2963279798,phase_5_ml_handoff/final_model.joblib,2026-09-06T17:19:14Z
FIRMS_TN_0281,281,9.3789,77.40843,2025-01-07,748,N20,VIIRS_N20,VIIRS,1.49,331.02,297.46,n,D,Tree cover,Mudangiyar,309492137,15955.78790191909,15.95578790191909,LOW,Natural / Wildfire / Other,0.4335,0.051,0.5155,0.5155,MEDIUM,outputs/phase_5_ml_handoff/final_model.joblib,5909bb546fc55aeffd37b7bb601e96718709fe685e987705b246bb2963279798,phase_5_ml_handoff/final_model.joblib,2026-09-06T17:19:14Z
FIRMS_TN_0282,282,11.19525,77.8558,2025-01-07,750,N20,VIIRS_N20,VIIRS,3.59,330.86,297.22,n,D,Tree cover,Skm Egg Products,791243054,2751.0540280517844,2.7510540280517843,,Agricultural Burning,0.5113,0.02,0.4687,0.5113,MEDIUM,outputs/phase_5_ml_handoff/final_model.joblib,5909bb546fc55aeffd37b7bb601e96718709fe685e987705b246bb2963279798,phase_5_ml_handoff/final_model.joblib,2026-09-06T17:19:14Z
FIRMS_TN_0283,283,11.19609,77.85741,2025-01-07,750,N20,VIIRS_N20,VIIRS,3.07,332.68,297.65,n,D,Tree cover,Skm Egg Products,791243054,2785.946644766588,2.785946644766588,,Agricultural Burning,0.5749,0.02,0.4051,0.5749,MEDIUM,outputs/phase_5_ml_handoff/final_model.joblib,5909bb546fc55aeffd37b7bb601e96718709fe685e987705b246bb2963279798,phase_5_ml_handoff/final_model.joblib,2026-09-06T17:19:14Z
FIRMS_TN_0284,284,11.83409,78.91941,2025-01-07,750,N20,VIIRS_N20,VIIRS,2.85,331.81,297.18,n,D,Tree cover,,1468887808,3558.935002421541,3.558935002421541,,Agricultural Burning,0.4887,0.024,0.4873,0.4887,LOW,outputs/phase_5_ml_handoff/final_model.joblib,5909bb546fc55aeffd37b7bb601e96718709fe685e987705b246bb2963279798,phase_5_ml_handoff/final_model.joblib,2026-09-06T17:19:14Z
FIRMS_TN_0285,285,12.03704,79.81008,2025-01-07,750,N20,VIIRS_N20,VIIRS,4.51,332.96,297.63,n,D,Tree cover,,554802748,2634.4592466780537,2.6344592466780536,MEDIUM,Agricultural Burning,0.6341,0.046,0.3199,0.6341,MEDIUM,outputs/phase_5_ml_handoff/final_model.joblib,5909bb546fc55aeffd37b7bb601e96718709fe685e987705b246bb2963279798,phase_5_ml_handoff/final_model.joblib,2026-09-06T17:19:14Z
FIRMS_TN_0286,286,12.56889,77.66099,2025-01-07,750,N20,VIIRS_N20,VIIRS,3.88,333.41,300.56,n,D,Grassland,Halagur,283880582,47943.80102604101,47.94380102604101,,Natural / Wildfire / Other,0.0927,0.0011,0.9062,0.9062,HIGH,outputs/phase_5_ml_handoff/final_model.joblib,5909bb546fc55aeffd37b7bb601e96718709fe685e987705b246bb2963279798,phase_5_ml_handoff/final_model.joblib,2026-09-06T17:19:14Z
FIRMS_TN_0287,287,12.73532,77.78838,2025-01-07,750,N20,VIIRS_N20,VIIRS,1.51,330.28,298.86,n,D,Built-up,,1134097095,59720.78622004217,59.72078622004217,,Agricultural Burning,0.5167,0.0611,0.4222,0.5167,MEDIUM,outputs/phase_5_ml_handoff/final_model.joblib,5909bb546fc55aeffd37b7bb601e96718709fe685e987705b246bb2963279798,phase_5_ml_handoff/final_model.joblib,2026-09-06T17:19:14Z
FIRMS_TN_0288,288,13.1301,79.42122,2025-01-07,750,N20,VIIRS_N20,VIIRS,7.93,339.6,301.22,n,D,Tree cover,Sree Amman Transformer Works,705173099,111023.97307002194,111.02397307002194,,Natural / Wildfire / Other,0.4291,0.0114,0.5594,0.5594,MEDIUM,outputs/phase_5_ml_handoff/final_model.joblib,5909bb546fc55aeffd37b7bb601e96718709fe685e987705b246bb2963279798,phase_5_ml_handoff/final_model.joblib,2026-09-06T17:19:14Z
FIRMS_TN_0289,289,13.27669,79.65884,2025-01-07,750,N20,VIIRS_N20,VIIRS,2.73,339.67,300.88,n,D,Cropland,,1026841614,121615.12090992452,121.61512090992451,MEDIUM,Agricultural Burning,0.8035,0.01,0.1865,0.8035,HIGH,outputs/phase_5_ml_handoff/final_model.joblib,5909bb546fc55aeffd37b7bb601e96718709fe685e987705b246bb2963279798,phase_5_ml_handoff/final_model.joblib,2026-09-06T17:19:14Z
FIRMS_TN_0290,290,13.39254,80.10291,2025-01-07,2023,N20,VIIRS_N20,VIIRS,1.01,308.94,293.93,n,N,Cropland,,202465563,137484.36939169123,137.48436939169122,,Industrial Thermal Activity,0.1927,0.669,0.1383,0.669,MEDIUM,outputs/phase_5_ml_handoff/final_model.joblib,5909bb546fc55aeffd37b7bb601e96718709fe685e987705b246bb2963279798,phase_5_ml_handoff/final_model.joblib,2026-09-06T17:19:14Z
FIRMS_TN_0291,291,12.96668,79.9149,2025-01-07,2023,N20,VIIRS_N20,VIIRS,0.6,309.15,292.53,n,N,Cropland,,1026841614,88270.74534097077,88.27074534097076,,Agricultural Burning,0.6114,0.2363,0.1523,0.6114,MEDIUM,outputs/phase_5_ml_handoff/final_model.joblib,5909bb546fc55aeffd37b7bb601e96718709fe685e987705b246bb2963279798,phase_5_ml_handoff/final_model.joblib,2026-09-06T17:19:14Z
FIRMS_TN_0292,292,10.93249,77.06418,2025-01-07,2025,N20,VIIRS_N20,VIIRS,0.29,301.81,291.07,n,N,Cropland,,3449174617,20313.25405526025,20.31325405526025,,Agricultural Burning,0.6372,0.2473,0.1155,0.6372,MEDIUM,outputs/phase_5_ml_handoff/final_model.joblib,5909bb546fc55aeffd37b7bb601e96718709fe685e987705b246bb2963279798,phase_5_ml_handoff/final_model.joblib,2026-09-06T17:19:14Z
FIRMS_TN_0293,293,10.92919,77.06364,2025-01-07,2025,N20,VIIRS_N20,VIIRS,0.73,308.07,291.43,n,N,Cropland,,3449174406,20368.207554463417,20.368207554463417,,Agricultural Burning,0.428,0.4223,0.1497,0.428,LOW,outputs/phase_5_ml_handoff/final_model.joblib,5909bb546fc55aeffd37b7bb601e96718709fe685e987705b246bb2963279798,phase_5_ml_handoff/final_model.joblib,2026-09-06T17:19:14Z
FIRMS_TN_0294,294,12.69209,77.94728,2025-01-07,2025,N20,VIIRS_N20,VIIRS,0.36,300.0,288.55,n,N,Cropland,Palavadi,425335457,59884.97850489007,59.884978504890064,,Agricultural Burning,0.7366,0.1169,0.1465,0.7366,MEDIUM,outputs/phase_5_ml_handoff/final_model.joblib,5909bb546fc55aeffd37b7bb601e96718709fe685e987705b246bb2963279798,phase_5_ml_handoff/final_model.joblib,2026-09-06T17:19:14Z
FIRMS_TN_0295,295,11.81625,77.91691,2025-01-07,2025,N20,VIIRS_N20,VIIRS,2.43,327.38,293.31,n,N,Built-up,JSW Steel Plant,876239837,241.3261647496208,0.2413261647496208,,Industrial Thermal Activity,0.0534,0.8741,0.0725,0.8741,HIGH,outputs/phase_5_ml_handoff/final_model.joblib,5909bb546fc55aeffd37b7bb601e96718709fe685e987705b246bb2963279798,phase_5_ml_handoff/final_model.joblib,2026-09-06T17:19:14Z
FIRMS_TN_0296,296,11.18222,79.09943,2025-01-07,2025,N20,VIIRS_N20,VIIRS,1.04,308.16,292.09,n,N,Built-up,,340697977,381.6690619486087,0.3816690619486086,,Industrial Thermal Activity,0.0281,0.9619,0.01,0.9619,HIGH,outputs/phase_5_ml_handoff/final_model.joblib,5909bb546fc55aeffd37b7bb601e96718709fe685e987705b246bb2963279798,phase_5_ml_handoff/final_model.joblib,2026-09-06T17:19:14Z
FIRMS_TN_0297,297,12.03586,79.81428,2025-01-08,730,N20,VIIRS_N20,VIIRS,13.34,339.16,296.26,n,D,Tree cover,Workshop,58389257,2614.7746517408978,2.614774651740898,HIGH,Agricultural Burning,0.7831,0.0443,0.1726,0.7831,HIGH,outputs/phase_5_ml_handoff/final_model.joblib,5909bb546fc55aeffd37b7bb601e96718709fe685e987705b246bb2963279798,phase_5_ml_handoff/final_model.joblib,2026-09-06T17:19:14Z
FIRMS_TN_0298,298,11.49851,77.90342,2025-01-08,730,N20,VIIRS_N20,VIIRS,1.85,332.3,297.83,n,D,Grassland,Iveli,340337101,1004.2071010355904,1.0042071010355904,,Agricultural Burning,0.678,0.0317,0.2903,0.678,MEDIUM,outputs/phase_5_ml_handoff/final_model.joblib,5909bb546fc55aeffd37b7bb601e96718709fe685e987705b246bb2963279798,phase_5_ml_handoff/final_model.joblib,2026-09-06T17:19:14Z
FIRMS_TN_0299,299,11.09697,79.0728,2025-01-08,730,N20,VIIRS_N20,VIIRS,4.14,330.98,293.46,n,D,Tree cover,Chettinad Cement Corporation Private Limited,178523282,4354.079365922327,4.354079365922328,,Agricultural Burning,0.6258,0.085,0.2892,0.6258,MEDIUM,outputs/phase_5_ml_handoff/final_model.joblib,5909bb546fc55aeffd37b7bb601e96718709fe685e987705b246bb2963279798,phase_5_ml_handoff/final_model.joblib,2026-09-06T17:19:14Z
FIRMS_TN_0300,300,9.97193,77.53833,2025-01-08,730,N20,VIIRS_N20,VIIRS,5.18,335.02,295.7,n,D,Grassland,,4979969193,973.10224446551,0.97310224446551,HIGH,Agricultural Burning,0.6034,0.3031,0.0935,0.6034,MEDIUM,outputs/phase_5_ml_handoff/final_model.joblib,5909bb546fc55aeffd37b7bb601e96718709fe685e987705b246bb2963279798,phase_5_ml_handoff/final_model.joblib,2026-09-06T17:19:14Z
FIRMS_TN_0301,301,12.99833,79.90717,2025-01-08,2004,N20,VIIRS_N20,VIIRS,0.35,302.68,291.63,n,N,Grassland,,1026841614,91577.45777155054,91.57745777155054,,Industrial Thermal Activity,0.3756,0.3841,0.2404,0.3841,LOW,outputs/phase_5_ml_handoff/final_model.joblib,5909bb546fc55aeffd37b7bb601e96718709fe685e987705b246bb2963279798,phase_5_ml_handoff/final_model.joblib,2026-09-06T17:19:14Z
FIRMS_TN_0302,302,12.87515,79.88918,2025-01-08,2004,N20,VIIRS_N20,VIIRS,0.4,301.59,291.27,n,N,Grassland,,1026841614,77752.07517096541,77.75207517096541,,Agricultural Burning,0.6194,0.1019,0.2787,0.6194,MEDIUM,outputs/phase_5_ml_handoff/final_model.joblib,5909bb546fc55aeffd37b7bb601e96718709fe685e987705b246bb2963279798,phase_5_ml_handoff/final_model.joblib,2026-09-06T17:19:14Z
FIRMS_TN_0303,303,12.87471,79.8894,2025-01-08,2004,N20,VIIRS_N20,VIIRS,0.52,302.08,291.51,n,N,Grassland,,1026841614,77708.27826918055,77.70827826918055,,Agricultural Burning,0.6094,0.1119,0.2787,0.6094,MEDIUM,outputs/phase_5_ml_handoff/final_model.joblib,5909bb546fc55aeffd37b7bb601e96718709fe685e987705b246bb2963279798,phase_5_ml_handoff/final_model.joblib,2026-09-06T17:19:14Z
FIRMS_TN_0304,304,12.85482,79.90556,2025-01-08,2004,N20,VIIRS_N20,VIIRS,1.66,314.02,290.84,n,N,Grassland,,1026841614,75880.7370291362,75.8807370291362,,Industrial Thermal Activity,0.1975,0.4334,0.3691,0.4334,LOW,outputs/phase_5_ml_handoff/final_model.joblib,5909bb546fc55aeffd37b7bb601e96718709fe685e987705b246bb2963279798,phase_5_ml_handoff/final_model.joblib,2026-09-06T17:19:14Z
FIRMS_TN_0305,305,12.70463,77.80582,2025-01-08,2004,N20,VIIRS_N20,VIIRS,1.06,301.35,286.74,n,N,Cropland,,1134097095,61955.25501837077,61.95525501837077,,Agricultural Burning,0.5933,0.2769,0.1298,0.5933,MEDIUM,outputs/phase_5_ml_handoff/final_model.joblib,5909bb546fc55aeffd37b7bb601e96718709fe685e987705b246bb2963279798,phase_5_ml_handoff/final_model.joblib,2026-09-06T17:19:14Z
FIRMS_TN_0306,306,11.8722,79.22449,2025-01-08,2004,N20,VIIRS_N20,VIIRS,0.67,304.37,290.15,n,N,Tree cover,,265038580,5574.592797126129,5.574592797126129,,Agricultural Burning,0.5899,0.2083,0.2017,0.5899,MEDIUM,outputs/phase_5_ml_handoff/final_model.joblib,5909bb546fc55aeffd37b7bb601e96718709fe685e987705b246bb2963279798,phase_5_ml_handoff/final_model.joblib,2026-09-06T17:19:14Z
FIRMS_TN_0307,307,11.81092,77.92183,2025-01-08,2004,N20,VIIRS_N20,VIIRS,3.02,321.69,293.12,n,N,Built-up,,340479189,498.4620532068996,0.4984620532068995,,Industrial Thermal Activity,0.1329,0.6936,0.1735,0.6936,MEDIUM,outputs/phase_5_ml_handoff/final_model.joblib,5909bb546fc55aeffd37b7bb601e96718709fe685e987705b246bb2963279798,phase_5_ml_handoff/final_model.joblib,2026-09-06T17:19:14Z
FIRMS_TN_0308,308,11.6535,78.02995,2025-01-08,2004,N20,VIIRS_N20,VIIRS,1.3,308.69,290.95,n,N,Built-up,SAIL,336571753,189.6875187890415,0.1896875187890415,,Industrial Thermal Activity,0.4572,0.4806,0.0622,0.4806,LOW,outputs/phase_5_ml_handoff/final_model.joblib,5909bb546fc55aeffd37b7bb601e96718709fe685e987705b246bb2963279798,phase_5_ml_handoff/final_model.joblib,2026-09-06T17:19:14Z
FIRMS_TN_0309,309,11.18334,79.0993,2025-01-08,2004,N20,VIIRS_N20,VIIRS,0.7,303.54,291.18,n,N,Built-up,,340697977,316.42255827827864,0.3164225582782786,,Industrial Thermal Activity,0.1661,0.8339,0.0,0.8339,HIGH,outputs/phase_5_ml_handoff/final_model.joblib,5909bb546fc55aeffd37b7bb601e96718709fe685e987705b246bb2963279798,phase_5_ml_handoff/final_model.joblib,2026-09-06T17:19:14Z
FIRMS_TN_0310,310,10.49672,77.46429,2025-01-08,2004,N20,VIIRS_N20,VIIRS,0.45,300.18,288.84,n,N,Cropland,,9117568426,1269.1337497582454,1.2691337497582451,,Agricultural Burning,0.8566,0.094,0.0494,0.8566,HIGH,outputs/phase_5_ml_handoff/final_model.joblib,5909bb546fc55aeffd37b7bb601e96718709fe685e987705b246bb2963279798,phase_5_ml_handoff/final_model.joblib,2026-09-06T17:19:14Z
FIRMS_TN_0311,311,10.75285,78.90936,2025-01-08,2004,N20,VIIRS_N20,VIIRS,0.58,303.48,291.06,n,N,Grassland,,175584077,3900.24598174453,3.90024598174453,,Agricultural Burning,0.6342,0.2133,0.1524,0.6342,MEDIUM,outputs/phase_5_ml_handoff/final_model.joblib,5909bb546fc55aeffd37b7bb601e96718709fe685e987705b246bb2963279798,phase_5_ml_handoff/final_model.joblib,2026-09-06T17:19:14Z
FIRMS_TN_0312,312,11.17813,79.08661,2025-01-08,2004,N20,VIIRS_N20,VIIRS,0.67,305.27,291.03,n,N,Built-up,,178523246,789.1021762875375,0.7891021762875375,,Agricultural Burning,0.6577,0.204,0.1383,0.6577,MEDIUM,outputs/phase_5_ml_handoff/final_model.joblib,5909bb546fc55aeffd37b7bb601e96718709fe685e987705b246bb2963279798,phase_5_ml_handoff/final_model.joblib,2026-09-06T17:19:14Z
FIRMS_TN_0313,313,13.39291,80.10188,2025-01-08,2004,N20,VIIRS_N20,VIIRS,1.19,309.06,293.45,n,N,Cropland,,202465563,137511.51009824782,137.5115100982478,,Industrial Thermal Activity,0.1627,0.699,0.1383,0.699,MEDIUM,outputs/phase_5_ml_handoff/final_model.joblib,5909bb546fc55aeffd37b7bb601e96718709fe685e987705b246bb2963279798,phase_5_ml_handoff/final_model.joblib,2026-09-06T17:19:14Z
FIRMS_TN_0314,314,13.39286,80.0788,2025-01-08,2004,N20,VIIRS_N20,VIIRS,0.29,306.07,292.05,n,N,Cropland,,202465563,137222.7564890088,137.22275648900882,,Agricultural Burning,0.5755,0.2747,0.1498,0.5755,MEDIUM,outputs/phase_5_ml_handoff/final_model.joblib,5909bb546fc55aeffd37b7bb601e96718709fe685e987705b246bb2963279798,phase_5_ml_handoff/final_model.joblib,2026-09-06T17:19:14Z
FIRMS_TN_0315,315,13.1593,80.28298,2025-01-08,2004,N20,VIIRS_N20,VIIRS,0.61,306.74,292.96,n,N,Built-up,,202465563,116362.49067044225,116.36249067044224,,Industrial Thermal Activity,0.2743,0.5573,0.1683,0.5573,MEDIUM,outputs/phase_5_ml_handoff/final_model.joblib,5909bb546fc55aeffd37b7bb601e96718709fe685e987705b246bb2963279798,phase_5_ml_handoff/final_model.joblib,2026-09-06T17:19:14Z
FIRMS_TN_0316,316,13.06491,80.18908,2025-01-08,2004,N20,VIIRS_N20,VIIRS,0.52,307.27,293.31,n,N,Built-up,,202465563,103402.5067374805,103.4025067374805,,Agricultural Burning,0.4298,0.3674,0.2028,0.4298,LOW,outputs/phase_5_ml_handoff/final_model.joblib,5909bb546fc55aeffd37b7bb601e96718709fe685e987705b246bb2963279798,phase_5_ml_handoff/final_model.joblib,2026-09-06T17:19:14Z
FIRMS_TN_0317,317,13.08191,79.98158,2025-01-08,2004,N20,VIIRS_N20,VIIRS,0.78,304.94,291.92,n,N,Bare/sparse vegetation,,202465563,101969.3037210198,101.9693037210198,,Industrial Thermal Activity,0.2652,0.5273,0.2074,0.5273,MEDIUM,outputs/phase_5_ml_handoff/final_model.joblib,5909bb546fc55aeffd37b7bb601e96718709fe685e987705b246bb2963279798,phase_5_ml_handoff/final_model.joblib,2026-09-06T17:19:14Z
FIRMS_TN_0318,318,9.85275,78.15184,2025-01-09,1946,N20,VIIRS_N20,VIIRS,0.87,303.28,288.27,n,N,Shrubland,,1467375226,1749.9883630547804,1.7499883630547803,,Agricultural Burning,0.5638,0.3129,0.1233,0.5638,MEDIUM,outputs/phase_5_ml_handoff/final_model.joblib,5909bb546fc55aeffd37b7bb601e96718709fe685e987705b246bb2963279798,phase_5_ml_handoff/final_model.joblib,2026-09-06T17:19:14Z
FIRMS_TN_0319,319,11.81362,77.9201,2025-01-09,1946,N20,VIIRS_N20,VIIRS,0.8,303.56,289.48,n,N,Built-up,JSW Steel Plant,876239837,227.96843595314687,0.2279684359531469,,Industrial Thermal Activity,0.2104,0.7343,0.0552,0.7343,MEDIUM,outputs/phase_5_ml_handoff/final_model.joblib,5909bb546fc55aeffd37b7bb601e96718709fe685e987705b246bb2963279798,phase_5_ml_handoff/final_model.joblib,2026-09-06T17:19:14Z
FIRMS_TN_0320,320,13.41907,80.08904,2025-01-09,1946,N20,VIIRS_N20,VIIRS,0.65,301.93,290.01,n,N,Cropland,,202465563,140239.18526639105,140.23918526639105,,Agricultural Burning,0.6418,0.1883,0.1698,0.6418,MEDIUM,outputs/phase_5_ml_handoff/final_model.joblib,5909bb546fc55aeffd37b7bb601e96718709fe685e987705b246bb2963279798,phase_5_ml_handoff/final_model.joblib,2026-09-06T17:19:14Z
FIRMS_TN_0321,321,13.39514,80.0994,2025-01-09,1946,N20,VIIRS_N20,VIIRS,0.42,302.13,290.01,n,N,Cropland,,202465563,137725.08068960346,137.72508068960346,,Agricultural Burning,0.6718,0.1683,0.1598,0.6718,MEDIUM,outputs/phase_5_ml_handoff/final_model.joblib,5909bb546fc55aeffd37b7bb601e96718709fe685e987705b246bb2963279798,phase_5_ml_handoff/final_model.joblib,2026-09-06T17:19:14Z
FIRMS_TN_0322,322,13.16071,80.28396,2025-01-09,1946,N20,VIIRS_N20,VIIRS,1.38,303.31,290.23,n,N,Built-up,,202465563,116544.66918271164,116.54466918271164,,Industrial Thermal Activity,0.0707,0.771,0.1583,0.771,HIGH,outputs/phase_5_ml_handoff/final_model.joblib,5909bb546fc55aeffd37b7bb601e96718709fe685e987705b246bb2963279798,phase_5_ml_handoff/final_model.joblib,2026-09-06T17:19:14Z
FIRMS_TN_0323,323,13.08376,79.97999,2025-01-09,1946,N20,VIIRS_N20,VIIRS,1.17,308.81,289.48,n,N,Shrubland,,202465563,102168.68136416374,102.16868136416376,,Industrial Thermal Activity,0.247,0.534,0.219,0.534,MEDIUM,outputs/phase_5_ml_handoff/final_model.joblib,5909bb546fc55aeffd37b7bb601e96718709fe685e987705b246bb2963279798,phase_5_ml_handoff/final_model.joblib,2026-09-06T17:19:14Z
FIRMS_TN_0324,324,10.93198,77.55813,2025-01-09,1946,N20,VIIRS_N20,VIIRS,0.28,299.79,287.83,n,N,Cropland,,11845351792,646.6072262661334,0.6466072262661333,,Agricultural Burning,0.7999,0.166,0.0341,0.7999,HIGH,outputs/phase_5_ml_handoff/final_model.joblib,5909bb546fc55aeffd37b7bb601e96718709fe685e987705b246bb2963279798,phase_5_ml_handoff/final_model.joblib,2026-09-06T17:19:14Z
FIRMS_TN_0325,325,11.37769,77.35635,2025-01-10,834,N20,VIIRS_N20,VIIRS,1.71,332.0,296.18,n,D,Tree cover,,1198547815,4845.924572607859,4.845924572607859,,Agricultural Burning,0.5315,0.0443,0.4242,0.5315,MEDIUM,outputs/phase_5_ml_handoff/final_model.joblib,5909bb546fc55aeffd37b7bb601e96718709fe685e987705b246bb2963279798,phase_5_ml_handoff/final_model.joblib,2026-09-06T17:19:14Z
FIRMS_TN_0326,326,13.19121,80.2813,2025-01-10,1925,N20,VIIRS_N20,VIIRS,0.57,300.58,284.85,n,N,Cropland,,202465563,119681.22594543824,119.68122594543824,,Agricultural Burning,0.6618,0.1683,0.1698,0.6618,MEDIUM,outputs/phase_5_ml_handoff/final_model.joblib,5909bb546fc55aeffd37b7bb601e96718709fe685e987705b246bb2963279798,phase_5_ml_handoff/final_model.joblib,2026-09-06T17:19:14Z
FIRMS_TN_0327,327,13.16068,80.2821,2025-01-10,1925,N20,VIIRS_N20,VIIRS,1.19,304.75,289.54,n,N,Built-up,,202465563,116478.36020204064,116.47836020204063,,Industrial Thermal Activity,0.0907,0.751,0.1583,0.751,HIGH,outputs/phase_5_ml_handoff/final_model.joblib,5909bb546fc55aeffd37b7bb601e96718709fe685e987705b246bb2963279798,phase_5_ml_handoff/final_model.joblib,2026-09-06T17:19:14Z
FIRMS_TN_0328,328,12.99741,79.90338,2025-01-10,1925,N20,VIIRS_N20,VIIRS,0.66,303.22,286.82,n,N,Grassland,,1026841614,91405.70973570844,91.40570973570844,,Industrial Thermal Activity,0.3236,0.4261,0.2504,0.4261,LOW,outputs/phase_5_ml_handoff/final_model.joblib,5909bb546fc55aeffd37b7bb601e96718709fe685e987705b246bb2963279798,phase_5_ml_handoff/final_model.joblib,2026-09-06T17:19:14Z
FIRMS_TN_0329,329,12.99128,79.90255,2025-01-10,1925,N20,VIIRS_N20,VIIRS,0.66,298.08,284.76,n,N,Tree cover,,1026841614,90718.74491144184,90.71874491144185,,Industrial Thermal Activity,0.3508,0.4161,0.2331,0.4161,LOW,outputs/phase_5_ml_handoff/final_model.joblib,5909bb546fc55aeffd37b7bb601e96718709fe685e987705b246bb2963279798,phase_5_ml_handoff/final_model.joblib,2026-09-06T17:19:14Z
FIRMS_TN_0330,330,9.55959,77.2526,2025-01-11,813,N20,VIIRS_N20,VIIRS,4.69,339.39,294.53,n,D,Grassland,Suruliyar,310070120,7092.4192553177445,7.092419255317744,,Agricultural Burning,0.5093,0.02,0.4707,0.5093,MEDIUM,outputs/phase_5_ml_handoff/final_model.joblib,5909bb546fc55aeffd37b7bb601e96718709fe685e987705b246bb2963279798,phase_5_ml_handoff/final_model.joblib,2026-09-06T17:19:14Z
FIRMS_TN_0331,331,9.56013,77.25623,2025-01-11,813,N20,VIIRS_N20,VIIRS,4.69,332.2,291.71,n,D,Tree cover,Suruliyar,310070120,6921.299331665356,6.921299331665356,,Agricultural Burning,0.5356,0.0233,0.4411,0.5356,MEDIUM,outputs/phase_5_ml_handoff/final_model.joblib,5909bb546fc55aeffd37b7bb601e96718709fe685e987705b246bb2963279798,phase_5_ml_handoff/final_model.joblib,2026-09-06T17:19:14Z
FIRMS_TN_0332,332,8.13922,77.58295,2025-01-11,813,N20,VIIRS_N20,VIIRS,2.61,333.34,299.79,n,D,Tree cover,,1081579633,38583.9909447222,38.5839909447222,,Natural / Wildfire / Other,0.3998,0.0018,0.5985,0.5985,MEDIUM,outputs/phase_5_ml_handoff/final_model.joblib,5909bb546fc55aeffd37b7bb601e96718709fe685e987705b246bb2963279798,phase_5_ml_handoff/final_model.joblib,2026-09-06T17:19:14Z
FIRMS_TN_0333,333,12.99835,79.90646,2025-01-11,2048,N20,VIIRS_N20,VIIRS,1.02,306.38,285.89,n,N,Grassland,,1026841614,91566.21981760404,91.56621981760404,,Industrial Thermal Activity,0.2019,0.5377,0.2604,0.5377,MEDIUM,outputs/phase_5_ml_handoff/final_model.joblib,5909bb546fc55aeffd37b7bb601e96718709fe685e987705b246bb2963279798,phase_5_ml_handoff/final_model.joblib,2026-09-06T17:19:14Z
FIRMS_TN_0334,334,11.81491,77.91808,2025-01-11,2048,N20,VIIRS_N20,VIIRS,1.9,302.41,290.83,n,N,Built-up,JSW Steel Plant,876239837,48.98458533478792,0.0489845853347879,,Industrial Thermal Activity,0.0,1.0,0.0,1.0,HIGH,outputs/phase_5_ml_handoff/final_model.joblib,5909bb546fc55aeffd37b7bb601e96718709fe685e987705b246bb2963279798,phase_5_ml_handoff/final_model.joblib,2026-09-06T17:19:14Z
FIRMS_TN_0335,335,11.18388,79.0989,2025-01-11,2048,N20,VIIRS_N20,VIIRS,0.81,307.19,287.45,n,N,Built-up,,340697977,262.33232314237773,0.2623323231423777,,Industrial Thermal Activity,0.0761,0.9139,0.01,0.9139,HIGH,outputs/phase_5_ml_handoff/final_model.joblib,5909bb546fc55aeffd37b7bb601e96718709fe685e987705b246bb2963279798,phase_5_ml_handoff/final_model.joblib,2026-09-06T17:19:14Z
FIRMS_TN_0336,336,11.43351,77.34338,2025-01-11,2048,N20,VIIRS_N20,VIIRS,0.99,312.45,288.97,n,N,Shrubland,,1467377953,2796.611047985778,2.796611047985778,,Agricultural Burning,0.538,0.3129,0.1491,0.538,MEDIUM,outputs/phase_5_ml_handoff/final_model.joblib,5909bb546fc55aeffd37b7bb601e96718709fe685e987705b246bb2963279798,phase_5_ml_handoff/final_model.joblib,2026-09-06T17:19:14Z
FIRMS_TN_0337,337,12.99838,79.90594,2025-01-11,2048,N20,VIIRS_N20,VIIRS,0.86,304.46,285.68,n,N,Shrubland,,1026841614,91559.71067229408,91.55971067229407,,Industrial Thermal Activity,0.2191,0.5477,0.2331,0.5477,MEDIUM,outputs/phase_5_ml_handoff/final_model.joblib,5909bb546fc55aeffd37b7bb601e96718709fe685e987705b246bb2963279798,phase_5_ml_handoff/final_model.joblib,2026-09-06T17:19:14Z
FIRMS_TN_0338,338,13.3941,80.10033,2025-01-11,2048,N20,VIIRS_N20,VIIRS,0.74,301.71,286.62,n,N,Grassland,,202465563,137622.4273852717,137.6224273852717,,Industrial Thermal Activity,0.1823,0.6493,0.1683,0.6493,MEDIUM,outputs/phase_5_ml_handoff/final_model.joblib,5909bb546fc55aeffd37b7bb601e96718709fe685e987705b246bb2963279798,phase_5_ml_handoff/final_model.joblib,2026-09-06T17:19:14Z
FIRMS_TN_0339,339,13.30202,79.47368,2025-01-12,2029,N20,VIIRS_N20,VIIRS,0.71,302.13,289.58,n,N,Tree cover,,1026841614,127762.55404814292,127.76255404814292,,Agricultural Burning,0.5816,0.1712,0.2472,0.5816,MEDIUM,outputs/phase_5_ml_handoff/final_model.joblib,5909bb546fc55aeffd37b7bb601e96718709fe685e987705b246bb2963279798,phase_5_ml_handoff/final_model.joblib,2026-09-06T17:19:14Z
FIRMS_TN_0340,340,13.0976,79.75738,2025-01-12,2029,N20,VIIRS_N20,VIIRS,0.42,301.04,285.58,n,N,Shrubland,,1026841614,101208.02662490572,101.20802662490571,,Agricultural Burning,0.6394,0.1412,0.2194,0.6394,MEDIUM,outputs/phase_5_ml_handoff/final_model.joblib,5909bb546fc55aeffd37b7bb601e96718709fe685e987705b246bb2963279798,phase_5_ml_handoff/final_model.joblib,2026-09-06T17:19:14Z
FIRMS_TN_0341,341,8.90227,77.86367,2024-11-01,820,N,VIIRS_SUOMI_NPP,VIIRS,4.54,332.77,297.62,n,D,Cropland,,17369385,55883.74651325777,55.88374651325777,MEDIUM,Agricultural Burning,0.7029,0.0125,0.2846,0.7029,MEDIUM,outputs/phase_5_ml_handoff/final_model.joblib,5909bb546fc55aeffd37b7bb601e96718709fe685e987705b246bb2963279798,phase_5_ml_handoff/final_model.joblib,2026-09-06T17:19:14Z
FIRMS_TN_0342,342,10.46357,77.84547,2024-11-01,822,N,VIIRS_SUOMI_NPP,VIIRS,3.68,330.32,294.18,n,D,Grassland,Reddiyarchatram,310694377,2977.5854856879946,2.977585485687994,,Agricultural Burning,0.5182,0.0442,0.4376,0.5182,MEDIUM,outputs/phase_5_ml_handoff/final_model.joblib,5909bb546fc55aeffd37b7bb601e96718709fe685e987705b246bb2963279798,phase_5_ml_handoff/final_model.joblib,2026-09-06T17:19:14Z
FIRMS_TN_0343,343,13.15854,80.28359,2024-11-01,1913,N,VIIRS_SUOMI_NPP,VIIRS,5.59,310.97,284.86,n,N,Built-up,,202465563,116303.01895208268,116.30301895208268,,Industrial Thermal Activity,0.0258,0.8765,0.0977,0.8765,HIGH,outputs/phase_5_ml_handoff/final_model.joblib,5909bb546fc55aeffd37b7bb601e96718709fe685e987705b246bb2963279798,phase_5_ml_handoff/final_model.joblib,2026-09-06T17:19:14Z
FIRMS_TN_0344,344,13.15899,80.28084,2024-11-01,1913,N,VIIRS_SUOMI_NPP,VIIRS,5.64,315.11,285.01,n,N,Built-up,,202465563,116257.22222079131,116.25722222079132,MEDIUM,Industrial Thermal Activity,0.0158,0.8799,0.1044,0.8799,HIGH,outputs/phase_5_ml_handoff/final_model.joblib,5909bb546fc55aeffd37b7bb601e96718709fe685e987705b246bb2963279798,phase_5_ml_handoff/final_model.joblib,2026-09-06T17:19:14Z
FIRMS_TN_0345,345,11.18414,79.10126,2024-11-01,2055,N,VIIRS_SUOMI_NPP,VIIRS,0.58,303.51,287.46,n,N,Built-up,,1468887795,450.2868295502201,0.4502868295502201,,Industrial Thermal Activity,0.2405,0.7525,0.007,0.7525,HIGH,outputs/phase_5_ml_handoff/final_model.joblib,5909bb546fc55aeffd37b7bb601e96718709fe685e987705b246bb2963279798,phase_5_ml_handoff/final_model.joblib,2026-09-06T17:19:14Z
FIRMS_TN_0346,346,11.80874,77.9237,2024-11-01,2055,N,VIIRS_SUOMI_NPP,VIIRS,1.85,298.62,287.21,n,N,Built-up,,340479189,238.2820559650022,0.2382820559650022,,Industrial Thermal Activity,0.0214,0.9786,0.0,0.9786,HIGH,outputs/phase_5_ml_handoff/final_model.joblib,5909bb546fc55aeffd37b7bb601e96718709fe685e987705b246bb2963279798,phase_5_ml_handoff/final_model.joblib,2026-09-06T17:19:14Z
FIRMS_TN_0347,347,9.29491,79.06944,2024-11-02,801,N,VIIRS_SUOMI_NPP,VIIRS,5.41,337.04,295.45,n,D,Tree cover,,11850487562,2871.5212403196306,2.8715212403196304,,Agricultural Burning,0.7385,0.0952,0.1664,0.7385,MEDIUM,outputs/phase_5_ml_handoff/final_model.joblib,5909bb546fc55aeffd37b7bb601e96718709fe685e987705b246bb2963279798,phase_5_ml_handoff/final_model.joblib,2026-09-06T17:19:14Z
FIRMS_TN_0348,348,10.63004,77.4669,2024-11-02,801,N,VIIRS_SUOMI_NPP,VIIRS,3.01,336.59,296.66,n,D,Grassland,,11848030174,337.8261491686382,0.3378261491686382,MEDIUM,Agricultural Burning,0.6801,0.2182,0.1016,0.6801,MEDIUM,outputs/phase_5_ml_handoff/final_model.joblib,5909bb546fc55aeffd37b7bb601e96718709fe685e987705b246bb2963279798,phase_5_ml_handoff/final_model.joblib,2026-09-06T17:19:14Z
FIRMS_TN_0349,349,10.79266,78.01292,2024-11-02,801,N,VIIRS_SUOMI_NPP,VIIRS,1.9,330.23,294.31,n,D,Cropland,,11847815110,233.9123404362257,0.2339123404362257,MEDIUM,Agricultural Burning,0.7617,0.1708,0.0675,0.7617,HIGH,outputs/phase_5_ml_handoff/final_model.joblib,5909bb546fc55aeffd37b7bb601e96718709fe685e987705b246bb2963279798,phase_5_ml_handoff/final_model.joblib,2026-09-06T17:19:14Z
FIRMS_TN_0350,350,11.68599,79.03794,2024-11-02,801,N,VIIRS_SUOMI_NPP,VIIRS,3.0,333.44,298.07,n,D,Tree cover,,1467377962,2702.823315056084,2.702823315056084,,Agricultural Burning,0.5427,0.0265,0.4308,0.5427,MEDIUM,outputs/phase_5_ml_handoff/final_model.joblib,5909bb546fc55aeffd37b7bb601e96718709fe685e987705b246bb2963279798,phase_5_ml_handoff/final_model.joblib,2026-09-06T17:19:14Z
FIRMS_TN_0351,351,13.39204,80.10352,2024-11-02,2036,N,VIIRS_SUOMI_NPP,VIIRS,2.97,305.79,291.23,n,N,Grassland,,202465563,137437.35037291847,137.43735037291847,MEDIUM,Industrial Thermal Activity,0.0147,0.9803,0.005,0.9803,HIGH,outputs/phase_5_ml_handoff/final_model.joblib,5909bb546fc55aeffd37b7bb601e96718709fe685e987705b246bb2963279798,phase_5_ml_handoff/final_model.joblib,2026-09-06T17:19:14Z
FIRMS_TN_0352,352,11.18124,79.09919,2024-11-02,2038,N,VIIRS_SUOMI_NPP,VIIRS,1.04,306.97,289.17,n,N,Built-up,,340697977,432.6863111461704,0.4326863111461704,,Industrial Thermal Activity,0.0261,0.9639,0.01,0.9639,HIGH,outputs/phase_5_ml_handoff/final_model.joblib,5909bb546fc55aeffd37b7bb601e96718709fe685e987705b246bb2963279798,phase_5_ml_handoff/final_model.joblib,2026-09-06T17:19:14Z
FIRMS_TN_0353,353,11.808,77.92326,2024-11-02,2038,N,VIIRS_SUOMI_NPP,VIIRS,1.92,306.08,289.32,n,N,Built-up,,340479189,150.2843065967975,0.1502843065967975,,Industrial Thermal Activity,0.0114,0.9886,0.0,0.9886,HIGH,outputs/phase_5_ml_handoff/final_model.joblib,5909bb546fc55aeffd37b7bb601e96718709fe685e987705b246bb2963279798,phase_5_ml_handoff/final_model.joblib,2026-09-06T17:19:14Z
FIRMS_TN_0354,354,11.81181,77.92392,2024-11-02,2038,N,VIIRS_SUOMI_NPP,VIIRS,1.33,303.38,289.52,n,N,Tree cover,,340479189,578.8981084058486,0.5788981084058485,,Industrial Thermal Activity,0.0114,0.9886,0.0,0.9886,HIGH,outputs/phase_5_ml_handoff/final_model.joblib,5909bb546fc55aeffd37b7bb601e96718709fe685e987705b246bb2963279798,phase_5_ml_handoff/final_model.joblib,2026-09-06T17:19:14Z
FIRMS_TN_0355,355,11.18253,79.10263,2024-11-02,2038,N,VIIRS_SUOMI_NPP,VIIRS,1.26,304.44,289.59,n,N,Tree cover,,1468887795,460.7683193757693,0.4607683193757693,,Industrial Thermal Activity,0.0655,0.9275,0.007,0.9275,HIGH,outputs/phase_5_ml_handoff/final_model.joblib,5909bb546fc55aeffd37b7bb601e96718709fe685e987705b246bb2963279798,phase_5_ml_handoff/final_model.joblib,2026-09-06T17:19:14Z
FIRMS_TN_0356,356,12.91178,79.89191,2024-11-03,743,N,VIIRS_SUOMI_NPP,VIIRS,8.03,344.15,294.93,n,D,Cropland,,1026841614,81812.6765757137,81.81267657571371,MEDIUM,Agricultural Burning,0.8902,0.0167,0.0931,0.8902,HIGH,outputs/phase_5_ml_handoff/final_model.joblib,5909bb546fc55aeffd37b7bb601e96718709fe685e987705b246bb2963279798,phase_5_ml_handoff/final_model.joblib,2026-09-06T17:19:14Z
FIRMS_TN_0357,357,11.39463,77.1191,2024-11-09,733,N,VIIRS_SUOMI_NPP,VIIRS,2.54,330.8,297.71,n,D,Grassland,Bannari Amman Sugars,336571755,19230.882705329303,19.230882705329304,,Natural / Wildfire / Other,0.3598,0.0161,0.624,0.624,MEDIUM,outputs/phase_5_ml_handoff/final_model.joblib,5909bb546fc55aeffd37b7bb601e96718709fe685e987705b246bb2963279798,phase_5_ml_handoff/final_model.joblib,2026-09-06T17:19:14Z
FIRMS_TN_0358,358,11.14266,76.89446,2024-11-09,733,N,VIIRS_SUOMI_NPP,VIIRS,2.44,330.38,288.88,n,D,Grassland,,1008711605,39329.52346534671,39.32952346534671,MEDIUM,Natural / Wildfire / Other,0.3133,0.0368,0.6499,0.6499,MEDIUM,outputs/phase_5_ml_handoff/final_model.joblib,5909bb546fc55aeffd37b7bb601e96718709fe685e987705b246bb2963279798,phase_5_ml_handoff/final_model.joblib,2026-09-06T17:19:14Z
FIRMS_TN_0359,359,13.12178,79.84028,2024-11-09,733,N,VIIRS_SUOMI_NPP,VIIRS,5.33,342.92,273.1,n,D,Cropland,,1026841614,104263.05165348912,104.26305165348911,MEDIUM,Agricultural Burning,0.8293,0.02,0.1507,0.8293,HIGH,outputs/phase_5_ml_handoff/final_model.joblib,5909bb546fc55aeffd37b7bb601e96718709fe685e987705b246bb2963279798,phase_5_ml_handoff/final_model.joblib,2026-09-06T17:19:14Z
FIRMS_TN_0360,360,13.08049,79.98437,2024-11-09,2004,N,VIIRS_SUOMI_NPP,VIIRS,0.63,308.65,290.05,n,N,Grassland,,202465563,101823.12650254092,101.8231265025409,,Industrial Thermal Activity,0.2036,0.7302,0.0662,0.7302,MEDIUM,outputs/phase_5_ml_handoff/final_model.joblib,5909bb546fc55aeffd37b7bb601e96718709fe685e987705b246bb2963279798,phase_5_ml_handoff/final_model.joblib,2026-09-06T17:19:14Z
FIRMS_TN_0361,361,13.08105,79.98058,2024-11-09,2004,N,VIIRS_SUOMI_NPP,VIIRS,1.14,305.95,290.08,n,N,Tree cover,,202465563,101869.8004517081,101.8698004517081,,Industrial Thermal Activity,0.0832,0.8702,0.0466,0.8702,HIGH,outputs/phase_5_ml_handoff/final_model.joblib,5909bb546fc55aeffd37b7bb601e96718709fe685e987705b246bb2963279798,phase_5_ml_handoff/final_model.joblib,2026-09-06T17:19:14Z
FIRMS_TN_0362,362,13.39108,80.10101,2024-11-09,2004,N,VIIRS_SUOMI_NPP,VIIRS,0.89,306.27,289.74,n,N,Cropland,,202465563,137298.04819360576,137.29804819360575,,Industrial Thermal Activity,0.094,0.896,0.01,0.896,HIGH,outputs/phase_5_ml_handoff/final_model.joblib,5909bb546fc55aeffd37b7bb601e96718709fe685e987705b246bb2963279798,phase_5_ml_handoff/final_model.joblib,2026-09-06T17:19:14Z
FIRMS_TN_0363,363,12.85254,79.90463,2024-11-09,2006,N,VIIRS_SUOMI_NPP,VIIRS,1.24,306.22,286.95,n,N,Grassland,,1026841614,75611.76099462462,75.61176099462462,,Industrial Thermal Activity,0.1644,0.4909,0.3447,0.4909,LOW,outputs/phase_5_ml_handoff/final_model.joblib,5909bb546fc55aeffd37b7bb601e96718709fe685e987705b246bb2963279798,phase_5_ml_handoff/final_model.joblib,2026-09-06T17:19:14Z
FIRMS_TN_0364,364,12.85171,79.90358,2024-11-09,2006,N,VIIRS_SUOMI_NPP,VIIRS,1.35,316.68,287.26,n,N,Bare/sparse vegetation,,1026841614,75497.84338604167,75.49784338604167,,Industrial Thermal Activity,0.1742,0.4533,0.3726,0.4533,LOW,outputs/phase_5_ml_handoff/final_model.joblib,5909bb546fc55aeffd37b7bb601e96718709fe685e987705b246bb2963279798,phase_5_ml_handoff/final_model.joblib,2026-09-06T17:19:14Z
FIRMS_TN_0365,365,12.84911,79.9041,2024-11-09,2006,N,VIIRS_SUOMI_NPP,VIIRS,1.24,318.43,287.42,n,N,Shrubland,,1026841614,75226.7625801575,75.2267625801575,,Agricultural Burning,0.4234,0.2198,0.3568,0.4234,LOW,outputs/phase_5_ml_handoff/final_model.joblib,5909bb546fc55aeffd37b7bb601e96718709fe685e987705b246bb2963279798,phase_5_ml_handoff/final_model.joblib,2026-09-06T17:19:14Z
FIRMS_TN_0366,366,11.20334,77.56705,2024-11-09,2006,N,VIIRS_SUOMI_NPP,VIIRS,0.53,298.97,271.9,n,N,Grassland,,823591866,426.1779618161653,0.4261779618161652,,Industrial Thermal Activity,0.1983,0.7801,0.0216,0.7801,HIGH,outputs/phase_5_ml_handoff/final_model.joblib,5909bb546fc55aeffd37b7bb601e96718709fe685e987705b246bb2963279798,phase_5_ml_handoff/final_model.joblib,2026-09-06T17:19:14Z
FIRMS_TN_0367,367,12.71976,79.57167,2024-11-10,711,N,VIIRS_SUOMI_NPP,VIIRS,5.91,331.94,294.12,n,D,Cropland,,1026841614,62617.58802307244,62.61758802307244,MEDIUM,Agricultural Burning,0.7505,0.0125,0.237,0.7505,HIGH,outputs/phase_5_ml_handoff/final_model.joblib,5909bb546fc55aeffd37b7bb601e96718709fe685e987705b246bb2963279798,phase_5_ml_handoff/final_model.joblib,2026-09-06T17:19:14Z
FIRMS_TN_0368,368,12.18344,79.5451,2024-11-10,711,N,VIIRS_SUOMI_NPP,VIIRS,6.93,331.26,292.68,n,D,Cropland,Sree Amman Transformer Works,705173099,7406.627435627412,7.406627435627412,MEDIUM,Agricultural Burning,0.7799,0.0535,0.1666,0.7799,HIGH,outputs/phase_5_ml_handoff/final_model.joblib,5909bb546fc55aeffd37b7bb601e96718709fe685e987705b246bb2963279798,phase_5_ml_handoff/final_model.joblib,2026-09-06T17:19:14Z
FIRMS_TN_0369,369,11.69097,79.10184,2024-11-10,711,N,VIIRS_SUOMI_NPP,VIIRS,3.5,329.39,296.46,n,D,Cropland,,1467377962,4576.919223874287,4.576919223874287,,Agricultural Burning,0.605,0.0225,0.3725,0.605,MEDIUM,outputs/phase_5_ml_handoff/final_model.joblib,5909bb546fc55aeffd37b7bb601e96718709fe685e987705b246bb2963279798,phase_5_ml_handoff/final_model.joblib,2026-09-06T17:19:14Z
FIRMS_TN_0370,370,11.81698,77.91642,2024-11-10,1946,N,VIIRS_SUOMI_NPP,VIIRS,1.23,302.6,287.53,n,N,Built-up,,340479236,332.92102388825714,0.3329210238882571,,Industrial Thermal Activity,0.0014,0.9986,0.0,0.9986,HIGH,outputs/phase_5_ml_handoff/final_model.joblib,5909bb546fc55aeffd37b7bb601e96718709fe685e987705b246bb2963279798,phase_5_ml_handoff/final_model.joblib,2026-09-06T17:19:14Z
FIRMS_TN_0371,371,10.23154,78.85571,2024-11-11,834,N,VIIRS_SUOMI_NPP,VIIRS,2.1,330.48,295.37,n,D,Shrubland,,665751399,10619.653117543525,10.619653117543525,,Natural / Wildfire / Other,0.3512,0.065,0.5838,0.5838,MEDIUM,outputs/phase_5_ml_handoff/final_model.joblib,5909bb546fc55aeffd37b7bb601e96718709fe685e987705b246bb2963279798,phase_5_ml_handoff/final_model.joblib,2026-09-06T17:19:14Z
FIRMS_TN_0372,372,8.63081,77.77,2024-11-12,813,N,VIIRS_SUOMI_NPP,VIIRS,2.7,334.89,301.83,n,D,Shrubland,,758873221,62638.25060276931,62.63825060276931,,Agricultural Burning,0.5361,0.0143,0.4496,0.5361,MEDIUM,outputs/phase_5_ml_handoff/final_model.joblib,5909bb546fc55aeffd37b7bb601e96718709fe685e987705b246bb2963279798,phase_5_ml_handoff/final_model.joblib,2026-09-06T17:19:14Z
FIRMS_TN_0373,373,8.63009,77.76981,2024-11-12,813,N,VIIRS_SUOMI_NPP,VIIRS,1.66,333.65,301.28,n,D,Shrubland,,758873221,62587.98401994419,62.58798401994419,,Agricultural Burning,0.585,0.0543,0.3607,0.585,MEDIUM,outputs/phase_5_ml_handoff/final_model.joblib,5909bb546fc55aeffd37b7bb601e96718709fe685e987705b246bb2963279798,phase_5_ml_handoff/final_model.joblib,2026-09-06T17:19:14Z
FIRMS_TN_0374,374,9.9609,77.73166,2024-11-13,756,N,VIIRS_SUOMI_NPP,VIIRS,2.23,325.51,285.28,n,D,Cropland,,309653622,7953.546360892033,7.953546360892033,,Agricultural Burning,0.6263,0.0625,0.3112,0.6263,MEDIUM,outputs/phase_5_ml_handoff/final_model.joblib,5909bb546fc55aeffd37b7bb601e96718709fe685e987705b246bb2963279798,phase_5_ml_handoff/final_model.joblib,2026-09-06T17:19:14Z
FIRMS_TN_0375,375,8.89287,77.77798,2024-11-13,756,N,VIIRS_SUOMI_NPP,VIIRS,2.75,330.4,294.64,n,D,Cropland,,3148284509,57011.724340407294,57.01172434040729,,Agricultural Burning,0.6565,0.0225,0.321,0.6565,MEDIUM,outputs/phase_5_ml_handoff/final_model.joblib,5909bb546fc55aeffd37b7bb601e96718709fe685e987705b246bb2963279798,phase_5_ml_handoff/final_model.joblib,2026-09-06T17:19:14Z
FIRMS_TN_0376,376,8.61749,77.78497,2024-11-13,756,N,VIIRS_SUOMI_NPP,VIIRS,3.08,330.76,297.79,n,D,Grassland,,758873221,63612.42970161801,63.61242970161801,,Natural / Wildfire / Other,0.3839,0.0068,0.6094,0.6094,MEDIUM,outputs/phase_5_ml_handoff/final_model.joblib,5909bb546fc55aeffd37b7bb601e96718709fe685e987705b246bb2963279798,phase_5_ml_handoff/final_model.joblib,2026-09-06T17:19:14Z
FIRMS_TN_0377,377,13.1593,80.28202,2024-11-15,1953,N,VIIRS_SUOMI_NPP,VIIRS,2.5,306.01,287.72,n,N,Built-up,,202465563,116329.906581395,116.329906581395,,Industrial Thermal Activity,0.0097,0.951,0.0393,0.951,HIGH,outputs/phase_5_ml_handoff/final_model.joblib,5909bb546fc55aeffd37b7bb601e96718709fe685e987705b246bb2963279798,phase_5_ml_handoff/final_model.joblib,2026-09-06T17:19:14Z
FIRMS_TN_0378,378,11.18377,79.1026,2024-11-17,2055,N,VIIRS_SUOMI_NPP,VIIRS,1.04,307.39,288.18,n,N,Tree cover,,1468887795,355.2556785605288,0.3552556785605288,MEDIUM,Industrial Thermal Activity,0.0605,0.9325,0.007,0.9325,HIGH,outputs/phase_5_ml_handoff/final_model.joblib,5909bb546fc55aeffd37b7bb601e96718709fe685e987705b246bb2963279798,phase_5_ml_handoff/final_model.joblib,2026-09-06T17:19:14Z
FIRMS_TN_0379,379,12.87528,79.8847,2024-11-18,802,N,VIIRS_SUOMI_NPP,VIIRS,1.89,330.09,297.49,n,D,Cropland,,1026841614,77679.91762359122,77.67991762359122,,Agricultural Burning,0.6516,0.0525,0.2959,0.6516,MEDIUM,outputs/phase_5_ml_handoff/final_model.joblib,5909bb546fc55aeffd37b7bb601e96718709fe685e987705b246bb2963279798,phase_5_ml_handoff/final_model.joblib,2026-09-06T17:19:14Z
FIRMS_TN_0380,380,11.91846,79.64741,2024-11-18,2036,N,VIIRS_SUOMI_NPP,VIIRS,1.05,305.71,291.32,n,N,Built-up,,342136969,453.5822434020712,0.4535822434020712,,Agricultural Burning,0.4663,0.4454,0.0883,0.4663,LOW,outputs/phase_5_ml_handoff/final_model.joblib,5909bb546fc55aeffd37b7bb601e96718709fe685e987705b246bb2963279798,phase_5_ml_handoff/final_model.joblib,2026-09-06T17:19:14Z
FIRMS_TN_0381,381,11.81552,77.91557,2024-11-18,2036,N,VIIRS_SUOMI_NPP,VIIRS,0.62,301.63,289.73,n,N,Tree cover,JSW Steel Plant,876239837,308.624437117436,0.308624437117436,,Industrial Thermal Activity,0.1317,0.8683,0.0,0.8683,HIGH,outputs/phase_5_ml_handoff/final_model.joblib,5909bb546fc55aeffd37b7bb601e96718709fe685e987705b246bb2963279798,phase_5_ml_handoff/final_model.joblib,2026-09-06T17:19:14Z
FIRMS_TN_0382,382,11.81103,77.92401,2024-11-19,2018,N,VIIRS_SUOMI_NPP,VIIRS,0.9,306.19,291.28,n,N,Bare/sparse vegetation,,340479189,494.6563590814819,0.4946563590814819,,Industrial Thermal Activity,0.0131,0.9869,0.0,0.9869,HIGH,outputs/phase_5_ml_handoff/final_model.joblib,5909bb546fc55aeffd37b7bb601e96718709fe685e987705b246bb2963279798,phase_5_ml_handoff/final_model.joblib,2026-09-06T17:19:14Z
FIRMS_TN_0383,383,11.81158,77.92048,2024-11-19,2018,N,VIIRS_SUOMI_NPP,VIIRS,0.71,305.82,290.75,n,N,Tree cover,JSW Steel Plant,876239837,407.31500644210126,0.4073150064421013,,Industrial Thermal Activity,0.1217,0.8783,0.0,0.8783,HIGH,outputs/phase_5_ml_handoff/final_model.joblib,5909bb546fc55aeffd37b7bb601e96718709fe685e987705b246bb2963279798,phase_5_ml_handoff/final_model.joblib,2026-09-06T17:19:14Z
FIRMS_TN_0384,384,11.81545,77.91749,2024-11-19,2018,N,VIIRS_SUOMI_NPP,VIIRS,0.71,304.77,290.92,n,N,Built-up,JSW Steel Plant,876239837,132.24974322528777,0.1322497432252877,,Industrial Thermal Activity,0.1217,0.8783,0.0,0.8783,HIGH,outputs/phase_5_ml_handoff/final_model.joblib,5909bb546fc55aeffd37b7bb601e96718709fe685e987705b246bb2963279798,phase_5_ml_handoff/final_model.joblib,2026-09-06T17:19:14Z
FIRMS_TN_0385,385,13.0831,79.98327,2024-11-19,2018,N,VIIRS_SUOMI_NPP,VIIRS,0.57,311.39,285.11,n,N,Shrubland,,202465563,102108.44248260662,102.10844248260662,,Industrial Thermal Activity,0.2236,0.7014,0.075,0.7014,MEDIUM,outputs/phase_5_ml_handoff/final_model.joblib,5909bb546fc55aeffd37b7bb601e96718709fe685e987705b246bb2963279798,phase_5_ml_handoff/final_model.joblib,2026-09-06T17:19:14Z
FIRMS_TN_0386,386,13.42058,80.08909,2024-11-20,1957,N,VIIRS_SUOMI_NPP,VIIRS,0.37,303.21,288.8,n,N,Tree cover,,202465563,140406.66464444032,140.40666464444033,,Agricultural Burning,0.5097,0.2433,0.247,0.5097,MEDIUM,outputs/phase_5_ml_handoff/final_model.joblib,5909bb546fc55aeffd37b7bb601e96718709fe685e987705b246bb2963279798,phase_5_ml_handoff/final_model.joblib,2026-09-06T17:19:14Z
FIRMS_TN_0387,387,13.44849,80.09657,2024-11-20,1957,N,VIIRS_SUOMI_NPP,VIIRS,0.7,305.03,291.34,n,N,Cropland,,202465563,143581.03266142812,143.5810326614281,,Industrial Thermal Activity,0.4007,0.4768,0.1225,0.4768,LOW,outputs/phase_5_ml_handoff/final_model.joblib,5909bb546fc55aeffd37b7bb601e96718709fe685e987705b246bb2963279798,phase_5_ml_handoff/final_model.joblib,2026-09-06T17:19:14Z
FIRMS_TN_0388,388,13.16111,80.28606,2024-11-20,1957,N,VIIRS_SUOMI_NPP,VIIRS,0.52,304.89,288.34,n,N,Tree cover,,202465563,116658.53407590956,116.65853407590956,,Industrial Thermal Activity,0.1957,0.7943,0.01,0.7943,HIGH,outputs/phase_5_ml_handoff/final_model.joblib,5909bb546fc55aeffd37b7bb601e96718709fe685e987705b246bb2963279798,phase_5_ml_handoff/final_model.joblib,2026-09-06T17:19:14Z
FIRMS_TN_0389,389,13.39223,80.103,2024-11-20,1957,N,VIIRS_SUOMI_NPP,VIIRS,0.67,304.51,290.32,n,N,Grassland,,202465563,137451.36292129906,137.45136292129905,,Industrial Thermal Activity,0.1457,0.8443,0.01,0.8443,HIGH,outputs/phase_5_ml_handoff/final_model.joblib,5909bb546fc55aeffd37b7bb601e96718709fe685e987705b246bb2963279798,phase_5_ml_handoff/final_model.joblib,2026-09-06T17:19:14Z
FIRMS_TN_0390,390,13.15981,80.28191,2024-11-21,1940,N,VIIRS_SUOMI_NPP,VIIRS,2.41,310.67,291.23,n,N,Built-up,,202465563,116380.0400315389,116.3800400315389,,Industrial Thermal Activity,0.0097,0.931,0.0593,0.931,HIGH,outputs/phase_5_ml_handoff/final_model.joblib,5909bb546fc55aeffd37b7bb601e96718709fe685e987705b246bb2963279798,phase_5_ml_handoff/final_model.joblib,2026-09-06T17:19:14Z
FIRMS_TN_0391,391,11.6506,78.03009,2024-11-21,1940,N,VIIRS_SUOMI_NPP,VIIRS,0.63,304.25,291.67,n,N,Built-up,SAIL,336571753,497.2745420116749,0.4972745420116748,,Agricultural Burning,0.5531,0.3864,0.0605,0.5531,MEDIUM,outputs/phase_5_ml_handoff/final_model.joblib,5909bb546fc55aeffd37b7bb601e96718709fe685e987705b246bb2963279798,phase_5_ml_handoff/final_model.joblib,2026-09-06T17:19:14Z
FIRMS_TN_0392,392,10.87733,78.95669,2024-11-22,828,N,VIIRS_SUOMI_NPP,VIIRS,3.84,340.87,296.12,n,D,Tree cover,Thirukattupalli,1201737620,3210.8027929857344,3.2108027929857346,,Agricultural Burning,0.6672,0.0615,0.2713,0.6672,MEDIUM,outputs/phase_5_ml_handoff/final_model.joblib,5909bb546fc55aeffd37b7bb601e96718709fe685e987705b246bb2963279798,phase_5_ml_handoff/final_model.joblib,2026-09-06T17:19:14Z
FIRMS_TN_0393,393,11.38068,77.52322,2024-11-22,828,N,VIIRS_SUOMI_NPP,VIIRS,1.97,330.94,299.71,n,D,Tree cover,Kavundapadi,336498169,4176.769560442027,4.176769560442027,,Natural / Wildfire / Other,0.4672,0.0617,0.4711,0.4711,LOW,outputs/phase_5_ml_handoff/final_model.joblib,5909bb546fc55aeffd37b7bb601e96718709fe685e987705b246bb2963279798,phase_5_ml_handoff/final_model.joblib,2026-09-06T17:19:14Z
FIRMS_TN_0394,394,12.06948,78.48637,2024-11-22,828,N,VIIRS_SUOMI_NPP,VIIRS,3.58,334.62,299.29,n,D,Cropland,Harur,386718623,2286.8496071837726,2.2868496071837727,,Agricultural Burning,0.8356,0.006,0.1584,0.8356,HIGH,outputs/phase_5_ml_handoff/final_model.joblib,5909bb546fc55aeffd37b7bb601e96718709fe685e987705b246bb2963279798,phase_5_ml_handoff/final_model.joblib,2026-09-06T17:19:14Z
FIRMS_TN_0395,395,10.12921,77.86756,2024-11-23,807,N,VIIRS_SUOMI_NPP,VIIRS,1.78,326.04,291.39,n,D,Shrubland,,906795398,2693.061245309066,2.693061245309066,,Agricultural Burning,0.552,0.065,0.383,0.552,MEDIUM,outputs/phase_5_ml_handoff/final_model.joblib,5909bb546fc55aeffd37b7bb601e96718709fe685e987705b246bb2963279798,phase_5_ml_handoff/final_model.joblib,2026-09-06T17:19:14Z
FIRMS_TN_0396,396,10.12589,77.86807,2024-11-23,807,N,VIIRS_SUOMI_NPP,VIIRS,1.78,326.13,291.92,n,D,Cropland,,906795398,2647.6281554098464,2.6476281554098464,,Agricultural Burning,0.6724,0.0525,0.2751,0.6724,MEDIUM,outputs/phase_5_ml_handoff/final_model.joblib,5909bb546fc55aeffd37b7bb601e96718709fe685e987705b246bb2963279798,phase_5_ml_handoff/final_model.joblib,2026-09-06T17:19:14Z
FIRMS_TN_0397,397,12.85529,79.90582,2024-11-23,2042,N,VIIRS_SUOMI_NPP,VIIRS,2.23,314.61,291.78,n,N,Cropland,,1026841614,75937.73465538616,75.93773465538615,,Industrial Thermal Activity,0.2585,0.4581,0.2834,0.4581,LOW,outputs/phase_5_ml_handoff/final_model.joblib,5909bb546fc55aeffd37b7bb601e96718709fe685e987705b246bb2963279798,phase_5_ml_handoff/final_model.joblib,2026-09-06T17:19:14Z
FIRMS_TN_0398,398,10.92857,77.0635,2024-11-23,2044,N,VIIRS_SUOMI_NPP,VIIRS,0.83,303.75,289.3,n,N,Grassland,,3449174406,20382.710208202097,20.3827102082021,,Industrial Thermal Activity,0.128,0.8107,0.0613,0.8107,HIGH,outputs/phase_5_ml_handoff/final_model.joblib,5909bb546fc55aeffd37b7bb601e96718709fe685e987705b246bb2963279798,phase_5_ml_handoff/final_model.joblib,2026-09-06T17:19:14Z
FIRMS_TN_0399,399,13.16088,80.28236,2024-12-02,1934,N,VIIRS_SUOMI_NPP,VIIRS,0.83,305.07,287.3,n,N,Built-up,,202465563,116508.28956520496,116.50828956520496,,Industrial Thermal Activity,0.0723,0.9093,0.0183,0.9093,HIGH,outputs/phase_5_ml_handoff/final_model.joblib,5909bb546fc55aeffd37b7bb601e96718709fe685e987705b246bb2963279798,phase_5_ml_handoff/final_model.joblib,2026-09-06T17:19:14Z
FIRMS_TN_0400,400,8.25705,77.52367,2024-12-03,820,N,VIIRS_SUOMI_NPP,VIIRS,4.22,334.92,296.25,n,D,Built-up,,1081579633,30069.49570012863,30.06949570012863,,Agricultural Burning,0.6749,0.0211,0.304,0.6749,MEDIUM,outputs/phase_5_ml_handoff/final_model.joblib,5909bb546fc55aeffd37b7bb601e96718709fe685e987705b246bb2963279798,phase_5_ml_handoff/final_model.joblib,2026-09-06T17:19:14Z
FIRMS_TN_0401,401,8.26062,77.52313,2024-12-03,820,N,VIIRS_SUOMI_NPP,VIIRS,4.22,346.33,296.87,n,D,Cropland,,1081579633,30023.799122414537,30.023799122414538,MEDIUM,Agricultural Burning,0.8582,0.0067,0.1351,0.8582,HIGH,outputs/phase_5_ml_handoff/final_model.joblib,5909bb546fc55aeffd37b7bb601e96718709fe685e987705b246bb2963279798,phase_5_ml_handoff/final_model.joblib,2026-09-06T17:19:14Z
FIRMS_TN_0402,402,8.62227,77.64931,2024-12-03,822,N,VIIRS_SUOMI_NPP,VIIRS,3.28,335.64,299.54,n,D,Grassland,,758873221,50222.76650912872,50.22276650912872,,Agricultural Burning,0.5748,0.0018,0.4234,0.5748,MEDIUM,outputs/phase_5_ml_handoff/final_model.joblib,5909bb546fc55aeffd37b7bb601e96718709fe685e987705b246bb2963279798,phase_5_ml_handoff/final_model.joblib,2026-09-06T17:19:14Z
FIRMS_TN_0403,403,13.08326,79.98197,2024-12-03,2055,N,VIIRS_SUOMI_NPP,VIIRS,0.5,305.17,266.68,n,N,Shrubland,,202465563,102120.87928076537,102.12087928076537,,Industrial Thermal Activity,0.294,0.6189,0.0871,0.6189,MEDIUM,outputs/phase_5_ml_handoff/final_model.joblib,5909bb546fc55aeffd37b7bb601e96718709fe685e987705b246bb2963279798,phase_5_ml_handoff/final_model.joblib,2026-09-06T17:19:14Z
FIRMS_TN_0404,404,13.08462,79.98254,2024-12-03,2055,N,VIIRS_SUOMI_NPP,VIIRS,0.64,299.33,266.66,n,N,Grassland,,202465563,102274.31410666349,102.27431410666348,,Industrial Thermal Activity,0.266,0.6389,0.0951,0.6389,MEDIUM,outputs/phase_5_ml_handoff/final_model.joblib,5909bb546fc55aeffd37b7bb601e96718709fe685e987705b246bb2963279798,phase_5_ml_handoff/final_model.joblib,2026-09-06T17:19:14Z
FIRMS_TN_0405,405,13.07881,79.98133,2024-12-03,2055,N,VIIRS_SUOMI_NPP,VIIRS,0.5,296.25,266.74,n,N,Shrubland,,202465563,101623.83631826496,101.62383631826496,,Agricultural Burning,0.5452,0.2096,0.2453,0.5452,MEDIUM,outputs/phase_5_ml_handoff/final_model.joblib,5909bb546fc55aeffd37b7bb601e96718709fe685e987705b246bb2963279798,phase_5_ml_handoff/final_model.joblib,2026-09-06T17:19:14Z
FIRMS_TN_0406,406,8.26011,77.52467,2024-12-04,802,N,VIIRS_SUOMI_NPP,VIIRS,4.14,338.35,296.7,n,D,Tree cover,,1081579633,30190.854552568377,30.19085455256837,,Agricultural Burning,0.5995,0.0068,0.3938,0.5995,MEDIUM,outputs/phase_5_ml_handoff/final_model.joblib,5909bb546fc55aeffd37b7bb601e96718709fe685e987705b246bb2963279798,phase_5_ml_handoff/final_model.joblib,2026-09-06T17:19:14Z
FIRMS_TN_0407,407,11.17877,77.88016,2024-12-04,802,N,VIIRS_SUOMI_NPP,VIIRS,4.49,333.86,298.16,n,D,Tree cover,,1467379855,3934.0823987590975,3.934082398759098,,Natural / Wildfire / Other,0.4802,0.0267,0.4931,0.4931,LOW,outputs/phase_5_ml_handoff/final_model.joblib,5909bb546fc55aeffd37b7bb601e96718709fe685e987705b246bb2963279798,phase_5_ml_handoff/final_model.joblib,2026-09-06T17:19:14Z
FIRMS_TN_0408,408,9.76264,78.47953,2024-12-04,802,N,VIIRS_SUOMI_NPP,VIIRS,3.98,342.24,301.83,n,D,Shrubland,,726568456,4663.512589114025,4.663512589114025,,Agricultural Burning,0.6268,0.01,0.3632,0.6268,MEDIUM,outputs/phase_5_ml_handoff/final_model.joblib,5909bb546fc55aeffd37b7bb601e96718709fe685e987705b246bb2963279798,phase_5_ml_handoff/final_model.joblib,2026-09-06T17:19:14Z
FIRMS_TN_0409,409,9.60918,78.14217,2024-12-04,802,N,VIIRS_SUOMI_NPP,VIIRS,2.97,332.79,297.52,n,D,Tree cover,,297525518,3687.0399722701736,3.6870399722701737,,Agricultural Burning,0.7835,0.024,0.1925,0.7835,HIGH,outputs/phase_5_ml_handoff/final_model.joblib,5909bb546fc55aeffd37b7bb601e96718709fe685e987705b246bb2963279798,phase_5_ml_handoff/final_model.joblib,2026-09-06T17:19:14Z
FIRMS_TN_0410,410,11.81566,77.91788,2024-12-04,2038,N,VIIRS_SUOMI_NPP,VIIRS,0.99,307.28,290.13,n,N,Bare/sparse vegetation,JSW Steel Plant,876239837,135.16990545344984,0.1351699054534498,,Industrial Thermal Activity,0.0217,0.9783,0.0,0.9783,HIGH,outputs/phase_5_ml_handoff/final_model.joblib,5909bb546fc55aeffd37b7bb601e96718709fe685e987705b246bb2963279798,phase_5_ml_handoff/final_model.joblib,2026-09-06T17:19:14Z
FIRMS_TN_0411,411,11.18365,79.10008,2024-12-04,2038,N,VIIRS_SUOMI_NPP,VIIRS,1.34,310.69,289.49,n,N,Built-up,,340697977,393.12492861202463,0.3931249286120246,,Industrial Thermal Activity,0.0311,0.9352,0.0337,0.9352,HIGH,outputs/phase_5_ml_handoff/final_model.joblib,5909bb546fc55aeffd37b7bb601e96718709fe685e987705b246bb2963279798,phase_5_ml_handoff/final_model.joblib,2026-09-06T17:19:14Z
FIRMS_TN_0412,412,11.18443,79.09995,2024-12-04,2038,N,VIIRS_SUOMI_NPP,VIIRS,0.79,306.67,289.26,n,N,Tree cover,,340697977,377.40356755378247,0.3774035675537824,,Industrial Thermal Activity,0.1261,0.8739,0.0,0.8739,HIGH,outputs/phase_5_ml_handoff/final_model.joblib,5909bb546fc55aeffd37b7bb601e96718709fe685e987705b246bb2963279798,phase_5_ml_handoff/final_model.joblib,2026-09-06T17:19:14Z
FIRMS_TN_0413,413,12.9988,79.9073,2024-12-04,2038,N,VIIRS_SUOMI_NPP,VIIRS,0.59,304.31,289.69,n,N,Grassland,,1026841614,91631.37772879306,91.63137772879304,,Agricultural Burning,0.4287,0.3252,0.2461,0.4287,LOW,outputs/phase_5_ml_handoff/final_model.joblib,5909bb546fc55aeffd37b7bb601e96718709fe685e987705b246bb2963279798,phase_5_ml_handoff/final_model.joblib,2026-09-06T17:19:14Z
FIRMS_TN_0414,414,13.10752,80.18994,2024-12-05,743,N,VIIRS_SUOMI_NPP,VIIRS,2.67,328.97,296.31,n,D,Tree cover,,202465563,108013.97156045472,108.0139715604547,,Natural / Wildfire / Other,0.1701,0.0318,0.7982,0.7982,HIGH,outputs/phase_5_ml_handoff/final_model.joblib,5909bb546fc55aeffd37b7bb601e96718709fe685e987705b246bb2963279798,phase_5_ml_handoff/final_model.joblib,2026-09-06T17:19:14Z
FIRMS_TN_0415,415,10.92776,77.06435,2024-12-05,2018,N,VIIRS_SUOMI_NPP,VIIRS,0.65,302.54,290.47,n,N,Grassland,,3449174406,20289.240613147293,20.28924061314729,,Industrial Thermal Activity,0.2629,0.6607,0.0764,0.6607,MEDIUM,outputs/phase_5_ml_handoff/final_model.joblib,5909bb546fc55aeffd37b7bb601e96718709fe685e987705b246bb2963279798,phase_5_ml_handoff/final_model.joblib,2026-09-06T17:19:14Z
FIRMS_TN_0416,416,13.16137,80.28695,2024-12-05,2018,N,VIIRS_SUOMI_NPP,VIIRS,1.58,310.58,293.33,n,N,Tree cover,,202465563,116716.43965166363,116.71643965166363,,Industrial Thermal Activity,0.0138,0.9401,0.0461,0.9401,HIGH,outputs/phase_5_ml_handoff/final_model.joblib,5909bb546fc55aeffd37b7bb601e96718709fe685e987705b246bb2963279798,phase_5_ml_handoff/final_model.joblib,2026-09-06T17:19:14Z
FIRMS_TN_0417,417,11.81004,77.92374,2024-12-05,2018,N,VIIRS_SUOMI_NPP,VIIRS,1.22,305.19,293.73,n,N,Built-up,,340479189,381.2699079369954,0.3812699079369954,,Industrial Thermal Activity,0.0234,0.9666,0.01,0.9666,HIGH,outputs/phase_5_ml_handoff/final_model.joblib,5909bb546fc55aeffd37b7bb601e96718709fe685e987705b246bb2963279798,phase_5_ml_handoff/final_model.joblib,2026-09-06T17:19:14Z
FIRMS_TN_0418,418,13.39089,80.10269,2024-12-05,2018,N,VIIRS_SUOMI_NPP,VIIRS,1.08,312.44,293.89,n,N,Bare/sparse vegetation,,202465563,137299.3635093892,137.2993635093892,,Industrial Thermal Activity,0.0271,0.9301,0.0428,0.9301,HIGH,outputs/phase_5_ml_handoff/final_model.joblib,5909bb546fc55aeffd37b7bb601e96718709fe685e987705b246bb2963279798,phase_5_ml_handoff/final_model.joblib,2026-09-06T17:19:14Z
FIRMS_TN_0419,419,12.99843,79.91005,2024-12-05,2018,N,VIIRS_SUOMI_NPP,VIIRS,0.47,304.56,292.33,n,N,Grassland,,1026841614,91643.511345439,91.643511345439,,Agricultural Burning,0.6344,0.1512,0.2144,0.6344,MEDIUM,outputs/phase_5_ml_handoff/final_model.joblib,5909bb546fc55aeffd37b7bb601e96718709fe685e987705b246bb2963279798,phase_5_ml_handoff/final_model.joblib,2026-09-06T17:19:14Z
FIRMS_TN_0420,420,11.81712,77.91738,2024-12-05,2018,N,VIIRS_SUOMI_NPP,VIIRS,0.8,304.73,292.57,n,N,Built-up,,340479236,230.01590586284044,0.2300159058628404,,Industrial Thermal Activity,0.1151,0.8849,0.0,0.8849,HIGH,outputs/phase_5_ml_handoff/final_model.joblib,5909bb546fc55aeffd37b7bb601e96718709fe685e987705b246bb2963279798,phase_5_ml_handoff/final_model.joblib,2026-09-06T17:19:14Z
FIRMS_TN_0421,421,11.20239,77.56619,2024-12-05,2018,N,VIIRS_SUOMI_NPP,VIIRS,0.8,307.98,291.76,n,N,Bare/sparse vegetation,,823591866,341.7049607645601,0.3417049607645601,,Industrial Thermal Activity,0.142,0.8364,0.0216,0.8364,HIGH,outputs/phase_5_ml_handoff/final_model.joblib,5909bb546fc55aeffd37b7bb601e96718709fe685e987705b246bb2963279798,phase_5_ml_handoff/final_model.joblib,2026-09-06T17:19:14Z
FIRMS_TN_0422,422,13.44818,80.09667,2024-12-05,2018,N,VIIRS_SUOMI_NPP,VIIRS,0.99,306.39,293.39,n,N,Cropland,,202465563,143548.00957247525,143.54800957247525,,Industrial Thermal Activity,0.2743,0.5723,0.1533,0.5723,MEDIUM,outputs/phase_5_ml_handoff/final_model.joblib,5909bb546fc55aeffd37b7bb601e96718709fe685e987705b246bb2963279798,phase_5_ml_handoff/final_model.joblib,2026-09-06T17:19:14Z
FIRMS_TN_0423,423,11.81182,77.91952,2024-12-06,1959,N,VIIRS_SUOMI_NPP,VIIRS,1.54,311.1,287.29,n,N,Built-up,JSW Steel Plant,876239837,329.33837584814063,0.3293383758481406,HIGH,Industrial Thermal Activity,0.01,0.99,0.0,0.99,HIGH,outputs/phase_5_ml_handoff/final_model.joblib,5909bb546fc55aeffd37b7bb601e96718709fe685e987705b246bb2963279798,phase_5_ml_handoff/final_model.joblib,2026-09-06T17:19:14Z
FIRMS_TN_0424,424,13.03769,79.97076,2024-12-06,1959,N,VIIRS_SUOMI_NPP,VIIRS,1.04,306.07,292.06,n,N,Grassland,,202465563,97017.45461986646,97.01745461986646,,Agricultural Burning,0.3885,0.3683,0.2432,0.3885,LOW,outputs/phase_5_ml_handoff/final_model.joblib,5909bb546fc55aeffd37b7bb601e96718709fe685e987705b246bb2963279798,phase_5_ml_handoff/final_model.joblib,2026-09-06T17:19:14Z
FIRMS_TN_0425,425,13.08081,79.97988,2024-12-06,1959,N,VIIRS_SUOMI_NPP,VIIRS,1.5,310.25,292.14,n,N,Grassland,,202465563,101840.44027044128,101.84044027044128,,Industrial Thermal Activity,0.0669,0.8684,0.0647,0.8684,HIGH,outputs/phase_5_ml_handoff/final_model.joblib,5909bb546fc55aeffd37b7bb601e96718709fe685e987705b246bb2963279798,phase_5_ml_handoff/final_model.joblib,2026-09-06T17:19:14Z
FIRMS_TN_0426,426,13.15958,80.28446,2024-12-06,1959,N,VIIRS_SUOMI_NPP,VIIRS,2.63,308.83,292.85,n,N,Built-up,,202465563,116442.437822022,116.442437822022,,Industrial Thermal Activity,0.0184,0.914,0.0676,0.914,HIGH,outputs/phase_5_ml_handoff/final_model.joblib,5909bb546fc55aeffd37b7bb601e96718709fe685e987705b246bb2963279798,phase_5_ml_handoff/final_model.joblib,2026-09-06T17:19:14Z
FIRMS_TN_0427,427,8.73038,78.15974,2024-12-07,845,N,VIIRS_SUOMI_NPP,VIIRS,1.53,330.68,292.66,n,D,Tree cover,,1264776476,45766.55460334168,45.76655460334168,,Agricultural Burning,0.5789,0.0311,0.39,0.5789,MEDIUM,outputs/phase_5_ml_handoff/final_model.joblib,5909bb546fc55aeffd37b7bb601e96718709fe685e987705b246bb2963279798,phase_5_ml_handoff/final_model.joblib,2026-09-06T17:19:14Z
FIRMS_TN_0428,428,8.73359,78.15977,2024-12-07,845,N,VIIRS_SUOMI_NPP,VIIRS,0.91,333.17,292.74,n,D,Shrubland,,1264776476,45439.21108950509,45.439211089505086,,Agricultural Burning,0.6011,0.0311,0.3678,0.6011,MEDIUM,outputs/phase_5_ml_handoff/final_model.joblib,5909bb546fc55aeffd37b7bb601e96718709fe685e987705b246bb2963279798,phase_5_ml_handoff/final_model.joblib,2026-09-06T17:19:14Z
FIRMS_TN_0429,429,8.65521,78.08772,2024-12-07,845,N,VIIRS_SUOMI_NPP,VIIRS,2.74,332.6,292.56,n,D,Shrubland,,1264776476,56748.31473207259,56.74831473207259,,Natural / Wildfire / Other,0.4485,0.0111,0.5404,0.5404,MEDIUM,outputs/phase_5_ml_handoff/final_model.joblib,5909bb546fc55aeffd37b7bb601e96718709fe685e987705b246bb2963279798,phase_5_ml_handoff/final_model.joblib,2026-09-06T17:19:14Z
FIRMS_TN_0430,430,11.81017,77.92149,2024-12-07,1940,N,VIIRS_SUOMI_NPP,VIIRS,1.05,306.17,290.04,n,N,Built-up,,340479189,434.4908448998803,0.4344908448998803,,Industrial Thermal Activity,0.0214,0.9786,0.0,0.9786,HIGH,outputs/phase_5_ml_handoff/final_model.joblib,5909bb546fc55aeffd37b7bb601e96718709fe685e987705b246bb2963279798,phase_5_ml_handoff/final_model.joblib,2026-09-06T17:19:14Z
FIRMS_TN_0431,431,11.3754,78.20809,2024-12-08,828,N,VIIRS_SUOMI_NPP,VIIRS,2.31,334.7,295.72,n,D,Cropland,,1010297113,5479.069092974367,5.479069092974367,,Agricultural Burning,0.8048,0.01,0.1852,0.8048,HIGH,outputs/phase_5_ml_handoff/final_model.joblib,5909bb546fc55aeffd37b7bb601e96718709fe685e987705b246bb2963279798,phase_5_ml_handoff/final_model.joblib,2026-09-06T17:19:14Z
FIRMS_TN_0432,432,11.46885,77.43934,2024-12-08,828,N,VIIRS_SUOMI_NPP,VIIRS,2.26,330.31,300.01,n,D,Tree cover,Coirmedia,1440947503,3162.2187577396776,3.1622187577396774,,Agricultural Burning,0.5615,0.1165,0.322,0.5615,MEDIUM,outputs/phase_5_ml_handoff/final_model.joblib,5909bb546fc55aeffd37b7bb601e96718709fe685e987705b246bb2963279798,phase_5_ml_handoff/final_model.joblib,2026-09-06T17:19:14Z
FIRMS_TN_0433,433,11.69407,78.08384,2024-12-08,828,N,VIIRS_SUOMI_NPP,VIIRS,3.76,340.55,297.42,n,D,Cropland,Magnesite,31857907,985.4623514185504,0.9854623514185504,HIGH,Agricultural Burning,0.6945,0.2754,0.0301,0.6945,MEDIUM,outputs/phase_5_ml_handoff/final_model.joblib,5909bb546fc55aeffd37b7bb601e96718709fe685e987705b246bb2963279798,phase_5_ml_handoff/final_model.joblib,2026-09-06T17:19:14Z
FIRMS_TN_0434,434,13.16068,80.27818,2024-12-08,1921,N,VIIRS_SUOMI_NPP,VIIRS,1.63,300.22,282.8,n,N,Built-up,,202465563,116346.32016610814,116.34632016610814,,Industrial Thermal Activity,0.1115,0.8277,0.0608,0.8277,HIGH,outputs/phase_5_ml_handoff/final_model.joblib,5909bb546fc55aeffd37b7bb601e96718709fe685e987705b246bb2963279798,phase_5_ml_handoff/final_model.joblib,2026-09-06T17:19:14Z
FIRMS_TN_0435,435,11.80894,77.92698,2024-12-08,2101,N,VIIRS_SUOMI_NPP,VIIRS,1.01,302.66,289.21,n,N,Grassland,,340479189,481.96416386991694,0.4819641638699169,MEDIUM,Industrial Thermal Activity,0.0981,0.8969,0.005,0.8969,HIGH,outputs/phase_5_ml_handoff/final_model.joblib,5909bb546fc55aeffd37b7bb601e96718709fe685e987705b246bb2963279798,phase_5_ml_handoff/final_model.joblib,2026-09-06T17:19:14Z
FIRMS_TN_0436,436,13.15905,80.28837,2024-12-08,2101,N,VIIRS_SUOMI_NPP,VIIRS,1.01,305.27,286.56,n,N,Bare/sparse vegetation,,202465563,116520.6442968862,116.5206442968862,,Industrial Thermal Activity,0.0523,0.9293,0.0183,0.9293,HIGH,outputs/phase_5_ml_handoff/final_model.joblib,5909bb546fc55aeffd37b7bb601e96718709fe685e987705b246bb2963279798,phase_5_ml_handoff/final_model.joblib,2026-09-06T17:19:14Z
FIRMS_TN_0437,437,9.76258,78.48173,2024-12-09,807,N,VIIRS_SUOMI_NPP,VIIRS,3.11,335.57,297.47,n,D,Tree cover,,726568456,4708.07942158127,4.70807942158127,,Agricultural Burning,0.6403,0.0133,0.3463,0.6403,MEDIUM,outputs/phase_5_ml_handoff/final_model.joblib,5909bb546fc55aeffd37b7bb601e96718709fe685e987705b246bb2963279798,phase_5_ml_handoff/final_model.joblib,2026-09-06T17:19:14Z
FIRMS_TN_0438,438,9.76732,77.95178,2024-12-09,807,N,VIIRS_SUOMI_NPP,VIIRS,1.87,331.97,298.41,n,D,Shrubland,,906795394,2722.59008641792,2.72259008641792,,Agricultural Burning,0.5976,0.0307,0.3718,0.5976,MEDIUM,outputs/phase_5_ml_handoff/final_model.joblib,5909bb546fc55aeffd37b7bb601e96718709fe685e987705b246bb2963279798,phase_5_ml_handoff/final_model.joblib,2026-09-06T17:19:14Z
FIRMS_TN_0439,439,9.50536,78.25312,2024-12-09,807,N,VIIRS_SUOMI_NPP,VIIRS,1.25,331.32,298.1,n,D,Shrubland,,13479054,485.78967652748776,0.4857896765274878,MEDIUM,Agricultural Burning,0.7267,0.1445,0.1288,0.7267,MEDIUM,outputs/phase_5_ml_handoff/final_model.joblib,5909bb546fc55aeffd37b7bb601e96718709fe685e987705b246bb2963279798,phase_5_ml_handoff/final_model.joblib,2026-09-06T17:19:14Z
FIRMS_TN_0440,440,9.77065,77.95128,2024-12-09,807,N,VIIRS_SUOMI_NPP,VIIRS,1.87,334.36,299.3,n,D,Shrubland,,906795394,2358.62526314376,2.35862526314376,,Agricultural Burning,0.8093,0.03,0.1607,0.8093,HIGH,outputs/phase_5_ml_handoff/final_model.joblib,5909bb546fc55aeffd37b7bb601e96718709fe685e987705b246bb2963279798,phase_5_ml_handoff/final_model.joblib,2026-09-06T17:19:14Z
FIRMS_TN_0441,441,9.85353,79.09533,2024-12-09,807,N,VIIRS_SUOMI_NPP,VIIRS,3.85,332.44,295.33,n,D,Shrubland,,1232409935,9777.46995985348,9.77746995985348,,Natural / Wildfire / Other,0.1739,0.0,0.8261,0.8261,HIGH,outputs/phase_5_ml_handoff/final_model.joblib,5909bb546fc55aeffd37b7bb601e96718709fe685e987705b246bb2963279798,phase_5_ml_handoff/final_model.joblib,2026-09-06T17:19:14Z
FIRMS_TN_0442,442,9.21547,77.83137,2024-12-09,807,N,VIIRS_SUOMI_NPP,VIIRS,2.46,330.4,298.1,n,D,Shrubland,,642500125,24489.35114733426,24.489351147334258,,Natural / Wildfire / Other,0.2092,0.0018,0.789,0.789,HIGH,outputs/phase_5_ml_handoff/final_model.joblib,5909bb546fc55aeffd37b7bb601e96718709fe685e987705b246bb2963279798,phase_5_ml_handoff/final_model.joblib,2026-09-06T17:19:14Z
FIRMS_TN_0443,443,10.50258,78.95891,2024-12-09,809,N,VIIRS_SUOMI_NPP,VIIRS,4.84,334.1,298.17,n,D,Shrubland,Adanakottai,310578517,1866.4911348925368,1.8664911348925368,,Agricultural Burning,0.5508,0.043,0.4062,0.5508,MEDIUM,outputs/phase_5_ml_handoff/final_model.joblib,5909bb546fc55aeffd37b7bb601e96718709fe685e987705b246bb2963279798,phase_5_ml_handoff/final_model.joblib,2026-09-06T17:19:14Z
FIRMS_TN_0444,444,10.97892,78.83411,2024-12-09,809,N,VIIRS_SUOMI_NPP,VIIRS,3.16,337.29,298.51,n,D,Shrubland,Siruganur,340479212,3386.518620656472,3.386518620656472,,Agricultural Burning,0.6981,0.0023,0.2996,0.6981,MEDIUM,outputs/phase_5_ml_handoff/final_model.joblib,5909bb546fc55aeffd37b7bb601e96718709fe685e987705b246bb2963279798,phase_5_ml_handoff/final_model.joblib,2026-09-06T17:19:14Z
FIRMS_TN_0445,445,11.20422,77.5667,2024-12-09,2044,N,VIIRS_SUOMI_NPP,VIIRS,0.49,303.12,289.36,n,N,Grassland,,823591866,527.2080998620937,0.5272080998620937,,Industrial Thermal Activity,0.2383,0.7401,0.0216,0.7401,MEDIUM,outputs/phase_5_ml_handoff/final_model.joblib,5909bb546fc55aeffd37b7bb601e96718709fe685e987705b246bb2963279798,phase_5_ml_handoff/final_model.joblib,2026-09-06T17:19:14Z
FIRMS_TN_0446,446,10.49913,78.96156,2024-12-10,750,N,VIIRS_SUOMI_NPP,VIIRS,5.45,335.39,277.87,n,D,Shrubland,Adanakottai,310578517,2286.7314237847163,2.2867314237847163,,Agricultural Burning,0.5846,0.0683,0.3471,0.5846,MEDIUM,outputs/phase_5_ml_handoff/final_model.joblib,5909bb546fc55aeffd37b7bb601e96718709fe685e987705b246bb2963279798,phase_5_ml_handoff/final_model.joblib,2026-09-06T17:19:14Z
FIRMS_TN_0447,447,9.84898,78.026,2024-12-10,750,N,VIIRS_SUOMI_NPP,VIIRS,2.91,335.31,297.84,n,D,Built-up,,990641684,459.4651128756852,0.4594651128756852,,Agricultural Burning,0.737,0.0953,0.1677,0.737,MEDIUM,outputs/phase_5_ml_handoff/final_model.joblib,5909bb546fc55aeffd37b7bb601e96718709fe685e987705b246bb2963279798,phase_5_ml_handoff/final_model.joblib,2026-09-06T17:19:14Z
FIRMS_TN_0448,448,9.31199,77.68814,2024-12-10,750,N,VIIRS_SUOMI_NPP,VIIRS,5.7,333.89,296.36,n,D,Grassland,,642500075,14449.733286353128,14.449733286353128,MEDIUM,Agricultural Burning,0.5395,0.0051,0.4554,0.5395,MEDIUM,outputs/phase_5_ml_handoff/final_model.joblib,5909bb546fc55aeffd37b7bb601e96718709fe685e987705b246bb2963279798,phase_5_ml_handoff/final_model.joblib,2026-09-06T17:19:14Z
FIRMS_TN_0449,449,13.2788,79.43861,2024-12-10,752,N,VIIRS_SUOMI_NPP,VIIRS,2.29,326.97,287.48,n,D,Shrubland,,1026841614,126255.78613998914,126.25578613998914,,Natural / Wildfire / Other,0.4434,0.0246,0.5319,0.5319,MEDIUM,outputs/phase_5_ml_handoff/final_model.joblib,5909bb546fc55aeffd37b7bb601e96718709fe685e987705b246bb2963279798,phase_5_ml_handoff/final_model.joblib,2026-09-06T17:19:14Z
FIRMS_TN_0450,450,13.15948,80.28324,2024-12-13,1927,N,VIIRS_SUOMI_NPP,VIIRS,1.06,297.25,284.29,n,N,Built-up,,202465563,116390.33228475665,116.39033228475664,,Industrial Thermal Activity,0.0523,0.9293,0.0183,0.9293,HIGH,outputs/phase_5_ml_handoff/final_model.joblib,5909bb546fc55aeffd37b7bb601e96718709fe685e987705b246bb2963279798,phase_5_ml_handoff/final_model.joblib,2026-09-06T17:19:14Z
FIRMS_TN_0451,451,13.16246,80.29005,2024-12-13,2108,N,VIIRS_SUOMI_NPP,VIIRS,1.32,301.72,287.45,n,N,Built-up,,202465563,116938.01884665932,116.9380188466593,,Agricultural Burning,0.3924,0.37,0.2376,0.3924,LOW,outputs/phase_5_ml_handoff/final_model.joblib,5909bb546fc55aeffd37b7bb601e96718709fe685e987705b246bb2963279798,phase_5_ml_handoff/final_model.joblib,2026-09-06T17:19:14Z
FIRMS_TN_0452,452,13.16009,80.29156,2024-12-13,2108,N,VIIRS_SUOMI_NPP,VIIRS,1.09,301.59,288.03,n,N,Cropland,,202465563,116740.63218712017,116.74063218712016,,Agricultural Burning,0.5118,0.3183,0.1698,0.5118,MEDIUM,outputs/phase_5_ml_handoff/final_model.joblib,5909bb546fc55aeffd37b7bb601e96718709fe685e987705b246bb2963279798,phase_5_ml_handoff/final_model.joblib,2026-09-06T17:19:14Z
FIRMS_TN_0453,453,11.20285,77.56692,2024-12-14,2050,N,VIIRS_SUOMI_NPP,VIIRS,1.52,312.78,290.62,n,N,Grassland,,823591866,373.1083683771493,0.3731083683771492,,Industrial Thermal Activity,0.035,0.9234,0.0416,0.9234,HIGH,outputs/phase_5_ml_handoff/final_model.joblib,5909bb546fc55aeffd37b7bb601e96718709fe685e987705b246bb2963279798,phase_5_ml_handoff/final_model.joblib,2026-09-06T17:19:14Z
FIRMS_TN_0454,454,11.076,79.56938,2024-12-14,2050,N,VIIRS_SUOMI_NPP,VIIRS,0.43,307.17,291.68,n,N,Tree cover,Kadalangudi,341791011,1499.8488850546948,1.499848885054695,MEDIUM,Agricultural Burning,0.7509,0.1209,0.1282,0.7509,HIGH,outputs/phase_5_ml_handoff/final_model.joblib,5909bb546fc55aeffd37b7bb601e96718709fe685e987705b246bb2963279798,phase_5_ml_handoff/final_model.joblib,2026-09-06T17:19:14Z
FIRMS_TN_0455,455,11.1806,79.09951,2024-12-14,2050,N,VIIRS_SUOMI_NPP,VIIRS,0.87,301.39,291.11,n,N,Built-up,,340697977,509.2008259663716,0.5092008259663715,,Industrial Thermal Activity,0.0641,0.9359,0.0,0.9359,HIGH,outputs/phase_5_ml_handoff/final_model.joblib,5909bb546fc55aeffd37b7bb601e96718709fe685e987705b246bb2963279798,phase_5_ml_handoff/final_model.joblib,2026-09-06T17:19:14Z
FIRMS_TN_0456,456,13.42046,80.08818,2024-12-14,2050,N,VIIRS_SUOMI_NPP,VIIRS,0.41,303.12,291.06,n,N,Bare/sparse vegetation,,202465563,140382.6065099865,140.38260650998652,,Agricultural Burning,0.5574,0.2083,0.2343,0.5574,MEDIUM,outputs/phase_5_ml_handoff/final_model.joblib,5909bb546fc55aeffd37b7bb601e96718709fe685e987705b246bb2963279798,phase_5_ml_handoff/final_model.joblib,2026-09-06T17:19:14Z
FIRMS_TN_0457,457,9.35392,78.38164,2024-12-15,756,N,VIIRS_SUOMI_NPP,VIIRS,3.2,341.17,299.02,n,D,Built-up,Kamudi,510509746,1602.4368628100622,1.6024368628100625,MEDIUM,Agricultural Burning,0.7488,0.033,0.2182,0.7488,MEDIUM,outputs/phase_5_ml_handoff/final_model.joblib,5909bb546fc55aeffd37b7bb601e96718709fe685e987705b246bb2963279798,phase_5_ml_handoff/final_model.joblib,2026-09-06T17:19:14Z
FIRMS_TN_0458,458,9.81162,78.69306,2024-12-15,756,N,VIIRS_SUOMI_NPP,VIIRS,2.19,342.33,295.71,n,D,Grassland,,13526119,175.24057353467404,0.175240573534674,,Agricultural Burning,0.6161,0.2822,0.1017,0.6161,MEDIUM,outputs/phase_5_ml_handoff/final_model.joblib,5909bb546fc55aeffd37b7bb601e96718709fe685e987705b246bb2963279798,phase_5_ml_handoff/final_model.joblib,2026-09-06T17:19:14Z
FIRMS_TN_0459,459,9.81504,78.69252,2024-12-15,756,N,VIIRS_SUOMI_NPP,VIIRS,3.73,346.03,296.15,n,D,Cropland,,1009975066,500.17475120960415,0.5001747512096042,HIGH,Agricultural Burning,0.6405,0.3031,0.0565,0.6405,MEDIUM,outputs/phase_5_ml_handoff/final_model.joblib,5909bb546fc55aeffd37b7bb601e96718709fe685e987705b246bb2963279798,phase_5_ml_handoff/final_model.joblib,2026-09-06T17:19:14Z
FIRMS_TN_0460,460,11.20301,77.5686,2024-12-15,2031,N,VIIRS_SUOMI_NPP,VIIRS,1.15,309.22,291.37,n,N,Built-up,,823591866,413.8442020720007,0.4138442020720007,,Industrial Thermal Activity,0.0417,0.9367,0.0216,0.9367,HIGH,outputs/phase_5_ml_handoff/final_model.joblib,5909bb546fc55aeffd37b7bb601e96718709fe685e987705b246bb2963279798,phase_5_ml_handoff/final_model.joblib,2026-09-06T17:19:14Z
FIRMS_TN_0461,461,11.20368,77.56465,2024-12-15,2031,N,VIIRS_SUOMI_NPP,VIIRS,1.58,314.26,291.55,n,N,Grassland,,823591866,545.713052493641,0.545713052493641,,Industrial Thermal Activity,0.0503,0.9014,0.0483,0.9014,HIGH,outputs/phase_5_ml_handoff/final_model.joblib,5909bb546fc55aeffd37b7bb601e96718709fe685e987705b246bb2963279798,phase_5_ml_handoff/final_model.joblib,2026-09-06T17:19:14Z
FIRMS_TN_0462,462,13.11503,79.75854,2024-12-16,737,N,VIIRS_SUOMI_NPP,VIIRS,3.36,331.87,297.93,n,D,Tree cover,,1026841614,103145.91037775158,103.1459103777516,,Natural / Wildfire / Other,0.4029,0.0018,0.5953,0.5953,MEDIUM,outputs/phase_5_ml_handoff/final_model.joblib,5909bb546fc55aeffd37b7bb601e96718709fe685e987705b246bb2963279798,phase_5_ml_handoff/final_model.joblib,2026-09-06T17:19:14Z
FIRMS_TN_0463,463,13.1139,79.75702,2024-12-16,737,N,VIIRS_SUOMI_NPP,VIIRS,4.1,333.6,298.88,n,D,Cropland,,1026841614,103020.60323571492,103.02060323571492,,Agricultural Burning,0.6289,0.0,0.3711,0.6289,MEDIUM,outputs/phase_5_ml_handoff/final_model.joblib,5909bb546fc55aeffd37b7bb601e96718709fe685e987705b246bb2963279798,phase_5_ml_handoff/final_model.joblib,2026-09-06T17:19:14Z
FIRMS_TN_0464,464,11.20311,77.5677,2024-12-16,2012,N,VIIRS_SUOMI_NPP,VIIRS,1.35,315.01,289.58,n,N,Built-up,,823591866,402.1772038857784,0.4021772038857784,,Industrial Thermal Activity,0.0317,0.9267,0.0416,0.9267,HIGH,outputs/phase_5_ml_handoff/final_model.joblib,5909bb546fc55aeffd37b7bb601e96718709fe685e987705b246bb2963279798,phase_5_ml_handoff/final_model.joblib,2026-09-06T17:19:14Z
FIRMS_TN_0465,465,11.81663,77.91622,2024-12-16,2012,N,VIIRS_SUOMI_NPP,VIIRS,0.91,309.91,290.86,n,N,Built-up,JSW Steel Plant,876239837,321.4847990178874,0.3214847990178874,,Industrial Thermal Activity,0.0317,0.9683,0.0,0.9683,HIGH,outputs/phase_5_ml_handoff/final_model.joblib,5909bb546fc55aeffd37b7bb601e96718709fe685e987705b246bb2963279798,phase_5_ml_handoff/final_model.joblib,2026-09-06T17:19:14Z
FIRMS_TN_0466,466,11.80862,77.92271,2024-12-16,2012,N,VIIRS_SUOMI_NPP,VIIRS,1.54,306.26,292.37,n,N,Grassland,,340479189,226.1123158076199,0.2261123158076199,,Industrial Thermal Activity,0.0234,0.9766,0.0,0.9766,HIGH,outputs/phase_5_ml_handoff/final_model.joblib,5909bb546fc55aeffd37b7bb601e96718709fe685e987705b246bb2963279798,phase_5_ml_handoff/final_model.joblib,2026-09-06T17:19:14Z
FIRMS_TN_0467,467,10.92926,77.06384,2024-12-16,2014,N,VIIRS_SUOMI_NPP,VIIRS,0.34,295.61,281.52,n,N,Grassland,,3449174406,20346.476808920703,20.346476808920706,,Industrial Thermal Activity,0.3529,0.5707,0.0764,0.5707,MEDIUM,outputs/phase_5_ml_handoff/final_model.joblib,5909bb546fc55aeffd37b7bb601e96718709fe685e987705b246bb2963279798,phase_5_ml_handoff/final_model.joblib,2026-09-06T17:19:14Z
FIRMS_TN_0468,468,8.65877,78.11285,2024-12-19,822,N,VIIRS_SUOMI_NPP,VIIRS,5.52,335.17,295.75,n,D,Mangroves,,1264776476,55155.38363620173,55.15538363620173,MEDIUM,Natural / Wildfire / Other,0.4507,0.0044,0.5449,0.5449,MEDIUM,outputs/phase_5_ml_handoff/final_model.joblib,5909bb546fc55aeffd37b7bb601e96718709fe685e987705b246bb2963279798,phase_5_ml_handoff/final_model.joblib,2026-09-06T17:19:14Z
FIRMS_TN_0469,469,8.36387,77.99434,2024-12-19,822,N,VIIRS_SUOMI_NPP,VIIRS,3.94,334.99,295.72,n,D,Tree cover,,774534255,81838.87848276627,81.83887848276628,MEDIUM,Agricultural Burning,0.6499,0.0018,0.3484,0.6499,MEDIUM,outputs/phase_5_ml_handoff/final_model.joblib,5909bb546fc55aeffd37b7bb601e96718709fe685e987705b246bb2963279798,phase_5_ml_handoff/final_model.joblib,2026-09-06T17:19:14Z
FIRMS_TN_0470,470,9.32755,77.64175,2024-12-20,802,N,VIIRS_SUOMI_NPP,VIIRS,2.54,334.31,297.91,n,D,Shrubland,,906386131,13173.712771370056,13.173712771370056,,Natural / Wildfire / Other,0.4563,0.0118,0.532,0.532,MEDIUM,outputs/phase_5_ml_handoff/final_model.joblib,5909bb546fc55aeffd37b7bb601e96718709fe685e987705b246bb2963279798,phase_5_ml_handoff/final_model.joblib,2026-09-06T17:19:14Z
FIRMS_TN_0471,471,11.1546,77.35361,2024-12-20,805,N,VIIRS_SUOMI_NPP,VIIRS,2.56,333.26,301.58,n,D,Grassland,,985084093,1342.401200648939,1.342401200648939,,Agricultural Burning,0.5113,0.0067,0.4821,0.5113,MEDIUM,outputs/phase_5_ml_handoff/final_model.joblib,5909bb546fc55aeffd37b7bb601e96718709fe685e987705b246bb2963279798,phase_5_ml_handoff/final_model.joblib,2026-09-06T17:19:14Z
FIRMS_TN_0472,472,11.53465,78.47977,2024-12-20,805,N,VIIRS_SUOMI_NPP,VIIRS,2.52,334.28,299.87,n,D,Tree cover,,813893974,4022.0258847419104,4.02202588474191,MEDIUM,Agricultural Burning,0.8868,0.009,0.1042,0.8868,HIGH,outputs/phase_5_ml_handoff/final_model.joblib,5909bb546fc55aeffd37b7bb601e96718709fe685e987705b246bb2963279798,phase_5_ml_handoff/final_model.joblib,2026-09-06T17:19:14Z
FIRMS_TN_0473,473,11.93054,79.0218,2024-12-20,805,N,VIIRS_SUOMI_NPP,VIIRS,2.48,331.38,296.37,n,D,Cropland,Ariyalur,342137009,3079.845860992677,3.079845860992677,,Agricultural Burning,0.6729,0.021,0.3061,0.6729,MEDIUM,outputs/phase_5_ml_handoff/final_model.joblib,5909bb546fc55aeffd37b7bb601e96718709fe685e987705b246bb2963279798,phase_5_ml_handoff/final_model.joblib,2026-09-06T17:19:14Z
FIRMS_TN_0474,474,13.3918,80.10139,2024-12-21,2018,N,VIIRS_SUOMI_NPP,VIIRS,1.55,312.89,294.76,n,N,Grassland,,202465563,137382.52736110994,137.38252736110994,,Industrial Thermal Activity,0.0304,0.9168,0.0528,0.9168,HIGH,outputs/phase_5_ml_handoff/final_model.joblib,5909bb546fc55aeffd37b7bb601e96718709fe685e987705b246bb2963279798,phase_5_ml_handoff/final_model.joblib,2026-09-06T17:19:14Z
FIRMS_TN_0475,475,11.94577,78.98011,2024-12-22,726,N,VIIRS_SUOMI_NPP,VIIRS,2.98,329.31,286.27,n,D,Tree cover,Ariyalur,342137009,3277.888271834174,3.2778882718341738,,Agricultural Burning,0.4808,0.065,0.4542,0.4808,LOW,outputs/phase_5_ml_handoff/final_model.joblib,5909bb546fc55aeffd37b7bb601e96718709fe685e987705b246bb2963279798,phase_5_ml_handoff/final_model.joblib,2026-09-06T17:19:14Z
FIRMS_TN_0476,476,13.39238,80.10198,2024-12-22,1959,N,VIIRS_SUOMI_NPP,VIIRS,1.16,307.97,293.78,n,N,Grassland,,202465563,137454.34601791494,137.45434601791493,,Industrial Thermal Activity,0.0227,0.939,0.0383,0.939,HIGH,outputs/phase_5_ml_handoff/final_model.joblib,5909bb546fc55aeffd37b7bb601e96718709fe685e987705b246bb2963279798,phase_5_ml_handoff/final_model.joblib,2026-09-06T17:19:14Z
FIRMS_TN_0477,477,11.48374,77.36877,2024-12-23,847,N,VIIRS_SUOMI_NPP,VIIRS,3.22,346.95,293.24,n,D,Cropland,Thuckanaickenpalayam,337856917,3445.295024767323,3.445295024767323,,Agricultural Burning,0.8308,0.065,0.1042,0.8308,HIGH,outputs/phase_5_ml_handoff/final_model.joblib,5909bb546fc55aeffd37b7bb601e96718709fe685e987705b246bb2963279798,phase_5_ml_handoff/final_model.joblib,2026-09-06T17:19:14Z
FIRMS_TN_0478,478,11.48662,77.3672,2024-12-23,847,N,VIIRS_SUOMI_NPP,VIIRS,8.34,367.0,293.65,h,D,Tree cover,Thuckanaickenpalayam,337856917,3168.492785063283,3.168492785063283,HIGH,Agricultural Burning,0.6646,0.0683,0.2671,0.6646,MEDIUM,outputs/phase_5_ml_handoff/final_model.joblib,5909bb546fc55aeffd37b7bb601e96718709fe685e987705b246bb2963279798,phase_5_ml_handoff/final_model.joblib,2026-09-06T17:19:14Z
FIRMS_TN_0479,479,11.48707,77.37101,2024-12-23,847,N,VIIRS_SUOMI_NPP,VIIRS,9.93,332.03,293.49,n,D,Cropland,Thuckanaickenpalayam,337856917,3042.5972996731334,3.0425972996731336,,Agricultural Burning,0.6722,0.0393,0.2885,0.6722,MEDIUM,outputs/phase_5_ml_handoff/final_model.joblib,5909bb546fc55aeffd37b7bb601e96718709fe685e987705b246bb2963279798,phase_5_ml_handoff/final_model.joblib,2026-09-06T17:19:14Z
FIRMS_TN_0480,480,11.38817,77.17683,2024-12-24,828,N,VIIRS_SUOMI_NPP,VIIRS,1.32,332.85,304.41,n,D,Cropland,,1220446723,14738.15448141658,14.73815448141658,,Agricultural Burning,0.7058,0.03,0.2642,0.7058,MEDIUM,outputs/phase_5_ml_handoff/final_model.joblib,5909bb546fc55aeffd37b7bb601e96718709fe685e987705b246bb2963279798,phase_5_ml_handoff/final_model.joblib,2026-09-06T17:19:14Z
FIRMS_TN_0481,481,10.21246,77.85556,2024-12-24,828,N,VIIRS_SUOMI_NPP,VIIRS,4.68,343.2,302.09,n,D,Tree cover,,906795405,4512.665545844232,4.512665545844232,,Agricultural Burning,0.6046,0.0433,0.3521,0.6046,MEDIUM,outputs/phase_5_ml_handoff/final_model.joblib,5909bb546fc55aeffd37b7bb601e96718709fe685e987705b246bb2963279798,phase_5_ml_handoff/final_model.joblib,2026-09-06T17:19:14Z
FIRMS_TN_0482,482,10.06075,77.48013,2024-12-24,828,N,VIIRS_SUOMI_NPP,VIIRS,3.24,334.83,299.36,n,D,Tree cover,,1509435064,1422.867053212318,1.422867053212318,,Agricultural Burning,0.631,0.0237,0.3454,0.631,MEDIUM,outputs/phase_5_ml_handoff/final_model.joblib,5909bb546fc55aeffd37b7bb601e96718709fe685e987705b246bb2963279798,phase_5_ml_handoff/final_model.joblib,2026-09-06T17:19:14Z
FIRMS_TN_0483,483,9.78438,77.42071,2024-12-24,828,N,VIIRS_SUOMI_NPP,VIIRS,1.82,331.52,303.34,n,D,Cropland,,9101497944,1861.0861299037788,1.8610861299037789,,Agricultural Burning,0.7977,0.035,0.1673,0.7977,HIGH,outputs/phase_5_ml_handoff/final_model.joblib,5909bb546fc55aeffd37b7bb601e96718709fe685e987705b246bb2963279798,phase_5_ml_handoff/final_model.joblib,2026-09-06T17:19:14Z
FIRMS_TN_0484,484,13.16129,80.28079,2024-12-24,1921,N,VIIRS_SUOMI_NPP,VIIRS,1.6,303.72,287.44,n,N,Built-up,,202465563,116498.5312928746,116.49853129287462,,Industrial Thermal Activity,0.0107,0.971,0.0183,0.971,HIGH,outputs/phase_5_ml_handoff/final_model.joblib,5909bb546fc55aeffd37b7bb601e96718709fe685e987705b246bb2963279798,phase_5_ml_handoff/final_model.joblib,2026-09-06T17:19:14Z
FIRMS_TN_0485,485,12.6902,77.94789,2024-12-24,2101,N,VIIRS_SUOMI_NPP,VIIRS,0.52,298.72,288.36,n,N,Grassland,Palavadi,425335457,59665.80284264241,59.665802842642414,,Agricultural Burning,0.6099,0.1669,0.2232,0.6099,MEDIUM,outputs/phase_5_ml_handoff/final_model.joblib,5909bb546fc55aeffd37b7bb601e96718709fe685e987705b246bb2963279798,phase_5_ml_handoff/final_model.joblib,2026-09-06T17:19:14Z
FIRMS_TN_0486,486,9.18193,78.44804,2024-12-25,809,N,VIIRS_SUOMI_NPP,VIIRS,1.9,331.75,302.63,l,D,Shrubland,IOCL,1095203400,4878.749208795854,4.878749208795854,,Agricultural Burning,0.721,0.04,0.239,0.721,MEDIUM,outputs/phase_5_ml_handoff/final_model.joblib,5909bb546fc55aeffd37b7bb601e96718709fe685e987705b246bb2963279798,phase_5_ml_handoff/final_model.joblib,2026-09-06T17:19:14Z
FIRMS_TN_0487,487,9.85774,77.33888,2024-12-25,809,N,VIIRS_SUOMI_NPP,VIIRS,3.26,336.26,307.18,n,D,Grassland,,9101497939,1751.5116911688228,1.7515116911688229,MEDIUM,Agricultural Burning,0.7787,0.0363,0.185,0.7787,HIGH,outputs/phase_5_ml_handoff/final_model.joblib,5909bb546fc55aeffd37b7bb601e96718709fe685e987705b246bb2963279798,phase_5_ml_handoff/final_model.joblib,2026-09-06T17:19:14Z
FIRMS_TN_0488,488,11.38649,77.14317,2024-12-25,809,N,VIIRS_SUOMI_NPP,VIIRS,3.75,341.97,304.31,n,D,Cropland,,17338131,16800.38493864228,16.80038493864228,,Agricultural Burning,0.672,0.0,0.328,0.672,MEDIUM,outputs/phase_5_ml_handoff/final_model.joblib,5909bb546fc55aeffd37b7bb601e96718709fe685e987705b246bb2963279798,phase_5_ml_handoff/final_model.joblib,2026-09-06T17:19:14Z
FIRMS_TN_0489,489,9.18541,78.61312,2024-12-26,750,N,VIIRS_SUOMI_NPP,VIIRS,2.53,331.38,297.13,n,D,Bare/sparse vegetation,Valinokam,385335088,2115.504970736605,2.1155049707366054,,Agricultural Burning,0.5275,0.0117,0.4608,0.5275,MEDIUM,outputs/phase_5_ml_handoff/final_model.joblib,5909bb546fc55aeffd37b7bb601e96718709fe685e987705b246bb2963279798,phase_5_ml_handoff/final_model.joblib,2026-09-06T17:19:14Z
FIRMS_TN_0490,490,11.8161,77.91463,2024-12-27,2006,N,VIIRS_SUOMI_NPP,VIIRS,0.72,303.33,290.44,n,N,Built-up,JSW Steel Plant,876239837,428.1478799408591,0.428147879940859,,Industrial Thermal Activity,0.1117,0.8883,0.0,0.8883,HIGH,outputs/phase_5_ml_handoff/final_model.joblib,5909bb546fc55aeffd37b7bb601e96718709fe685e987705b246bb2963279798,phase_5_ml_handoff/final_model.joblib,2026-09-06T17:19:14Z
FIRMS_TN_0491,491,11.81118,77.92284,2024-12-27,2006,N,VIIRS_SUOMI_NPP,VIIRS,1.24,303.71,291.55,n,N,Built-up,,340479189,505.52792652144336,0.5055279265214434,,Industrial Thermal Activity,0.0234,0.9766,0.0,0.9766,HIGH,outputs/phase_5_ml_handoff/final_model.joblib,5909bb546fc55aeffd37b7bb601e96718709fe685e987705b246bb2963279798,phase_5_ml_handoff/final_model.joblib,2026-09-06T17:19:14Z
FIRMS_TN_0492,492,13.08174,79.97926,2024-12-27,2006,N,VIIRS_SUOMI_NPP,VIIRS,1.41,310.44,293.82,n,N,Bare/sparse vegetation,,202465563,101941.45440053902,101.94145440053902,,Industrial Thermal Activity,0.0625,0.8618,0.0758,0.8618,HIGH,outputs/phase_5_ml_handoff/final_model.joblib,5909bb546fc55aeffd37b7bb601e96718709fe685e987705b246bb2963279798,phase_5_ml_handoff/final_model.joblib,2026-09-06T17:19:14Z
FIRMS_TN_0493,493,12.99953,79.90663,2024-12-28,1949,N,VIIRS_SUOMI_NPP,VIIRS,3.74,329.01,291.28,n,N,Shrubland,,1026841614,91698.6325982306,91.6986325982306,MEDIUM,Natural / Wildfire / Other,0.2889,0.2352,0.4759,0.4759,LOW,outputs/phase_5_ml_handoff/final_model.joblib,5909bb546fc55aeffd37b7bb601e96718709fe685e987705b246bb2963279798,phase_5_ml_handoff/final_model.joblib,2026-09-06T17:19:14Z
FIRMS_TN_0494,494,9.18301,78.57902,2024-12-29,834,N,VIIRS_SUOMI_NPP,VIIRS,4.45,331.26,296.26,n,D,Tree cover,,1537121520,5179.574089377101,5.179574089377101,,Natural / Wildfire / Other,0.4279,0.0033,0.5688,0.5688,MEDIUM,outputs/phase_5_ml_handoff/final_model.joblib,5909bb546fc55aeffd37b7bb601e96718709fe685e987705b246bb2963279798,phase_5_ml_handoff/final_model.joblib,2026-09-06T17:19:14Z
FIRMS_TN_0495,495,11.08905,78.05498,2024-12-30,815,N,VIIRS_SUOMI_NPP,VIIRS,3.3,332.23,293.97,n,D,Tree cover,,338030175,4132.232637611704,4.132232637611704,,Natural / Wildfire / Other,0.4393,0.0283,0.5323,0.5323,MEDIUM,outputs/phase_5_ml_handoff/final_model.joblib,5909bb546fc55aeffd37b7bb601e96718709fe685e987705b246bb2963279798,phase_5_ml_handoff/final_model.joblib,2026-09-06T17:19:14Z
FIRMS_TN_0496,496,11.81181,77.92474,2024-12-30,2050,N,VIIRS_SUOMI_NPP,VIIRS,2.74,306.72,291.29,n,N,Built-up,,340479189,597.2176145423738,0.5972176145423738,,Industrial Thermal Activity,0.0404,0.9271,0.0325,0.9271,HIGH,outputs/phase_5_ml_handoff/final_model.joblib,5909bb546fc55aeffd37b7bb601e96718709fe685e987705b246bb2963279798,phase_5_ml_handoff/final_model.joblib,2026-09-06T17:19:14Z
FIRMS_TN_0497,497,12.64716,77.85314,2024-12-30,2050,N,VIIRS_SUOMI_NPP,VIIRS,0.58,303.28,284.02,n,N,Grassland,Pennagaram,386095154,57578.52017924884,57.578520179248834,,Agricultural Burning,0.6293,0.1476,0.2232,0.6293,MEDIUM,outputs/phase_5_ml_handoff/final_model.joblib,5909bb546fc55aeffd37b7bb601e96718709fe685e987705b246bb2963279798,phase_5_ml_handoff/final_model.joblib,2026-09-06T17:19:14Z
FIRMS_TN_0498,498,13.15957,80.2869,2024-12-30,2050,N,VIIRS_SUOMI_NPP,VIIRS,0.79,302.87,289.76,n,N,Tree cover,,202465563,116524.88695727586,116.52488695727584,,Industrial Thermal Activity,0.1523,0.8293,0.0183,0.8293,HIGH,outputs/phase_5_ml_handoff/final_model.joblib,5909bb546fc55aeffd37b7bb601e96718709fe685e987705b246bb2963279798,phase_5_ml_handoff/final_model.joblib,2026-09-06T17:19:14Z
FIRMS_TN_0499,499,13.39337,80.10251,2024-12-30,2050,N,VIIRS_SUOMI_NPP,VIIRS,0.36,301.17,285.01,n,N,Grassland,,202465563,137570.63331823653,137.57063331823653,,Industrial Thermal Activity,0.2223,0.7593,0.0183,0.7593,HIGH,outputs/phase_5_ml_handoff/final_model.joblib,5909bb546fc55aeffd37b7bb601e96718709fe685e987705b246bb2963279798,phase_5_ml_handoff/final_model.joblib,2026-09-06T17:19:14Z
FIRMS_TN_0500,500,11.80905,77.92311,2024-12-31,758,N,VIIRS_SUOMI_NPP,VIIRS,2.27,331.86,306.36,l,D,Built-up,,340479189,267.25223697024444,0.2672522369702444,,Industrial Thermal Activity,0.148,0.716,0.136,0.716,MEDIUM,outputs/phase_5_ml_handoff/final_model.joblib,5909bb546fc55aeffd37b7bb601e96718709fe685e987705b246bb2963279798,phase_5_ml_handoff/final_model.joblib,2026-09-06T17:19:14Z
FIRMS_TN_0501,501,12.24608,77.47054,2024-12-31,758,N,VIIRS_SUOMI_NPP,VIIRS,3.6,330.06,303.78,l,D,Shrubland,,13570496,14184.353437436328,14.184353437436329,,Natural / Wildfire / Other,0.3522,0.0011,0.6467,0.6467,MEDIUM,outputs/phase_5_ml_handoff/final_model.joblib,5909bb546fc55aeffd37b7bb601e96718709fe685e987705b246bb2963279798,phase_5_ml_handoff/final_model.joblib,2026-09-06T17:19:14Z
FIRMS_TN_0502,502,12.26136,77.4766,2024-12-31,758,N,VIIRS_SUOMI_NPP,VIIRS,3.13,337.7,301.63,n,D,Tree cover,,1467381349,15772.590804511188,15.772590804511188,,Natural / Wildfire / Other,0.3034,0.0011,0.6955,0.6955,MEDIUM,outputs/phase_5_ml_handoff/final_model.joblib,5909bb546fc55aeffd37b7bb601e96718709fe685e987705b246bb2963279798,phase_5_ml_handoff/final_model.joblib,2026-09-06T17:19:14Z
FIRMS_TN_0503,503,12.73766,77.7874,2024-12-31,758,N,VIIRS_SUOMI_NPP,VIIRS,4.81,345.14,300.05,n,D,Built-up,,1134097095,59595.31427609683,59.59531427609684,,Natural / Wildfire / Other,0.4357,0.0244,0.5399,0.5399,MEDIUM,outputs/phase_5_ml_handoff/final_model.joblib,5909bb546fc55aeffd37b7bb601e96718709fe685e987705b246bb2963279798,phase_5_ml_handoff/final_model.joblib,2026-09-06T17:19:14Z
FIRMS_TN_0504,504,13.26257,79.65422,2024-12-31,758,N,VIIRS_SUOMI_NPP,VIIRS,1.57,332.18,300.73,n,D,Tree cover,,1026841614,120098.25433429208,120.09825433429206,,Agricultural Burning,0.535,0.03,0.435,0.535,MEDIUM,outputs/phase_5_ml_handoff/final_model.joblib,5909bb546fc55aeffd37b7bb601e96718709fe685e987705b246bb2963279798,phase_5_ml_handoff/final_model.joblib,2026-09-06T17:19:14Z
FIRMS_TN_0505,505,12.35046,80.01983,2024-12-31,2031,N,VIIRS_SUOMI_NPP,VIIRS,0.45,308.33,292.87,n,N,Cropland,,202465563,22037.338707131545,22.037338707131543,,Agricultural Burning,0.7252,0.1183,0.1564,0.7252,MEDIUM,outputs/phase_5_ml_handoff/final_model.joblib,5909bb546fc55aeffd37b7bb601e96718709fe685e987705b246bb2963279798,phase_5_ml_handoff/final_model.joblib,2026-09-06T17:19:14Z
FIRMS_TN_0506,506,13.06525,80.18826,2024-12-31,2031,N,VIIRS_SUOMI_NPP,VIIRS,0.59,303.81,293.73,n,N,Cropland,,202465563,103416.5072183708,103.4165072183708,,Industrial Thermal Activity,0.321,0.6457,0.0333,0.6457,MEDIUM,outputs/phase_5_ml_handoff/final_model.joblib,5909bb546fc55aeffd37b7bb601e96718709fe685e987705b246bb2963279798,phase_5_ml_handoff/final_model.joblib,2026-09-06T17:19:14Z
FIRMS_TN_0507,507,11.77809,77.72276,2024-12-31,2031,N,VIIRS_SUOMI_NPP,VIIRS,0.75,304.24,291.62,n,N,Cropland,,876239831,5979.356113083448,5.979356113083448,,Agricultural Burning,0.7852,0.1483,0.0665,0.7852,HIGH,outputs/phase_5_ml_handoff/final_model.joblib,5909bb546fc55aeffd37b7bb601e96718709fe685e987705b246bb2963279798,phase_5_ml_handoff/final_model.joblib,2026-09-06T17:19:14Z
FIRMS_TN_0508,508,11.80982,77.92365,2024-12-31,2031,N,VIIRS_SUOMI_NPP,VIIRS,1.01,304.84,294.6,n,N,Tree cover,,340479189,355.6773585527705,0.3556773585527705,,Industrial Thermal Activity,0.0541,0.9049,0.041,0.9049,HIGH,outputs/phase_5_ml_handoff/final_model.joblib,5909bb546fc55aeffd37b7bb601e96718709fe685e987705b246bb2963279798,phase_5_ml_handoff/final_model.joblib,2026-09-06T17:19:14Z
FIRMS_TN_0509,509,13.16059,80.28819,2024-12-31,2031,N,VIIRS_SUOMI_NPP,VIIRS,1.17,306.36,294.14,n,N,Tree cover,,202465563,116676.78348421336,116.67678348421336,,Industrial Thermal Activity,0.0327,0.929,0.0383,0.929,HIGH,outputs/phase_5_ml_handoff/final_model.joblib,5909bb546fc55aeffd37b7bb601e96718709fe685e987705b246bb2963279798,phase_5_ml_handoff/final_model.joblib,2026-09-06T17:19:14Z
FIRMS_TN_0510,510,10.92962,77.06595,2024-12-31,2031,N,VIIRS_SUOMI_NPP,VIIRS,0.4,302.5,290.24,n,N,Grassland,,3449174406,20116.715807999964,20.116715807999963,,Industrial Thermal Activity,0.3429,0.5807,0.0764,0.5807,MEDIUM,outputs/phase_5_ml_handoff/final_model.joblib,5909bb546fc55aeffd37b7bb601e96718709fe685e987705b246bb2963279798,phase_5_ml_handoff/final_model.joblib,2026-09-06T17:19:14Z
FIRMS_TN_0511,511,12.35442,80.02054,2024-12-31,2031,N,VIIRS_SUOMI_NPP,VIIRS,0.61,304.49,293.05,n,N,Grassland,,202465563,22476.13934104744,22.47613934104744,,Agricultural Burning,0.5769,0.1983,0.2248,0.5769,MEDIUM,outputs/phase_5_ml_handoff/final_model.joblib,5909bb546fc55aeffd37b7bb601e96718709fe685e987705b246bb2963279798,phase_5_ml_handoff/final_model.joblib,2026-09-06T17:19:14Z
FIRMS_TN_0512,512,11.1818,79.09956,2024-12-31,2031,N,VIIRS_SUOMI_NPP,VIIRS,1.06,306.75,293.35,n,N,Built-up,,340697977,420.3323478308147,0.4203323478308147,,Industrial Thermal Activity,0.0381,0.9519,0.01,0.9519,HIGH,outputs/phase_5_ml_handoff/final_model.joblib,5909bb546fc55aeffd37b7bb601e96718709fe685e987705b246bb2963279798,phase_5_ml_handoff/final_model.joblib,2026-09-06T17:19:14Z
FIRMS_TN_0513,513,12.35191,80.02312,2024-12-31,2031,N,VIIRS_SUOMI_NPP,VIIRS,0.83,313.69,291.86,n,N,Tree cover,,202465563,22317.913879759515,22.31791387975952,LOW,Agricultural Burning,0.4522,0.3083,0.2394,0.4522,LOW,outputs/phase_5_ml_handoff/final_model.joblib,5909bb546fc55aeffd37b7bb601e96718709fe685e987705b246bb2963279798,phase_5_ml_handoff/final_model.joblib,2026-09-06T17:19:14Z
FIRMS_TN_0514,514,13.03009,79.9235,2025-01-01,2012,N,VIIRS_SUOMI_NPP,VIIRS,0.34,308.28,285.59,n,N,Tree cover,,1026841614,95370.73471760958,95.37073471760958,,Agricultural Burning,0.6466,0.1312,0.2222,0.6466,MEDIUM,outputs/phase_5_ml_handoff/final_model.joblib,5909bb546fc55aeffd37b7bb601e96718709fe685e987705b246bb2963279798,phase_5_ml_handoff/final_model.joblib,2026-09-06T17:19:14Z
FIRMS_TN_0515,515,13.02678,79.92296,2025-01-01,2012,N,VIIRS_SUOMI_NPP,VIIRS,0.34,304.66,284.79,n,N,Tree cover,,1026841614,94998.22887195968,94.99822887195968,,Agricultural Burning,0.6416,0.1412,0.2172,0.6416,MEDIUM,outputs/phase_5_ml_handoff/final_model.joblib,5909bb546fc55aeffd37b7bb601e96718709fe685e987705b246bb2963279798,phase_5_ml_handoff/final_model.joblib,2026-09-06T17:19:14Z
FIRMS_TN_0516,516,13.44642,80.09644,2025-01-01,2012,N,VIIRS_SUOMI_NPP,VIIRS,0.32,303.51,292.82,n,N,Tree cover,,202465563,143350.74835955506,143.35074835955507,,Agricultural Burning,0.4578,0.3253,0.2169,0.4578,LOW,outputs/phase_5_ml_handoff/final_model.joblib,5909bb546fc55aeffd37b7bb601e96718709fe685e987705b246bb2963279798,phase_5_ml_handoff/final_model.joblib,2026-09-06T17:19:14Z
FIRMS_TN_0517,517,13.39118,80.10189,2025-01-01,2012,N,VIIRS_SUOMI_NPP,VIIRS,0.96,310.36,292.64,n,N,Grassland,,202465563,137320.72517592894,137.32072517592894,,Industrial Thermal Activity,0.1071,0.7068,0.1861,0.7068,MEDIUM,outputs/phase_5_ml_handoff/final_model.joblib,5909bb546fc55aeffd37b7bb601e96718709fe685e987705b246bb2963279798,phase_5_ml_handoff/final_model.joblib,2026-09-06T17:19:14Z
FIRMS_TN_0518,518,13.39176,80.07661,2025-01-01,2012,N,VIIRS_SUOMI_NPP,VIIRS,0.38,303.4,292.07,n,N,Tree cover,,202465563,137076.55522746925,137.07655522746924,,Agricultural Burning,0.4603,0.3153,0.2244,0.4603,LOW,outputs/phase_5_ml_handoff/final_model.joblib,5909bb546fc55aeffd37b7bb601e96718709fe685e987705b246bb2963279798,phase_5_ml_handoff/final_model.joblib,2026-09-06T17:19:14Z
FIRMS_TN_0519,519,10.5693,77.56763,2025-01-01,2014,N,VIIRS_SUOMI_NPP,VIIRS,0.22,299.53,288.15,n,N,Grassland,,986360596,1787.1464901272766,1.7871464901272769,,Agricultural Burning,0.8241,0.124,0.0519,0.8241,HIGH,outputs/phase_5_ml_handoff/final_model.joblib,5909bb546fc55aeffd37b7bb601e96718709fe685e987705b246bb2963279798,phase_5_ml_handoff/final_model.joblib,2026-09-06T17:19:14Z
FIRMS_TN_0520,520,10.50231,78.77765,2025-01-01,2014,N,VIIRS_SUOMI_NPP,VIIRS,0.55,301.26,290.91,n,N,Built-up,,175584075,2249.351752156727,2.249351752156727,,Agricultural Burning,0.8073,0.1362,0.0565,0.8073,HIGH,outputs/phase_5_ml_handoff/final_model.joblib,5909bb546fc55aeffd37b7bb601e96718709fe685e987705b246bb2963279798,phase_5_ml_handoff/final_model.joblib,2026-09-06T17:19:14Z
FIRMS_TN_0521,521,10.92976,77.06351,2025-01-01,2014,N,VIIRS_SUOMI_NPP,VIIRS,0.86,305.17,290.0,n,N,Cropland,,3449174406,20383.323244292827,20.38332324429283,,Industrial Thermal Activity,0.3547,0.5023,0.143,0.5023,MEDIUM,outputs/phase_5_ml_handoff/final_model.joblib,5909bb546fc55aeffd37b7bb601e96718709fe685e987705b246bb2963279798,phase_5_ml_handoff/final_model.joblib,2026-09-06T17:19:14Z
FIRMS_TN_0522,522,11.36123,79.23216,2025-01-01,2014,N,VIIRS_SUOMI_NPP,VIIRS,0.6,304.63,293.62,n,N,Built-up,,340479233,507.5082326742411,0.5075082326742412,,Agricultural Burning,0.6317,0.3039,0.0644,0.6317,MEDIUM,outputs/phase_5_ml_handoff/final_model.joblib,5909bb546fc55aeffd37b7bb601e96718709fe685e987705b246bb2963279798,phase_5_ml_handoff/final_model.joblib,2026-09-06T17:19:14Z
FIRMS_TN_0523,523,11.80925,77.92265,2025-01-01,2014,N,VIIRS_SUOMI_NPP,VIIRS,1.42,306.43,294.62,n,N,Tree cover,,340479189,295.8200807898517,0.2958200807898517,,Industrial Thermal Activity,0.0324,0.9266,0.041,0.9266,HIGH,outputs/phase_5_ml_handoff/final_model.joblib,5909bb546fc55aeffd37b7bb601e96718709fe685e987705b246bb2963279798,phase_5_ml_handoff/final_model.joblib,2026-09-06T17:19:14Z
FIRMS_TN_0524,524,11.81723,77.91619,2025-01-01,2014,N,VIIRS_SUOMI_NPP,VIIRS,2.82,328.89,292.56,n,N,Built-up,,340479236,360.06439986185734,0.3600643998618573,,Industrial Thermal Activity,0.0719,0.8606,0.0675,0.8606,HIGH,outputs/phase_5_ml_handoff/final_model.joblib,5909bb546fc55aeffd37b7bb601e96718709fe685e987705b246bb2963279798,phase_5_ml_handoff/final_model.joblib,2026-09-06T17:19:14Z
FIRMS_TN_0525,525,10.9532,79.16271,2025-01-02,720,N,VIIRS_SUOMI_NPP,VIIRS,4.8,331.17,293.74,n,D,Built-up,,1078863162,5725.130205029815,5.725130205029815,MEDIUM,Agricultural Burning,0.6839,0.0312,0.2849,0.6839,MEDIUM,outputs/phase_5_ml_handoff/final_model.joblib,5909bb546fc55aeffd37b7bb601e96718709fe685e987705b246bb2963279798,phase_5_ml_handoff/final_model.joblib,2026-09-06T17:19:14Z
FIRMS_TN_0526,526,12.38014,79.09187,2025-01-02,720,N,VIIRS_SUOMI_NPP,VIIRS,4.66,343.87,289.05,n,D,Cropland,Rajanthangal,342136913,27139.82351258469,27.13982351258469,MEDIUM,Agricultural Burning,0.7426,0.0033,0.254,0.7426,MEDIUM,outputs/phase_5_ml_handoff/final_model.joblib,5909bb546fc55aeffd37b7bb601e96718709fe685e987705b246bb2963279798,phase_5_ml_handoff/final_model.joblib,2026-09-06T17:19:14Z
FIRMS_TN_0527,527,12.8479,79.90363,2025-01-03,1934,N,VIIRS_SUOMI_NPP,VIIRS,1.06,310.46,291.36,n,N,Tree cover,,1026841614,75084.55192427879,75.08455192427878,,Agricultural Burning,0.4811,0.2119,0.307,0.4811,LOW,outputs/phase_5_ml_handoff/final_model.joblib,5909bb546fc55aeffd37b7bb601e96718709fe685e987705b246bb2963279798,phase_5_ml_handoff/final_model.joblib,2026-09-06T17:19:14Z
FIRMS_TN_0528,528,12.85339,79.90439,2025-01-03,1934,N,VIIRS_SUOMI_NPP,VIIRS,1.01,311.31,291.57,n,N,Grassland,,1026841614,75698.79938660146,75.69879938660146,,Industrial Thermal Activity,0.2088,0.4317,0.3594,0.4317,LOW,outputs/phase_5_ml_handoff/final_model.joblib,5909bb546fc55aeffd37b7bb601e96718709fe685e987705b246bb2963279798,phase_5_ml_handoff/final_model.joblib,2026-09-06T17:19:14Z
FIRMS_TN_0529,529,13.15899,80.2822,2025-01-03,1934,N,VIIRS_SUOMI_NPP,VIIRS,1.72,303.53,292.6,n,N,Tree cover,,202465563,116303.274345812,116.303274345812,,Industrial Thermal Activity,0.0927,0.719,0.1883,0.719,MEDIUM,outputs/phase_5_ml_handoff/final_model.joblib,5909bb546fc55aeffd37b7bb601e96718709fe685e987705b246bb2963279798,phase_5_ml_handoff/final_model.joblib,2026-09-06T17:19:14Z
FIRMS_TN_0530,530,11.80855,77.92345,2025-01-03,1936,N,VIIRS_SUOMI_NPP,VIIRS,1.3,300.86,290.69,n,N,Built-up,,340479189,212.84597573036524,0.2128459757303652,,Industrial Thermal Activity,0.0314,0.9686,0.0,0.9686,HIGH,outputs/phase_5_ml_handoff/final_model.joblib,5909bb546fc55aeffd37b7bb601e96718709fe685e987705b246bb2963279798,phase_5_ml_handoff/final_model.joblib,2026-09-06T17:19:14Z
FIRMS_TN_0531,531,9.18218,78.58096,2025-01-04,822,N,VIIRS_SUOMI_NPP,VIIRS,3.79,333.08,300.37,n,D,Cropland,,1537121520,5306.177260966642,5.306177260966642,,Agricultural Burning,0.4879,0.04,0.4721,0.4879,LOW,outputs/phase_5_ml_handoff/final_model.joblib,5909bb546fc55aeffd37b7bb601e96718709fe685e987705b246bb2963279798,phase_5_ml_handoff/final_model.joblib,2026-09-06T17:19:14Z
FIRMS_TN_0532,532,9.77502,78.45444,2025-01-04,822,N,VIIRS_SUOMI_NPP,VIIRS,3.17,335.49,303.55,n,D,Shrubland,Sivaganga,999684605,3389.6039442559595,3.38960394425596,,Agricultural Burning,0.8056,0.0067,0.1877,0.8056,HIGH,outputs/phase_5_ml_handoff/final_model.joblib,5909bb546fc55aeffd37b7bb601e96718709fe685e987705b246bb2963279798,phase_5_ml_handoff/final_model.joblib,2026-09-06T17:19:14Z
FIRMS_TN_0533,533,11.28849,78.96098,2025-01-04,822,N,VIIRS_SUOMI_NPP,VIIRS,3.6,339.65,301.5,n,D,Cropland,,1000546384,228.1511378943593,0.2281511378943592,MEDIUM,Agricultural Burning,0.7076,0.2304,0.062,0.7076,MEDIUM,outputs/phase_5_ml_handoff/final_model.joblib,5909bb546fc55aeffd37b7bb601e96718709fe685e987705b246bb2963279798,phase_5_ml_handoff/final_model.joblib,2026-09-06T17:19:14Z
FIRMS_TN_0534,534,11.1349,77.34515,2025-01-04,822,N,VIIRS_SUOMI_NPP,VIIRS,2.8,334.05,305.42,n,D,Built-up,,985084093,1152.330477960091,1.152330477960091,MEDIUM,Agricultural Burning,0.7172,0.01,0.2728,0.7172,MEDIUM,outputs/phase_5_ml_handoff/final_model.joblib,5909bb546fc55aeffd37b7bb601e96718709fe685e987705b246bb2963279798,phase_5_ml_handoff/final_model.joblib,2026-09-06T17:19:14Z
FIRMS_TN_0535,535,12.09574,79.49277,2025-01-04,822,N,VIIRS_SUOMI_NPP,VIIRS,2.13,330.85,298.37,n,D,Cropland,Kanjanur EB,341813941,4234.509771150438,4.234509771150438,,Agricultural Burning,0.6149,0.045,0.3401,0.6149,MEDIUM,outputs/phase_5_ml_handoff/final_model.joblib,5909bb546fc55aeffd37b7bb601e96718709fe685e987705b246bb2963279798,phase_5_ml_handoff/final_model.joblib,2026-09-06T17:19:14Z
FIRMS_TN_0536,536,12.04727,78.13994,2025-01-04,822,N,VIIRS_SUOMI_NPP,VIIRS,4.0,336.15,300.9,n,D,Cropland,HPCL Dharmapuri Terminal,1536206840,3534.4943193134627,3.534494319313463,MEDIUM,Agricultural Burning,0.9119,0.016,0.0721,0.9119,HIGH,outputs/phase_5_ml_handoff/final_model.joblib,5909bb546fc55aeffd37b7bb601e96718709fe685e987705b246bb2963279798,phase_5_ml_handoff/final_model.joblib,2026-09-06T17:19:14Z
FIRMS_TN_0537,537,12.0474,78.14194,2025-01-04,822,N,VIIRS_SUOMI_NPP,VIIRS,4.37,334.05,300.26,n,D,Cropland,HPCL Dharmapuri Terminal,1536206840,3714.111002858621,3.714111002858621,,Agricultural Burning,0.8844,0.026,0.0896,0.8844,HIGH,outputs/phase_5_ml_handoff/final_model.joblib,5909bb546fc55aeffd37b7bb601e96718709fe685e987705b246bb2963279798,phase_5_ml_handoff/final_model.joblib,2026-09-06T17:19:14Z
FIRMS_TN_0538,538,11.84558,77.76095,2025-01-04,2055,N,VIIRS_SUOMI_NPP,VIIRS,1.34,308.44,292.09,n,N,Tree cover,Kolathur,1203037103,1799.0457225338544,1.7990457225338543,,Agricultural Burning,0.5518,0.2869,0.1613,0.5518,MEDIUM,outputs/phase_5_ml_handoff/final_model.joblib,5909bb546fc55aeffd37b7bb601e96718709fe685e987705b246bb2963279798,phase_5_ml_handoff/final_model.joblib,2026-09-06T17:19:14Z
FIRMS_TN_0539,539,11.81536,77.91702,2025-01-04,2055,N,VIIRS_SUOMI_NPP,VIIRS,1.4,309.36,290.87,n,N,Built-up,JSW Steel Plant,876239837,161.19120712624948,0.1611912071262494,,Industrial Thermal Activity,0.01,0.99,0.0,0.99,HIGH,outputs/phase_5_ml_handoff/final_model.joblib,5909bb546fc55aeffd37b7bb601e96718709fe685e987705b246bb2963279798,phase_5_ml_handoff/final_model.joblib,2026-09-06T17:19:14Z
FIRMS_TN_0540,540,11.18219,79.10017,2025-01-04,2057,N,VIIRS_SUOMI_NPP,VIIRS,1.08,307.72,290.44,n,N,Built-up,,340697977,452.86793713176274,0.4528679371317627,,Industrial Thermal Activity,0.2035,0.7229,0.0736,0.7229,MEDIUM,outputs/phase_5_ml_handoff/final_model.joblib,5909bb546fc55aeffd37b7bb601e96718709fe685e987705b246bb2963279798,phase_5_ml_handoff/final_model.joblib,2026-09-06T17:19:14Z
FIRMS_TN_0541,541,8.1684,77.59218,2025-01-05,802,N,VIIRS_SUOMI_NPP,VIIRS,3.42,336.56,303.58,n,D,Grassland,,1081579633,38665.12311266098,38.66512311266098,,Natural / Wildfire / Other,0.4831,0.0018,0.5151,0.5151,MEDIUM,outputs/phase_5_ml_handoff/final_model.joblib,5909bb546fc55aeffd37b7bb601e96718709fe685e987705b246bb2963279798,phase_5_ml_handoff/final_model.joblib,2026-09-06T17:19:14Z
FIRMS_TN_0542,542,9.33349,77.98875,2025-01-05,805,N,VIIRS_SUOMI_NPP,VIIRS,3.14,332.55,302.89,l,D,Built-up,Virudhunagar,1206014676,13137.07438178312,13.13707438178312,,Natural / Wildfire / Other,0.2653,0.0111,0.7236,0.7236,MEDIUM,outputs/phase_5_ml_handoff/final_model.joblib,5909bb546fc55aeffd37b7bb601e96718709fe685e987705b246bb2963279798,phase_5_ml_handoff/final_model.joblib,2026-09-06T17:19:14Z
FIRMS_TN_0543,543,10.13346,77.2739,2025-01-05,805,N,VIIRS_SUOMI_NPP,VIIRS,10.62,345.93,306.84,n,D,Tree cover,,1509428390,14669.0164675094,14.6690164675094,,Natural / Wildfire / Other,0.2206,0.0259,0.7535,0.7535,HIGH,outputs/phase_5_ml_handoff/final_model.joblib,5909bb546fc55aeffd37b7bb601e96718709fe685e987705b246bb2963279798,phase_5_ml_handoff/final_model.joblib,2026-09-06T17:19:14Z
FIRMS_TN_0544,544,10.6712,79.15398,2025-01-05,805,N,VIIRS_SUOMI_NPP,VIIRS,4.61,338.25,299.97,n,D,Cropland,Eachankottai,341305252,1408.383048433953,1.408383048433953,,Agricultural Burning,0.7425,0.053,0.2045,0.7425,MEDIUM,outputs/phase_5_ml_handoff/final_model.joblib,5909bb546fc55aeffd37b7bb601e96718709fe685e987705b246bb2963279798,phase_5_ml_handoff/final_model.joblib,2026-09-06T17:19:14Z
FIRMS_TN_0545,545,10.91736,77.61953,2025-01-05,805,N,VIIRS_SUOMI_NPP,VIIRS,2.25,333.86,301.51,n,D,Grassland,,1002422529,2729.328677516014,2.729328677516014,,Agricultural Burning,0.7641,0.0267,0.2093,0.7641,HIGH,outputs/phase_5_ml_handoff/final_model.joblib,5909bb546fc55aeffd37b7bb601e96718709fe685e987705b246bb2963279798,phase_5_ml_handoff/final_model.joblib,2026-09-06T17:19:14Z
FIRMS_TN_0546,546,11.10819,78.02068,2025-01-05,805,N,VIIRS_SUOMI_NPP,VIIRS,5.79,333.93,303.01,n,D,Tree cover,,876239826,1441.5865560075945,1.4415865560075942,,Agricultural Burning,0.5429,0.0363,0.4208,0.5429,MEDIUM,outputs/phase_5_ml_handoff/final_model.joblib,5909bb546fc55aeffd37b7bb601e96718709fe685e987705b246bb2963279798,phase_5_ml_handoff/final_model.joblib,2026-09-06T17:19:14Z
FIRMS_TN_0547,547,11.21045,77.58961,2025-01-05,805,N,VIIRS_SUOMI_NPP,VIIRS,2.2,336.85,303.89,n,D,Cropland,,823591868,1335.566306059622,1.335566306059622,,Agricultural Burning,0.8018,0.045,0.1532,0.8018,HIGH,outputs/phase_5_ml_handoff/final_model.joblib,5909bb546fc55aeffd37b7bb601e96718709fe685e987705b246bb2963279798,phase_5_ml_handoff/final_model.joblib,2026-09-06T17:19:14Z
FIRMS_TN_0548,548,11.58939,78.69434,2025-01-05,805,N,VIIRS_SUOMI_NPP,VIIRS,3.02,337.84,304.94,n,D,Cropland,,906387731,253.64681487347684,0.2536468148734768,MEDIUM,Agricultural Burning,0.7875,0.0467,0.1659,0.7875,HIGH,outputs/phase_5_ml_handoff/final_model.joblib,5909bb546fc55aeffd37b7bb601e96718709fe685e987705b246bb2963279798,phase_5_ml_handoff/final_model.joblib,2026-09-06T17:19:14Z
FIRMS_TN_0549,549,11.67086,79.1691,2025-01-05,805,N,VIIRS_SUOMI_NPP,VIIRS,9.79,343.24,304.07,n,D,Cropland,,1119090151,3963.767427816255,3.963767427816255,HIGH,Agricultural Burning,0.847,0.0167,0.1363,0.847,HIGH,outputs/phase_5_ml_handoff/final_model.joblib,5909bb546fc55aeffd37b7bb601e96718709fe685e987705b246bb2963279798,phase_5_ml_handoff/final_model.joblib,2026-09-06T17:19:14Z
FIRMS_TN_0550,550,11.67419,79.16859,2025-01-05,805,N,VIIRS_SUOMI_NPP,VIIRS,5.17,339.03,301.82,n,D,Cropland,,1119090151,4068.645705489262,4.068645705489262,,Agricultural Burning,0.8675,0.04,0.0925,0.8675,HIGH,outputs/phase_5_ml_handoff/final_model.joblib,5909bb546fc55aeffd37b7bb601e96718709fe685e987705b246bb2963279798,phase_5_ml_handoff/final_model.joblib,2026-09-06T17:19:14Z
FIRMS_TN_0551,551,11.42044,77.17234,2025-01-05,805,N,VIIRS_SUOMI_NPP,VIIRS,1.52,335.44,303.95,n,D,Grassland,Bannari Amman Sugars,336571755,12805.318571555184,12.805318571555183,,Natural / Wildfire / Other,0.4637,0.0367,0.4996,0.4996,LOW,outputs/phase_5_ml_handoff/final_model.joblib,5909bb546fc55aeffd37b7bb601e96718709fe685e987705b246bb2963279798,phase_5_ml_handoff/final_model.joblib,2026-09-06T17:19:14Z
FIRMS_TN_0552,552,11.68682,78.53464,2025-01-05,805,N,VIIRS_SUOMI_NPP,VIIRS,1.63,330.92,300.81,n,D,Cropland,Puthiragoundampalayam,340479226,9245.483322762368,9.245483322762368,,Agricultural Burning,0.5744,0.06,0.3656,0.5744,MEDIUM,outputs/phase_5_ml_handoff/final_model.joblib,5909bb546fc55aeffd37b7bb601e96718709fe685e987705b246bb2963279798,phase_5_ml_handoff/final_model.joblib,2026-09-06T17:19:14Z
FIRMS_TN_0553,553,11.48593,77.12023,2025-01-05,805,N,VIIRS_SUOMI_NPP,VIIRS,2.21,335.0,301.06,n,D,Tree cover,Bannari Amman Sugars,336571755,16179.588110989587,16.179588110989588,,Natural / Wildfire / Other,0.3978,0.0511,0.5511,0.5511,MEDIUM,outputs/phase_5_ml_handoff/final_model.joblib,5909bb546fc55aeffd37b7bb601e96718709fe685e987705b246bb2963279798,phase_5_ml_handoff/final_model.joblib,2026-09-06T17:19:14Z
FIRMS_TN_0554,554,11.48418,76.83774,2025-01-05,805,N,VIIRS_SUOMI_NPP,VIIRS,2.54,330.64,299.12,n,D,Tree cover,Bannari Amman Sugars,336571755,46962.65214654046,46.96265214654046,,Natural / Wildfire / Other,0.1936,0.0011,0.8053,0.8053,HIGH,outputs/phase_5_ml_handoff/final_model.joblib,5909bb546fc55aeffd37b7bb601e96718709fe685e987705b246bb2963279798,phase_5_ml_handoff/final_model.joblib,2026-09-06T17:19:14Z
FIRMS_TN_0555,555,11.89346,79.48836,2025-01-05,805,N,VIIRS_SUOMI_NPP,VIIRS,3.09,333.31,301.12,n,D,Cropland,Tirupachanur,342136964,1877.5410026730967,1.8775410026730968,,Agricultural Burning,0.6442,0.015,0.3408,0.6442,MEDIUM,outputs/phase_5_ml_handoff/final_model.joblib,5909bb546fc55aeffd37b7bb601e96718709fe685e987705b246bb2963279798,phase_5_ml_handoff/final_model.joblib,2026-09-06T17:19:14Z
FIRMS_TN_0556,556,11.99577,78.8779,2025-01-05,805,N,VIIRS_SUOMI_NPP,VIIRS,1.85,332.76,300.57,n,D,Cropland,Pudupattu,958872470,3601.072864938612,3.601072864938612,,Agricultural Burning,0.6758,0.035,0.2892,0.6758,MEDIUM,outputs/phase_5_ml_handoff/final_model.joblib,5909bb546fc55aeffd37b7bb601e96718709fe685e987705b246bb2963279798,phase_5_ml_handoff/final_model.joblib,2026-09-06T17:19:14Z
FIRMS_TN_0557,557,12.764,77.78973,2025-01-05,805,N,VIIRS_SUOMI_NPP,VIIRS,3.18,345.01,304.34,n,D,Built-up,,1134097095,59706.6118555665,59.7066118555665,,Natural / Wildfire / Other,0.4497,0.0611,0.4891,0.4891,LOW,outputs/phase_5_ml_handoff/final_model.joblib,5909bb546fc55aeffd37b7bb601e96718709fe685e987705b246bb2963279798,phase_5_ml_handoff/final_model.joblib,2026-09-06T17:19:14Z
FIRMS_TN_0558,558,12.76731,77.78919,2025-01-05,805,N,VIIRS_SUOMI_NPP,VIIRS,3.18,338.26,306.45,n,D,Built-up,,1134097095,59640.5138152003,59.6405138152003,,Natural / Wildfire / Other,0.4214,0.08,0.4986,0.4986,LOW,outputs/phase_5_ml_handoff/final_model.joblib,5909bb546fc55aeffd37b7bb601e96718709fe685e987705b246bb2963279798,phase_5_ml_handoff/final_model.joblib,2026-09-06T17:19:14Z
FIRMS_TN_0559,559,10.13388,77.27204,2025-01-05,2038,N,VIIRS_SUOMI_NPP,VIIRS,1.18,308.36,279.04,n,N,Tree cover,,1509428390,14843.711652291977,14.843711652291976,,Industrial Thermal Activity,0.298,0.378,0.324,0.378,LOW,outputs/phase_5_ml_handoff/final_model.joblib,5909bb546fc55aeffd37b7bb601e96718709fe685e987705b246bb2963279798,phase_5_ml_handoff/final_model.joblib,2026-09-06T17:19:14Z
FIRMS_TN_0560,560,12.85668,79.90691,2025-01-05,2038,N,VIIRS_SUOMI_NPP,VIIRS,0.97,306.07,292.13,n,N,Cropland,,1026841614,76113.6298373561,76.1136298373561,,Industrial Thermal Activity,0.3219,0.4089,0.2692,0.4089,LOW,outputs/phase_5_ml_handoff/final_model.joblib,5909bb546fc55aeffd37b7bb601e96718709fe685e987705b246bb2963279798,phase_5_ml_handoff/final_model.joblib,2026-09-06T17:19:14Z
FIRMS_TN_0561,561,13.44883,80.09917,2025-01-05,2038,N,VIIRS_SUOMI_NPP,VIIRS,0.73,303.2,291.76,n,N,Grassland,,202465563,143650.70536757875,143.65070536757875,,Industrial Thermal Activity,0.3558,0.417,0.2272,0.417,LOW,outputs/phase_5_ml_handoff/final_model.joblib,5909bb546fc55aeffd37b7bb601e96718709fe685e987705b246bb2963279798,phase_5_ml_handoff/final_model.joblib,2026-09-06T17:19:14Z
FIRMS_TN_0562,562,12.85542,79.90849,2025-01-05,2038,N,VIIRS_SUOMI_NPP,VIIRS,1.05,309.34,292.31,n,N,Shrubland,,1026841614,76012.90165641313,76.01290165641313,,Industrial Thermal Activity,0.2202,0.4317,0.348,0.4317,LOW,outputs/phase_5_ml_handoff/final_model.joblib,5909bb546fc55aeffd37b7bb601e96718709fe685e987705b246bb2963279798,phase_5_ml_handoff/final_model.joblib,2026-09-06T17:19:14Z
FIRMS_TN_0563,563,11.18309,79.10023,2025-01-05,2038,N,VIIRS_SUOMI_NPP,VIIRS,1.5,309.36,291.69,n,N,Built-up,,340697977,421.60913424522687,0.4216091342452269,,Industrial Thermal Activity,0.1772,0.7259,0.0969,0.7259,MEDIUM,outputs/phase_5_ml_handoff/final_model.joblib,5909bb546fc55aeffd37b7bb601e96718709fe685e987705b246bb2963279798,phase_5_ml_handoff/final_model.joblib,2026-09-06T17:19:14Z
FIRMS_TN_0564,564,8.99723,78.21001,2025-01-06,743,N,VIIRS_SUOMI_NPP,VIIRS,2.77,338.75,301.95,n,D,Bare/sparse vegetation,,17369385,17819.91776000487,17.81991776000487,MEDIUM,Natural / Wildfire / Other,0.4723,0.0111,0.5166,0.5166,MEDIUM,outputs/phase_5_ml_handoff/final_model.joblib,5909bb546fc55aeffd37b7bb601e96718709fe685e987705b246bb2963279798,phase_5_ml_handoff/final_model.joblib,2026-09-06T17:19:14Z
FIRMS_TN_0565,565,9.18516,78.57988,2025-01-06,743,N,VIIRS_SUOMI_NPP,VIIRS,2.64,337.11,294.89,n,D,Shrubland,,1537121520,5394.886627805176,5.394886627805176,,Agricultural Burning,0.5604,0.01,0.4296,0.5604,MEDIUM,outputs/phase_5_ml_handoff/final_model.joblib,5909bb546fc55aeffd37b7bb601e96718709fe685e987705b246bb2963279798,phase_5_ml_handoff/final_model.joblib,2026-09-06T17:19:14Z
FIRMS_TN_0566,566,10.13271,77.27168,2025-01-06,743,N,VIIRS_SUOMI_NPP,VIIRS,8.34,341.05,300.12,n,D,Tree cover,,1509428390,14778.095705731992,14.778095705731992,,Natural / Wildfire / Other,0.2695,0.0259,0.7046,0.7046,MEDIUM,outputs/phase_5_ml_handoff/final_model.joblib,5909bb546fc55aeffd37b7bb601e96718709fe685e987705b246bb2963279798,phase_5_ml_handoff/final_model.joblib,2026-09-06T17:19:14Z
FIRMS_TN_0567,567,11.21062,77.5909,2025-01-06,743,N,VIIRS_SUOMI_NPP,VIIRS,2.2,330.92,300.7,n,D,Cropland,,823591868,1475.5748784663922,1.4755748784663922,,Agricultural Burning,0.5997,0.065,0.3353,0.5997,MEDIUM,outputs/phase_5_ml_handoff/final_model.joblib,5909bb546fc55aeffd37b7bb601e96718709fe685e987705b246bb2963279798,phase_5_ml_handoff/final_model.joblib,2026-09-06T17:19:14Z
FIRMS_TN_0568,568,10.65176,78.9027,2025-01-06,743,N,VIIRS_SUOMI_NPP,VIIRS,4.71,333.03,299.15,n,D,Cropland,,560347053,4210.4497338513565,4.210449733851356,MEDIUM,Agricultural Burning,0.8841,0.02,0.0959,0.8841,HIGH,outputs/phase_5_ml_handoff/final_model.joblib,5909bb546fc55aeffd37b7bb601e96718709fe685e987705b246bb2963279798,phase_5_ml_handoff/final_model.joblib,2026-09-06T17:19:14Z
FIRMS_TN_0569,569,11.698,79.04674,2025-01-06,745,N,VIIRS_SUOMI_NPP,VIIRS,2.53,331.68,301.09,n,D,Cropland,,1467377962,2678.258363167932,2.678258363167932,,Agricultural Burning,0.6615,0.01,0.3285,0.6615,MEDIUM,outputs/phase_5_ml_handoff/final_model.joblib,5909bb546fc55aeffd37b7bb601e96718709fe685e987705b246bb2963279798,phase_5_ml_handoff/final_model.joblib,2026-09-06T17:19:14Z
FIRMS_TN_0570,570,12.01129,78.97485,2025-01-06,745,N,VIIRS_SUOMI_NPP,VIIRS,7.53,337.96,299.83,n,D,Tree cover,,1467381344,2626.9069770677543,2.6269069770677542,,Agricultural Burning,0.649,0.0233,0.3277,0.649,MEDIUM,outputs/phase_5_ml_handoff/final_model.joblib,5909bb546fc55aeffd37b7bb601e96718709fe685e987705b246bb2963279798,phase_5_ml_handoff/final_model.joblib,2026-09-06T17:19:14Z
FIRMS_TN_0571,571,11.81642,77.91901,2025-01-06,2021,N,VIIRS_SUOMI_NPP,VIIRS,1.62,319.69,292.72,n,N,Built-up,,340479236,70.30925553269223,0.0703092555326922,,Industrial Thermal Activity,0.0034,0.9866,0.01,0.9866,HIGH,outputs/phase_5_ml_handoff/final_model.joblib,5909bb546fc55aeffd37b7bb601e96718709fe685e987705b246bb2963279798,phase_5_ml_handoff/final_model.joblib,2026-09-06T17:19:14Z
FIRMS_TN_0572,572,11.80924,77.92147,2025-01-06,2021,N,VIIRS_SUOMI_NPP,VIIRS,1.11,304.9,292.97,n,N,Built-up,,340479189,345.4369459002631,0.3454369459002631,,Industrial Thermal Activity,0.0351,0.9649,0.0,0.9649,HIGH,outputs/phase_5_ml_handoff/final_model.joblib,5909bb546fc55aeffd37b7bb601e96718709fe685e987705b246bb2963279798,phase_5_ml_handoff/final_model.joblib,2026-09-06T17:19:14Z
FIRMS_TN_0573,573,11.80869,77.92499,2025-01-06,2021,N,VIIRS_SUOMI_NPP,VIIRS,1.07,303.84,293.36,n,N,Built-up,,340479189,297.62062416298767,0.2976206241629877,,Industrial Thermal Activity,0.0451,0.9449,0.01,0.9449,HIGH,outputs/phase_5_ml_handoff/final_model.joblib,5909bb546fc55aeffd37b7bb601e96718709fe685e987705b246bb2963279798,phase_5_ml_handoff/final_model.joblib,2026-09-06T17:19:14Z
FIRMS_TN_0574,574,11.77325,76.99046,2025-01-06,2021,N,VIIRS_SUOMI_NPP,VIIRS,1.06,312.64,287.19,n,N,Tree cover,PG Palya,284189645,34806.16418135778,34.80616418135778,LOW,Agricultural Burning,0.4701,0.239,0.2909,0.4701,LOW,outputs/phase_5_ml_handoff/final_model.joblib,5909bb546fc55aeffd37b7bb601e96718709fe685e987705b246bb2963279798,phase_5_ml_handoff/final_model.joblib,2026-09-06T17:19:14Z
FIRMS_TN_0575,575,10.96319,78.09085,2025-01-06,2021,N,VIIRS_SUOMI_NPP,VIIRS,0.97,314.19,291.51,n,N,Built-up,,193319217,2202.5509566625124,2.2025509566625123,,Agricultural Burning,0.5314,0.234,0.2346,0.5314,MEDIUM,outputs/phase_5_ml_handoff/final_model.joblib,5909bb546fc55aeffd37b7bb601e96718709fe685e987705b246bb2963279798,phase_5_ml_handoff/final_model.joblib,2026-09-06T17:19:14Z
FIRMS_TN_0576,576,10.95987,78.09032,2025-01-06,2021,N,VIIRS_SUOMI_NPP,VIIRS,0.97,302.25,291.27,n,N,Tree cover,,193319217,2166.886463067978,2.166886463067978,,Agricultural Burning,0.5177,0.3023,0.1799,0.5177,MEDIUM,outputs/phase_5_ml_handoff/final_model.joblib,5909bb546fc55aeffd37b7bb601e96718709fe685e987705b246bb2963279798,phase_5_ml_handoff/final_model.joblib,2026-09-06T17:19:14Z
FIRMS_TN_0577,577,11.81698,77.9155,2025-01-06,2021,N,VIIRS_SUOMI_NPP,VIIRS,1.94,304.61,292.23,n,N,Built-up,JSW Steel Plant,876239837,404.18428602604064,0.4041842860260406,,Industrial Thermal Activity,0.002,0.998,0.0,0.998,HIGH,outputs/phase_5_ml_handoff/final_model.joblib,5909bb546fc55aeffd37b7bb601e96718709fe685e987705b246bb2963279798,phase_5_ml_handoff/final_model.joblib,2026-09-06T17:19:14Z
FIRMS_TN_0578,578,9.78036,77.90816,2025-01-06,2021,N,VIIRS_SUOMI_NPP,VIIRS,1.27,313.3,290.43,n,N,Shrubland,,906795394,3959.184186470424,3.959184186470423,,Agricultural Burning,0.5047,0.229,0.2663,0.5047,MEDIUM,outputs/phase_5_ml_handoff/final_model.joblib,5909bb546fc55aeffd37b7bb601e96718709fe685e987705b246bb2963279798,phase_5_ml_handoff/final_model.joblib,2026-09-06T17:19:14Z
FIRMS_TN_0579,579,9.45324,77.58031,2025-01-06,2021,N,VIIRS_SUOMI_NPP,VIIRS,0.23,302.33,291.7,n,N,Shrubland,Thottiapatti,309564851,1457.5402008078472,1.4575402008078473,,Agricultural Burning,0.7338,0.1629,0.1033,0.7338,MEDIUM,outputs/phase_5_ml_handoff/final_model.joblib,5909bb546fc55aeffd37b7bb601e96718709fe685e987705b246bb2963279798,phase_5_ml_handoff/final_model.joblib,2026-09-06T17:19:14Z
FIRMS_TN_0580,580,11.19506,77.85767,2025-01-07,726,N,VIIRS_SUOMI_NPP,VIIRS,2.63,336.1,290.96,n,D,Tree cover,Skm Egg Products,791243054,2892.263967325054,2.8922639673250545,,Agricultural Burning,0.6937,0.065,0.2413,0.6937,MEDIUM,outputs/phase_5_ml_handoff/final_model.joblib,5909bb546fc55aeffd37b7bb601e96718709fe685e987705b246bb2963279798,phase_5_ml_handoff/final_model.joblib,2026-09-06T17:19:14Z
FIRMS_TN_0581,581,11.19699,77.85682,2025-01-07,726,N,VIIRS_SUOMI_NPP,VIIRS,4.8,348.63,292.33,n,D,Cropland,Skm Egg Products,791243054,2667.9952277929683,2.6679952277929684,,Agricultural Burning,0.8075,0.06,0.1325,0.8075,HIGH,outputs/phase_5_ml_handoff/final_model.joblib,5909bb546fc55aeffd37b7bb601e96718709fe685e987705b246bb2963279798,phase_5_ml_handoff/final_model.joblib,2026-09-06T17:19:14Z
FIRMS_TN_0582,582,11.64698,78.41904,2025-01-07,726,N,VIIRS_SUOMI_NPP,VIIRS,2.95,340.57,294.83,n,D,Built-up,Singipuram,340479211,1601.0441384881676,1.6010441384881675,,Agricultural Burning,0.7866,0.045,0.1684,0.7866,HIGH,outputs/phase_5_ml_handoff/final_model.joblib,5909bb546fc55aeffd37b7bb601e96718709fe685e987705b246bb2963279798,phase_5_ml_handoff/final_model.joblib,2026-09-06T17:19:14Z
FIRMS_TN_0583,583,11.80938,77.92202,2025-01-07,1959,N,VIIRS_SUOMI_NPP,VIIRS,1.45,303.47,292.98,n,N,Tree cover,,340479189,330.6130531027879,0.3306130531027879,,Industrial Thermal Activity,0.0134,0.9866,0.0,0.9866,HIGH,outputs/phase_5_ml_handoff/final_model.joblib,5909bb546fc55aeffd37b7bb601e96718709fe685e987705b246bb2963279798,phase_5_ml_handoff/final_model.joblib,2026-09-06T17:19:14Z
FIRMS_TN_0584,584,13.39113,80.10016,2025-01-07,1959,N,VIIRS_SUOMI_NPP,VIIRS,1.25,306.87,292.96,n,N,Grassland,,202465563,137292.3843813282,137.29238438132822,,Industrial Thermal Activity,0.0627,0.759,0.1783,0.759,HIGH,outputs/phase_5_ml_handoff/final_model.joblib,5909bb546fc55aeffd37b7bb601e96718709fe685e987705b246bb2963279798,phase_5_ml_handoff/final_model.joblib,2026-09-06T17:19:14Z
FIRMS_TN_0585,585,13.1604,80.28367,2025-01-07,1959,N,VIIRS_SUOMI_NPP,VIIRS,0.65,306.54,293.81,n,N,Built-up,,202465563,116502.0781459982,116.5020781459982,,Industrial Thermal Activity,0.2243,0.5973,0.1783,0.5973,MEDIUM,outputs/phase_5_ml_handoff/final_model.joblib,5909bb546fc55aeffd37b7bb601e96718709fe685e987705b246bb2963279798,phase_5_ml_handoff/final_model.joblib,2026-09-06T17:19:14Z
FIRMS_TN_0586,586,13.08046,79.98327,2025-01-07,1959,N,VIIRS_SUOMI_NPP,VIIRS,0.74,302.9,292.29,n,N,Grassland,,202465563,101815.10763693336,101.81510763693336,,Industrial Thermal Activity,0.2664,0.5273,0.2063,0.5273,MEDIUM,outputs/phase_5_ml_handoff/final_model.joblib,5909bb546fc55aeffd37b7bb601e96718709fe685e987705b246bb2963279798,phase_5_ml_handoff/final_model.joblib,2026-09-06T17:19:14Z
FIRMS_TN_0587,587,10.56854,79.53321,2025-01-07,1959,N,VIIRS_SUOMI_NPP,VIIRS,0.21,302.53,289.75,n,N,Cropland,Vaduvur,341599833,27458.689564320983,27.458689564320984,LOW,Agricultural Burning,0.8079,0.0926,0.0996,0.8079,HIGH,outputs/phase_5_ml_handoff/final_model.joblib,5909bb546fc55aeffd37b7bb601e96718709fe685e987705b246bb2963279798,phase_5_ml_handoff/final_model.joblib,2026-09-06T17:19:14Z
FIRMS_TN_0588,588,12.9673,79.91721,2025-01-07,1959,N,VIIRS_SUOMI_NPP,VIIRS,0.96,309.01,292.89,n,N,Cropland,,1026841614,88386.54208084503,88.38654208084503,,Agricultural Burning,0.4639,0.3963,0.1398,0.4639,LOW,outputs/phase_5_ml_handoff/final_model.joblib,5909bb546fc55aeffd37b7bb601e96718709fe685e987705b246bb2963279798,phase_5_ml_handoff/final_model.joblib,2026-09-06T17:19:14Z
FIRMS_TN_0589,589,13.09831,79.52977,2025-01-08,1942,N,VIIRS_SUOMI_NPP,VIIRS,0.35,302.67,290.09,n,N,Cropland,,1026841614,104315.0395051626,104.3150395051626,LOW,Agricultural Burning,0.7644,0.0983,0.1373,0.7644,HIGH,outputs/phase_5_ml_handoff/final_model.joblib,5909bb546fc55aeffd37b7bb601e96718709fe685e987705b246bb2963279798,phase_5_ml_handoff/final_model.joblib,2026-09-06T17:19:14Z
FIRMS_TN_0590,590,12.85353,79.90421,2025-01-08,1942,N,VIIRS_SUOMI_NPP,VIIRS,2.34,316.21,290.85,n,N,Grassland,,1026841614,75709.9781559579,75.7099781559579,,Natural / Wildfire / Other,0.1733,0.3345,0.4922,0.4922,LOW,outputs/phase_5_ml_handoff/final_model.joblib,5909bb546fc55aeffd37b7bb601e96718709fe685e987705b246bb2963279798,phase_5_ml_handoff/final_model.joblib,2026-09-06T17:19:14Z
FIRMS_TN_0591,591,12.85778,79.90404,2025-01-08,1942,N,VIIRS_SUOMI_NPP,VIIRS,1.75,305.45,290.49,n,N,Shrubland,,1026841614,76168.5491062812,76.1685491062812,,Industrial Thermal Activity,0.2185,0.4434,0.338,0.4434,LOW,outputs/phase_5_ml_handoff/final_model.joblib,5909bb546fc55aeffd37b7bb601e96718709fe685e987705b246bb2963279798,phase_5_ml_handoff/final_model.joblib,2026-09-06T17:19:14Z
FIRMS_TN_0592,592,12.85284,79.90339,2025-01-08,1942,N,VIIRS_SUOMI_NPP,VIIRS,1.32,301.42,290.55,n,N,Grassland,,1026841614,75616.5197794333,75.6165197794333,,Industrial Thermal Activity,0.2072,0.4434,0.3494,0.4434,LOW,outputs/phase_5_ml_handoff/final_model.joblib,5909bb546fc55aeffd37b7bb601e96718709fe685e987705b246bb2963279798,phase_5_ml_handoff/final_model.joblib,2026-09-06T17:19:14Z
FIRMS_TN_0593,593,12.70408,77.80666,2025-01-08,1942,N,VIIRS_SUOMI_NPP,VIIRS,0.99,297.16,285.67,n,N,Cropland,,1134097095,62053.53607544967,62.053536075449664,,Agricultural Burning,0.5933,0.2669,0.1398,0.5933,MEDIUM,outputs/phase_5_ml_handoff/final_model.joblib,5909bb546fc55aeffd37b7bb601e96718709fe685e987705b246bb2963279798,phase_5_ml_handoff/final_model.joblib,2026-09-06T17:19:14Z
FIRMS_TN_0594,594,11.17473,79.0871,2025-01-08,1942,N,VIIRS_SUOMI_NPP,VIIRS,0.41,300.37,289.25,n,N,Grassland,,340479150,895.2110858924976,0.8952110858924976,,Agricultural Burning,0.7511,0.1526,0.0963,0.7511,HIGH,outputs/phase_5_ml_handoff/final_model.joblib,5909bb546fc55aeffd37b7bb601e96718709fe685e987705b246bb2963279798,phase_5_ml_handoff/final_model.joblib,2026-09-06T17:19:14Z
FIRMS_TN_0595,595,11.87426,79.22582,2025-01-08,1942,N,VIIRS_SUOMI_NPP,VIIRS,0.46,299.85,288.74,n,N,Cropland,,265038580,5472.55945441956,5.47255945441956,,Agricultural Burning,0.7452,0.1383,0.1165,0.7452,MEDIUM,outputs/phase_5_ml_handoff/final_model.joblib,5909bb546fc55aeffd37b7bb601e96718709fe685e987705b246bb2963279798,phase_5_ml_handoff/final_model.joblib,2026-09-06T17:19:14Z
FIRMS_TN_0596,596,11.47961,77.45571,2025-01-08,1942,N,VIIRS_SUOMI_NPP,VIIRS,0.53,300.42,288.57,n,N,Cropland,Coirmedia,1440947503,2320.2513427644108,2.320251342764411,,Agricultural Burning,0.801,0.1502,0.0488,0.801,HIGH,outputs/phase_5_ml_handoff/final_model.joblib,5909bb546fc55aeffd37b7bb601e96718709fe685e987705b246bb2963279798,phase_5_ml_handoff/final_model.joblib,2026-09-06T17:19:14Z
FIRMS_TN_0597,597,13.39244,80.10259,2025-01-08,1942,N,VIIRS_SUOMI_NPP,VIIRS,0.71,301.69,291.67,n,N,Grassland,,202465563,137469.0710879676,137.4690710879676,,Industrial Thermal Activity,0.2143,0.6173,0.1683,0.6173,MEDIUM,outputs/phase_5_ml_handoff/final_model.joblib,5909bb546fc55aeffd37b7bb601e96718709fe685e987705b246bb2963279798,phase_5_ml_handoff/final_model.joblib,2026-09-06T17:19:14Z
FIRMS_TN_0598,598,10.49431,77.46686,2025-01-08,1942,N,VIIRS_SUOMI_NPP,VIIRS,0.59,303.12,287.09,n,N,Cropland,,9117568426,1585.8409937644155,1.5858409937644156,MEDIUM,Agricultural Burning,0.8266,0.114,0.0594,0.8266,HIGH,outputs/phase_5_ml_handoff/final_model.joblib,5909bb546fc55aeffd37b7bb601e96718709fe685e987705b246bb2963279798,phase_5_ml_handoff/final_model.joblib,2026-09-06T17:19:14Z
FIRMS_TN_0599,599,9.52238,77.94103,2025-01-09,828,N,VIIRS_SUOMI_NPP,VIIRS,2.4,340.27,297.21,n,D,Shrubland,,504743070,372.3540664421373,0.3723540664421373,,Agricultural Burning,0.674,0.1063,0.2197,0.674,MEDIUM,outputs/phase_5_ml_handoff/final_model.joblib,5909bb546fc55aeffd37b7bb601e96718709fe685e987705b246bb2963279798,phase_5_ml_handoff/final_model.joblib,2026-09-06T17:19:14Z
FIRMS_TN_0600,600,13.16291,80.28133,2025-01-09,1921,N,VIIRS_SUOMI_NPP,VIIRS,1.65,300.03,287.66,n,N,Built-up,,202465563,116687.91737992488,116.68791737992488,,Industrial Thermal Activity,0.0507,0.771,0.1783,0.771,HIGH,outputs/phase_5_ml_handoff/final_model.joblib,5909bb546fc55aeffd37b7bb601e96718709fe685e987705b246bb2963279798,phase_5_ml_handoff/final_model.joblib,2026-09-06T17:19:14Z
FIRMS_TN_0601,601,13.09289,79.98177,2025-01-09,2101,N,VIIRS_SUOMI_NPP,VIIRS,1.06,301.71,287.48,n,N,Tree cover,,202465563,103190.15518352624,103.19015518352624,,Agricultural Burning,0.3888,0.3683,0.2428,0.3888,LOW,outputs/phase_5_ml_handoff/final_model.joblib,5909bb546fc55aeffd37b7bb601e96718709fe685e987705b246bb2963279798,phase_5_ml_handoff/final_model.joblib,2026-09-06T17:19:14Z
FIRMS_TN_0602,602,11.18055,79.09982,2025-01-09,2103,N,VIIRS_SUOMI_NPP,VIIRS,0.89,299.91,286.79,n,N,Built-up,,340697977,535.6821201531317,0.5356821201531317,,Industrial Thermal Activity,0.0774,0.9159,0.0067,0.9159,HIGH,outputs/phase_5_ml_handoff/final_model.joblib,5909bb546fc55aeffd37b7bb601e96718709fe685e987705b246bb2963279798,phase_5_ml_handoff/final_model.joblib,2026-09-06T17:19:14Z
FIRMS_TN_0603,603,11.33074,77.31197,2025-01-10,809,N,VIIRS_SUOMI_NPP,VIIRS,1.4,330.12,297.92,n,D,Tree cover,Nambiyur,336571813,2062.6236509596483,2.0626236509596483,,Agricultural Burning,0.6613,0.0527,0.2861,0.6613,MEDIUM,outputs/phase_5_ml_handoff/final_model.joblib,5909bb546fc55aeffd37b7bb601e96718709fe685e987705b246bb2963279798,phase_5_ml_handoff/final_model.joblib,2026-09-06T17:19:14Z
FIRMS_TN_0604,604,11.15711,77.16776,2025-01-10,809,N,VIIRS_SUOMI_NPP,VIIRS,2.44,333.56,298.92,n,D,Grassland,,1219580454,10134.999251770334,10.134999251770337,,Natural / Wildfire / Other,0.2403,0.0118,0.7479,0.7479,MEDIUM,outputs/phase_5_ml_handoff/final_model.joblib,5909bb546fc55aeffd37b7bb601e96718709fe685e987705b246bb2963279798,phase_5_ml_handoff/final_model.joblib,2026-09-06T17:19:14Z
FIRMS_TN_0605,605,9.182,78.58192,2025-01-10,809,N,VIIRS_SUOMI_NPP,VIIRS,2.61,332.54,291.11,n,D,Bare/sparse vegetation,,1537121520,5384.859007006112,5.384859007006112,,Natural / Wildfire / Other,0.4373,0.06,0.5027,0.5027,MEDIUM,outputs/phase_5_ml_handoff/final_model.joblib,5909bb546fc55aeffd37b7bb601e96718709fe685e987705b246bb2963279798,phase_5_ml_handoff/final_model.joblib,2026-09-06T17:19:14Z
FIRMS_TN_0606,606,8.61673,77.20992,2025-01-10,809,N,VIIRS_SUOMI_NPP,VIIRS,6.47,340.59,302.7,n,D,Grassland,"Generation Section, Kerala State Electricity Board Limited, Peppara",961629968,8006.100682837379,8.00610068283738,MEDIUM,Natural / Wildfire / Other,0.2708,0.0,0.7292,0.7292,MEDIUM,outputs/phase_5_ml_handoff/final_model.joblib,5909bb546fc55aeffd37b7bb601e96718709fe685e987705b246bb2963279798,phase_5_ml_handoff/final_model.joblib,2026-09-06T17:19:14Z
FIRMS_TN_0607,607,10.92877,77.06388,2025-01-10,2044,N,VIIRS_SUOMI_NPP,VIIRS,0.65,302.48,289.08,n,N,Cropland,,3449174406,20341.45132040782,20.34145132040782,,Agricultural Burning,0.4647,0.3923,0.143,0.4647,LOW,outputs/phase_5_ml_handoff/final_model.joblib,5909bb546fc55aeffd37b7bb601e96718709fe685e987705b246bb2963279798,phase_5_ml_handoff/final_model.joblib,2026-09-06T17:19:14Z
FIRMS_TN_0608,608,11.7456,77.78709,2025-01-10,2044,N,VIIRS_SUOMI_NPP,VIIRS,0.79,301.62,289.01,n,N,Permanent water bodies,Lower Mettur Barrage I Power House,429967361,2181.9605852789414,2.181960585278941,,Agricultural Burning,0.7325,0.199,0.0685,0.7325,MEDIUM,outputs/phase_5_ml_handoff/final_model.joblib,5909bb546fc55aeffd37b7bb601e96718709fe685e987705b246bb2963279798,phase_5_ml_handoff/final_model.joblib,2026-09-06T17:19:14Z
FIRMS_TN_0609,609,12.99132,79.90599,2025-01-10,2044,N,VIIRS_SUOMI_NPP,VIIRS,0.83,301.2,290.45,n,N,Tree cover,,1026841614,90787.63638155667,90.78763638155668,,Industrial Thermal Activity,0.2291,0.5377,0.2331,0.5377,MEDIUM,outputs/phase_5_ml_handoff/final_model.joblib,5909bb546fc55aeffd37b7bb601e96718709fe685e987705b246bb2963279798,phase_5_ml_handoff/final_model.joblib,2026-09-06T17:19:14Z
FIRMS_TN_0610,610,13.16101,80.28852,2025-01-10,2044,N,VIIRS_SUOMI_NPP,VIIRS,1.39,304.68,291.09,n,N,Tree cover,,202465563,116732.42276668148,116.73242276668148,,Industrial Thermal Activity,0.0607,0.771,0.1683,0.771,HIGH,outputs/phase_5_ml_handoff/final_model.joblib,5909bb546fc55aeffd37b7bb601e96718709fe685e987705b246bb2963279798,phase_5_ml_handoff/final_model.joblib,2026-09-06T17:19:14Z
FIRMS_TN_0611,611,9.31969,77.7392,2025-01-10,2046,N,VIIRS_SUOMI_NPP,VIIRS,1.29,308.59,289.39,n,N,Grassland,,642500113,13480.712290164764,13.480712290164764,,Agricultural Burning,0.4602,0.32,0.2198,0.4602,LOW,outputs/phase_5_ml_handoff/final_model.joblib,5909bb546fc55aeffd37b7bb601e96718709fe685e987705b246bb2963279798,phase_5_ml_handoff/final_model.joblib,2026-09-06T17:19:14Z
FIRMS_TN_0612,612,9.32282,77.73862,2025-01-10,2046,N,VIIRS_SUOMI_NPP,VIIRS,1.0,304.96,289.68,n,N,Shrubland,,642500113,13155.81393413661,13.15581393413661,,Agricultural Burning,0.4627,0.3383,0.199,0.4627,LOW,outputs/phase_5_ml_handoff/final_model.joblib,5909bb546fc55aeffd37b7bb601e96718709fe685e987705b246bb2963279798,phase_5_ml_handoff/final_model.joblib,2026-09-06T17:19:14Z
FIRMS_TN_0613,613,9.56091,77.25191,2025-01-11,750,N,VIIRS_SUOMI_NPP,VIIRS,14.13,345.93,289.92,n,D,Grassland,Suruliyar,310070120,6977.315033694434,6.977315033694434,,Agricultural Burning,0.5366,0.03,0.4334,0.5366,MEDIUM,outputs/phase_5_ml_handoff/final_model.joblib,5909bb546fc55aeffd37b7bb601e96718709fe685e987705b246bb2963279798,phase_5_ml_handoff/final_model.joblib,2026-09-06T17:19:14Z
FIRMS_TN_0614,614,12.0241,79.72982,2025-01-11,752,N,VIIRS_SUOMI_NPP,VIIRS,3.78,334.81,295.48,n,D,Tree cover,,1026885681,3163.182708893656,3.163182708893656,,Agricultural Burning,0.6205,0.03,0.3495,0.6205,MEDIUM,outputs/phase_5_ml_handoff/final_model.joblib,5909bb546fc55aeffd37b7bb601e96718709fe685e987705b246bb2963279798,phase_5_ml_handoff/final_model.joblib,2026-09-06T17:19:14Z
FIRMS_TN_0615,615,13.39263,80.10065,2025-01-11,2025,N,VIIRS_SUOMI_NPP,VIIRS,0.85,308.65,291.26,n,N,Shrubland,,202465563,137464.3778660218,137.4643778660218,,Industrial Thermal Activity,0.1007,0.721,0.1783,0.721,MEDIUM,outputs/phase_5_ml_handoff/final_model.joblib,5909bb546fc55aeffd37b7bb601e96718709fe685e987705b246bb2963279798,phase_5_ml_handoff/final_model.joblib,2026-09-06T17:19:14Z
FIRMS_TN_0616,616,13.15952,80.286,2025-01-11,2025,N,VIIRS_SUOMI_NPP,VIIRS,0.56,306.37,291.33,n,N,Built-up,,202465563,116488.74887607186,116.48874887607184,,Industrial Thermal Activity,0.3023,0.5393,0.1583,0.5393,MEDIUM,outputs/phase_5_ml_handoff/final_model.joblib,5909bb546fc55aeffd37b7bb601e96718709fe685e987705b246bb2963279798,phase_5_ml_handoff/final_model.joblib,2026-09-06T17:19:14Z
FIRMS_TN_0617,617,12.99868,79.90742,2025-01-11,2025,N,VIIRS_SUOMI_NPP,VIIRS,1.85,322.45,290.6,n,N,Grassland,,1026841614,91620.51701403188,91.62051701403188,,Industrial Thermal Activity,0.2023,0.4268,0.3709,0.4268,LOW,outputs/phase_5_ml_handoff/final_model.joblib,5909bb546fc55aeffd37b7bb601e96718709fe685e987705b246bb2963279798,phase_5_ml_handoff/final_model.joblib,2026-09-06T17:19:14Z
FIRMS_TN_0618,618,11.81719,77.91909,2025-01-11,2025,N,VIIRS_SUOMI_NPP,VIIRS,0.81,305.62,291.81,n,N,Built-up,,340479236,55.980786116685,0.0559807861166849,,Industrial Thermal Activity,0.0451,0.9549,0.0,0.9549,HIGH,outputs/phase_5_ml_handoff/final_model.joblib,5909bb546fc55aeffd37b7bb601e96718709fe685e987705b246bb2963279798,phase_5_ml_handoff/final_model.joblib,2026-09-06T17:19:14Z
FIRMS_TN_0619,619,11.80929,77.92525,2025-01-11,2025,N,VIIRS_SUOMI_NPP,VIIRS,1.66,321.57,293.01,n,N,Built-up,,340479189,367.437102873922,0.3674371028739219,,Industrial Thermal Activity,0.0759,0.8891,0.035,0.8891,HIGH,outputs/phase_5_ml_handoff/final_model.joblib,5909bb546fc55aeffd37b7bb601e96718709fe685e987705b246bb2963279798,phase_5_ml_handoff/final_model.joblib,2026-09-06T17:19:14Z
FIRMS_TN_0620,620,11.80988,77.92161,2025-01-11,2025,N,VIIRS_SUOMI_NPP,VIIRS,1.57,304.33,292.49,n,N,Built-up,,340479189,399.7762930175314,0.3997762930175314,,Industrial Thermal Activity,0.0134,0.9866,0.0,0.9866,HIGH,outputs/phase_5_ml_handoff/final_model.joblib,5909bb546fc55aeffd37b7bb601e96718709fe685e987705b246bb2963279798,phase_5_ml_handoff/final_model.joblib,2026-09-06T17:19:14Z
FIRMS_TN_0621,621,11.54756,77.44373,2025-01-11,2025,N,VIIRS_SUOMI_NPP,VIIRS,1.34,317.43,290.83,n,N,Tree cover,,337856844,2185.333952637886,2.185333952637886,,Agricultural Burning,0.503,0.2693,0.2277,0.503,MEDIUM,outputs/phase_5_ml_handoff/final_model.joblib,5909bb546fc55aeffd37b7bb601e96718709fe685e987705b246bb2963279798,phase_5_ml_handoff/final_model.joblib,2026-09-06T17:19:14Z
FIRMS_TN_0622,622,11.54699,77.4473,2025-01-11,2025,N,VIIRS_SUOMI_NPP,VIIRS,0.72,303.58,290.52,n,N,Tree cover,,337856844,1855.196262768793,1.855196262768793,,Agricultural Burning,0.5913,0.2027,0.206,0.5913,MEDIUM,outputs/phase_5_ml_handoff/final_model.joblib,5909bb546fc55aeffd37b7bb601e96718709fe685e987705b246bb2963279798,phase_5_ml_handoff/final_model.joblib,2026-09-06T17:19:14Z
FIRMS_TN_0623,623,11.18491,79.09974,2025-01-11,2025,N,VIIRS_SUOMI_NPP,VIIRS,0.6,303.72,290.75,n,N,Built-up,,340697977,363.9377202729235,0.3639377202729235,,Industrial Thermal Activity,0.1861,0.8139,0.0,0.8139,HIGH,outputs/phase_5_ml_handoff/final_model.joblib,5909bb546fc55aeffd37b7bb601e96718709fe685e987705b246bb2963279798,phase_5_ml_handoff/final_model.joblib,2026-09-06T17:19:14Z
FIRMS_TN_0624,624,11.18139,79.09914,2025-01-11,2025,N,VIIRS_SUOMI_NPP,VIIRS,0.6,302.58,290.04,n,N,Built-up,,340697977,416.7779194787963,0.4167779194787963,,Industrial Thermal Activity,0.1961,0.8039,0.0,0.8039,HIGH,outputs/phase_5_ml_handoff/final_model.joblib,5909bb546fc55aeffd37b7bb601e96718709fe685e987705b246bb2963279798,phase_5_ml_handoff/final_model.joblib,2026-09-06T17:19:14Z
FIRMS_TN_0625,625,11.43135,77.34455,2025-01-11,2025,N,VIIRS_SUOMI_NPP,VIIRS,1.19,304.69,289.38,n,N,Tree cover,,1467377953,2809.197449211644,2.809197449211644,,Agricultural Burning,0.5169,0.3279,0.1552,0.5169,MEDIUM,outputs/phase_5_ml_handoff/final_model.joblib,5909bb546fc55aeffd37b7bb601e96718709fe685e987705b246bb2963279798,phase_5_ml_handoff/final_model.joblib,2026-09-06T17:19:14Z
FIRMS_TN_0626,626,10.93856,78.05747,2025-01-11,2025,N,VIIRS_SUOMI_NPP,VIIRS,0.56,302.52,290.59,n,N,Cropland,,193319216,1617.737341623469,1.6177373416234693,,Agricultural Burning,0.7748,0.119,0.1062,0.7748,HIGH,outputs/phase_5_ml_handoff/final_model.joblib,5909bb546fc55aeffd37b7bb601e96718709fe685e987705b246bb2963279798,phase_5_ml_handoff/final_model.joblib,2026-09-06T17:19:14Z
FIRMS_TN_0627,627,10.13546,77.27298,2025-01-11,2025,N,VIIRS_SUOMI_NPP,VIIRS,0.59,299.05,278.67,n,N,Tree cover,,1509428390,14899.712486015644,14.899712486015645,,Agricultural Burning,0.438,0.2667,0.2953,0.438,LOW,outputs/phase_5_ml_handoff/final_model.joblib,5909bb546fc55aeffd37b7bb601e96718709fe685e987705b246bb2963279798,phase_5_ml_handoff/final_model.joblib,2026-09-06T17:19:14Z
FIRMS_TN_0628,628,11.37917,77.05492,2025-01-12,733,N,VIIRS_SUOMI_NPP,VIIRS,3.97,343.89,293.35,n,D,Tree cover,,17338131,23944.535518872828,23.94453551887283,,Agricultural Burning,0.539,0.0228,0.4382,0.539,MEDIUM,outputs/phase_5_ml_handoff/final_model.joblib,5909bb546fc55aeffd37b7bb601e96718709fe685e987705b246bb2963279798,phase_5_ml_handoff/final_model.joblib,2026-09-06T17:19:14Z
FIRMS_TN_0629,629,13.11165,79.79388,2025-01-12,2006,N,VIIRS_SUOMI_NPP,VIIRS,0.27,303.36,289.77,n,N,Built-up,,1026841614,102836.65599641373,102.83665599641373,,Agricultural Burning,0.6583,0.1412,0.2005,0.6583,MEDIUM,outputs/phase_5_ml_handoff/final_model.joblib,5909bb546fc55aeffd37b7bb601e96718709fe685e987705b246bb2963279798,phase_5_ml_handoff/final_model.joblib,2026-09-06T17:19:14Z
FIRMS_TN_0630,630,13.08312,79.98172,2025-01-12,2006,N,VIIRS_SUOMI_NPP,VIIRS,0.82,303.24,290.26,n,N,Shrubland,,202465563,102104.31780744142,102.10431780744142,,Industrial Thermal Activity,0.1832,0.6093,0.2074,0.6093,MEDIUM,outputs/phase_5_ml_handoff/final_model.joblib,5909bb546fc55aeffd37b7bb601e96718709fe685e987705b246bb2963279798,phase_5_ml_handoff/final_model.joblib,2026-09-06T17:19:14Z
FIRMS_TN_0631,631,13.09624,79.75659,2025-01-12,2006,N,VIIRS_SUOMI_NPP,VIIRS,0.51,307.02,290.33,n,N,Shrubland,,1026841614,101057.05693476864,101.05705693476864,,Agricultural Burning,0.6444,0.1412,0.2144,0.6444,MEDIUM,outputs/phase_5_ml_handoff/final_model.joblib,5909bb546fc55aeffd37b7bb601e96718709fe685e987705b246bb2963279798,phase_5_ml_handoff/final_model.joblib,2026-09-06T17:19:14Z
FIRMS_TN_0632,632,11.81623,77.91869,2025-01-12,2008,N,VIIRS_SUOMI_NPP,VIIRS,0.52,299.48,287.58,n,N,Built-up,,340479236,110.426293864994,0.1104262938649939,,Industrial Thermal Activity,0.2031,0.7969,0.0,0.7969,HIGH,outputs/phase_5_ml_handoff/final_model.joblib,5909bb546fc55aeffd37b7bb601e96718709fe685e987705b246bb2963279798,phase_5_ml_handoff/final_model.joblib,2026-09-06T17:19:14Z
