event_id,row_id,acq_date,acq_time,acq_datetime,daynight,latitude,longitude,satellite,instrument,firms_confidence,frp,brightness,bright_t31,brightness_difference,is_day,is_stubble_burning_season,grid_detection_count,grid_active_days,persistent_location_flag,grid_total_frp,high_frp_flag_local,brightness_zscore_local,predicted_class,probability_agricultural_burning,probability_industrial_thermal_activity,probability_natural_wildfire_other,max_probability,ml_confidence,osm_coverage_status,nearest_facility_name,nearest_facility_type,nearest_facility_category,nearest_facility_tier,distance_to_facility_m,near_industrial_500m,near_industrial_1000m,near_industrial_2000m,nearest_hr_category,nearest_hr_name,distance_to_higher_relevance_m,landcover_code,landcover_class,pre_observation_status,post_observation_status,s2_change_status,selected_pre_image_date,selected_post_image_date,s2_pre_feature_status,s2_post_feature_status,s2_pre_ndvi_mean,s2_post_ndvi_mean,s2_dnbr_mean,has_human_validation,human_validation_status,human_ground_truth_class,is_unambiguous_ground_truth,inference_timestamp,model_version,model_sha256,data_source_version
FIRMS_TN_0000,0,2024-11-01,1940,2024-11-01T19:00,N,11.65394,78.02792,N20,VIIRS,n,1.16,311.1,287.43,23.670000000000016,0,1,2,1,0,2.46,0,-0.4622382024171344,Industrial Thermal Activity,0.4331,0.5031,0.0639,0.5031,MEDIUM,COVERED,SAIL,Other Industrial,Substation & Electrical Infrastructure,CAUTION_LOWER_RELEVANCE,328.3336921461477,1,1,1,Steel / Metallurgy,Salem Steel Plant,458.26871305300216,50,Built-up,REAL_CDSE_SUCCESS,MISSING_PRODUCT,MISSING_POST,2024-10-29T05:08:39.024000Z,,SUCCESS,,0.620062574826448,,,False,UNREVIEWED,,False,2026-09-06T17:19:14Z,phase_5_ml_handoff/final_model.joblib,5909bb546fc55aeffd37b7bb601e96718709fe685e987705b246bb2963279798,phase_4b_ground_truth_v1
FIRMS_TN_0001,1,2024-11-02,826,2024-11-02T08:00,D,9.29417,79.06924,N20,VIIRS,n,5.15,338.83,289.06,49.76999999999998,1,1,2,1,0,10.56,0,1.3358056330597607,Agricultural Burning,0.6951,0.1602,0.1447,0.6951,MEDIUM,COVERED,,Power Plant,Power Plant,HIGHER_RELEVANCE,2826.685458137604,0,0,0,Power Plant,,2826.685458137604,10,Tree cover,CLOUD_REJECTED,REAL_CDSE_SUCCESS,INSUFFICIENT_VALID_DATA,2024-10-31T04:59:41.024000Z,2024-11-05T04:59:09.024000Z,SUCCESS,SUCCESS,0.2516461318155794,0.3329496050349869,,True,VERIFIED,REVIEW_REQUIRED,False,2026-09-06T17:19:14Z,phase_5_ml_handoff/final_model.joblib,5909bb546fc55aeffd37b7bb601e96718709fe685e987705b246bb2963279798,phase_4b_ground_truth_v1
FIRMS_TN_0002,2,2024-11-03,807,2024-11-03T08:00,D,10.26853,78.83812,N20,VIIRS,n,2.77,331.76,298.6,33.15999999999997,1,1,1,1,0,2.77,0,0.8773790222836463,Natural / Wildfire / Other,0.1798,0.0157,0.8045,0.8045,HIGH,COVERED,,Other Industrial,Industrial Area / Zone,GENERAL_CONTEXT,9090.553073033305,0,0,0,Manufacturing & Industrial Works,Nizam Supari Factory,12285.075261562197,20,Shrubland,CLOUD_REJECTED,CLOUD_REJECTED,MISSING_PRE,2024-10-29T05:08:39.024000Z,2024-11-05T04:59:09.024000Z,ALL_PIXELS_MASKED,SUCCESS,,0.4464472644173232,,False,UNREVIEWED,,False,2026-09-06T17:19:14Z,phase_5_ml_handoff/final_model.joblib,5909bb546fc55aeffd37b7bb601e96718709fe685e987705b246bb2963279798,phase_4b_ground_truth_v1
FIRMS_TN_0003,3,2024-11-03,2042,2024-11-03T20:00,N,11.18232,79.09965,N20,VIIRS,n,1.14,304.79,290.01,14.78000000000003,0,1,20,10,1,18.59,0,-0.1905045439534421,Industrial Thermal Activity,0.0161,0.9839,0.0,0.9839,HIGH,COVERED,,Other Industrial,Substation & Electrical Infrastructure,CAUTION_LOWER_RELEVANCE,396.25434257551336,1,1,1,Power Plant,,706.4338230101368,50,Built-up,REAL_CDSE_SUCCESS,REAL_CDSE_SUCCESS,SUCCESS,2024-10-29T05:08:39.024000Z,2024-11-10T05:00:31.024000Z,SUCCESS,SUCCESS,0.4812084355977795,0.4642004871885042,0.032697785110561,False,UNREVIEWED,,False,2026-09-06T17:19:14Z,phase_5_ml_handoff/final_model.joblib,5909bb546fc55aeffd37b7bb601e96718709fe685e987705b246bb2963279798,phase_4b_ground_truth_v1
FIRMS_TN_0004,4,2024-11-04,750,2024-11-04T07:00,D,13.20969,79.91416,N20,VIIRS,n,4.01,333.19,303.03,30.160000000000025,1,1,1,1,0,4.01,0,0.970101802115308,Agricultural Burning,0.6917,0.0,0.3083,0.6917,MEDIUM,FAILED_TILE,,Mining,Mining & Quarry,HIGHER_RELEVANCE,114898.83334131957,0,0,0,Mining & Quarry,,114898.83334131957,40,Cropland,REAL_CDSE_SUCCESS,REAL_CDSE_SUCCESS,SUCCESS,2024-10-31T04:59:41.024000Z,2024-11-05T04:59:09.024000Z,SUCCESS,SUCCESS,0.3935930117859602,0.4430892330208698,0.0229926579861179,True,VERIFIED,Agricultural Burning,True,2026-09-06T17:19:14Z,phase_5_ml_handoff/final_model.joblib,5909bb546fc55aeffd37b7bb601e96718709fe685e987705b246bb2963279798,phase_4b_ground_truth_v1
FIRMS_TN_0005,5,2024-11-04,750,2024-11-04T07:00,D,12.2742,79.54851,N20,VIIRS,n,5.64,337.36,298.09,39.27000000000004,1,1,1,1,0,5.64,0,1.240489209037006,Agricultural Burning,0.8367,0.0193,0.1439,0.8367,HIGH,FAILED_TILE,Sree Amman Transformer Works,Industrial Works,Manufacturing & Industrial Works,HIGHER_RELEVANCE,15266.538267725924,0,0,0,Manufacturing & Industrial Works,Sree Amman Transformer Works,15266.538267725924,40,Cropland,REAL_CDSE_SUCCESS,CLOUD_REJECTED,INSUFFICIENT_VALID_DATA,2024-10-26T04:58:19.024000Z,2024-11-05T04:59:09.024000Z,SUCCESS,SUCCESS,0.5336351329683402,0.4568762217325056,,False,UNREVIEWED,,False,2026-09-06T17:19:14Z,phase_5_ml_handoff/final_model.joblib,5909bb546fc55aeffd37b7bb601e96718709fe685e987705b246bb2963279798,phase_4b_ground_truth_v1
FIRMS_TN_0006,6,2024-11-04,750,2024-11-04T07:00,D,12.2748,79.55231,N20,VIIRS,n,5.52,338.19,297.67,40.51999999999998,1,1,1,1,0,5.52,0,1.294307326002235,Agricultural Burning,0.8559,0.0218,0.1223,0.8559,HIGH,FAILED_TILE,Sree Amman Transformer Works,Industrial Works,Manufacturing & Industrial Works,HIGHER_RELEVANCE,15175.128861239547,0,0,0,Manufacturing & Industrial Works,Sree Amman Transformer Works,15175.128861239547,40,Cropland,REAL_CDSE_SUCCESS,CLOUD_REJECTED,INSUFFICIENT_VALID_DATA,2024-10-26T04:58:19.024000Z,2024-11-05T04:59:09.024000Z,SUCCESS,SUCCESS,0.4943407506389803,0.445792379984189,,True,VERIFIED,Agricultural Burning,True,2026-09-06T17:19:14Z,phase_5_ml_handoff/final_model.joblib,5909bb546fc55aeffd37b7bb601e96718709fe685e987705b246bb2963279798,phase_4b_ground_truth_v1
FIRMS_TN_0007,7,2024-11-04,2025,2024-11-04T20:00,N,11.18312,79.09965,N20,VIIRS,n,1.23,309.46,293.88,15.579999999999984,0,1,20,10,1,18.59,0,1.2691447099638882,Industrial Thermal Activity,0.0181,0.9619,0.02,0.9619,HIGH,COVERED,,Other Industrial,Substation & Electrical Infrastructure,CAUTION_LOWER_RELEVANCE,360.0193161722355,1,1,1,Power Plant,,658.7339708137059,50,Built-up,REAL_CDSE_SUCCESS,REAL_CDSE_SUCCESS,SUCCESS,2024-10-29T05:08:39.024000Z,2024-11-10T05:00:31.024000Z,SUCCESS,SUCCESS,0.4564661559605425,0.4392160772666253,0.0351123570106514,False,UNREVIEWED,,False,2026-09-06T17:19:14Z,phase_5_ml_handoff/final_model.joblib,5909bb546fc55aeffd37b7bb601e96718709fe685e987705b246bb2963279798,phase_4b_ground_truth_v1
FIRMS_TN_0008,8,2024-11-04,2025,2024-11-04T20:00,N,11.81736,77.91756,N20,VIIRS,n,1.06,305.68,290.19,15.490000000000007,0,1,43,20,1,64.3,0,-0.4156983668999956,Industrial Thermal Activity,0.0031,0.9969,0.0,0.9969,HIGH,COVERED,,Other Industrial,Substation & Electrical Infrastructure,CAUTION_LOWER_RELEVANCE,215.91883199453267,1,1,1,Steel / Metallurgy,JSW Steel Plant,327.13180543896755,50,Built-up,CLOUD_REJECTED,MISSING_PRODUCT,MISSING_BOTH,2024-10-29T05:08:39.024000Z,,ALL_PIXELS_MASKED,,,,,False,UNREVIEWED,,False,2026-09-06T17:19:14Z,phase_5_ml_handoff/final_model.joblib,5909bb546fc55aeffd37b7bb601e96718709fe685e987705b246bb2963279798,phase_4b_ground_truth_v1
FIRMS_TN_0009,9,2024-11-04,2025,2024-11-04T20:00,N,12.87509,79.88728,N20,VIIRS,n,1.03,309.2,293.36,15.839999999999977,0,1,4,2,0,3.84,0,-0.5854363014941689,Agricultural Burning,0.4042,0.2769,0.319,0.4042,LOW,FAILED_TILE,,Mining,Mining & Quarry,HIGHER_RELEVANCE,77708.51188730031,0,0,0,Mining & Quarry,,77708.51188730031,30,Grassland,CLOUD_REJECTED,CLOUD_REJECTED,INSUFFICIENT_VALID_DATA,2024-10-31T04:59:41.024000Z,2024-11-05T04:59:09.024000Z,SUCCESS,SUCCESS,0.4909681101631504,0.5998721628958493,,False,UNREVIEWED,,False,2026-09-06T17:19:14Z,phase_5_ml_handoff/final_model.joblib,5909bb546fc55aeffd37b7bb601e96718709fe685e987705b246bb2963279798,phase_4b_ground_truth_v1
FIRMS_TN_0010,10,2024-11-04,2025,2024-11-04T20:00,N,13.06476,80.18575,N20,VIIRS,n,2.09,306.06,293.85,12.20999999999998,0,1,7,6,1,5.2,1,0.8432999916520072,Industrial Thermal Activity,0.0513,0.9184,0.0303,0.9184,HIGH,FAILED_TILE,,Other Industrial,Industrial Area / Zone,GENERAL_CONTEXT,103295.15465757216,0,0,0,Mining & Quarry,,107952.30089597564,50,Built-up,CLOUD_REJECTED,CLOUD_REJECTED,MISSING_PRE,2024-10-31T04:59:41.024000Z,2024-11-05T04:59:09.024000Z,ALL_PIXELS_MASKED,SUCCESS,,0.282532839600438,,True,VERIFIED,Persistent Industrial Thermal Source,True,2026-09-06T17:19:14Z,phase_5_ml_handoff/final_model.joblib,5909bb546fc55aeffd37b7bb601e96718709fe685e987705b246bb2963279798,phase_4b_ground_truth_v1
FIRMS_TN_0011,11,2024-11-05,730,2024-11-05T07:00,D,9.29705,79.31593,N20,VIIRS,n,2.52,329.73,295.11,34.620000000000005,1,1,1,1,0,2.52,0,0.7457515795855557,Agricultural Burning,0.4944,0.0292,0.4765,0.4944,LOW,COVERED,,Other Industrial,Industrial Area / Zone,GENERAL_CONTEXT,1689.756786660581,0,0,1,Power Plant,,29806.93894879125,30,Grassland,CLOUD_REJECTED,REAL_CDSE_SUCCESS,INSUFFICIENT_VALID_DATA,2024-10-31T04:59:41.024000Z,2024-11-10T05:00:31.024000Z,SUCCESS,SUCCESS,0.3509343036677397,0.4021526703428703,,True,VERIFIED,REVIEW_REQUIRED,False,2026-09-06T17:19:14Z,phase_5_ml_handoff/final_model.joblib,5909bb546fc55aeffd37b7bb601e96718709fe685e987705b246bb2963279798,phase_4b_ground_truth_v1
FIRMS_TN_0012,12,2024-11-05,730,2024-11-05T07:00,D,13.2005,79.68807,N20,VIIRS,n,3.07,331.87,298.38,33.49000000000001,1,1,1,1,0,3.07,0,0.8845115438091596,Natural / Wildfire / Other,0.3263,0.0068,0.6669,0.6669,MEDIUM,FAILED_TILE,,Mining,Mining & Quarry,HIGHER_RELEVANCE,112917.72411944935,0,0,0,Mining & Quarry,,112917.72411944935,30,Grassland,CLOUD_REJECTED,CLOUD_REJECTED,INSUFFICIENT_VALID_DATA,2024-10-31T04:59:41.024000Z,2024-11-10T05:00:31.024000Z,SUCCESS,SUCCESS,0.5293165011284887,0.5383696587618777,,False,UNREVIEWED,,False,2026-09-06T17:19:14Z,phase_5_ml_handoff/final_model.joblib,5909bb546fc55aeffd37b7bb601e96718709fe685e987705b246bb2963279798,phase_4b_ground_truth_v1
FIRMS_TN_0013,13,2024-11-05,730,2024-11-05T07:00,D,12.7964,79.38124,N20,VIIRS,n,2.81,334.25,294.0,40.25,1,1,1,1,0,2.81,0,1.0388333731793369,Agricultural Burning,0.7382,0.02,0.2418,0.7382,MEDIUM,FAILED_TILE,Rajanthangal,Other Industrial,Substation & Electrical Infrastructure,CAUTION_LOWER_RELEVANCE,75113.59616349725,0,0,0,Manufacturing & Industrial Works,Sree Amman Transformer Works,76054.15015622247,40,Cropland,CLOUD_REJECTED,CLOUD_REJECTED,INSUFFICIENT_VALID_DATA,2024-10-31T04:59:41.024000Z,2024-11-10T05:00:31.024000Z,SUCCESS,SUCCESS,0.4669496530780666,0.5966452143889684,,True,VERIFIED,Agricultural Burning,True,2026-09-06T17:19:14Z,phase_5_ml_handoff/final_model.joblib,5909bb546fc55aeffd37b7bb601e96718709fe685e987705b246bb2963279798,phase_4b_ground_truth_v1
FIRMS_TN_0014,14,2024-11-05,730,2024-11-05T07:00,D,11.71039,79.35712,N20,VIIRS,n,2.31,331.85,297.89,33.96000000000004,1,1,1,1,0,2.31,0,0.883214721713613,Natural / Wildfire / Other,0.2666,0.0357,0.6977,0.6977,MEDIUM,COVERED,Tirunavalur,Other Industrial,Substation & Electrical Infrastructure,CAUTION_LOWER_RELEVANCE,8712.110941951185,0,0,0,Mining & Quarry,,16822.24780096521,10,Tree cover,REAL_CDSE_SUCCESS,CLOUD_REJECTED,INSUFFICIENT_VALID_DATA,2024-10-26T04:58:19.024000Z,2024-11-10T05:00:31.024000Z,SUCCESS,SUCCESS,0.5098808977258094,0.5109381095340828,,False,UNREVIEWED,,False,2026-09-06T17:19:14Z,phase_5_ml_handoff/final_model.joblib,5909bb546fc55aeffd37b7bb601e96718709fe685e987705b246bb2963279798,phase_4b_ground_truth_v1
FIRMS_TN_0015,15,2024-11-05,730,2024-11-05T07:00,D,10.65226,78.76717,N20,VIIRS,n,7.76,336.8,295.25,41.55000000000001,1,1,1,1,0,7.76,1,1.2041781903616702,Agricultural Burning,0.6416,0.1545,0.2039,0.6416,MEDIUM,COVERED,,Other Industrial,Industrial Area / Zone,GENERAL_CONTEXT,210.5924139308873,1,1,1,Power Plant,,4298.344321437069,30,Grassland,REAL_CDSE_SUCCESS,MISSING_PRODUCT,MISSING_POST,2024-10-29T05:08:39.024000Z,,SUCCESS,,0.3649248091093781,,,True,VERIFIED,Agricultural Burning,True,2026-09-06T17:19:14Z,phase_5_ml_handoff/final_model.joblib,5909bb546fc55aeffd37b7bb601e96718709fe685e987705b246bb2963279798,phase_4b_ground_truth_v1
FIRMS_TN_0016,16,2024-11-05,730,2024-11-05T07:00,D,10.44508,79.01453,N20,VIIRS,n,4.65,338.77,296.08,42.69,1,1,2,2,0,8.72,0,1.3319151667731175,Agricultural Burning,0.7773,0.025,0.1977,0.7773,HIGH,COVERED,Malaiyur,Other Industrial,Substation & Electrical Infrastructure,CAUTION_LOWER_RELEVANCE,2312.042233464192,0,0,0,Power Plant,Killanur A,20487.657911185008,40,Cropland,REAL_CDSE_SUCCESS,REAL_CDSE_SUCCESS,SUCCESS,2024-10-26T04:58:19.024000Z,2024-11-10T05:00:31.024000Z,SUCCESS,SUCCESS,0.4461489257019376,0.5249035847573008,0.0168928228786616,False,UNREVIEWED,,False,2026-09-06T17:19:14Z,phase_5_ml_handoff/final_model.joblib,5909bb546fc55aeffd37b7bb601e96718709fe685e987705b246bb2963279798,phase_4b_ground_truth_v1
FIRMS_TN_0017,17,2024-11-05,2004,2024-11-05T20:00,N,13.39262,80.10134,N20,VIIRS,n,1.09,309.67,294.2,15.470000000000027,0,1,21,10,1,22.85,0,0.7154187972303154,Industrial Thermal Activity,0.0171,0.9451,0.0378,0.9451,HIGH,FAILED_TILE,,Other Industrial,Industrial Area / Zone,GENERAL_CONTEXT,137472.3642904896,0,0,0,Mining & Quarry,,139036.827665887,20,Shrubland,CLOUD_REJECTED,CLOUD_REJECTED,MISSING_PRE,2024-10-31T04:59:41.024000Z,2024-11-10T05:00:31.024000Z,ALL_PIXELS_MASKED,SUCCESS,,0.389679607162106,,False,UNREVIEWED,,False,2026-09-06T17:19:14Z,phase_5_ml_handoff/final_model.joblib,5909bb546fc55aeffd37b7bb601e96718709fe685e987705b246bb2963279798,phase_4b_ground_truth_v1
FIRMS_TN_0018,18,2024-11-05,2004,2024-11-05T20:00,N,13.39318,80.0746,N20,VIIRS,n,0.93,307.13,293.17,13.95999999999998,0,1,5,3,1,2.66,0,0.3525578115544289,Industrial Thermal Activity,0.1594,0.6273,0.2132,0.6273,MEDIUM,FAILED_TILE,,Other Industrial,Industrial Area / Zone,GENERAL_CONTEXT,137211.4624235174,0,0,0,Mining & Quarry,,138352.9746446315,10,Tree cover,CLOUD_REJECTED,CLOUD_REJECTED,MISSING_PRE,2024-10-31T04:59:41.024000Z,2024-11-10T05:00:31.024000Z,ALL_PIXELS_MASKED,SUCCESS,,0.4655857558453559,,False,UNREVIEWED,,False,2026-09-06T17:19:14Z,phase_5_ml_handoff/final_model.joblib,5909bb546fc55aeffd37b7bb601e96718709fe685e987705b246bb2963279798,phase_4b_ground_truth_v1
FIRMS_TN_0019,19,2024-11-05,2004,2024-11-05T20:00,N,13.16125,80.28574,N20,VIIRS,n,2.17,306.53,294.31,12.21999999999997,0,1,23,13,1,29.58,0,0.0667361419803276,Industrial Thermal Activity,0.006,0.964,0.03,0.964,HIGH,FAILED_TILE,,Other Industrial,Industrial Area / Zone,GENERAL_CONTEXT,116662.3629248224,0,0,0,Mining & Quarry,,122399.52088019278,50,Built-up,CLOUD_REJECTED,CLOUD_REJECTED,INSUFFICIENT_VALID_DATA,2024-10-31T04:59:41.024000Z,2024-11-10T05:00:31.024000Z,SUCCESS,SUCCESS,0.3321913923938024,0.2564182185087886,,False,UNREVIEWED,,False,2026-09-06T17:19:14Z,phase_5_ml_handoff/final_model.joblib,5909bb546fc55aeffd37b7bb601e96718709fe685e987705b246bb2963279798,phase_4b_ground_truth_v1
FIRMS_TN_0020,20,2024-11-05,2004,2024-11-05T20:00,N,12.64997,77.90159,N20,VIIRS,n,0.53,303.67,290.7,12.970000000000027,0,1,2,2,0,6.23,0,-0.9440076109131084,Agricultural Burning,0.4694,0.164,0.3666,0.4694,LOW,FAILED_TILE,Palavadi,Other Industrial,Substation & Electrical Infrastructure,CAUTION_LOWER_RELEVANCE,56594.30644426172,0,0,0,"Oil, Gas & Chemical",HPCL Dharmapuri Terminal,73025.59506710271,20,Shrubland,REAL_CDSE_SUCCESS,CLOUD_REJECTED,INSUFFICIENT_VALID_DATA,2024-11-03T05:09:51.024000Z,2024-11-08T05:09:29.024000Z,SUCCESS,SUCCESS,0.677962902159133,0.5825238969074251,,False,UNREVIEWED,,False,2026-09-06T17:19:14Z,phase_5_ml_handoff/final_model.joblib,5909bb546fc55aeffd37b7bb601e96718709fe685e987705b246bb2963279798,phase_4b_ground_truth_v1
FIRMS_TN_0021,21,2024-11-05,2004,2024-11-05T20:00,N,12.65149,77.90409,N20,VIIRS,n,0.73,307.14,290.66,16.47999999999996,0,1,4,3,1,4.51,0,-0.719008977335583,Agricultural Burning,0.3964,0.3719,0.2317,0.3964,LOW,FAILED_TILE,Palavadi,Other Industrial,Substation & Electrical Infrastructure,CAUTION_LOWER_RELEVANCE,56674.71897683146,0,0,0,"Oil, Gas & Chemical",HPCL Dharmapuri Terminal,73100.40475847271,20,Shrubland,REAL_CDSE_SUCCESS,CLOUD_REJECTED,MISSING_POST,2024-11-03T05:09:51.024000Z,2024-11-08T05:09:29.024000Z,SUCCESS,ALL_PIXELS_MASKED,0.6793028087763049,,,False,UNREVIEWED,,False,2026-09-06T17:19:14Z,phase_5_ml_handoff/final_model.joblib,5909bb546fc55aeffd37b7bb601e96718709fe685e987705b246bb2963279798,phase_4b_ground_truth_v1
FIRMS_TN_0022,22,2024-11-05,2004,2024-11-05T20:00,N,11.18193,79.09972,N20,VIIRS,n,0.89,305.49,293.98,11.509999999999993,0,1,20,10,1,18.59,0,0.0282865647707813,Industrial Thermal Activity,0.0181,0.9719,0.01,0.9719,HIGH,COVERED,,Other Industrial,Substation & Electrical Infrastructure,CAUTION_LOWER_RELEVANCE,425.9234002300185,1,1,1,Power Plant,,726.5055409951971,50,Built-up,REAL_CDSE_SUCCESS,REAL_CDSE_SUCCESS,SUCCESS,2024-10-29T05:08:39.024000Z,2024-11-10T05:00:31.024000Z,SUCCESS,SUCCESS,0.483069811194774,0.4697372458297184,0.0356913811457256,False,UNREVIEWED,,False,2026-09-06T17:19:14Z,phase_5_ml_handoff/final_model.joblib,5909bb546fc55aeffd37b7bb601e96718709fe685e987705b246bb2963279798,phase_4b_ground_truth_v1
FIRMS_TN_0023,23,2024-11-06,852,2024-11-06T08:00,D,10.44399,79.01185,N20,VIIRS,n,4.07,329.26,296.96,32.30000000000001,1,1,2,2,0,8.72,0,0.7152762603401828,Natural / Wildfire / Other,0.4537,0.0267,0.5196,0.5196,MEDIUM,COVERED,Malaiyur,Other Industrial,Substation & Electrical Infrastructure,CAUTION_LOWER_RELEVANCE,2528.538019187664,0,0,0,Power Plant,Killanur A,20356.00481041904,20,Shrubland,CLOUD_REJECTED,REAL_CDSE_SUCCESS,INSUFFICIENT_VALID_DATA,2024-11-05T04:59:09.024000Z,2024-11-10T05:00:31.024000Z,SUCCESS,SUCCESS,0.4273031277217335,0.5115402424586684,,False,UNREVIEWED,,False,2026-09-06T17:19:14Z,phase_5_ml_handoff/final_model.joblib,5909bb546fc55aeffd37b7bb601e96718709fe685e987705b246bb2963279798,phase_4b_ground_truth_v1
FIRMS_TN_0024,24,2024-11-06,1946,2024-11-06T19:00,N,13.08217,79.97812,N20,VIIRS,n,1.13,305.51,289.63,15.879999999999995,0,1,10,7,1,14.08,0,-0.2982864233559958,Industrial Thermal Activity,0.0523,0.9302,0.0175,0.9302,HIGH,FAILED_TILE,,Other Industrial,Industrial Area / Zone,GENERAL_CONTEXT,101985.06707114771,0,0,0,Mining & Quarry,,102274.13757400696,20,Shrubland,CLOUD_REJECTED,CLOUD_REJECTED,INSUFFICIENT_VALID_DATA,2024-11-05T04:59:09.024000Z,2024-11-10T05:00:31.024000Z,SUCCESS,SUCCESS,0.4016145953985809,0.5223659929018374,,False,UNREVIEWED,,False,2026-09-06T17:19:14Z,phase_5_ml_handoff/final_model.joblib,5909bb546fc55aeffd37b7bb601e96718709fe685e987705b246bb2963279798,phase_4b_ground_truth_v1
FIRMS_TN_0025,25,2024-11-06,1946,2024-11-06T19:00,N,13.08157,79.98259,N20,VIIRS,n,1.15,306.65,289.54,17.109999999999957,0,1,11,5,1,15.69,0,-0.1582547590843645,Industrial Thermal Activity,0.0832,0.8602,0.0566,0.8602,HIGH,FAILED_TILE,,Other Industrial,Industrial Area / Zone,GENERAL_CONTEXT,101935.61816199872,0,0,0,Mining & Quarry,,102322.75733163155,30,Grassland,CLOUD_REJECTED,CLOUD_REJECTED,INSUFFICIENT_VALID_DATA,2024-11-05T04:59:09.024000Z,2024-11-10T05:00:31.024000Z,SUCCESS,SUCCESS,0.4253815154012786,0.5110944624574478,,False,UNREVIEWED,,False,2026-09-06T17:19:14Z,phase_5_ml_handoff/final_model.joblib,5909bb546fc55aeffd37b7bb601e96718709fe685e987705b246bb2963279798,phase_4b_ground_truth_v1
FIRMS_TN_0026,26,2024-11-08,813,2024-11-08T08:00,D,12.11268,79.59145,N20,VIIRS,n,4.24,332.93,300.65,32.28000000000003,1,1,1,1,0,4.24,0,0.9532431148731882,Agricultural Burning,0.5853,0.044,0.3707,0.5853,MEDIUM,COVERED,Chendur,Other Industrial,Substation & Electrical Infrastructure,CAUTION_LOWER_RELEVANCE,1661.525391031482,0,0,1,Manufacturing & Industrial Works,Sree Amman Transformer Works,4042.149981233176,40,Cropland,CLOUD_REJECTED,CLOUD_REJECTED,INSUFFICIENT_VALID_DATA,2024-11-05T04:59:09.024000Z,2024-11-10T05:00:31.024000Z,SUCCESS,SUCCESS,0.5545461300999341,0.5849432608515034,,False,UNREVIEWED,,False,2026-09-06T17:19:14Z,phase_5_ml_handoff/final_model.joblib,5909bb546fc55aeffd37b7bb601e96718709fe685e987705b246bb2963279798,phase_4b_ground_truth_v1
FIRMS_TN_0027,27,2024-11-08,2048,2024-11-08T20:00,N,12.97006,79.91603,N20,VIIRS,n,1.46,320.27,278.03,42.24000000000001,0,1,2,2,0,2.61,0,0.1323547283914872,Agricultural Burning,0.4381,0.2648,0.2972,0.4381,LOW,FAILED_TILE,,Mining,Mining & Quarry,HIGHER_RELEVANCE,88663.06726286904,0,0,0,Mining & Quarry,,88663.06726286904,30,Grassland,CLOUD_REJECTED,CLOUD_REJECTED,INSUFFICIENT_VALID_DATA,2024-11-05T04:59:09.024000Z,2024-11-10T05:00:31.024000Z,SUCCESS,SUCCESS,0.5095138782437829,0.3789472312587389,,False,UNREVIEWED,,False,2026-09-06T17:19:14Z,phase_5_ml_handoff/final_model.joblib,5909bb546fc55aeffd37b7bb601e96718709fe685e987705b246bb2963279798,phase_4b_ground_truth_v1
FIRMS_TN_0028,28,2024-11-08,2048,2024-11-08T20:00,N,11.81808,77.91673,N20,VIIRS,n,1.01,300.71,281.62,19.08999999999997,0,1,43,20,1,64.3,0,-1.0501712849845417,Industrial Thermal Activity,0.0031,0.9969,0.0,0.9969,HIGH,COVERED,,Other Industrial,Substation & Electrical Infrastructure,CAUTION_LOWER_RELEVANCE,328.35658889246344,1,1,1,Steel / Metallurgy,JSW Steel Plant,430.54852234929126,50,Built-up,CLOUD_REJECTED,MISSING_PRODUCT,MISSING_BOTH,2024-10-29T05:08:39.024000Z,,ALL_PIXELS_MASKED,,,,,False,UNREVIEWED,,False,2026-09-06T17:19:14Z,phase_5_ml_handoff/final_model.joblib,5909bb546fc55aeffd37b7bb601e96718709fe685e987705b246bb2963279798,phase_4b_ground_truth_v1
FIRMS_TN_0029,29,2024-11-08,2048,2024-11-08T20:00,N,11.81653,77.91456,N20,VIIRS,n,1.23,300.69,279.36,21.329999999999984,0,1,43,20,1,64.3,0,-1.052724495922505,Industrial Thermal Activity,0.0,1.0,0.0,1.0,HIGH,COVERED,JSW Steel Plant,Manufacturing,Steel / Metallurgy,HIGHER_RELEVANCE,456.8826663525913,1,1,1,Steel / Metallurgy,JSW Steel Plant,456.8826663525913,10,Tree cover,CLOUD_REJECTED,MISSING_PRODUCT,MISSING_BOTH,2024-10-29T05:08:39.024000Z,,ALL_PIXELS_MASKED,,,,,True,VERIFIED,Persistent Industrial Thermal Source,True,2026-09-06T17:19:14Z,phase_5_ml_handoff/final_model.joblib,5909bb546fc55aeffd37b7bb601e96718709fe685e987705b246bb2963279798,phase_4b_ground_truth_v1
FIRMS_TN_0030,30,2024-11-08,2048,2024-11-08T20:00,N,11.18483,79.0995,N20,VIIRS,n,0.85,302.91,279.77,23.140000000000043,0,1,20,10,1,18.59,0,-0.7781149502413648,Industrial Thermal Activity,0.0161,0.9839,0.0,0.9839,HIGH,COVERED,,Other Industrial,Substation & Electrical Infrastructure,CAUTION_LOWER_RELEVANCE,336.38136249246065,1,1,1,Power Plant,,605.7154374334536,50,Built-up,REAL_CDSE_SUCCESS,REAL_CDSE_SUCCESS,SUCCESS,2024-10-29T05:08:39.024000Z,2024-11-10T05:00:31.024000Z,SUCCESS,SUCCESS,0.4511271766080614,0.4370456062201246,0.0511575006479474,True,VERIFIED,Persistent Industrial Thermal Source,True,2026-09-06T17:19:14Z,phase_5_ml_handoff/final_model.joblib,5909bb546fc55aeffd37b7bb601e96718709fe685e987705b246bb2963279798,phase_4b_ground_truth_v1
FIRMS_TN_0031,31,2024-11-08,2048,2024-11-08T20:00,N,13.16331,80.28699,N20,VIIRS,n,0.96,309.23,285.26,23.970000000000027,0,1,23,13,1,29.58,0,0.8621899648169318,Industrial Thermal Activity,0.0268,0.9454,0.0278,0.9454,HIGH,FAILED_TILE,,Other Industrial,Industrial Area / Zone,GENERAL_CONTEXT,116922.4480227712,0,0,0,Mining & Quarry,,122665.27697548093,50,Built-up,CLOUD_REJECTED,CLOUD_REJECTED,INSUFFICIENT_VALID_DATA,2024-11-05T04:59:09.024000Z,2024-11-10T05:00:31.024000Z,SUCCESS,SUCCESS,0.4178536789969647,0.2844807300019281,,False,UNREVIEWED,,False,2026-09-06T17:19:14Z,phase_5_ml_handoff/final_model.joblib,5909bb546fc55aeffd37b7bb601e96718709fe685e987705b246bb2963279798,phase_4b_ground_truth_v1
FIRMS_TN_0032,32,2024-11-08,2048,2024-11-08T20:00,N,13.08252,79.97832,N20,VIIRS,n,0.91,310.31,286.86,23.44999999999999,0,1,10,7,1,14.08,0,0.6891444953397248,Industrial Thermal Activity,0.0655,0.8896,0.0449,0.8896,HIGH,FAILED_TILE,,Other Industrial,Industrial Area / Zone,GENERAL_CONTEXT,102024.68482408114,0,0,0,Mining & Quarry,,102317.02106355492,20,Shrubland,CLOUD_REJECTED,CLOUD_REJECTED,INSUFFICIENT_VALID_DATA,2024-11-05T04:59:09.024000Z,2024-11-10T05:00:31.024000Z,SUCCESS,SUCCESS,0.3993930483404508,0.5123320485699995,,False,UNREVIEWED,,False,2026-09-06T17:19:14Z,phase_5_ml_handoff/final_model.joblib,5909bb546fc55aeffd37b7bb601e96718709fe685e987705b246bb2963279798,phase_4b_ground_truth_v1
FIRMS_TN_0033,33,2024-11-08,2048,2024-11-08T20:00,N,12.96966,79.91622,N20,VIIRS,n,1.12,315.4,277.86,37.53999999999997,0,1,5,2,0,3.61,0,1.1620004895702305,Agricultural Burning,0.453,0.3946,0.1525,0.453,LOW,FAILED_TILE,,Mining,Mining & Quarry,HIGHER_RELEVANCE,88623.36201494736,0,0,0,Mining & Quarry,,88623.36201494736,40,Cropland,CLOUD_REJECTED,CLOUD_REJECTED,INSUFFICIENT_VALID_DATA,2024-11-05T04:59:09.024000Z,2024-11-10T05:00:31.024000Z,SUCCESS,SUCCESS,0.4450209512726387,0.3924638300755017,,False,UNREVIEWED,,False,2026-09-06T17:19:14Z,phase_5_ml_handoff/final_model.joblib,5909bb546fc55aeffd37b7bb601e96718709fe685e987705b246bb2963279798,phase_4b_ground_truth_v1
FIRMS_TN_0034,34,2024-11-09,756,2024-11-09T07:00,D,11.38716,78.70573,N20,VIIRS,n,2.52,330.54,279.55,50.99000000000001,1,1,1,1,0,2.52,0,0.798272874455238,Agricultural Burning,0.6037,0.0225,0.3738,0.6037,MEDIUM,COVERED,Dhanalakshmi Sugars,Other Industrial,Substation & Electrical Infrastructure,CAUTION_LOWER_RELEVANCE,6305.329550475626,0,0,0,Mining & Quarry,,16398.593446370905,40,Cropland,REAL_CDSE_SUCCESS,MISSING_PRODUCT,MISSING_POST,2024-10-29T05:08:39.024000Z,,SUCCESS,,0.6660327317945501,,,False,UNREVIEWED,,False,2026-09-06T17:19:14Z,phase_5_ml_handoff/final_model.joblib,5909bb546fc55aeffd37b7bb601e96718709fe685e987705b246bb2963279798,phase_4b_ground_truth_v1
FIRMS_TN_0035,35,2024-11-09,756,2024-11-09T07:00,D,11.39555,77.11979,N20,VIIRS,n,4.78,341.93,301.53,40.400000000000034,1,1,2,1,0,7.32,0,1.536813057869657,Natural / Wildfire / Other,0.3369,0.0069,0.6562,0.6562,MEDIUM,FAILED_TILE,Bannari Amman Sugars,Other Industrial,Substation & Electrical Infrastructure,CAUTION_LOWER_RELEVANCE,19112.91841048882,0,0,0,Power Plant,,19300.676985737697,30,Grassland,CLOUD_REJECTED,MISSING_PRODUCT,MISSING_POST,2024-11-03T05:26:01.024000Z,,SUCCESS,,0.5765836152793238,,,True,VERIFIED,REVIEW_REQUIRED,False,2026-09-06T17:19:14Z,phase_5_ml_handoff/final_model.joblib,5909bb546fc55aeffd37b7bb601e96718709fe685e987705b246bb2963279798,phase_4b_ground_truth_v1
FIRMS_TN_0036,36,2024-11-09,756,2024-11-09T07:00,D,12.29479,78.40997,N20,VIIRS,n,2.87,330.79,293.83,36.96000000000004,1,1,1,1,0,2.87,0,0.8144831506495843,Agricultural Burning,0.6748,0.0225,0.3027,0.6748,MEDIUM,FAILED_TILE,,Power Plant,Power Plant,HIGHER_RELEVANCE,16203.19104785215,0,0,0,Power Plant,,16203.19104785215,40,Cropland,REAL_CDSE_SUCCESS,MISSING_PRODUCT,MISSING_POST,2024-10-29T05:08:39.024000Z,,SUCCESS,,0.556404091088917,,,True,VERIFIED,REVIEW_REQUIRED,False,2026-09-06T17:19:14Z,phase_5_ml_handoff/final_model.joblib,5909bb546fc55aeffd37b7bb601e96718709fe685e987705b246bb2963279798,phase_4b_ground_truth_v1
FIRMS_TN_0037,37,2024-11-09,756,2024-11-09T07:00,D,12.76743,77.78644,N20,VIIRS,n,2.54,334.85,299.92,34.93000000000001,1,1,7,2,0,22.13,0,-1.5139240893095471,Natural / Wildfire / Other,0.412,0.1232,0.4648,0.4648,LOW,FAILED_TILE,,Other Industrial,Substation & Electrical Infrastructure,CAUTION_LOWER_RELEVANCE,59342.10148951248,0,0,0,Mining & Quarry,,60330.52020290047,60,Bare/sparse vegetation,REAL_CDSE_SUCCESS,MISSING_PRODUCT,MISSING_POST,2024-11-08T05:09:29.024000Z,,SUCCESS,,0.3940028247356206,,,False,UNREVIEWED,,False,2026-09-06T17:19:14Z,phase_5_ml_handoff/final_model.joblib,5909bb546fc55aeffd37b7bb601e96718709fe685e987705b246bb2963279798,phase_4b_ground_truth_v1
FIRMS_TN_0038,38,2024-11-09,756,2024-11-09T07:00,D,12.79986,77.9681,N20,VIIRS,n,2.37,329.83,302.07,27.75999999999999,1,1,1,1,0,2.37,0,0.752235690063292,Agricultural Burning,0.503,0.0425,0.4545,0.503,MEDIUM,FAILED_TILE,Palavadi,Other Industrial,Substation & Electrical Infrastructure,CAUTION_LOWER_RELEVANCE,71318.27733142306,0,0,0,Mining & Quarry,,78265.91739729601,40,Cropland,CLOUD_REJECTED,MISSING_PRODUCT,MISSING_POST,2024-11-08T05:09:29.024000Z,,SUCCESS,,0.525799538665596,,,False,UNREVIEWED,,False,2026-09-06T17:19:14Z,phase_5_ml_handoff/final_model.joblib,5909bb546fc55aeffd37b7bb601e96718709fe685e987705b246bb2963279798,phase_4b_ground_truth_v1
FIRMS_TN_0039,39,2024-11-09,2029,2024-11-09T20:00,N,13.08321,79.9809,N20,VIIRS,n,0.83,304.64,285.62,19.019999999999985,0,1,11,5,1,15.69,0,-0.3494576401420278,Industrial Thermal Activity,0.0932,0.8602,0.0466,0.8602,HIGH,FAILED_TILE,,Other Industrial,Industrial Area / Zone,GENERAL_CONTEXT,102111.0729909121,0,0,0,Mining & Quarry,,102456.84598088564,30,Grassland,CLOUD_REJECTED,CLOUD_REJECTED,INSUFFICIENT_VALID_DATA,2024-11-05T04:59:09.024000Z,2024-11-10T05:00:31.024000Z,SUCCESS,SUCCESS,0.3961417952872726,0.5600968632766337,,False,UNREVIEWED,,False,2026-09-06T17:19:14Z,phase_5_ml_handoff/final_model.joblib,5909bb546fc55aeffd37b7bb601e96718709fe685e987705b246bb2963279798,phase_4b_ground_truth_v1
FIRMS_TN_0040,40,2024-11-09,2029,2024-11-09T20:00,N,12.65022,77.90694,N20,VIIRS,n,0.72,301.68,283.78,17.900000000000034,0,1,4,3,1,4.51,0,-1.0730414094201062,Agricultural Burning,0.5239,0.3294,0.1467,0.5239,MEDIUM,FAILED_TILE,Palavadi,Other Industrial,Substation & Electrical Infrastructure,CAUTION_LOWER_RELEVANCE,56448.95807025455,0,0,0,"Oil, Gas & Chemical",HPCL Dharmapuri Terminal,72869.80345159635,40,Cropland,CLOUD_REJECTED,MISSING_PRODUCT,MISSING_BOTH,2024-11-08T05:09:29.024000Z,,ALL_PIXELS_MASKED,,,,,False,UNREVIEWED,,False,2026-09-06T17:19:14Z,phase_5_ml_handoff/final_model.joblib,5909bb546fc55aeffd37b7bb601e96718709fe685e987705b246bb2963279798,phase_4b_ground_truth_v1
FIRMS_TN_0041,41,2024-11-09,2029,2024-11-09T20:00,N,12.65088,77.903,N20,VIIRS,n,0.72,299.37,283.9,15.470000000000027,0,1,4,3,1,4.51,0,-1.2228243614558665,Agricultural Burning,0.4064,0.3719,0.2217,0.4064,LOW,FAILED_TILE,Palavadi,Other Industrial,Substation & Electrical Infrastructure,CAUTION_LOWER_RELEVANCE,56645.04696887466,0,0,0,"Oil, Gas & Chemical",HPCL Dharmapuri Terminal,73073.18818911149,20,Shrubland,CLOUD_REJECTED,MISSING_PRODUCT,MISSING_POST,2024-11-08T05:09:29.024000Z,,SUCCESS,,0.6331132455312067,,,False,UNREVIEWED,,False,2026-09-06T17:19:14Z,phase_5_ml_handoff/final_model.joblib,5909bb546fc55aeffd37b7bb601e96718709fe685e987705b246bb2963279798,phase_4b_ground_truth_v1
FIRMS_TN_0042,42,2024-11-09,2029,2024-11-09T20:00,N,12.85108,79.90353,N20,VIIRS,n,1.68,311.16,282.75,28.410000000000025,0,1,14,3,1,25.28,0,-0.1077497834280404,Industrial Thermal Activity,0.1827,0.4722,0.3451,0.4722,LOW,FAILED_TILE,,Mining,Mining & Quarry,HIGHER_RELEVANCE,75428.18693713525,0,0,0,Mining & Quarry,,75428.18693713525,60,Bare/sparse vegetation,CLOUD_REJECTED,CLOUD_REJECTED,INSUFFICIENT_VALID_DATA,2024-11-05T04:59:09.024000Z,2024-11-10T05:00:31.024000Z,SUCCESS,SUCCESS,0.4859267956235346,0.4958459672325079,,False,UNREVIEWED,,False,2026-09-06T17:19:14Z,phase_5_ml_handoff/final_model.joblib,5909bb546fc55aeffd37b7bb601e96718709fe685e987705b246bb2963279798,phase_4b_ground_truth_v1
FIRMS_TN_0043,43,2024-11-09,2029,2024-11-09T20:00,N,11.81658,77.91605,N20,VIIRS,n,1.22,300.83,275.93,24.899999999999977,0,1,43,20,1,64.3,0,-1.034852019356745,Industrial Thermal Activity,0.0,1.0,0.0,1.0,HIGH,COVERED,JSW Steel Plant,Manufacturing,Steel / Metallurgy,HIGHER_RELEVANCE,330.234601173254,1,1,1,Steel / Metallurgy,JSW Steel Plant,330.234601173254,50,Built-up,CLOUD_REJECTED,MISSING_PRODUCT,MISSING_BOTH,2024-10-29T05:08:39.024000Z,,ALL_PIXELS_MASKED,,,,,False,UNREVIEWED,,False,2026-09-06T17:19:14Z,phase_5_ml_handoff/final_model.joblib,5909bb546fc55aeffd37b7bb601e96718709fe685e987705b246bb2963279798,phase_4b_ground_truth_v1
FIRMS_TN_0044,44,2024-11-09,2029,2024-11-09T20:00,N,11.81173,77.92348,N20,VIIRS,n,1.44,307.91,276.34,31.57000000000005,0,1,16,11,1,22.18,0,0.4939705754586224,Industrial Thermal Activity,0.0364,0.9536,0.01,0.9536,HIGH,COVERED,,Other Industrial,Substation & Electrical Infrastructure,CAUTION_LOWER_RELEVANCE,565.6842580703791,0,1,1,Steel / Metallurgy,JSW Steel Plant,651.134170084112,50,Built-up,CLOUD_REJECTED,MISSING_PRODUCT,MISSING_BOTH,2024-10-29T05:08:39.024000Z,,ALL_PIXELS_MASKED,,,,,False,UNREVIEWED,,False,2026-09-06T17:19:14Z,phase_5_ml_handoff/final_model.joblib,5909bb546fc55aeffd37b7bb601e96718709fe685e987705b246bb2963279798,phase_4b_ground_truth_v1
FIRMS_TN_0045,45,2024-11-09,2029,2024-11-09T20:00,N,11.20356,77.56443,N20,VIIRS,n,0.59,297.61,269.71,27.90000000000004,0,1,15,8,1,15.08,0,-1.4583142879678337,Industrial Thermal Activity,0.1917,0.7801,0.0283,0.7801,HIGH,COVERED,,Mining,Mining & Quarry,HIGHER_RELEVANCE,547.7675827585176,0,1,1,Mining & Quarry,,547.7675827585176,30,Grassland,MISSING_PRODUCT,MISSING_PRODUCT,INVALID_INPUT,,,,,,,,False,UNREVIEWED,,False,2026-09-06T17:19:14Z,phase_5_ml_handoff/final_model.joblib,5909bb546fc55aeffd37b7bb601e96718709fe685e987705b246bb2963279798,phase_4b_ground_truth_v1
FIRMS_TN_0046,46,2024-11-10,735,2024-11-10T07:00,D,11.17264,79.26752,N20,VIIRS,n,8.09,332.76,303.05,29.70999999999998,1,1,1,1,0,8.09,1,0.9422201270610318,Natural / Wildfire / Other,0.4367,0.0183,0.545,0.545,MEDIUM,COVERED,,Mining,Mining & Quarry,HIGHER_RELEVANCE,10369.192746213672,0,0,0,Mining & Quarry,,10369.192746213672,10,Tree cover,REAL_CDSE_SUCCESS,MISSING_PRODUCT,MISSING_POST,2024-11-05T04:59:09.024000Z,,SUCCESS,,0.366276577984534,,,False,UNREVIEWED,,False,2026-09-06T17:19:14Z,phase_5_ml_handoff/final_model.joblib,5909bb546fc55aeffd37b7bb601e96718709fe685e987705b246bb2963279798,phase_4b_ground_truth_v1
FIRMS_TN_0047,47,2024-11-10,735,2024-11-10T07:00,D,11.17331,79.27145,N20,VIIRS,n,10.13,341.73,303.22,38.50999999999999,1,1,1,1,0,10.13,1,1.5238448369141808,Natural / Wildfire / Other,0.3239,0.0175,0.6586,0.6586,MEDIUM,COVERED,Jayankondam,Other Industrial,Substation & Electrical Infrastructure,CAUTION_LOWER_RELEVANCE,10140.75941602158,0,0,0,Mining & Quarry,,10670.155552068016,10,Tree cover,REAL_CDSE_SUCCESS,MISSING_PRODUCT,MISSING_POST,2024-11-05T04:59:09.024000Z,,SUCCESS,,0.3644341583321898,,,False,UNREVIEWED,,False,2026-09-06T17:19:14Z,phase_5_ml_handoff/final_model.joblib,5909bb546fc55aeffd37b7bb601e96718709fe685e987705b246bb2963279798,phase_4b_ground_truth_v1
FIRMS_TN_0048,48,2024-11-10,735,2024-11-10T07:00,D,9.28159,78.86513,N20,VIIRS,n,2.26,334.38,299.92,34.45999999999998,1,1,1,1,0,2.26,0,1.0472627168003965,Natural / Wildfire / Other,0.3991,0.0592,0.5417,0.5417,MEDIUM,COVERED,Rajasuriyamadai,Other Industrial,Substation & Electrical Infrastructure,CAUTION_LOWER_RELEVANCE,6623.247135592411,0,0,0,Power Plant,Valantharavai Combined Cycle Gas Power Plant,8039.875422715919,30,Grassland,CLOUD_REJECTED,MISSING_PRODUCT,MISSING_POST,2024-11-05T04:59:09.024000Z,,SUCCESS,,0.5935799891197503,,,True,VERIFIED,REVIEW_REQUIRED,False,2026-09-06T17:19:14Z,phase_5_ml_handoff/final_model.joblib,5909bb546fc55aeffd37b7bb601e96718709fe685e987705b246bb2963279798,phase_4b_ground_truth_v1
FIRMS_TN_0049,49,2024-11-10,737,2024-11-10T07:00,D,13.18365,79.56056,N20,VIIRS,n,5.94,339.41,300.13,39.28000000000003,1,1,1,1,0,5.94,0,1.373413473830647,Agricultural Burning,0.8495,0.0,0.1505,0.8495,HIGH,FAILED_TILE,,Mining,Mining & Quarry,HIGHER_RELEVANCE,112863.87556154594,0,0,0,Mining & Quarry,,112863.87556154594,40,Cropland,CLOUD_REJECTED,MISSING_PRODUCT,MISSING_POST,2024-11-05T04:59:09.024000Z,,SUCCESS,,0.3259799890028809,,,True,VERIFIED,Agricultural Burning,True,2026-09-06T17:19:14Z,phase_5_ml_handoff/final_model.joblib,5909bb546fc55aeffd37b7bb601e96718709fe685e987705b246bb2963279798,phase_4b_ground_truth_v1
FIRMS_TN_0050,50,2024-11-10,2010,2024-11-10T20:00,N,11.81621,77.91726,N20,VIIRS,n,3.35,325.29,292.1,33.19,0,1,43,20,1,64.3,1,2.087724957775635,Industrial Thermal Activity,0.0708,0.8767,0.0525,0.8767,HIGH,COVERED,JSW Steel Plant,Manufacturing,Steel / Metallurgy,HIGHER_RELEVANCE,217.3837611418768,1,1,1,Steel / Metallurgy,JSW Steel Plant,217.3837611418768,50,Built-up,CLOUD_REJECTED,MISSING_PRODUCT,MISSING_BOTH,2024-10-29T05:08:39.024000Z,,ALL_PIXELS_MASKED,,,,,False,UNREVIEWED,,False,2026-09-06T17:19:14Z,phase_5_ml_handoff/final_model.joblib,5909bb546fc55aeffd37b7bb601e96718709fe685e987705b246bb2963279798,phase_4b_ground_truth_v1
FIRMS_TN_0051,51,2024-11-10,2010,2024-11-10T20:00,N,11.81612,77.91793,N20,VIIRS,n,3.93,329.91,292.9,37.01000000000005,0,1,43,20,1,64.3,1,2.677516684445773,Industrial Thermal Activity,0.0444,0.9197,0.0358,0.9197,HIGH,COVERED,JSW Steel Plant,Manufacturing,Steel / Metallurgy,HIGHER_RELEVANCE,184.0999649636778,1,1,1,Steel / Metallurgy,JSW Steel Plant,184.0999649636778,60,Bare/sparse vegetation,CLOUD_REJECTED,MISSING_PRODUCT,MISSING_BOTH,2024-10-29T05:08:39.024000Z,,ALL_PIXELS_MASKED,,,,,True,VERIFIED,Persistent Industrial Thermal Source,True,2026-09-06T17:19:14Z,phase_5_ml_handoff/final_model.joblib,5909bb546fc55aeffd37b7bb601e96718709fe685e987705b246bb2963279798,phase_4b_ground_truth_v1
FIRMS_TN_0052,52,2024-11-11,718,2024-11-11T07:00,D,12.29693,79.69377,N20,VIIRS,n,1.67,329.6,289.95,39.650000000000034,1,1,1,1,0,1.67,0,0.7373222359644959,Agricultural Burning,0.6353,0.0445,0.3202,0.6353,MEDIUM,FAILED_TILE,,Mining,Mining & Quarry,HIGHER_RELEVANCE,14131.512146807774,0,0,0,Mining & Quarry,,14131.512146807774,30,Grassland,REAL_CDSE_SUCCESS,MISSING_PRODUCT,MISSING_POST,2024-11-10T05:00:31.024000Z,,SUCCESS,,0.593671570150014,,,True,VERIFIED,Agricultural Burning,True,2026-09-06T17:19:14Z,phase_5_ml_handoff/final_model.joblib,5909bb546fc55aeffd37b7bb601e96718709fe685e987705b246bb2963279798,phase_4b_ground_truth_v1
FIRMS_TN_0053,53,2024-11-14,2036,2024-11-14T20:00,N,11.20259,77.5637,N20,VIIRS,n,0.92,304.3,279.75,24.55000000000001,0,1,15,8,1,15.08,0,-0.5235213221577278,Industrial Thermal Activity,0.0367,0.9417,0.0216,0.9417,HIGH,COVERED,,Mining,Mining & Quarry,HIGHER_RELEVANCE,520.3661417401237,0,1,1,Mining & Quarry,,520.3661417401237,30,Grassland,MISSING_PRODUCT,MISSING_PRODUCT,INVALID_INPUT,,,,,,,,False,UNREVIEWED,,False,2026-09-06T17:19:14Z,phase_5_ml_handoff/final_model.joblib,5909bb546fc55aeffd37b7bb601e96718709fe685e987705b246bb2963279798,phase_4b_ground_truth_v1
FIRMS_TN_0054,54,2024-11-14,2036,2024-11-14T20:00,N,11.81859,77.91496,N20,VIIRS,n,0.79,300.99,286.54,14.449999999999989,0,1,43,20,1,64.3,0,-1.0144263318530142,Industrial Thermal Activity,0.1031,0.8969,0.0,0.8969,HIGH,COVERED,,Other Industrial,Substation & Electrical Infrastructure,CAUTION_LOWER_RELEVANCE,527.9437968338219,0,1,1,Steel / Metallurgy,JSW Steel Plant,576.8278152633466,50,Built-up,MISSING_PRODUCT,MISSING_PRODUCT,INVALID_INPUT,,,,,,,,False,UNREVIEWED,,False,2026-09-06T17:19:14Z,phase_5_ml_handoff/final_model.joblib,5909bb546fc55aeffd37b7bb601e96718709fe685e987705b246bb2963279798,phase_4b_ground_truth_v1
FIRMS_TN_0055,55,2024-11-14,2036,2024-11-14T20:00,N,11.20184,77.56679,N20,VIIRS,n,0.69,302.92,279.07,23.850000000000023,0,1,15,8,1,15.08,0,-0.7163485707104845,Industrial Thermal Activity,0.1417,0.8367,0.0216,0.8367,HIGH,COVERED,,Mining,Mining & Quarry,HIGHER_RELEVANCE,264.3672600774778,1,1,1,Mining & Quarry,,264.3672600774778,60,Bare/sparse vegetation,MISSING_PRODUCT,MISSING_PRODUCT,INVALID_INPUT,,,,,,,,False,UNREVIEWED,,False,2026-09-06T17:19:14Z,phase_5_ml_handoff/final_model.joblib,5909bb546fc55aeffd37b7bb601e96718709fe685e987705b246bb2963279798,phase_4b_ground_truth_v1
FIRMS_TN_0056,56,2024-11-15,2016,2024-11-15T20:00,N,13.15905,80.2841,N20,VIIRS,n,2.63,309.74,290.96,18.78000000000003,0,1,15,10,1,31.96,0,0.3113454141222628,Industrial Thermal Activity,0.0097,0.941,0.0493,0.941,HIGH,FAILED_TILE,,Other Industrial,Industrial Area / Zone,GENERAL_CONTEXT,116374.226860511,0,0,0,Mining & Quarry,,122100.2839793664,50,Built-up,REAL_CDSE_SUCCESS,MISSING_PRODUCT,MISSING_POST,2024-11-10T05:00:31.024000Z,,SUCCESS,,0.2502181392223884,,,False,UNREVIEWED,,False,2026-09-06T17:19:14Z,phase_5_ml_handoff/final_model.joblib,5909bb546fc55aeffd37b7bb601e96718709fe685e987705b246bb2963279798,phase_4b_ground_truth_v1
FIRMS_TN_0057,57,2024-11-15,2018,2024-11-15T20:00,N,10.93138,77.06387,N20,VIIRS,n,0.68,306.01,288.91,17.099999999999966,0,1,7,6,1,5.66,0,1.1066404923914523,Industrial Thermal Activity,0.265,0.6559,0.0791,0.6559,MEDIUM,FAILED_TILE,,Power Plant,Power Plant,HIGHER_RELEVANCE,20346.244497251468,0,0,0,Power Plant,,20346.244497251468,30,Grassland,MISSING_PRODUCT,MISSING_PRODUCT,INVALID_INPUT,,,,,,,,False,UNREVIEWED,,False,2026-09-06T17:19:14Z,phase_5_ml_handoff/final_model.joblib,5909bb546fc55aeffd37b7bb601e96718709fe685e987705b246bb2963279798,phase_4b_ground_truth_v1
FIRMS_TN_0058,58,2024-11-16,1957,2024-11-16T19:00,N,11.80968,77.92031,N20,VIIRS,n,1.82,311.5,283.67,27.829999999999984,0,1,21,10,1,32.72,0,0.418226250087545,Industrial Thermal Activity,0.0014,0.9986,0.0,0.9986,HIGH,COVERED,,Other Industrial,Substation & Electrical Infrastructure,CAUTION_LOWER_RELEVANCE,462.57664971445774,1,1,1,Steel / Metallurgy,JSW Steel Plant,581.5781495621236,50,Built-up,MISSING_PRODUCT,MISSING_PRODUCT,INVALID_INPUT,,,,,,,,False,UNREVIEWED,,False,2026-09-06T17:19:14Z,phase_5_ml_handoff/final_model.joblib,5909bb546fc55aeffd37b7bb601e96718709fe685e987705b246bb2963279798,phase_4b_ground_truth_v1
FIRMS_TN_0059,59,2024-11-16,1957,2024-11-16T19:00,N,10.9307,77.06355,N20,VIIRS,n,0.94,305.42,288.29,17.129999999999995,0,1,7,6,1,5.66,0,0.8988938908652493,Industrial Thermal Activity,0.1191,0.7918,0.0891,0.7918,HIGH,FAILED_TILE,,Power Plant,Power Plant,HIGHER_RELEVANCE,20380.910858071416,0,0,0,Power Plant,,20380.910858071416,60,Bare/sparse vegetation,MISSING_PRODUCT,MISSING_PRODUCT,INVALID_INPUT,,,,,,,,False,UNREVIEWED,,False,2026-09-06T17:19:14Z,phase_5_ml_handoff/final_model.joblib,5909bb546fc55aeffd37b7bb601e96718709fe685e987705b246bb2963279798,phase_4b_ground_truth_v1
FIRMS_TN_0060,60,2024-11-17,1940,2024-11-17T19:00,N,11.81306,77.92103,N20,VIIRS,n,0.71,297.2,282.33,14.870000000000005,0,1,16,11,1,22.18,0,-1.588361474002354,Industrial Thermal Activity,0.1317,0.8683,0.0,0.8683,HIGH,COVERED,JSW Steel Plant,Manufacturing,Steel / Metallurgy,HIGHER_RELEVANCE,346.28826732148985,1,1,1,Steel / Metallurgy,JSW Steel Plant,346.28826732148985,50,Built-up,MISSING_PRODUCT,MISSING_PRODUCT,INVALID_INPUT,,,,,,,,False,UNREVIEWED,,False,2026-09-06T17:19:14Z,phase_5_ml_handoff/final_model.joblib,5909bb546fc55aeffd37b7bb601e96718709fe685e987705b246bb2963279798,phase_4b_ground_truth_v1
FIRMS_TN_0061,61,2024-11-19,807,2024-11-19T08:00,D,13.25654,79.43639,N20,VIIRS,n,4.14,334.69,297.58,37.110000000000014,1,1,1,1,0,4.14,0,1.067363459281386,Agricultural Burning,0.577,0.0243,0.3987,0.577,MEDIUM,FAILED_TILE,,Mining,Mining & Quarry,HIGHER_RELEVANCE,123946.88059357191,0,0,0,Mining & Quarry,,123946.88059357191,10,Tree cover,REAL_CDSE_SUCCESS,MISSING_PRODUCT,MISSING_POST,2024-11-10T05:00:31.024000Z,,SUCCESS,,0.5174509586547789,,,False,UNREVIEWED,,False,2026-09-06T17:19:14Z,phase_5_ml_handoff/final_model.joblib,5909bb546fc55aeffd37b7bb601e96718709fe685e987705b246bb2963279798,phase_4b_ground_truth_v1
FIRMS_TN_0062,62,2024-11-19,807,2024-11-19T08:00,D,13.32541,79.48901,N20,VIIRS,n,2.34,332.04,298.23,33.81,1,1,1,1,0,2.34,0,0.8955345316213161,Natural / Wildfire / Other,0.2361,0.0234,0.7405,0.7405,MEDIUM,FAILED_TILE,,Mining,Mining & Quarry,HIGHER_RELEVANCE,129900.88679558122,0,0,0,Mining & Quarry,,129900.88679558122,30,Grassland,CLOUD_REJECTED,MISSING_PRODUCT,MISSING_POST,2024-11-10T05:00:31.024000Z,,SUCCESS,,0.6582801555239206,,,True,VERIFIED,Other/Unclassified,True,2026-09-06T17:19:14Z,phase_5_ml_handoff/final_model.joblib,5909bb546fc55aeffd37b7bb601e96718709fe685e987705b246bb2963279798,phase_4b_ground_truth_v1
FIRMS_TN_0063,63,2024-11-19,2042,2024-11-19T20:00,N,13.08208,79.97921,N20,VIIRS,n,0.43,299.57,282.49,17.079999999999984,0,1,10,7,1,14.08,0,-1.5202321852419467,Industrial Thermal Activity,0.244,0.7385,0.0175,0.7385,MEDIUM,FAILED_TILE,,Other Industrial,Industrial Area / Zone,GENERAL_CONTEXT,101979.05210441966,0,0,0,Mining & Quarry,,102291.86807495767,60,Bare/sparse vegetation,CLOUD_REJECTED,MISSING_PRODUCT,MISSING_POST,2024-11-10T05:00:31.024000Z,,SUCCESS,,0.5008997835843867,,,False,UNREVIEWED,,False,2026-09-06T17:19:14Z,phase_5_ml_handoff/final_model.joblib,5909bb546fc55aeffd37b7bb601e96718709fe685e987705b246bb2963279798,phase_4b_ground_truth_v1
FIRMS_TN_0064,64,2024-11-19,2042,2024-11-19T20:00,N,11.80911,77.92155,N20,VIIRS,n,1.39,304.06,290.57,13.490000000000007,0,1,21,10,1,32.72,0,-0.4438274347894742,Industrial Thermal Activity,0.0014,0.9986,0.0,0.9986,HIGH,COVERED,,Other Industrial,Substation & Electrical Infrastructure,CAUTION_LOWER_RELEVANCE,328.57753709290256,1,1,1,Steel / Metallurgy,JSW Steel Plant,700.1087721655335,50,Built-up,MISSING_PRODUCT,MISSING_PRODUCT,INVALID_INPUT,,,,,,,,False,UNREVIEWED,,False,2026-09-06T17:19:14Z,phase_5_ml_handoff/final_model.joblib,5909bb546fc55aeffd37b7bb601e96718709fe685e987705b246bb2963279798,phase_4b_ground_truth_v1
FIRMS_TN_0065,65,2024-11-19,2042,2024-11-19T20:00,N,11.81893,77.91513,N20,VIIRS,n,1.7,309.46,289.97,19.489999999999952,0,1,43,20,1,64.3,0,0.0668585003755682,Industrial Thermal Activity,0.0114,0.9886,0.0,0.9886,HIGH,COVERED,,Other Industrial,Substation & Electrical Infrastructure,CAUTION_LOWER_RELEVANCE,526.1862632754564,0,1,1,Steel / Metallurgy,JSW Steel Plant,596.6186926097956,10,Tree cover,MISSING_PRODUCT,MISSING_PRODUCT,INVALID_INPUT,,,,,,,,True,VERIFIED,Persistent Industrial Thermal Source,True,2026-09-06T17:19:14Z,phase_5_ml_handoff/final_model.joblib,5909bb546fc55aeffd37b7bb601e96718709fe685e987705b246bb2963279798,phase_4b_ground_truth_v1
FIRMS_TN_0066,66,2024-11-20,2023,2024-11-20T20:00,N,13.44629,80.09775,N20,VIIRS,n,0.72,307.03,287.04,19.989999999999952,0,1,6,3,1,4.3,0,0.6389787407937395,Industrial Thermal Activity,0.2243,0.5804,0.1953,0.5804,MEDIUM,FAILED_TILE,,Other Industrial,Industrial Area / Zone,GENERAL_CONTEXT,143352.51413134564,0,0,0,Mining & Quarry,,144697.6329779109,50,Built-up,REAL_CDSE_SUCCESS,MISSING_PRODUCT,MISSING_POST,2024-11-10T05:00:31.024000Z,,SUCCESS,,0.4874275961960465,,,False,UNREVIEWED,,False,2026-09-06T17:19:14Z,phase_5_ml_handoff/final_model.joblib,5909bb546fc55aeffd37b7bb601e96718709fe685e987705b246bb2963279798,phase_4b_ground_truth_v1
FIRMS_TN_0067,67,2024-11-20,2023,2024-11-20T20:00,N,13.39475,80.10127,N20,VIIRS,n,0.18,298.46,284.69,13.769999999999982,0,1,21,10,1,22.85,0,-2.1679357491827624,Industrial Thermal Activity,0.2057,0.7843,0.01,0.7843,HIGH,FAILED_TILE,,Other Industrial,Industrial Area / Zone,GENERAL_CONTEXT,137706.51917862103,0,0,0,Mining & Quarry,,139263.06737394378,20,Shrubland,CLOUD_REJECTED,MISSING_PRODUCT,MISSING_POST,2024-11-10T05:00:31.024000Z,,SUCCESS,,0.477666560854735,,,False,UNREVIEWED,,False,2026-09-06T17:19:14Z,phase_5_ml_handoff/final_model.joblib,5909bb546fc55aeffd37b7bb601e96718709fe685e987705b246bb2963279798,phase_4b_ground_truth_v1
FIRMS_TN_0068,68,2024-11-20,2023,2024-11-20T20:00,N,13.16029,80.28455,N20,VIIRS,n,0.44,302.73,284.46,18.27000000000004,0,1,23,13,1,29.58,0,-1.0527914605304165,Industrial Thermal Activity,0.1957,0.7943,0.01,0.7943,HIGH,FAILED_TILE,,Other Industrial,Industrial Area / Zone,GENERAL_CONTEXT,116520.4369351603,0,0,0,Mining & Quarry,,122244.96814713528,10,Tree cover,REAL_CDSE_SUCCESS,MISSING_PRODUCT,MISSING_POST,2024-11-10T05:00:31.024000Z,,SUCCESS,,0.2482049598369644,,,False,UNREVIEWED,,False,2026-09-06T17:19:14Z,phase_5_ml_handoff/final_model.joblib,5909bb546fc55aeffd37b7bb601e96718709fe685e987705b246bb2963279798,phase_4b_ground_truth_v1
FIRMS_TN_0069,69,2024-11-20,2025,2024-11-20T20:00,N,11.81179,77.92168,N20,VIIRS,n,0.86,300.16,282.34,17.82000000000005,0,1,16,11,1,22.18,0,-1.0128523361494552,Industrial Thermal Activity,0.0017,0.9983,0.0,0.9983,HIGH,COVERED,JSW Steel Plant,Manufacturing,Steel / Metallurgy,HIGHER_RELEVANCE,482.90935284388536,1,1,1,Steel / Metallurgy,JSW Steel Plant,482.90935284388536,10,Tree cover,MISSING_PRODUCT,MISSING_PRODUCT,INVALID_INPUT,,,,,,,,True,VERIFIED,Persistent Industrial Thermal Source,True,2026-09-06T17:19:14Z,phase_5_ml_handoff/final_model.joblib,5909bb546fc55aeffd37b7bb601e96718709fe685e987705b246bb2963279798,phase_4b_ground_truth_v1
FIRMS_TN_0070,70,2024-11-21,2004,2024-11-21T20:00,N,11.81606,77.91496,N20,VIIRS,n,2.09,307.45,288.83,18.620000000000005,0,1,43,20,1,64.3,0,-0.18973919889001,Industrial Thermal Activity,0.0,1.0,0.0,1.0,HIGH,COVERED,JSW Steel Plant,Manufacturing,Steel / Metallurgy,HIGHER_RELEVANCE,393.82918118309976,1,1,1,Steel / Metallurgy,JSW Steel Plant,393.82918118309976,50,Built-up,MISSING_PRODUCT,MISSING_PRODUCT,INVALID_INPUT,,,,,,,,True,VERIFIED,Persistent Industrial Thermal Source,True,2026-09-06T17:19:14Z,phase_5_ml_handoff/final_model.joblib,5909bb546fc55aeffd37b7bb601e96718709fe685e987705b246bb2963279798,phase_4b_ground_truth_v1
FIRMS_TN_0071,71,2024-11-21,2004,2024-11-21T20:00,N,13.06687,80.1871,N20,VIIRS,n,0.46,304.0,292.92,11.079999999999984,0,1,7,6,1,5.2,0,0.0069598348692052,Industrial Thermal Activity,0.2568,0.7207,0.0225,0.7207,MEDIUM,FAILED_TILE,,Other Industrial,Industrial Area / Zone,GENERAL_CONTEXT,103559.02387864474,0,0,0,Mining & Quarry,,108226.96849496385,50,Built-up,REAL_CDSE_SUCCESS,MISSING_PRODUCT,MISSING_POST,2024-11-10T05:00:31.024000Z,,SUCCESS,,0.2764599976330235,,,False,UNREVIEWED,,False,2026-09-06T17:19:14Z,phase_5_ml_handoff/final_model.joblib,5909bb546fc55aeffd37b7bb601e96718709fe685e987705b246bb2963279798,phase_4b_ground_truth_v1
FIRMS_TN_0072,72,2024-11-21,2004,2024-11-21T20:00,N,13.16066,80.2851,N20,VIIRS,n,1.11,313.65,292.77,20.879999999999995,0,1,23,13,1,29.58,0,2.1643773340531163,Industrial Thermal Activity,0.0571,0.9051,0.0378,0.9051,HIGH,FAILED_TILE,,Other Industrial,Industrial Area / Zone,GENERAL_CONTEXT,116578.24770140208,0,0,0,Mining & Quarry,,122309.1489546932,50,Built-up,REAL_CDSE_SUCCESS,MISSING_PRODUCT,MISSING_POST,2024-11-10T05:00:31.024000Z,,SUCCESS,,0.2509803334176085,,,False,UNREVIEWED,,False,2026-09-06T17:19:14Z,phase_5_ml_handoff/final_model.joblib,5909bb546fc55aeffd37b7bb601e96718709fe685e987705b246bb2963279798,phase_4b_ground_truth_v1
FIRMS_TN_0073,73,2024-11-21,2004,2024-11-21T20:00,N,13.16213,80.28485,N20,VIIRS,n,0.54,311.61,292.11,19.5,0,1,23,13,1,29.58,0,1.5633677790210363,Industrial Thermal Activity,0.1988,0.7734,0.0278,0.7734,HIGH,FAILED_TILE,,Other Industrial,Industrial Area / Zone,GENERAL_CONTEXT,116724.85935142782,0,0,0,Mining & Quarry,,122441.10200598478,10,Tree cover,CLOUD_REJECTED,MISSING_PRODUCT,MISSING_POST,2024-11-10T05:00:31.024000Z,,SUCCESS,,0.2478776284416972,,,False,UNREVIEWED,,False,2026-09-06T17:19:14Z,phase_5_ml_handoff/final_model.joblib,5909bb546fc55aeffd37b7bb601e96718709fe685e987705b246bb2963279798,phase_4b_ground_truth_v1
FIRMS_TN_0074,74,2024-11-21,2004,2024-11-21T20:00,N,13.39214,80.09968,N20,VIIRS,n,0.92,308.7,292.85,15.849999999999966,0,1,4,2,0,2.53,0,-0.6178568538828616,Industrial Thermal Activity,0.331,0.394,0.275,0.394,LOW,FAILED_TILE,,Other Industrial,Industrial Area / Zone,GENERAL_CONTEXT,137397.58035418938,0,0,0,Mining & Quarry,,138937.53183875993,20,Shrubland,CLOUD_REJECTED,MISSING_PRODUCT,MISSING_POST,2024-11-10T05:00:31.024000Z,,SUCCESS,,0.4442006463118623,,,False,UNREVIEWED,,False,2026-09-06T17:19:14Z,phase_5_ml_handoff/final_model.joblib,5909bb546fc55aeffd37b7bb601e96718709fe685e987705b246bb2963279798,phase_4b_ground_truth_v1
FIRMS_TN_0075,75,2024-11-22,711,2024-11-22T07:00,D,13.31326,80.00461,N20,VIIRS,n,4.28,338.93,293.98,44.94999999999999,1,1,3,1,0,17.740000000000002,0,1.3422897435375007,Natural / Wildfire / Other,0.4738,0.0438,0.4824,0.4824,LOW,FAILED_TILE,,Other Industrial,Industrial Area / Zone,GENERAL_CONTEXT,127778.07008552176,0,0,0,Mining & Quarry,,127973.39212355338,10,Tree cover,CLOUD_REJECTED,MISSING_PRODUCT,MISSING_POST,2024-11-10T05:00:31.024000Z,,SUCCESS,,0.683512170905773,,,False,UNREVIEWED,,False,2026-09-06T17:19:14Z,phase_5_ml_handoff/final_model.joblib,5909bb546fc55aeffd37b7bb601e96718709fe685e987705b246bb2963279798,phase_4b_ground_truth_v1
FIRMS_TN_0076,76,2024-11-22,711,2024-11-22T07:00,D,13.31909,80.0034,N20,VIIRS,n,4.28,332.19,293.99,38.19999999999999,1,1,3,1,0,17.740000000000002,0,0.9052606973379224,Agricultural Burning,0.6274,0.0345,0.3381,0.6274,MEDIUM,FAILED_TILE,,Other Industrial,Industrial Area / Zone,GENERAL_CONTEXT,128419.24133263432,0,0,0,Mining & Quarry,,128580.5243175108,40,Cropland,REAL_CDSE_SUCCESS,MISSING_PRODUCT,MISSING_POST,2024-11-10T05:00:31.024000Z,,SUCCESS,,0.5866944840693309,,,False,UNREVIEWED,,False,2026-09-06T17:19:14Z,phase_5_ml_handoff/final_model.joblib,5909bb546fc55aeffd37b7bb601e96718709fe685e987705b246bb2963279798,phase_4b_ground_truth_v1
FIRMS_TN_0077,77,2024-11-22,711,2024-11-22T07:00,D,13.3172,80.0006,N20,VIIRS,n,9.18,341.84,294.78,47.06,1,1,3,1,0,17.740000000000002,1,1.5309773584396904,Agricultural Burning,0.7373,0.032,0.2307,0.7373,MEDIUM,FAILED_TILE,,Other Industrial,Industrial Area / Zone,GENERAL_CONTEXT,128195.18916805476,0,0,0,Mining & Quarry,,128312.72108503556,40,Cropland,CLOUD_REJECTED,MISSING_PRODUCT,MISSING_POST,2024-11-10T05:00:31.024000Z,,SUCCESS,,0.5757753765376618,,,True,VERIFIED,Agricultural Burning,True,2026-09-06T17:19:14Z,phase_5_ml_handoff/final_model.joblib,5909bb546fc55aeffd37b7bb601e96718709fe685e987705b246bb2963279798,phase_4b_ground_truth_v1
FIRMS_TN_0078,78,2024-11-23,1925,2024-11-23T19:00,N,13.16057,80.27849,N20,VIIRS,n,1.42,306.96,285.23,21.72999999999996,0,1,5,5,1,7.75,0,0.9296747713929718,Industrial Thermal Activity,0.0884,0.8438,0.0678,0.8438,HIGH,FAILED_TILE,,Other Industrial,Industrial Area / Zone,GENERAL_CONTEXT,116345.08096160118,0,0,0,Mining & Quarry,,121967.79261362516,50,Built-up,REAL_CDSE_SUCCESS,MISSING_PRODUCT,MISSING_POST,2024-11-10T05:00:31.024000Z,,SUCCESS,,0.1475082582387867,,,False,UNREVIEWED,,False,2026-09-06T17:19:14Z,phase_5_ml_handoff/final_model.joblib,5909bb546fc55aeffd37b7bb601e96718709fe685e987705b246bb2963279798,phase_4b_ground_truth_v1
FIRMS_TN_0079,79,2024-11-23,1925,2024-11-23T19:00,N,12.86026,79.90279,N20,VIIRS,n,1.17,305.01,290.01,15.0,0,1,1,1,0,1.17,0,-0.8571205305114137,Agricultural Burning,0.561,0.3025,0.1365,0.561,MEDIUM,FAILED_TILE,,Mining,Mining & Quarry,HIGHER_RELEVANCE,76410.7393297646,0,0,0,Mining & Quarry,,76410.7393297646,40,Cropland,CLOUD_REJECTED,MISSING_PRODUCT,MISSING_POST,2024-11-10T05:00:31.024000Z,,SUCCESS,,0.5345217931284036,,,False,UNREVIEWED,,False,2026-09-06T17:19:14Z,phase_5_ml_handoff/final_model.joblib,5909bb546fc55aeffd37b7bb601e96718709fe685e987705b246bb2963279798,phase_4b_ground_truth_v1
FIRMS_TN_0080,80,2024-11-24,813,2024-11-24T08:00,D,11.79451,77.72559,N20,VIIRS,n,2.14,328.6,280.78,47.82000000000005,1,1,1,1,0,2.14,0,0.6724811311871105,Agricultural Burning,0.7881,0.0667,0.1452,0.7881,HIGH,COVERED,,Mining,Mining & Quarry,HIGHER_RELEVANCE,4975.3106890549925,0,0,0,Mining & Quarry,,4975.3106890549925,40,Cropland,MISSING_PRODUCT,REAL_CDSE_SUCCESS,MISSING_PRE,,2024-11-28T05:10:59.024000Z,,SUCCESS,,0.562874233414443,,False,UNREVIEWED,,False,2026-09-06T17:19:14Z,phase_5_ml_handoff/final_model.joblib,5909bb546fc55aeffd37b7bb601e96718709fe685e987705b246bb2963279798,phase_4b_ground_truth_v1
FIRMS_TN_0081,81,2024-11-25,2029,2024-11-25T20:00,N,11.53918,79.05564,N20,VIIRS,n,0.7,304.73,281.42,23.31,0,1,1,1,0,0.7,0,-0.8752760398490799,Agricultural Burning,0.7415,0.1676,0.091,0.7415,MEDIUM,COVERED,Adari,Other Industrial,Substation & Electrical Infrastructure,CAUTION_LOWER_RELEVANCE,2042.5513706596105,0,0,0,Power Plant,,3727.5874756373937,40,Cropland,REAL_CDSE_SUCCESS,CLOUD_REJECTED,INSUFFICIENT_VALID_DATA,2024-11-10T05:00:31.024000Z,2024-12-08T05:11:19.024000Z,SUCCESS,SUCCESS,0.7545742849307661,0.5250815225846104,,False,UNREVIEWED,,False,2026-09-06T17:19:14Z,phase_5_ml_handoff/final_model.joblib,5909bb546fc55aeffd37b7bb601e96718709fe685e987705b246bb2963279798,phase_4b_ground_truth_v1
FIRMS_TN_0082,82,2024-12-02,1957,2024-12-02T19:00,N,13.39221,80.07728,N20,VIIRS,n,0.59,306.79,290.19,16.600000000000023,0,0,5,3,1,2.66,0,0.1798349643952013,Industrial Thermal Activity,0.3063,0.4643,0.2294,0.4643,LOW,FAILED_TILE,,Other Industrial,Industrial Area / Zone,GENERAL_CONTEXT,137133.7946247407,0,0,0,Mining & Quarry,,138320.5194656119,30,Grassland,MISSING_PRODUCT,MISSING_PRODUCT,INVALID_INPUT,,,,,,,,False,UNREVIEWED,,False,2026-09-06T17:19:14Z,phase_5_ml_handoff/final_model.joblib,5909bb546fc55aeffd37b7bb601e96718709fe685e987705b246bb2963279798,phase_4b_ground_truth_v1
FIRMS_TN_0083,83,2024-12-03,843,2024-12-03T08:00,D,9.03133,77.63218,N20,VIIRS,n,2.41,332.93,296.24,36.69,1,0,1,1,0,2.41,0,0.9532431148731882,Agricultural Burning,0.6577,0.0,0.3423,0.6577,MEDIUM,FAILED_TILE,,Power Plant,Power Plant,HIGHER_RELEVANCE,39986.89177422207,0,0,0,Power Plant,,39986.89177422207,40,Cropland,MISSING_PRODUCT,CLOUD_REJECTED,MISSING_PRE,,2024-12-08T05:11:19.024000Z,,SUCCESS,,0.630667239305231,,False,UNREVIEWED,,False,2026-09-06T17:19:14Z,phase_5_ml_handoff/final_model.joblib,5909bb546fc55aeffd37b7bb601e96718709fe685e987705b246bb2963279798,phase_4b_ground_truth_v1
FIRMS_TN_0084,84,2024-12-03,1938,2024-12-03T19:00,N,13.08149,79.97901,N20,VIIRS,n,3.09,315.32,275.63,39.69,0,0,10,7,1,14.08,0,1.7197755167283788,Industrial Thermal Activity,0.0786,0.7267,0.1947,0.7267,MEDIUM,FAILED_TILE,,Other Industrial,Industrial Area / Zone,GENERAL_CONTEXT,101912.7435308386,0,0,0,Mining & Quarry,,102223.02057091244,60,Bare/sparse vegetation,MISSING_PRODUCT,MISSING_PRODUCT,INVALID_INPUT,,,,,,,,False,UNREVIEWED,,False,2026-09-06T17:19:14Z,phase_5_ml_handoff/final_model.joblib,5909bb546fc55aeffd37b7bb601e96718709fe685e987705b246bb2963279798,phase_4b_ground_truth_v1
FIRMS_TN_0085,85,2024-12-03,1938,2024-12-03T19:00,N,13.08649,79.97971,N20,VIIRS,n,2.97,303.22,279.65,23.57000000000005,0,0,10,7,1,14.08,0,-0.7693732574837373,Industrial Thermal Activity,0.0895,0.8077,0.1028,0.8077,HIGH,FAILED_TILE,,Other Industrial,Industrial Area / Zone,GENERAL_CONTEXT,102470.9994534866,0,0,0,Mining & Quarry,,102781.36553545672,10,Tree cover,MISSING_PRODUCT,MISSING_PRODUCT,INVALID_INPUT,,,,,,,,False,UNREVIEWED,,False,2026-09-06T17:19:14Z,phase_5_ml_handoff/final_model.joblib,5909bb546fc55aeffd37b7bb601e96718709fe685e987705b246bb2963279798,phase_4b_ground_truth_v1
FIRMS_TN_0086,86,2024-12-04,1919,2024-12-04T19:00,N,13.1657,80.27771,N20,VIIRS,n,1.2,302.88,286.77,16.110000000000014,0,0,5,5,1,7.75,0,-0.5136559239203199,Industrial Thermal Activity,0.1632,0.776,0.0608,0.776,HIGH,FAILED_TILE,,Other Industrial,Industrial Area / Zone,GENERAL_CONTEXT,116861.58402325513,0,0,0,Mining & Quarry,,122435.03956083188,50,Built-up,MISSING_PRODUCT,MISSING_PRODUCT,INVALID_INPUT,,,,,,,,False,UNREVIEWED,,False,2026-09-06T17:19:14Z,phase_5_ml_handoff/final_model.joblib,5909bb546fc55aeffd37b7bb601e96718709fe685e987705b246bb2963279798,phase_4b_ground_truth_v1
FIRMS_TN_0087,87,2024-12-04,2059,2024-12-04T20:00,N,11.18143,79.0966,N20,VIIRS,n,1.08,300.15,283.25,16.899999999999977,0,0,20,10,1,18.59,0,-1.640777036068332,Industrial Thermal Activity,0.1361,0.8589,0.005,0.8589,HIGH,COVERED,,Other Industrial,Substation & Electrical Infrastructure,CAUTION_LOWER_RELEVANCE,297.6449673170429,1,1,1,Power Plant,,1040.8403744346022,40,Cropland,MISSING_PRODUCT,CLOUD_REJECTED,MISSING_PRE,,2024-12-08T05:11:19.024000Z,,SUCCESS,,0.5065768210966896,,False,UNREVIEWED,,False,2026-09-06T17:19:14Z,phase_5_ml_handoff/final_model.joblib,5909bb546fc55aeffd37b7bb601e96718709fe685e987705b246bb2963279798,phase_4b_ground_truth_v1
FIRMS_TN_0088,88,2024-12-04,2059,2024-12-04T20:00,N,11.81185,77.92299,N20,VIIRS,n,1.18,301.56,287.41,14.149999999999975,0,0,16,11,1,22.18,0,-0.740652068246065,Industrial Thermal Activity,0.0214,0.9786,0.0,0.9786,HIGH,COVERED,,Other Industrial,Substation & Electrical Infrastructure,CAUTION_LOWER_RELEVANCE,578.8710810693607,0,1,1,Steel / Metallurgy,JSW Steel Plant,597.9464194630436,50,Built-up,MISSING_PRODUCT,CLOUD_REJECTED,MISSING_PRE,,2024-12-08T05:11:19.024000Z,,SUCCESS,,0.3960786487724597,,False,UNREVIEWED,,False,2026-09-06T17:19:14Z,phase_5_ml_handoff/final_model.joblib,5909bb546fc55aeffd37b7bb601e96718709fe685e987705b246bb2963279798,phase_4b_ground_truth_v1
FIRMS_TN_0089,89,2024-12-04,2059,2024-12-04T20:00,N,10.93044,77.06243,N20,VIIRS,n,1.57,298.53,282.48,16.049999999999955,0,0,7,6,1,5.66,0,-1.5271638795001905,Industrial Thermal Activity,0.1906,0.7307,0.0787,0.7307,MEDIUM,FAILED_TILE,,Power Plant,Power Plant,HIGHER_RELEVANCE,20502.5717678656,0,0,0,Power Plant,,20502.5717678656,40,Cropland,MISSING_PRODUCT,CLOUD_REJECTED,MISSING_PRE,,2024-12-08T05:11:19.024000Z,,SUCCESS,,0.454754226587749,,False,UNREVIEWED,,False,2026-09-06T17:19:14Z,phase_5_ml_handoff/final_model.joblib,5909bb546fc55aeffd37b7bb601e96718709fe685e987705b246bb2963279798,phase_4b_ground_truth_v1
FIRMS_TN_0090,90,2024-12-05,805,2024-12-05T08:00,D,8.46327,78.09595,N20,VIIRS,n,4.51,335.56,298.98,36.579999999999984,1,0,1,1,0,4.51,0,1.1237752204377116,Natural / Wildfire / Other,0.4298,0.0164,0.5538,0.5538,MEDIUM,FAILED_TILE,,Power Plant,Power Plant,HIGHER_RELEVANCE,75968.60443986111,0,0,0,Power Plant,,75968.60443986111,20,Shrubland,REAL_CDSE_SUCCESS,REAL_CDSE_SUCCESS,SUCCESS,2024-12-03T05:12:01.024000Z,2024-12-08T05:11:19.024000Z,SUCCESS,SUCCESS,0.2755170670221311,0.2589473558992324,-0.0546823192370759,False,UNREVIEWED,,False,2026-09-06T17:19:14Z,phase_5_ml_handoff/final_model.joblib,5909bb546fc55aeffd37b7bb601e96718709fe685e987705b246bb2963279798,phase_4b_ground_truth_v1
FIRMS_TN_0091,91,2024-12-05,807,2024-12-05T08:00,D,9.78928,78.08914,N20,VIIRS,n,2.17,332.05,298.1,33.94999999999999,1,0,1,1,0,2.17,0,0.8961829426690894,Agricultural Burning,0.7694,0.0367,0.194,0.7694,HIGH,COVERED,,Mining,Mining & Quarry,HIGHER_RELEVANCE,1578.1053174993233,0,0,1,Mining & Quarry,,1578.1053174993233,30,Grassland,MISSING_PRODUCT,REAL_CDSE_SUCCESS,MISSING_PRE,,2024-12-18T05:11:29.024000Z,,SUCCESS,,0.5103096829696884,,True,VERIFIED,Agricultural Burning,True,2026-09-06T17:19:14Z,phase_5_ml_handoff/final_model.joblib,5909bb546fc55aeffd37b7bb601e96718709fe685e987705b246bb2963279798,phase_4b_ground_truth_v1
FIRMS_TN_0092,92,2024-12-05,2042,2024-12-05T20:00,N,11.81644,77.91484,N20,VIIRS,n,1.67,314.01,291.14,22.870000000000005,0,0,43,20,1,64.3,0,0.6477139887628267,Industrial Thermal Activity,0.0,1.0,0.0,1.0,HIGH,COVERED,JSW Steel Plant,Manufacturing,Steel / Metallurgy,HIGHER_RELEVANCE,425.5175289694269,1,1,1,Steel / Metallurgy,JSW Steel Plant,425.5175289694269,50,Built-up,MISSING_PRODUCT,CLOUD_REJECTED,MISSING_PRE,,2024-12-08T05:11:19.024000Z,,SUCCESS,,0.5348049848741332,,False,UNREVIEWED,,False,2026-09-06T17:19:14Z,phase_5_ml_handoff/final_model.joblib,5909bb546fc55aeffd37b7bb601e96718709fe685e987705b246bb2963279798,phase_4b_ground_truth_v1
FIRMS_TN_0093,93,2024-12-05,2042,2024-12-05T20:00,N,13.08348,79.98227,N20,VIIRS,n,7.89,338.59,291.76,46.829999999999984,0,0,11,5,1,15.69,1,2.880063659314537,Industrial Thermal Activity,0.3007,0.3972,0.3022,0.3972,LOW,FAILED_TILE,,Other Industrial,Industrial Area / Zone,GENERAL_CONTEXT,102146.54020147429,0,0,0,Mining & Quarry,,102520.93428053123,30,Grassland,MISSING_PRODUCT,MISSING_PRODUCT,INVALID_INPUT,,,,,,,,True,VERIFIED,Agricultural Burning,True,2026-09-06T17:19:14Z,phase_5_ml_handoff/final_model.joblib,5909bb546fc55aeffd37b7bb601e96718709fe685e987705b246bb2963279798,phase_4b_ground_truth_v1
FIRMS_TN_0094,94,2024-12-05,2042,2024-12-05T20:00,N,11.2042,77.56649,N20,VIIRS,n,0.98,311.38,290.66,20.71999999999997,0,0,15,8,1,15.08,0,0.465766300852068,Industrial Thermal Activity,0.05,0.9284,0.0216,0.9284,HIGH,COVERED,,Mining,Mining & Quarry,HIGHER_RELEVANCE,528.3272957877394,0,1,1,Mining & Quarry,,528.3272957877394,30,Grassland,MISSING_PRODUCT,CLOUD_REJECTED,MISSING_PRE,,2024-12-08T05:11:19.024000Z,,SUCCESS,,0.5478935762277107,,False,UNREVIEWED,,False,2026-09-06T17:19:14Z,phase_5_ml_handoff/final_model.joblib,5909bb546fc55aeffd37b7bb601e96718709fe685e987705b246bb2963279798,phase_4b_ground_truth_v1
FIRMS_TN_0095,95,2024-12-06,748,2024-12-06T07:00,D,11.30839,78.23434,N20,VIIRS,n,13.94,340.17,299.79,40.38,1,0,1,1,0,13.94,1,1.422692713461459,Agricultural Burning,0.7248,0.0067,0.2685,0.7248,MEDIUM,COVERED,Sendamangalam,Other Industrial,Substation & Electrical Infrastructure,CAUTION_LOWER_RELEVANCE,4162.416756934263,0,0,0,Power Plant,,12548.940136840443,40,Cropland,MISSING_PRODUCT,CLOUD_REJECTED,MISSING_PRE,,2024-12-08T05:11:19.024000Z,,SUCCESS,,0.5829071032402456,,False,UNREVIEWED,,False,2026-09-06T17:19:14Z,phase_5_ml_handoff/final_model.joblib,5909bb546fc55aeffd37b7bb601e96718709fe685e987705b246bb2963279798,phase_4b_ground_truth_v1
FIRMS_TN_0096,96,2024-12-06,748,2024-12-06T07:00,D,11.55684,78.93368,N20,VIIRS,n,3.68,334.28,297.82,36.45999999999998,1,0,1,1,0,3.68,0,1.0407786063226565,Agricultural Burning,0.8392,0.026,0.1348,0.8392,HIGH,COVERED,,Power Plant,Power Plant,HIGHER_RELEVANCE,4886.681073339836,0,0,0,Power Plant,,4886.681073339836,40,Cropland,MISSING_PRODUCT,CLOUD_REJECTED,MISSING_PRE,,2024-12-08T05:11:19.024000Z,,SUCCESS,,0.5397652099589786,,False,UNREVIEWED,,False,2026-09-06T17:19:14Z,phase_5_ml_handoff/final_model.joblib,5909bb546fc55aeffd37b7bb601e96718709fe685e987705b246bb2963279798,phase_4b_ground_truth_v1
FIRMS_TN_0097,97,2024-12-06,2023,2024-12-06T20:00,N,11.18291,79.10018,N20,VIIRS,n,0.66,304.45,281.86,22.58999999999997,0,0,8,5,1,8.73,0,-0.971492220622644,Industrial Thermal Activity,0.2194,0.7602,0.0203,0.7602,HIGH,COVERED,,Other Industrial,Substation & Electrical Infrastructure,CAUTION_LOWER_RELEVANCE,422.2231440177953,1,1,1,Power Plant,,621.5754888312435,50,Built-up,MISSING_PRODUCT,CLOUD_REJECTED,MISSING_PRE,,2024-12-08T05:11:19.024000Z,,SUCCESS,,0.4744334878972489,,False,UNREVIEWED,,False,2026-09-06T17:19:14Z,phase_5_ml_handoff/final_model.joblib,5909bb546fc55aeffd37b7bb601e96718709fe685e987705b246bb2963279798,phase_4b_ground_truth_v1
FIRMS_TN_0098,98,2024-12-06,2023,2024-12-06T20:00,N,11.8087,77.92446,N20,VIIRS,n,1.04,305.36,293.0,12.360000000000014,0,0,21,10,1,32.72,0,-0.2931997747975205,Industrial Thermal Activity,0.0451,0.9549,0.0,0.9549,HIGH,COVERED,,Other Industrial,Substation & Electrical Infrastructure,CAUTION_LOWER_RELEVANCE,264.94843807385547,1,1,1,Steel / Metallurgy,JSW Steel Plant,936.9737556373792,50,Built-up,MISSING_PRODUCT,CLOUD_REJECTED,MISSING_PRE,,2024-12-08T05:11:19.024000Z,,SUCCESS,,0.4770106733097936,,False,UNREVIEWED,,False,2026-09-06T17:19:14Z,phase_5_ml_handoff/final_model.joblib,5909bb546fc55aeffd37b7bb601e96718709fe685e987705b246bb2963279798,phase_4b_ground_truth_v1
FIRMS_TN_0099,99,2024-12-06,2023,2024-12-06T20:00,N,11.80927,77.92089,N20,VIIRS,n,1.0,305.07,292.28,12.79000000000002,0,0,21,10,1,32.72,0,-0.3268013297188046,Industrial Thermal Activity,0.0351,0.9649,0.0,0.9649,HIGH,COVERED,,Other Industrial,Substation & Electrical Infrastructure,CAUTION_LOWER_RELEVANCE,386.4031797005644,1,1,1,Steel / Metallurgy,JSW Steel Plant,649.6130041948048,50,Built-up,MISSING_PRODUCT,CLOUD_REJECTED,MISSING_PRE,,2024-12-08T05:11:19.024000Z,,SUCCESS,,0.3613635747380407,,False,UNREVIEWED,,False,2026-09-06T17:19:14Z,phase_5_ml_handoff/final_model.joblib,5909bb546fc55aeffd37b7bb601e96718709fe685e987705b246bb2963279798,phase_4b_ground_truth_v1
FIRMS_TN_0100,100,2024-12-06,2023,2024-12-06T20:00,N,11.81649,77.91842,N20,VIIRS,n,1.29,315.16,289.77,25.390000000000043,0,0,43,20,1,64.3,0,0.7945236176958741,Industrial Thermal Activity,0.0114,0.9786,0.01,0.9786,HIGH,COVERED,,Other Industrial,Substation & Electrical Infrastructure,CAUTION_LOWER_RELEVANCE,122.0163267572707,1,1,1,Steel / Metallurgy,JSW Steel Plant,224.12330037262927,50,Built-up,MISSING_PRODUCT,CLOUD_REJECTED,MISSING_PRE,,2024-12-08T05:11:19.024000Z,,SUCCESS,,0.5614743051444494,,False,UNREVIEWED,,False,2026-09-06T17:19:14Z,phase_5_ml_handoff/final_model.joblib,5909bb546fc55aeffd37b7bb601e96718709fe685e987705b246bb2963279798,phase_4b_ground_truth_v1
FIRMS_TN_0101,101,2024-12-06,2023,2024-12-06T20:00,N,13.16047,80.28578,N20,VIIRS,n,2.07,309.56,292.99,16.569999999999993,0,0,23,13,1,29.58,0,0.9594120987191772,Industrial Thermal Activity,0.0138,0.9601,0.0261,0.9601,HIGH,FAILED_TILE,,Other Industrial,Industrial Area / Zone,GENERAL_CONTEXT,116581.43621366248,0,0,0,Mining & Quarry,,122324.86247736007,50,Built-up,MISSING_PRODUCT,MISSING_PRODUCT,INVALID_INPUT,,,,,,,,False,UNREVIEWED,,False,2026-09-06T17:19:14Z,phase_5_ml_handoff/final_model.joblib,5909bb546fc55aeffd37b7bb601e96718709fe685e987705b246bb2963279798,phase_4b_ground_truth_v1
FIRMS_TN_0102,102,2024-12-06,2025,2024-12-06T20:00,N,10.92305,77.06053,N20,VIIRS,n,0.37,302.27,290.32,11.949999999999989,0,0,11,7,1,6.7,0,-0.1254398131933186,Industrial Thermal Activity,0.3418,0.5807,0.0775,0.5807,MEDIUM,FAILED_TILE,,Power Plant,Power Plant,HIGHER_RELEVANCE,20710.23504823216,0,0,0,Power Plant,,20710.23504823216,10,Tree cover,MISSING_PRODUCT,CLOUD_REJECTED,MISSING_PRE,,2024-12-08T05:11:19.024000Z,,SUCCESS,,0.4341388455702845,,False,UNREVIEWED,,False,2026-09-06T17:19:14Z,phase_5_ml_handoff/final_model.joblib,5909bb546fc55aeffd37b7bb601e96718709fe685e987705b246bb2963279798,phase_4b_ground_truth_v1
FIRMS_TN_0103,103,2024-12-07,730,2024-12-07T07:00,D,9.69524,78.25095,N20,VIIRS,n,2.53,330.05,295.34,34.71000000000004,1,0,1,1,0,2.53,0,0.7665007331143185,Agricultural Burning,0.6849,0.01,0.3051,0.6849,MEDIUM,COVERED,,Power Plant,Power Plant,HIGHER_RELEVANCE,4800.126337595339,0,0,0,Power Plant,,4800.126337595339,30,Grassland,MISSING_PRODUCT,REAL_CDSE_SUCCESS,MISSING_PRE,,2024-12-18T05:11:29.024000Z,,SUCCESS,,0.3237353797726413,,False,UNREVIEWED,,False,2026-09-06T17:19:14Z,phase_5_ml_handoff/final_model.joblib,5909bb546fc55aeffd37b7bb601e96718709fe685e987705b246bb2963279798,phase_4b_ground_truth_v1
FIRMS_TN_0104,104,2024-12-07,730,2024-12-07T07:00,D,11.41806,77.40839,N20,VIIRS,n,2.7,330.35,290.46,39.89000000000004,1,0,1,1,0,2.7,0,0.7859530645475349,Agricultural Burning,0.6823,0.036,0.2817,0.6823,MEDIUM,COVERED,,Other Industrial,Substation & Electrical Infrastructure,CAUTION_LOWER_RELEVANCE,1887.841541042334,0,0,1,Manufacturing & Industrial Works,Coirmedia,8110.741316425698,40,Cropland,MISSING_PRODUCT,CLOUD_REJECTED,MISSING_PRE,,2024-12-08T05:11:19.024000Z,,SUCCESS,,0.5310612331173202,,False,UNREVIEWED,,False,2026-09-06T17:19:14Z,phase_5_ml_handoff/final_model.joblib,5909bb546fc55aeffd37b7bb601e96718709fe685e987705b246bb2963279798,phase_4b_ground_truth_v1
FIRMS_TN_0105,105,2024-12-07,2004,2024-12-07T20:00,N,10.9318,77.06347,N20,VIIRS,n,1.32,300.96,290.39,10.569999999999991,0,0,7,6,1,5.66,0,-0.6715295715193489,Industrial Thermal Activity,0.1429,0.7857,0.0714,0.7857,HIGH,FAILED_TILE,,Power Plant,Power Plant,HIGHER_RELEVANCE,20390.149124228887,0,0,0,Power Plant,,20390.149124228887,30,Grassland,MISSING_PRODUCT,CLOUD_REJECTED,MISSING_PRE,,2024-12-08T05:11:19.024000Z,,SUCCESS,,0.5149695942956077,,False,UNREVIEWED,,False,2026-09-06T17:19:14Z,phase_5_ml_handoff/final_model.joblib,5909bb546fc55aeffd37b7bb601e96718709fe685e987705b246bb2963279798,phase_4b_ground_truth_v1
FIRMS_TN_0106,106,2024-12-07,2004,2024-12-07T20:00,N,11.81816,77.91727,N20,VIIRS,n,1.06,305.01,291.78,13.230000000000018,0,0,43,20,1,64.3,0,-0.5012309333218575,Industrial Thermal Activity,0.0251,0.9749,0.0,0.9749,HIGH,COVERED,,Other Industrial,Substation & Electrical Infrastructure,CAUTION_LOWER_RELEVANCE,280.419549621998,1,1,1,Steel / Metallurgy,JSW Steel Plant,420.9410904160165,50,Built-up,MISSING_PRODUCT,CLOUD_REJECTED,MISSING_PRE,,2024-12-08T05:11:19.024000Z,,SUCCESS,,0.5725509154751011,,False,UNREVIEWED,,False,2026-09-06T17:19:14Z,phase_5_ml_handoff/final_model.joblib,5909bb546fc55aeffd37b7bb601e96718709fe685e987705b246bb2963279798,phase_4b_ground_truth_v1
FIRMS_TN_0107,107,2024-12-07,2004,2024-12-07T20:00,N,12.85547,79.90582,N20,VIIRS,n,0.96,308.12,289.52,18.600000000000023,0,0,14,3,1,25.28,0,-0.5829654085780513,Industrial Thermal Activity,0.3219,0.3989,0.2792,0.3989,LOW,FAILED_TILE,,Mining,Mining & Quarry,HIGHER_RELEVANCE,75957.3075554979,0,0,0,Mining & Quarry,,75957.3075554979,40,Cropland,MISSING_PRODUCT,MISSING_PRODUCT,INVALID_INPUT,,,,,,,,False,UNREVIEWED,,False,2026-09-06T17:19:14Z,phase_5_ml_handoff/final_model.joblib,5909bb546fc55aeffd37b7bb601e96718709fe685e987705b246bb2963279798,phase_4b_ground_truth_v1
FIRMS_TN_0108,108,2024-12-07,2004,2024-12-07T20:00,N,12.96963,79.91547,N20,VIIRS,n,0.51,305.64,293.62,12.019999999999982,0,0,5,2,0,3.61,0,-0.1817346737242531,Agricultural Burning,0.4958,0.2682,0.236,0.4958,LOW,FAILED_TILE,,Mining,Mining & Quarry,HIGHER_RELEVANCE,88604.52842162742,0,0,0,Mining & Quarry,,88604.52842162742,30,Grassland,MISSING_PRODUCT,MISSING_PRODUCT,INVALID_INPUT,,,,,,,,False,UNREVIEWED,,False,2026-09-06T17:19:14Z,phase_5_ml_handoff/final_model.joblib,5909bb546fc55aeffd37b7bb601e96718709fe685e987705b246bb2963279798,phase_4b_ground_truth_v1
FIRMS_TN_0109,109,2024-12-07,2004,2024-12-07T20:00,N,13.15946,80.28299,N20,VIIRS,n,2.59,320.44,290.65,29.79000000000002,0,0,15,10,1,31.96,0,2.286481341656773,Industrial Thermal Activity,0.0565,0.8284,0.1151,0.8284,HIGH,FAILED_TILE,,Other Industrial,Industrial Area / Zone,GENERAL_CONTEXT,116379.72267378333,0,0,0,Mining & Quarry,,122084.57030051778,50,Built-up,MISSING_PRODUCT,MISSING_PRODUCT,INVALID_INPUT,,,,,,,,False,UNREVIEWED,,False,2026-09-06T17:19:14Z,phase_5_ml_handoff/final_model.joblib,5909bb546fc55aeffd37b7bb601e96718709fe685e987705b246bb2963279798,phase_4b_ground_truth_v1
FIRMS_TN_0110,110,2024-12-07,2004,2024-12-07T20:00,N,13.4469,80.09521,N20,VIIRS,n,0.84,308.77,291.18,17.589999999999975,0,0,6,3,1,4.3,0,1.447577292780003,Industrial Thermal Activity,0.1471,0.6354,0.2174,0.6354,MEDIUM,FAILED_TILE,,Other Industrial,Industrial Area / Zone,GENERAL_CONTEXT,143388.76867026856,0,0,0,Mining & Quarry,,144693.77167326846,20,Shrubland,MISSING_PRODUCT,MISSING_PRODUCT,INVALID_INPUT,,,,,,,,False,UNREVIEWED,,False,2026-09-06T17:19:14Z,phase_5_ml_handoff/final_model.joblib,5909bb546fc55aeffd37b7bb601e96718709fe685e987705b246bb2963279798,phase_4b_ground_truth_v1
FIRMS_TN_0111,111,2024-12-08,1944,2024-12-08T19:00,N,12.70293,77.96101,N20,VIIRS,n,0.41,302.2,288.83,13.370000000000005,0,0,1,1,0,0.41,0,-1.0393240349358668,Agricultural Burning,0.6199,0.1569,0.2232,0.6199,MEDIUM,FAILED_TILE,Palavadi,Other Industrial,Substation & Electrical Infrastructure,CAUTION_LOWER_RELEVANCE,60789.473123297605,0,0,0,"Oil, Gas & Chemical",HPCL Dharmapuri Terminal,76978.81900900697,30,Grassland,MISSING_PRODUCT,CLOUD_REJECTED,MISSING_PRE,,2024-12-23T05:12:31.024000Z,,SUCCESS,,0.4266734144432813,,False,UNREVIEWED,,False,2026-09-06T17:19:14Z,phase_5_ml_handoff/final_model.joblib,5909bb546fc55aeffd37b7bb601e96718709fe685e987705b246bb2963279798,phase_4b_ground_truth_v1
FIRMS_TN_0112,112,2024-12-08,1946,2024-12-08T19:00,N,11.17625,79.08495,N20,VIIRS,n,1.05,303.1,291.37,11.730000000000018,0,0,3,1,0,2.13,0,-0.9809670406362178,Agricultural Burning,0.5136,0.3023,0.1841,0.5136,MEDIUM,COVERED,,Other Industrial,Industrial Area / Zone,GENERAL_CONTEXT,1056.7053178358874,0,0,1,Power Plant,,2433.9176301915354,10,Tree cover,MISSING_PRODUCT,CLOUD_REJECTED,MISSING_PRE,,2024-12-23T05:12:31.024000Z,,SUCCESS,,0.5701773826425034,,False,UNREVIEWED,,False,2026-09-06T17:19:14Z,phase_5_ml_handoff/final_model.joblib,5909bb546fc55aeffd37b7bb601e96718709fe685e987705b246bb2963279798,phase_4b_ground_truth_v1
FIRMS_TN_0113,113,2024-12-09,832,2024-12-09T08:00,D,9.76998,77.95444,N20,VIIRS,n,3.26,332.5,294.85,37.64999999999998,1,0,2,1,0,5.13,0,0.9253614398189122,Agricultural Burning,0.7812,0.0273,0.1914,0.7812,HIGH,COVERED,,Mining,Mining & Quarry,HIGHER_RELEVANCE,2546.4905913065563,0,0,0,Mining & Quarry,,2546.4905913065563,20,Shrubland,MISSING_PRODUCT,CLOUD_REJECTED,MISSING_PRE,,2024-12-18T05:11:29.024000Z,,SUCCESS,,0.504788326408617,,True,VERIFIED,Agricultural Burning,True,2026-09-06T17:19:14Z,phase_5_ml_handoff/final_model.joblib,5909bb546fc55aeffd37b7bb601e96718709fe685e987705b246bb2963279798,phase_4b_ground_truth_v1
FIRMS_TN_0114,114,2024-12-09,1925,2024-12-09T19:00,N,13.08267,79.97949,N20,VIIRS,n,0.53,301.59,287.87,13.71999999999997,0,0,10,7,1,14.08,0,-1.1046883402908358,Industrial Thermal Activity,0.2807,0.681,0.0383,0.681,MEDIUM,FAILED_TILE,,Other Industrial,Industrial Area / Zone,GENERAL_CONTEXT,102045.6640570061,0,0,0,Mining & Quarry,,102362.73723347648,60,Bare/sparse vegetation,MISSING_PRODUCT,MISSING_PRODUCT,INVALID_INPUT,,,,,,,,False,UNREVIEWED,,False,2026-09-06T17:19:14Z,phase_5_ml_handoff/final_model.joblib,5909bb546fc55aeffd37b7bb601e96718709fe685e987705b246bb2963279798,phase_4b_ground_truth_v1
FIRMS_TN_0115,115,2024-12-09,1925,2024-12-09T19:00,N,13.15994,80.28136,N20,VIIRS,n,1.1,310.49,285.55,24.94,0,0,15,10,1,31.96,0,0.4497895211924388,Industrial Thermal Activity,0.0423,0.9293,0.0283,0.9293,HIGH,FAILED_TILE,,Other Industrial,Industrial Area / Zone,GENERAL_CONTEXT,116375.15623941532,0,0,0,Mining & Quarry,,122049.71753061075,50,Built-up,MISSING_PRODUCT,MISSING_PRODUCT,INVALID_INPUT,,,,,,,,False,UNREVIEWED,,False,2026-09-06T17:19:14Z,phase_5_ml_handoff/final_model.joblib,5909bb546fc55aeffd37b7bb601e96718709fe685e987705b246bb2963279798,phase_4b_ground_truth_v1
FIRMS_TN_0116,116,2024-12-09,1925,2024-12-09T19:00,N,13.16152,80.27855,N20,VIIRS,n,2.19,306.73,285.68,21.05000000000001,0,0,5,5,1,7.75,0,0.848310541019932,Industrial Thermal Activity,0.0726,0.8388,0.0886,0.8388,HIGH,FAILED_TILE,,Other Industrial,Industrial Area / Zone,GENERAL_CONTEXT,116447.53655120802,0,0,0,Mining & Quarry,,122064.47365567314,50,Built-up,MISSING_PRODUCT,MISSING_PRODUCT,INVALID_INPUT,,,,,,,,False,UNREVIEWED,,False,2026-09-06T17:19:14Z,phase_5_ml_handoff/final_model.joblib,5909bb546fc55aeffd37b7bb601e96718709fe685e987705b246bb2963279798,phase_4b_ground_truth_v1
FIRMS_TN_0117,117,2024-12-09,1925,2024-12-09T19:00,N,13.0032,79.90566,N20,VIIRS,n,0.48,303.25,287.22,16.029999999999973,0,0,2,2,0,1.31,0,-0.9712408749196114,Agricultural Burning,0.6316,0.1512,0.2172,0.6316,MEDIUM,FAILED_TILE,,Mining,Mining & Quarry,HIGHER_RELEVANCE,92082.35557187992,0,0,0,Mining & Quarry,,92082.35557187992,10,Tree cover,MISSING_PRODUCT,MISSING_PRODUCT,INVALID_INPUT,,,,,,,,False,UNREVIEWED,,False,2026-09-06T17:19:14Z,phase_5_ml_handoff/final_model.joblib,5909bb546fc55aeffd37b7bb601e96718709fe685e987705b246bb2963279798,phase_4b_ground_truth_v1
FIRMS_TN_0118,118,2024-12-09,2105,2024-12-09T21:00,N,13.16194,80.28547,N20,VIIRS,n,2.19,301.16,284.89,16.27000000000004,0,0,23,13,1,29.58,0,-1.515333127883543,Industrial Thermal Activity,0.0107,0.971,0.0183,0.971,HIGH,FAILED_TILE,,Other Industrial,Industrial Area / Zone,GENERAL_CONTEXT,116725.94900066884,0,0,0,Mining & Quarry,,122453.72220377914,10,Tree cover,MISSING_PRODUCT,MISSING_PRODUCT,INVALID_INPUT,,,,,,,,True,VERIFIED,Industrial Fire,True,2026-09-06T17:19:14Z,phase_5_ml_handoff/final_model.joblib,5909bb546fc55aeffd37b7bb601e96718709fe685e987705b246bb2963279798,phase_4b_ground_truth_v1
FIRMS_TN_0119,119,2024-12-10,813,2024-12-10T08:00,D,11.5004,77.66466,N20,VIIRS,n,1.56,330.01,299.13,30.879999999999995,1,0,1,1,0,1.56,0,0.7639070889232218,Agricultural Burning,0.71,0.04,0.25,0.71,MEDIUM,COVERED,Urachikottai,Other Industrial,Substation & Electrical Infrastructure,CAUTION_LOWER_RELEVANCE,4232.871152767903,0,0,0,Power Plant,Lower Mettur Barrage IV Power House,4366.459887765401,40,Cropland,REAL_CDSE_SUCCESS,REAL_CDSE_SUCCESS,SUCCESS,2024-12-08T05:11:19.024000Z,2024-12-18T05:11:29.024000Z,SUCCESS,SUCCESS,0.6028557406426076,0.6223358779595975,-0.0006467735803819,False,UNREVIEWED,,False,2026-09-06T17:19:14Z,phase_5_ml_handoff/final_model.joblib,5909bb546fc55aeffd37b7bb601e96718709fe685e987705b246bb2963279798,phase_4b_ground_truth_v1
FIRMS_TN_0120,120,2024-12-10,813,2024-12-10T08:00,D,10.2006,77.91628,N20,VIIRS,n,2.99,332.12,294.92,37.19999999999999,1,0,1,1,0,2.99,0,0.900721820003506,Natural / Wildfire / Other,0.2535,0.0107,0.7359,0.7359,MEDIUM,COVERED,,Other Industrial,Industrial Area / Zone,GENERAL_CONTEXT,6828.526297833246,0,0,0,Mining & Quarry,,11574.077583416964,20,Shrubland,REAL_CDSE_SUCCESS,REAL_CDSE_SUCCESS,SUCCESS,2024-12-08T05:11:19.024000Z,2024-12-18T05:11:29.024000Z,SUCCESS,SUCCESS,0.6114423494938012,0.5797818991624314,-0.0412274613648497,False,UNREVIEWED,,False,2026-09-06T17:19:14Z,phase_5_ml_handoff/final_model.joblib,5909bb546fc55aeffd37b7bb601e96718709fe685e987705b246bb2963279798,phase_4b_ground_truth_v1
FIRMS_TN_0121,121,2024-12-10,813,2024-12-10T08:00,D,10.07669,77.4958,N20,VIIRS,n,12.14,343.83,299.02,44.81,1,0,1,1,0,12.14,1,1.660011156946688,Agricultural Burning,0.8152,0.0167,0.1682,0.8152,HIGH,COVERED,Madurapuri,Other Industrial,Substation & Electrical Infrastructure,CAUTION_LOWER_RELEVANCE,2515.7595977111414,0,0,0,Mining & Quarry,,8103.370829435027,40,Cropland,REAL_CDSE_SUCCESS,REAL_CDSE_SUCCESS,SUCCESS,2024-12-08T05:11:19.024000Z,2024-12-18T05:11:29.024000Z,SUCCESS,SUCCESS,0.7082151379935372,0.6529276773999918,-0.0072801429241369,True,VERIFIED,Agricultural Burning,True,2026-09-06T17:19:14Z,phase_5_ml_handoff/final_model.joblib,5909bb546fc55aeffd37b7bb601e96718709fe685e987705b246bb2963279798,phase_4b_ground_truth_v1
FIRMS_TN_0122,122,2024-12-10,813,2024-12-10T08:00,D,9.84554,78.02377,N20,VIIRS,n,6.79,339.41,297.28,42.13000000000005,1,0,2,1,0,9.7,0,1.373413473830647,Agricultural Burning,0.863,0.0687,0.0683,0.863,HIGH,COVERED,,Other Industrial,Industrial Area / Zone,GENERAL_CONTEXT,898.1800863695421,0,1,1,Manufacturing & Industrial Works,,2097.0991164475668,40,Cropland,MISSING_PRODUCT,REAL_CDSE_SUCCESS,MISSING_PRE,,2024-12-18T05:11:29.024000Z,,SUCCESS,,0.5529761949688098,,True,VERIFIED,Agricultural Burning,True,2026-09-06T17:19:14Z,phase_5_ml_handoff/final_model.joblib,5909bb546fc55aeffd37b7bb601e96718709fe685e987705b246bb2963279798,phase_4b_ground_truth_v1
FIRMS_TN_0123,123,2024-12-10,813,2024-12-10T08:00,D,9.67397,77.88118,N20,VIIRS,n,3.0,336.45,296.73,39.71999999999997,1,0,1,1,0,3.0,0,1.1814838036895838,Agricultural Burning,0.8174,0.1167,0.066,0.8174,HIGH,COVERED,ROPE Enterprises Pvt Ltd,Industrial Works,Manufacturing & Industrial Works,HIGHER_RELEVANCE,1724.224255915977,0,0,1,Manufacturing & Industrial Works,ROPE Enterprises Pvt Ltd,1724.224255915977,10,Tree cover,MISSING_PRODUCT,CLOUD_REJECTED,MISSING_PRE,,2024-12-18T05:11:29.024000Z,,SUCCESS,,0.5120528365903327,,True,VERIFIED,Agricultural Burning,True,2026-09-06T17:19:14Z,phase_5_ml_handoff/final_model.joblib,5909bb546fc55aeffd37b7bb601e96718709fe685e987705b246bb2963279798,phase_4b_ground_truth_v1
FIRMS_TN_0124,124,2024-12-10,2048,2024-12-10T20:00,N,11.81672,77.91647,N20,VIIRS,n,1.76,309.14,290.04,19.09999999999997,0,0,43,20,1,64.3,0,0.0260071253681136,Industrial Thermal Activity,0.0,1.0,0.0,1.0,HIGH,COVERED,JSW Steel Plant,Manufacturing,Steel / Metallurgy,HIGHER_RELEVANCE,311.81616961377847,1,1,1,Steel / Metallurgy,JSW Steel Plant,311.81616961377847,50,Built-up,CLOUD_REJECTED,CLOUD_REJECTED,MISSING_POST,2024-12-08T05:11:19.024000Z,2024-12-23T05:12:31.024000Z,SUCCESS,ALL_PIXELS_MASKED,0.5585536357577521,,,False,UNREVIEWED,,False,2026-09-06T17:19:14Z,phase_5_ml_handoff/final_model.joblib,5909bb546fc55aeffd37b7bb601e96718709fe685e987705b246bb2963279798,phase_4b_ground_truth_v1
FIRMS_TN_0125,125,2024-12-10,2048,2024-12-10T20:00,N,12.65014,77.90301,N20,VIIRS,n,2.34,315.05,287.51,27.54000000000002,0,0,4,3,1,4.51,0,-0.2061158385464627,Industrial Thermal Activity,0.2851,0.3698,0.3451,0.3698,LOW,FAILED_TILE,Palavadi,Other Industrial,Substation & Electrical Infrastructure,CAUTION_LOWER_RELEVANCE,56566.18107564154,0,0,0,"Oil, Gas & Chemical",HPCL Dharmapuri Terminal,72994.76093882773,30,Grassland,REAL_CDSE_SUCCESS,CLOUD_REJECTED,MISSING_POST,2024-12-08T05:11:19.024000Z,2024-12-23T05:12:31.024000Z,SUCCESS,ALL_PIXELS_MASKED,0.6937665071472258,,,False,UNREVIEWED,,False,2026-09-06T17:19:14Z,phase_5_ml_handoff/final_model.joblib,5909bb546fc55aeffd37b7bb601e96718709fe685e987705b246bb2963279798,phase_4b_ground_truth_v1
FIRMS_TN_0126,126,2024-12-13,1951,2024-12-13T19:00,N,13.06451,80.18615,N20,VIIRS,n,0.59,299.81,287.68,12.129999999999995,0,0,7,6,1,5.2,0,-1.6941398044123162,Industrial Thermal Activity,0.289,0.6777,0.0333,0.6777,MEDIUM,FAILED_TILE,,Other Industrial,Industrial Area / Zone,GENERAL_CONTEXT,103279.14593594168,0,0,0,Mining & Quarry,,107945.78480645068,50,Built-up,MISSING_PRODUCT,MISSING_PRODUCT,INVALID_INPUT,,,,,,,,False,UNREVIEWED,,False,2026-09-06T17:19:14Z,phase_5_ml_handoff/final_model.joblib,5909bb546fc55aeffd37b7bb601e96718709fe685e987705b246bb2963279798,phase_4b_ground_truth_v1
FIRMS_TN_0127,127,2024-12-13,1951,2024-12-13T19:00,N,13.16292,80.28403,N20,VIIRS,n,0.8,306.34,291.65,14.689999999999998,0,0,23,13,1,29.58,0,0.0107597618547905,Industrial Thermal Activity,0.1543,0.8173,0.0283,0.8173,HIGH,FAILED_TILE,,Other Industrial,Industrial Area / Zone,GENERAL_CONTEXT,116780.35948455097,0,0,0,Mining & Quarry,,122477.49110949352,10,Tree cover,MISSING_PRODUCT,MISSING_PRODUCT,INVALID_INPUT,,,,,,,,False,UNREVIEWED,,False,2026-09-06T17:19:14Z,phase_5_ml_handoff/final_model.joblib,5909bb546fc55aeffd37b7bb601e96718709fe685e987705b246bb2963279798,phase_4b_ground_truth_v1
FIRMS_TN_0128,128,2024-12-13,1951,2024-12-13T19:00,N,13.16121,80.28536,N20,VIIRS,n,1.63,306.24,291.2,15.04000000000002,0,0,23,13,1,29.58,0,-0.0187014908428509,Industrial Thermal Activity,0.0107,0.971,0.0183,0.971,HIGH,FAILED_TILE,,Other Industrial,Industrial Area / Zone,GENERAL_CONTEXT,116645.16158511248,0,0,0,Mining & Quarry,,122376.3749454718,50,Built-up,MISSING_PRODUCT,MISSING_PRODUCT,INVALID_INPUT,,,,,,,,False,UNREVIEWED,,False,2026-09-06T17:19:14Z,phase_5_ml_handoff/final_model.joblib,5909bb546fc55aeffd37b7bb601e96718709fe685e987705b246bb2963279798,phase_4b_ground_truth_v1
FIRMS_TN_0129,129,2024-12-13,1951,2024-12-13T19:00,N,13.39247,80.09898,N20,VIIRS,n,0.25,301.98,288.82,13.160000000000023,0,0,4,2,0,2.53,0,-1.0535890779868895,Agricultural Burning,0.6718,0.1683,0.1598,0.6718,MEDIUM,FAILED_TILE,,Other Industrial,Industrial Area / Zone,GENERAL_CONTEXT,137424.881251842,0,0,0,Mining & Quarry,,138952.79278512415,40,Cropland,MISSING_PRODUCT,MISSING_PRODUCT,INVALID_INPUT,,,,,,,,False,UNREVIEWED,,False,2026-09-06T17:19:14Z,phase_5_ml_handoff/final_model.joblib,5909bb546fc55aeffd37b7bb601e96718709fe685e987705b246bb2963279798,phase_4b_ground_truth_v1
FIRMS_TN_0130,130,2024-12-14,1932,2024-12-14T19:00,N,13.16315,80.27982,N20,VIIRS,n,1.31,304.87,292.17,12.699999999999989,0,0,5,5,1,7.75,0,0.1903215475682769,Industrial Thermal Activity,0.1352,0.804,0.0608,0.804,HIGH,FAILED_TILE,,Other Industrial,Industrial Area / Zone,GENERAL_CONTEXT,116662.46894157148,0,0,0,Mining & Quarry,,122288.7518384551,50,Built-up,MISSING_PRODUCT,MISSING_PRODUCT,INVALID_INPUT,,,,,,,,False,UNREVIEWED,,False,2026-09-06T17:19:14Z,phase_5_ml_handoff/final_model.joblib,5909bb546fc55aeffd37b7bb601e96718709fe685e987705b246bb2963279798,phase_4b_ground_truth_v1
FIRMS_TN_0131,131,2024-12-14,1932,2024-12-14T19:00,N,13.16219,80.28056,N20,VIIRS,n,0.92,304.72,292.0,12.720000000000027,0,0,23,13,1,29.58,0,-0.4665125318471485,Industrial Thermal Activity,0.0543,0.9273,0.0183,0.9273,HIGH,FAILED_TILE,,Other Industrial,Industrial Area / Zone,GENERAL_CONTEXT,116585.8848470674,0,0,0,Mining & Quarry,,122231.18988349749,50,Built-up,MISSING_PRODUCT,MISSING_PRODUCT,INVALID_INPUT,,,,,,,,False,UNREVIEWED,,False,2026-09-06T17:19:14Z,phase_5_ml_handoff/final_model.joblib,5909bb546fc55aeffd37b7bb601e96718709fe685e987705b246bb2963279798,phase_4b_ground_truth_v1
FIRMS_TN_0132,132,2024-12-14,1932,2024-12-14T19:00,N,12.62623,77.90338,N20,VIIRS,n,1.72,312.78,286.16,26.619999999999948,0,0,1,1,0,1.72,0,-0.3533051463911301,Agricultural Burning,0.5122,0.1913,0.2965,0.5122,MEDIUM,FAILED_TILE,Palavadi,Other Industrial,Substation & Electrical Infrastructure,CAUTION_LOWER_RELEVANCE,54021.87255275186,0,0,0,"Oil, Gas & Chemical",HPCL Dharmapuri Terminal,70463.79431108129,40,Cropland,REAL_CDSE_SUCCESS,CLOUD_REJECTED,INSUFFICIENT_VALID_DATA,2024-12-08T05:11:19.024000Z,2024-12-23T05:12:31.024000Z,SUCCESS,SUCCESS,0.5483591088568476,0.33534972996407,,False,UNREVIEWED,,False,2026-09-06T17:19:14Z,phase_5_ml_handoff/final_model.joblib,5909bb546fc55aeffd37b7bb601e96718709fe685e987705b246bb2963279798,phase_4b_ground_truth_v1
FIRMS_TN_0133,133,2024-12-14,2114,2024-12-14T21:00,N,11.20735,77.56242,N20,VIIRS,n,0.72,298.91,288.66,10.25,0,0,15,8,1,15.08,0,-1.2766654306355243,Industrial Thermal Activity,0.2883,0.6872,0.0244,0.6872,MEDIUM,COVERED,,Mining,Mining & Quarry,HIGHER_RELEVANCE,1020.7402969136716,0,0,1,Mining & Quarry,,1020.7402969136716,40,Cropland,CLOUD_REJECTED,CLOUD_REJECTED,INSUFFICIENT_VALID_DATA,2024-12-08T05:11:19.024000Z,2024-12-18T05:11:29.024000Z,SUCCESS,SUCCESS,0.5451728969459254,0.5718783612037943,,False,UNREVIEWED,,False,2026-09-06T17:19:14Z,phase_5_ml_handoff/final_model.joblib,5909bb546fc55aeffd37b7bb601e96718709fe685e987705b246bb2963279798,phase_4b_ground_truth_v1
FIRMS_TN_0134,134,2024-12-15,820,2024-12-15T08:00,D,11.80848,77.92314,N20,VIIRS,n,3.13,328.29,299.57,28.720000000000027,1,0,21,10,1,32.72,1,2.3636404125989934,Industrial Thermal Activity,0.149,0.6923,0.1587,0.6923,MEDIUM,COVERED,,Other Industrial,Substation & Electrical Infrastructure,CAUTION_LOWER_RELEVANCE,203.78870129137096,1,1,1,Steel / Metallurgy,JSW Steel Plant,857.2652816835454,30,Grassland,CLOUD_REJECTED,CLOUD_REJECTED,MISSING_POST,2024-12-08T05:11:19.024000Z,2024-12-23T05:12:31.024000Z,SUCCESS,ALL_PIXELS_MASKED,0.4285235633192504,,,False,UNREVIEWED,,False,2026-09-06T17:19:14Z,phase_5_ml_handoff/final_model.joblib,5909bb546fc55aeffd37b7bb601e96718709fe685e987705b246bb2963279798,phase_4b_ground_truth_v1
FIRMS_TN_0135,135,2024-12-15,2053,2024-12-15T20:00,N,11.20535,77.56535,N20,VIIRS,n,1.42,320.14,290.65,29.49000000000001,0,0,15,8,1,15.08,0,1.6898001394913085,Industrial Thermal Activity,0.0942,0.8814,0.0244,0.8814,HIGH,COVERED,,Mining,Mining & Quarry,HIGHER_RELEVANCE,682.6748414741023,0,1,1,Mining & Quarry,,682.6748414741023,40,Cropland,CLOUD_REJECTED,CLOUD_REJECTED,INSUFFICIENT_VALID_DATA,2024-12-08T05:11:19.024000Z,2024-12-18T05:11:29.024000Z,SUCCESS,SUCCESS,0.5595904387188267,0.5464552377067798,,False,UNREVIEWED,,False,2026-09-06T17:19:14Z,phase_5_ml_handoff/final_model.joblib,5909bb546fc55aeffd37b7bb601e96718709fe685e987705b246bb2963279798,phase_4b_ground_truth_v1
FIRMS_TN_0136,136,2024-12-15,2053,2024-12-15T20:00,N,11.18495,79.09976,N20,VIIRS,n,1.19,306.14,289.92,16.21999999999997,0,0,20,10,1,18.59,0,0.2314497371575564,Industrial Thermal Activity,0.0261,0.9739,0.0,0.9739,HIGH,COVERED,,Other Industrial,Substation & Electrical Infrastructure,CAUTION_LOWER_RELEVANCE,367.1654604916772,1,1,1,Power Plant,,575.1757893174416,10,Tree cover,CLOUD_REJECTED,CLOUD_REJECTED,INSUFFICIENT_VALID_DATA,2024-12-08T05:11:19.024000Z,2024-12-23T05:12:31.024000Z,SUCCESS,SUCCESS,0.4622799438322046,0.5183476416314569,,False,UNREVIEWED,,False,2026-09-06T17:19:14Z,phase_5_ml_handoff/final_model.joblib,5909bb546fc55aeffd37b7bb601e96718709fe685e987705b246bb2963279798,phase_4b_ground_truth_v1
FIRMS_TN_0137,137,2024-12-15,2053,2024-12-15T20:00,N,11.81657,77.91467,N20,VIIRS,n,1.45,307.92,290.06,17.860000000000014,0,0,43,20,1,64.3,0,-0.1297387418478064,Industrial Thermal Activity,0.01,0.99,0.0,0.99,HIGH,COVERED,JSW Steel Plant,Manufacturing,Steel / Metallurgy,HIGHER_RELEVANCE,448.8173598825396,1,1,1,Steel / Metallurgy,JSW Steel Plant,448.8173598825396,50,Built-up,CLOUD_REJECTED,CLOUD_REJECTED,MISSING_POST,2024-12-08T05:11:19.024000Z,2024-12-23T05:12:31.024000Z,SUCCESS,ALL_PIXELS_MASKED,0.5406120486958254,,,False,UNREVIEWED,,False,2026-09-06T17:19:14Z,phase_5_ml_handoff/final_model.joblib,5909bb546fc55aeffd37b7bb601e96718709fe685e987705b246bb2963279798,phase_4b_ground_truth_v1
FIRMS_TN_0138,138,2024-12-16,802,2024-12-16T08:00,D,11.48131,77.4594,N20,VIIRS,n,8.59,342.79,300.67,42.120000000000005,1,0,1,1,0,8.59,1,1.5925764079782094,Agricultural Burning,0.886,0.0435,0.0705,0.886,HIGH,COVERED,Coirmedia,Industrial Works,Manufacturing & Industrial Works,HIGHER_RELEVANCE,2295.5884972236377,0,0,0,Manufacturing & Industrial Works,Coirmedia,2295.5884972236377,40,Cropland,CLOUD_REJECTED,REAL_CDSE_SUCCESS,INSUFFICIENT_VALID_DATA,2024-12-08T05:11:19.024000Z,2024-12-18T05:11:29.024000Z,SUCCESS,SUCCESS,0.3813396840103805,0.4872114413530264,,True,VERIFIED,Agricultural Burning,True,2026-09-06T17:19:14Z,phase_5_ml_handoff/final_model.joblib,5909bb546fc55aeffd37b7bb601e96718709fe685e987705b246bb2963279798,phase_4b_ground_truth_v1
FIRMS_TN_0139,139,2024-12-16,802,2024-12-16T08:00,D,12.76216,77.78831,N20,VIIRS,n,1.43,337.56,302.01,35.55000000000001,1,0,7,2,0,22.13,0,-0.8534102904548546,Agricultural Burning,0.4674,0.13,0.4026,0.4674,LOW,FAILED_TILE,,Other Industrial,Substation & Electrical Infrastructure,CAUTION_LOWER_RELEVANCE,59557.847684182445,0,0,0,Mining & Quarry,,60723.2519948361,50,Built-up,REAL_CDSE_SUCCESS,CLOUD_REJECTED,INSUFFICIENT_VALID_DATA,2024-12-08T05:11:19.024000Z,2024-12-23T05:12:31.024000Z,SUCCESS,SUCCESS,0.3811245328367076,0.3503159172426495,,False,UNREVIEWED,,False,2026-09-06T17:19:14Z,phase_5_ml_handoff/final_model.joblib,5909bb546fc55aeffd37b7bb601e96718709fe685e987705b246bb2963279798,phase_4b_ground_truth_v1
FIRMS_TN_0140,140,2024-12-16,802,2024-12-16T08:00,D,12.76547,77.78778,N20,VIIRS,n,4.32,344.81,304.2,40.610000000000014,1,0,7,2,0,22.13,0,0.9136469205032844,Natural / Wildfire / Other,0.2949,0.0551,0.65,0.65,MEDIUM,FAILED_TILE,,Other Industrial,Substation & Electrical Infrastructure,CAUTION_LOWER_RELEVANCE,59491.555999704506,0,0,0,Mining & Quarry,,60541.7603119754,60,Bare/sparse vegetation,REAL_CDSE_SUCCESS,CLOUD_REJECTED,INSUFFICIENT_VALID_DATA,2024-12-08T05:11:19.024000Z,2024-12-23T05:12:31.024000Z,SUCCESS,SUCCESS,0.319277978077166,0.2944614260883101,,False,UNREVIEWED,,False,2026-09-06T17:19:14Z,phase_5_ml_handoff/final_model.joblib,5909bb546fc55aeffd37b7bb601e96718709fe685e987705b246bb2963279798,phase_4b_ground_truth_v1
FIRMS_TN_0141,141,2024-12-16,2036,2024-12-16T20:00,N,11.81888,77.91548,N20,VIIRS,n,1.19,305.13,286.45,18.680000000000007,0,0,43,20,1,64.3,0,-0.4859116676940611,Industrial Thermal Activity,0.0214,0.9786,0.0,0.9786,HIGH,COVERED,,Other Industrial,Substation & Electrical Infrastructure,CAUTION_LOWER_RELEVANCE,489.64492595005936,1,1,1,Steel / Metallurgy,JSW Steel Plant,571.3778991864376,10,Tree cover,CLOUD_REJECTED,CLOUD_REJECTED,MISSING_POST,2024-12-08T05:11:19.024000Z,2024-12-23T05:12:31.024000Z,SUCCESS,ALL_PIXELS_MASKED,0.5130156285546585,,,False,UNREVIEWED,,False,2026-09-06T17:19:14Z,phase_5_ml_handoff/final_model.joblib,5909bb546fc55aeffd37b7bb601e96718709fe685e987705b246bb2963279798,phase_4b_ground_truth_v1
FIRMS_TN_0142,142,2024-12-16,2036,2024-12-16T20:00,N,11.20212,77.56716,N20,VIIRS,n,1.93,318.27,289.9,28.370000000000005,0,0,15,8,1,15.08,0,1.4285052447132962,Industrial Thermal Activity,0.025,0.9334,0.0416,0.9334,HIGH,COVERED,,Mining,Mining & Quarry,HIGHER_RELEVANCE,290.05405586036164,1,1,1,Mining & Quarry,,290.05405586036164,60,Bare/sparse vegetation,CLOUD_REJECTED,CLOUD_REJECTED,INSUFFICIENT_VALID_DATA,2024-12-08T05:11:19.024000Z,2024-12-18T05:11:29.024000Z,SUCCESS,SUCCESS,0.5394944899270726,0.5937900514119332,,True,VERIFIED,Persistent Industrial Thermal Source,True,2026-09-06T17:19:14Z,phase_5_ml_handoff/final_model.joblib,5909bb546fc55aeffd37b7bb601e96718709fe685e987705b246bb2963279798,phase_4b_ground_truth_v1
FIRMS_TN_0143,143,2024-12-17,2016,2024-12-17T20:00,N,11.8174,77.91515,N20,VIIRS,n,0.97,305.75,288.28,17.470000000000027,0,0,43,20,1,64.3,0,-0.4067621286171156,Industrial Thermal Activity,0.0217,0.9783,0.0,0.9783,HIGH,COVERED,JSW Steel Plant,Manufacturing,Steel / Metallurgy,HIGHER_RELEVANCE,464.00659129658777,1,1,1,Steel / Metallurgy,JSW Steel Plant,464.00659129658777,50,Built-up,CLOUD_REJECTED,CLOUD_REJECTED,MISSING_POST,2024-12-08T05:11:19.024000Z,2024-12-23T05:12:31.024000Z,SUCCESS,ALL_PIXELS_MASKED,0.4968697520424425,,,False,UNREVIEWED,,False,2026-09-06T17:19:14Z,phase_5_ml_handoff/final_model.joblib,5909bb546fc55aeffd37b7bb601e96718709fe685e987705b246bb2963279798,phase_4b_ground_truth_v1
FIRMS_TN_0144,144,2024-12-17,2016,2024-12-17T20:00,N,11.20251,77.56435,N20,VIIRS,n,0.41,305.83,290.08,15.75,0,0,15,8,1,15.08,0,-0.3097345900666312,Industrial Thermal Activity,0.2683,0.7172,0.0144,0.7172,MEDIUM,COVERED,,Mining,Mining & Quarry,HIGHER_RELEVANCE,462.79829702190256,1,1,1,Mining & Quarry,,462.79829702190256,40,Cropland,CLOUD_REJECTED,CLOUD_REJECTED,INSUFFICIENT_VALID_DATA,2024-12-08T05:11:19.024000Z,2024-12-18T05:11:29.024000Z,SUCCESS,SUCCESS,0.4770835292470937,0.5582582407162763,,False,UNREVIEWED,,False,2026-09-06T17:19:14Z,phase_5_ml_handoff/final_model.joblib,5909bb546fc55aeffd37b7bb601e96718709fe685e987705b246bb2963279798,phase_4b_ground_truth_v1
FIRMS_TN_0145,145,2024-12-17,2016,2024-12-17T20:00,N,10.93045,77.06244,N20,VIIRS,n,0.45,305.56,289.32,16.24000000000001,0,0,7,6,1,5.66,0,0.9481896946172268,Industrial Thermal Activity,0.3818,0.5507,0.0675,0.5507,MEDIUM,FAILED_TILE,,Power Plant,Power Plant,HIGHER_RELEVANCE,20501.502162024222,0,0,0,Power Plant,,20501.502162024222,40,Cropland,CLOUD_REJECTED,REAL_CDSE_SUCCESS,INSUFFICIENT_VALID_DATA,2024-12-08T05:11:19.024000Z,2024-12-18T05:11:29.024000Z,SUCCESS,SUCCESS,0.4543269329531816,0.4577930857048434,,False,UNREVIEWED,,False,2026-09-06T17:19:14Z,phase_5_ml_handoff/final_model.joblib,5909bb546fc55aeffd37b7bb601e96718709fe685e987705b246bb2963279798,phase_4b_ground_truth_v1
FIRMS_TN_0146,146,2024-12-17,2016,2024-12-17T20:00,N,10.92989,77.06603,N20,VIIRS,n,0.49,301.1,289.01,12.090000000000032,0,0,11,7,1,6.7,0,-0.5172869966393643,Industrial Thermal Activity,0.3429,0.5807,0.0764,0.5807,MEDIUM,FAILED_TILE,,Power Plant,Power Plant,HIGHER_RELEVANCE,20108.47290766541,0,0,0,Power Plant,,20108.47290766541,30,Grassland,CLOUD_REJECTED,REAL_CDSE_SUCCESS,INSUFFICIENT_VALID_DATA,2024-12-08T05:11:19.024000Z,2024-12-18T05:11:29.024000Z,SUCCESS,SUCCESS,0.488348788730683,0.4552428280030515,,False,UNREVIEWED,,False,2026-09-06T17:19:14Z,phase_5_ml_handoff/final_model.joblib,5909bb546fc55aeffd37b7bb601e96718709fe685e987705b246bb2963279798,phase_4b_ground_truth_v1
FIRMS_TN_0147,147,2024-12-18,1957,2024-12-18T19:00,N,10.00933,78.04446,N20,VIIRS,n,1.93,308.01,290.73,17.279999999999973,0,0,1,1,0,1.93,0,-0.6625972161792574,Agricultural Burning,0.4932,0.3183,0.1885,0.4932,LOW,COVERED,,Other Industrial,Generic Industrial Building,GENERAL_CONTEXT,2921.05211554039,0,0,0,Mining & Quarry,,6055.139599290899,10,Tree cover,CLOUD_REJECTED,MISSING_PRODUCT,MISSING_POST,2024-12-08T05:11:19.024000Z,,SUCCESS,,0.5572015010221343,,,False,UNREVIEWED,,False,2026-09-06T17:19:14Z,phase_5_ml_handoff/final_model.joblib,5909bb546fc55aeffd37b7bb601e96718709fe685e987705b246bb2963279798,phase_4b_ground_truth_v1
FIRMS_TN_0148,148,2024-12-19,1938,2024-12-19T19:00,N,12.64918,77.90309,N20,VIIRS,n,5.7,336.44,285.87,50.56999999999999,0,0,2,2,0,6.23,0,1.1808353926418105,Natural / Wildfire / Other,0.0971,0.0192,0.8837,0.8837,HIGH,FAILED_TILE,Palavadi,Other Industrial,Substation & Electrical Infrastructure,CAUTION_LOWER_RELEVANCE,56461.7103287743,0,0,0,"Oil, Gas & Chemical",HPCL Dharmapuri Terminal,72890.73280869151,30,Grassland,REAL_CDSE_SUCCESS,CLOUD_REJECTED,MISSING_POST,2024-12-08T05:11:19.024000Z,2024-12-23T05:12:31.024000Z,SUCCESS,ALL_PIXELS_MASKED,0.6748790224643405,,,True,VERIFIED,Natural/Forest Fire,True,2026-09-06T17:19:14Z,phase_5_ml_handoff/final_model.joblib,5909bb546fc55aeffd37b7bb601e96718709fe685e987705b246bb2963279798,phase_4b_ground_truth_v1
FIRMS_TN_0149,149,2024-12-19,1938,2024-12-19T19:00,N,12.64964,77.89924,N20,VIIRS,n,5.29,319.44,286.18,33.25999999999999,0,0,1,1,0,5.29,0,0.0785366114262583,Natural / Wildfire / Other,0.135,0.1398,0.7253,0.7253,MEDIUM,FAILED_TILE,Palavadi,Other Industrial,Substation & Electrical Infrastructure,CAUTION_LOWER_RELEVANCE,56636.60475374231,0,0,0,"Oil, Gas & Chemical",HPCL Dharmapuri Terminal,73072.195965421,30,Grassland,REAL_CDSE_SUCCESS,CLOUD_REJECTED,MISSING_POST,2024-12-08T05:11:19.024000Z,2024-12-23T05:12:31.024000Z,SUCCESS,ALL_PIXELS_MASKED,0.6897269119178702,,,False,UNREVIEWED,,False,2026-09-06T17:19:14Z,phase_5_ml_handoff/final_model.joblib,5909bb546fc55aeffd37b7bb601e96718709fe685e987705b246bb2963279798,phase_4b_ground_truth_v1
FIRMS_TN_0150,150,2024-12-20,826,2024-12-20T08:00,D,11.44375,77.46748,N20,VIIRS,n,6.68,351.63,299.93,51.69999999999999,1,0,2,1,0,16.54,0,2.165771774210295,Agricultural Burning,0.8257,0.0802,0.0942,0.8257,HIGH,COVERED,Coirmedia,Industrial Works,Manufacturing & Industrial Works,HIGHER_RELEVANCE,2060.745009153992,0,0,0,Manufacturing & Industrial Works,Coirmedia,2060.745009153992,40,Cropland,REAL_CDSE_SUCCESS,MISSING_PRODUCT,MISSING_POST,2024-12-18T05:11:29.024000Z,,SUCCESS,,0.6532223751750247,,,False,UNREVIEWED,,False,2026-09-06T17:19:14Z,phase_5_ml_handoff/final_model.joblib,5909bb546fc55aeffd37b7bb601e96718709fe685e987705b246bb2963279798,phase_4b_ground_truth_v1
FIRMS_TN_0151,151,2024-12-20,826,2024-12-20T08:00,D,11.44777,77.46694,N20,VIIRS,n,9.86,354.99,300.5,54.49000000000001,1,0,2,1,0,16.54,1,2.383637886262311,Agricultural Burning,0.7311,0.1248,0.1441,0.7311,MEDIUM,COVERED,Coirmedia,Industrial Works,Manufacturing & Industrial Works,HIGHER_RELEVANCE,1615.1911283383236,0,0,1,Manufacturing & Industrial Works,Coirmedia,1615.1911283383236,10,Tree cover,REAL_CDSE_SUCCESS,MISSING_PRODUCT,MISSING_POST,2024-12-18T05:11:29.024000Z,,SUCCESS,,0.5478570096591503,,,True,VERIFIED,Agricultural Burning,True,2026-09-06T17:19:14Z,phase_5_ml_handoff/final_model.joblib,5909bb546fc55aeffd37b7bb601e96718709fe685e987705b246bb2963279798,phase_4b_ground_truth_v1
FIRMS_TN_0152,152,2024-12-20,826,2024-12-20T08:00,D,11.2123,77.60321,N20,VIIRS,n,1.68,332.67,300.34,32.33000000000004,1,0,1,1,0,1.68,0,0.9363844276310688,Agricultural Burning,0.7327,0.03,0.2373,0.7327,MEDIUM,COVERED,Ingur Traction,Other Industrial,Substation & Electrical Infrastructure,CAUTION_LOWER_RELEVANCE,2266.446960785172,0,0,0,Mining & Quarry,,4167.297062895584,40,Cropland,CLOUD_REJECTED,MISSING_PRODUCT,MISSING_POST,2024-12-18T05:11:29.024000Z,,SUCCESS,,0.5405108475716192,,,False,UNREVIEWED,,False,2026-09-06T17:19:14Z,phase_5_ml_handoff/final_model.joblib,5909bb546fc55aeffd37b7bb601e96718709fe685e987705b246bb2963279798,phase_4b_ground_truth_v1
FIRMS_TN_0153,153,2024-12-20,1919,2024-12-20T19:00,N,12.97122,79.91327,N20,VIIRS,n,1.15,300.36,283.71,16.650000000000034,0,0,2,2,0,2.61,0,-1.1586316677262545,Agricultural Burning,0.4336,0.2935,0.2729,0.4336,LOW,FAILED_TILE,,Mining,Mining & Quarry,HIGHER_RELEVANCE,88732.94191616487,0,0,0,Mining & Quarry,,88732.94191616487,30,Grassland,MISSING_PRODUCT,CLOUD_REJECTED,MISSING_PRE,,2025-01-04T05:01:19.024000Z,,SUCCESS,,0.5298106366431805,,False,UNREVIEWED,,False,2026-09-06T17:19:14Z,phase_5_ml_handoff/final_model.joblib,5909bb546fc55aeffd37b7bb601e96718709fe685e987705b246bb2963279798,phase_4b_ground_truth_v1
FIRMS_TN_0154,154,2024-12-21,807,2024-12-21T08:00,D,11.52357,77.66821,N20,VIIRS,n,1.34,330.52,300.76,29.75999999999999,1,0,1,1,0,1.34,0,0.7969760523596878,Agricultural Burning,0.6898,0.04,0.2702,0.6898,MEDIUM,COVERED,Lower Mettur Barrage IV PH,Other Industrial,Substation & Electrical Infrastructure,CAUTION_LOWER_RELEVANCE,5531.231187405632,0,0,0,Power Plant,Lower Mettur Barrage IV Power House,5594.057116915124,40,Cropland,REAL_CDSE_SUCCESS,MISSING_PRODUCT,MISSING_POST,2024-12-18T05:11:29.024000Z,,SUCCESS,,0.5705056962577991,,,False,UNREVIEWED,,False,2026-09-06T17:19:14Z,phase_5_ml_handoff/final_model.joblib,5909bb546fc55aeffd37b7bb601e96718709fe685e987705b246bb2963279798,phase_4b_ground_truth_v1
FIRMS_TN_0155,155,2024-12-21,807,2024-12-21T08:00,D,11.47827,77.61415,N20,VIIRS,n,1.9,334.49,300.19,34.30000000000001,1,0,1,1,0,1.9,0,1.0543952383259096,Agricultural Burning,0.7842,0.035,0.1808,0.7842,HIGH,COVERED,Thalavaipettai,Other Industrial,Substation & Electrical Infrastructure,CAUTION_LOWER_RELEVANCE,1426.1082636718302,0,0,1,Power Plant,,7728.581832185826,40,Cropland,CLOUD_REJECTED,MISSING_PRODUCT,MISSING_POST,2024-12-18T05:11:29.024000Z,,SUCCESS,,0.5573573465777609,,,False,UNREVIEWED,,False,2026-09-06T17:19:14Z,phase_5_ml_handoff/final_model.joblib,5909bb546fc55aeffd37b7bb601e96718709fe685e987705b246bb2963279798,phase_4b_ground_truth_v1
FIRMS_TN_0156,156,2024-12-21,807,2024-12-21T08:00,D,11.47069,77.67638,N20,VIIRS,n,1.67,332.89,300.91,31.97999999999996,1,0,1,1,0,1.67,0,0.9506494706820916,Agricultural Burning,0.6437,0.0417,0.3146,0.6437,MEDIUM,COVERED,Urachikottai,Other Industrial,Substation & Electrical Infrastructure,CAUTION_LOWER_RELEVANCE,2614.710799588337,0,0,0,Power Plant,Lower Mettur Barrage IV Power House,3211.858711888392,10,Tree cover,REAL_CDSE_SUCCESS,MISSING_PRODUCT,MISSING_POST,2024-12-18T05:11:29.024000Z,,SUCCESS,,0.5180609311486292,,,False,UNREVIEWED,,False,2026-09-06T17:19:14Z,phase_5_ml_handoff/final_model.joblib,5909bb546fc55aeffd37b7bb601e96718709fe685e987705b246bb2963279798,phase_4b_ground_truth_v1
FIRMS_TN_0157,157,2024-12-21,807,2024-12-21T08:00,D,11.10388,77.42687,N20,VIIRS,n,2.59,333.35,297.89,35.46000000000004,1,0,1,1,0,2.59,0,0.9804763788796912,Agricultural Burning,0.7668,0.1244,0.1088,0.7668,HIGH,COVERED,,Mining,Mining & Quarry,HIGHER_RELEVANCE,870.6978560876358,0,1,1,Mining & Quarry,,870.6978560876358,50,Built-up,REAL_CDSE_SUCCESS,MISSING_PRODUCT,MISSING_POST,2024-12-18T05:11:29.024000Z,,SUCCESS,,0.4939657215592513,,,True,VERIFIED,Agricultural Burning,True,2026-09-06T17:19:14Z,phase_5_ml_handoff/final_model.joblib,5909bb546fc55aeffd37b7bb601e96718709fe685e987705b246bb2963279798,phase_4b_ground_truth_v1
FIRMS_TN_0158,158,2024-12-21,807,2024-12-21T08:00,D,10.74081,77.85687,N20,VIIRS,n,0.91,332.06,297.42,34.639999999999986,1,0,1,1,0,0.91,0,0.8968313537168626,Agricultural Burning,0.862,0.0267,0.1113,0.862,HIGH,COVERED,,Power Plant,Power Plant,HIGHER_RELEVANCE,1180.3066976229843,0,0,1,Power Plant,,1180.3066976229843,30,Grassland,CLOUD_REJECTED,MISSING_PRODUCT,MISSING_POST,2024-12-18T05:11:29.024000Z,,SUCCESS,,0.5181575845106398,,,True,VERIFIED,Agricultural Burning,True,2026-09-06T17:19:14Z,phase_5_ml_handoff/final_model.joblib,5909bb546fc55aeffd37b7bb601e96718709fe685e987705b246bb2963279798,phase_4b_ground_truth_v1
FIRMS_TN_0159,159,2024-12-21,807,2024-12-21T08:00,D,9.91195,77.92106,N20,VIIRS,n,2.18,334.42,300.24,34.18000000000001,1,0,1,1,0,2.18,0,1.049856360991493,Agricultural Burning,0.8526,0.0367,0.1108,0.8526,HIGH,COVERED,,Mining,Mining & Quarry,HIGHER_RELEVANCE,4004.920878777628,0,0,0,Mining & Quarry,,4004.920878777628,10,Tree cover,REAL_CDSE_SUCCESS,MISSING_PRODUCT,MISSING_POST,2024-12-18T05:11:29.024000Z,,SUCCESS,,0.5568763920238907,,,False,UNREVIEWED,,False,2026-09-06T17:19:14Z,phase_5_ml_handoff/final_model.joblib,5909bb546fc55aeffd37b7bb601e96718709fe685e987705b246bb2963279798,phase_4b_ground_truth_v1
FIRMS_TN_0160,160,2024-12-21,2042,2024-12-21T20:00,N,13.39486,80.10213,N20,VIIRS,n,1.21,304.54,293.31,11.230000000000018,0,0,21,10,1,22.85,0,-0.604082435873969,Industrial Thermal Activity,0.0127,0.959,0.0283,0.959,HIGH,FAILED_TILE,,Other Industrial,Industrial Area / Zone,GENERAL_CONTEXT,137730.0198598103,0,0,0,Mining & Quarry,,139299.68004843983,20,Shrubland,MISSING_PRODUCT,CLOUD_REJECTED,MISSING_PRE,,2025-01-04T05:01:19.024000Z,,SUCCESS,,0.4421791391539904,,False,UNREVIEWED,,False,2026-09-06T17:19:14Z,phase_5_ml_handoff/final_model.joblib,5909bb546fc55aeffd37b7bb601e96718709fe685e987705b246bb2963279798,phase_4b_ground_truth_v1
FIRMS_TN_0161,161,2024-12-22,748,2024-12-22T07:00,D,8.57614,77.6655,N20,VIIRS,n,5.01,340.7,296.14,44.56,1,0,1,1,0,5.01,0,1.4570584989934718,Agricultural Burning,0.7274,0.0211,0.2515,0.7274,MEDIUM,FAILED_TILE,,Mining,Mining & Quarry,HIGHER_RELEVANCE,49703.83474294651,0,0,0,Mining & Quarry,,49703.83474294651,50,Built-up,REAL_CDSE_SUCCESS,CLOUD_REJECTED,INSUFFICIENT_VALID_DATA,2024-12-18T05:11:29.024000Z,2024-12-23T05:12:31.024000Z,SUCCESS,SUCCESS,0.4998543936093378,0.4876788335010946,,True,VERIFIED,Agricultural Burning,True,2026-09-06T17:19:14Z,phase_5_ml_handoff/final_model.joblib,5909bb546fc55aeffd37b7bb601e96718709fe685e987705b246bb2963279798,phase_4b_ground_truth_v1
FIRMS_TN_0162,162,2024-12-22,748,2024-12-22T07:00,D,8.84257,78.11455,N20,VIIRS,n,2.62,330.01,296.08,33.93000000000001,1,0,1,1,0,2.62,0,0.7639070889232218,Natural / Wildfire / Other,0.4095,0.0011,0.5894,0.5894,MEDIUM,FAILED_TILE,,Power Plant,Power Plant,HIGHER_RELEVANCE,37616.19420335506,0,0,0,Power Plant,,37616.19420335506,20,Shrubland,CLOUD_REJECTED,REAL_CDSE_SUCCESS,INSUFFICIENT_VALID_DATA,2024-12-08T05:11:19.024000Z,2024-12-28T05:11:29.024000Z,SUCCESS,SUCCESS,0.5056187426184192,0.4878806234059398,,False,UNREVIEWED,,False,2026-09-06T17:19:14Z,phase_5_ml_handoff/final_model.joblib,5909bb546fc55aeffd37b7bb601e96718709fe685e987705b246bb2963279798,phase_4b_ground_truth_v1
FIRMS_TN_0163,163,2024-12-22,2023,2024-12-22T20:00,N,13.39196,80.10265,N20,VIIRS,n,0.85,307.16,294.31,12.850000000000025,0,0,21,10,1,22.85,0,0.0698148800584353,Industrial Thermal Activity,0.0627,0.899,0.0383,0.899,HIGH,FAILED_TILE,,Other Industrial,Industrial Area / Zone,GENERAL_CONTEXT,137416.90237896252,0,0,0,Mining & Quarry,,139004.03384869423,30,Grassland,MISSING_PRODUCT,CLOUD_REJECTED,MISSING_PRE,,2025-01-04T05:01:19.024000Z,,SUCCESS,,0.4036109755047971,,False,UNREVIEWED,,False,2026-09-06T17:19:14Z,phase_5_ml_handoff/final_model.joblib,5909bb546fc55aeffd37b7bb601e96718709fe685e987705b246bb2963279798,phase_4b_ground_truth_v1
FIRMS_TN_0164,164,2024-12-22,2023,2024-12-22T20:00,N,13.39257,80.10049,N20,VIIRS,n,0.96,308.37,293.81,14.560000000000002,0,0,21,10,1,22.85,0,0.3810422664241582,Industrial Thermal Activity,0.0427,0.919,0.0383,0.919,HIGH,FAILED_TILE,,Other Industrial,Industrial Area / Zone,GENERAL_CONTEXT,137455.6534060081,0,0,0,Mining & Quarry,,139006.94364231854,20,Shrubland,MISSING_PRODUCT,REAL_CDSE_SUCCESS,MISSING_PRE,,2025-01-04T05:01:19.024000Z,,SUCCESS,,0.4917690427378477,,False,UNREVIEWED,,False,2026-09-06T17:19:14Z,phase_5_ml_handoff/final_model.joblib,5909bb546fc55aeffd37b7bb601e96718709fe685e987705b246bb2963279798,phase_4b_ground_truth_v1
FIRMS_TN_0165,165,2024-12-22,2023,2024-12-22T20:00,N,13.39311,80.07539,N20,VIIRS,n,0.47,308.79,293.14,15.650000000000034,0,0,5,3,1,2.66,0,1.1958517123907324,Industrial Thermal Activity,0.3379,0.4534,0.2086,0.4534,LOW,FAILED_TILE,,Other Industrial,Industrial Area / Zone,GENERAL_CONTEXT,137212.38560028482,0,0,0,Mining & Quarry,,138366.59687622832,50,Built-up,MISSING_PRODUCT,CLOUD_REJECTED,MISSING_PRE,,2025-01-04T05:01:19.024000Z,,SUCCESS,,0.4452612921764681,,False,UNREVIEWED,,False,2026-09-06T17:19:14Z,phase_5_ml_handoff/final_model.joblib,5909bb546fc55aeffd37b7bb601e96718709fe685e987705b246bb2963279798,phase_4b_ground_truth_v1
FIRMS_TN_0166,166,2024-12-22,2023,2024-12-22T20:00,N,11.8156,77.91853,N20,VIIRS,n,1.64,305.09,290.81,14.279999999999973,0,0,43,20,1,64.3,0,-0.4910180895699956,Industrial Thermal Activity,0.0,1.0,0.0,1.0,HIGH,COVERED,JSW Steel Plant,Manufacturing,Steel / Metallurgy,HIGHER_RELEVANCE,128.95221289907732,1,1,1,Steel / Metallurgy,JSW Steel Plant,128.95221289907732,50,Built-up,CLOUD_REJECTED,CLOUD_REJECTED,MISSING_POST,2024-12-08T05:11:19.024000Z,2024-12-23T05:12:31.024000Z,SUCCESS,ALL_PIXELS_MASKED,0.534432087161744,,,False,UNREVIEWED,,False,2026-09-06T17:19:14Z,phase_5_ml_handoff/final_model.joblib,5909bb546fc55aeffd37b7bb601e96718709fe685e987705b246bb2963279798,phase_4b_ground_truth_v1
FIRMS_TN_0167,167,2024-12-22,2023,2024-12-22T20:00,N,11.81169,77.92155,N20,VIIRS,n,2.08,305.45,292.43,13.019999999999982,0,0,16,11,1,22.18,0,0.0156758189997932,Industrial Thermal Activity,0.002,0.998,0.0,0.998,HIGH,COVERED,JSW Steel Plant,Manufacturing,Steel / Metallurgy,HIGHER_RELEVANCE,479.03822529162807,1,1,1,Steel / Metallurgy,JSW Steel Plant,479.03822529162807,10,Tree cover,CLOUD_REJECTED,CLOUD_REJECTED,MISSING_POST,2024-12-08T05:11:19.024000Z,2024-12-23T05:12:31.024000Z,SUCCESS,ALL_PIXELS_MASKED,0.3772451221709501,,,False,UNREVIEWED,,False,2026-09-06T17:19:14Z,phase_5_ml_handoff/final_model.joblib,5909bb546fc55aeffd37b7bb601e96718709fe685e987705b246bb2963279798,phase_4b_ground_truth_v1
FIRMS_TN_0168,168,2024-12-23,730,2024-12-23T07:00,D,12.05193,79.74717,N20,VIIRS,n,3.25,333.88,300.46,33.420000000000016,1,0,1,1,0,3.25,0,1.0148421644117036,Agricultural Burning,0.5031,0.01,0.4869,0.5031,MEDIUM,COVERED,,Other Industrial,Industrial Area / Zone,GENERAL_CONTEXT,3646.250747162911,0,0,0,Power Plant,Power Station,7625.049283101811,10,Tree cover,MISSING_PRODUCT,CLOUD_REJECTED,MISSING_BOTH,,2025-01-04T05:01:19.024000Z,,ALL_PIXELS_MASKED,,,,False,UNREVIEWED,,False,2026-09-06T17:19:14Z,phase_5_ml_handoff/final_model.joblib,5909bb546fc55aeffd37b7bb601e96718709fe685e987705b246bb2963279798,phase_4b_ground_truth_v1
FIRMS_TN_0169,169,2024-12-23,730,2024-12-23T07:00,D,11.57135,79.6544,N20,VIIRS,n,7.97,339.36,297.47,41.88999999999999,1,0,1,1,0,7.97,1,1.370171418591777,Agricultural Burning,0.8302,0.005,0.1648,0.8302,HIGH,COVERED,,Other Industrial,Industrial Area / Zone,GENERAL_CONTEXT,4447.038071488831,0,0,0,Power Plant,IL&FS Tamil Nadu Thermal Power Station,11736.764211994763,40,Cropland,MISSING_PRODUCT,REAL_CDSE_SUCCESS,MISSING_PRE,,2025-01-04T05:01:19.024000Z,,SUCCESS,,0.5761721587000866,,False,UNREVIEWED,,False,2026-09-06T17:19:14Z,phase_5_ml_handoff/final_model.joblib,5909bb546fc55aeffd37b7bb601e96718709fe685e987705b246bb2963279798,phase_4b_ground_truth_v1
FIRMS_TN_0170,170,2024-12-23,2004,2024-12-23T20:00,N,10.92947,77.06361,N20,VIIRS,n,0.87,302.8,291.48,11.319999999999991,0,0,11,7,1,6.7,0,0.05206361178653,Industrial Thermal Activity,0.1345,0.7807,0.0848,0.7807,HIGH,FAILED_TILE,,Power Plant,Power Plant,HIGHER_RELEVANCE,20371.91200431255,0,0,0,Power Plant,,20371.91200431255,30,Grassland,REAL_CDSE_SUCCESS,CLOUD_REJECTED,INSUFFICIENT_VALID_DATA,2024-12-18T05:11:29.024000Z,2025-01-07T05:11:19.024000Z,SUCCESS,SUCCESS,0.4563871337989942,0.4063674096475087,,False,UNREVIEWED,,False,2026-09-06T17:19:14Z,phase_5_ml_handoff/final_model.joblib,5909bb546fc55aeffd37b7bb601e96718709fe685e987705b246bb2963279798,phase_4b_ground_truth_v1
FIRMS_TN_0171,171,2024-12-23,2004,2024-12-23T20:00,N,11.8166,77.91568,N20,VIIRS,n,2.52,304.41,293.06,11.350000000000025,0,0,43,20,1,64.3,0,-0.5778272614608321,Industrial Thermal Activity,0.0309,0.9366,0.0325,0.9366,HIGH,COVERED,JSW Steel Plant,Manufacturing,Steel / Metallurgy,HIGHER_RELEVANCE,361.35354769994905,1,1,1,Steel / Metallurgy,JSW Steel Plant,361.35354769994905,50,Built-up,CLOUD_REJECTED,CLOUD_REJECTED,INSUFFICIENT_VALID_DATA,2024-12-08T05:11:19.024000Z,2025-01-07T05:11:19.024000Z,SUCCESS,SUCCESS,0.5238476484169685,0.3773423176527076,,False,UNREVIEWED,,False,2026-09-06T17:19:14Z,phase_5_ml_handoff/final_model.joblib,5909bb546fc55aeffd37b7bb601e96718709fe685e987705b246bb2963279798,phase_4b_ground_truth_v1
FIRMS_TN_0172,172,2024-12-24,1944,2024-12-24T19:00,N,13.16163,80.28162,N20,VIIRS,n,1.34,307.96,290.23,17.72999999999996,0,0,23,13,1,29.58,0,0.4880320555567463,Industrial Thermal Activity,0.0218,0.9421,0.0361,0.9421,HIGH,FAILED_TILE,,Other Industrial,Industrial Area / Zone,GENERAL_CONTEXT,116562.47146869994,0,0,0,Mining & Quarry,,122229.22423514478,50,Built-up,MISSING_PRODUCT,CLOUD_REJECTED,MISSING_PRE,,2025-01-04T05:01:19.024000Z,,SUCCESS,,0.2028789955430523,,False,UNREVIEWED,,False,2026-09-06T17:19:14Z,phase_5_ml_handoff/final_model.joblib,5909bb546fc55aeffd37b7bb601e96718709fe685e987705b246bb2963279798,phase_4b_ground_truth_v1
FIRMS_TN_0173,173,2024-12-24,1944,2024-12-24T19:00,N,13.06699,80.18574,N20,VIIRS,n,0.39,302.18,289.22,12.95999999999998,0,0,7,6,1,5.2,0,-0.7319426337447229,Industrial Thermal Activity,0.3107,0.656,0.0333,0.656,MEDIUM,FAILED_TILE,,Other Industrial,Industrial Area / Zone,GENERAL_CONTEXT,103534.9113476196,0,0,0,Mining & Quarry,,108175.88682745348,50,Built-up,MISSING_PRODUCT,CLOUD_REJECTED,MISSING_BOTH,,2025-01-04T05:01:19.024000Z,,ALL_PIXELS_MASKED,,,,False,UNREVIEWED,,False,2026-09-06T17:19:14Z,phase_5_ml_handoff/final_model.joblib,5909bb546fc55aeffd37b7bb601e96718709fe685e987705b246bb2963279798,phase_4b_ground_truth_v1
FIRMS_TN_0174,174,2024-12-24,1946,2024-12-24T19:00,N,12.6561,77.75505,N20,VIIRS,n,0.42,304.65,288.07,16.579999999999984,0,0,1,1,0,0.42,0,-0.8804633282312733,Agricultural Burning,0.7809,0.1026,0.1165,0.7809,HIGH,FAILED_TILE,,Other Industrial,Substation & Electrical Infrastructure,CAUTION_LOWER_RELEVANCE,56969.35599542756,0,0,0,Power Plant,,60521.82869123569,40,Cropland,MISSING_PRODUCT,REAL_CDSE_SUCCESS,MISSING_PRE,,2025-01-07T05:11:19.024000Z,,SUCCESS,,0.5228199456674932,,False,UNREVIEWED,,False,2026-09-06T17:19:14Z,phase_5_ml_handoff/final_model.joblib,5909bb546fc55aeffd37b7bb601e96718709fe685e987705b246bb2963279798,phase_4b_ground_truth_v1
FIRMS_TN_0175,175,2024-12-25,832,2024-12-25T08:00,D,9.8559,77.33848,N20,VIIRS,n,3.09,332.5,302.53,29.970000000000027,1,0,2,1,0,6.35,0,0.9253614398189122,Agricultural Burning,0.772,0.0297,0.1983,0.772,HIGH,COVERED,,Power Plant,Power Plant,HIGHER_RELEVANCE,1892.245429453148,0,0,1,Power Plant,,1892.245429453148,30,Grassland,REAL_CDSE_SUCCESS,CLOUD_REJECTED,MISSING_POST,2024-12-23T05:12:31.024000Z,2025-01-02T05:12:21.024000Z,SUCCESS,ALL_PIXELS_MASKED,0.4917214629329322,,,False,UNREVIEWED,,False,2026-09-06T17:19:14Z,phase_5_ml_handoff/final_model.joblib,5909bb546fc55aeffd37b7bb601e96718709fe685e987705b246bb2963279798,phase_4b_ground_truth_v1
FIRMS_TN_0176,176,2024-12-27,754,2024-12-27T07:00,D,10.76445,78.79064,N20,VIIRS,n,4.52,338.28,294.36,43.91999999999996,1,0,1,1,0,4.52,0,1.3001430254321982,Industrial Thermal Activity,0.2944,0.6581,0.0475,0.6581,MEDIUM,COVERED,,Industrial Works,Manufacturing & Industrial Works,HIGHER_RELEVANCE,501.0030636662363,0,1,1,Manufacturing & Industrial Works,,501.0030636662363,10,Tree cover,CLOUD_REJECTED,REAL_CDSE_SUCCESS,INSUFFICIENT_VALID_DATA,2024-12-23T05:12:31.024000Z,2025-01-02T05:12:21.024000Z,SUCCESS,SUCCESS,0.4938243192762346,0.4469799053411094,,True,VERIFIED,Persistent Industrial Thermal Source,True,2026-09-06T17:19:14Z,phase_5_ml_handoff/final_model.joblib,5909bb546fc55aeffd37b7bb601e96718709fe685e987705b246bb2963279798,phase_4b_ground_truth_v1
FIRMS_TN_0177,177,2024-12-27,754,2024-12-27T07:00,D,10.64623,79.0605,N20,VIIRS,n,9.95,344.72,297.12,47.60000000000002,1,0,1,1,0,9.95,1,1.7177197401985638,Agricultural Burning,0.6869,0.0473,0.2658,0.6869,MEDIUM,COVERED,Punnakulam,Other Industrial,Substation & Electrical Infrastructure,CAUTION_LOWER_RELEVANCE,1989.2136361743624,0,0,1,Manufacturing & Industrial Works,Kurungulam Sugar Mill,3060.2548530762133,20,Shrubland,REAL_CDSE_SUCCESS,REAL_CDSE_SUCCESS,SUCCESS,2024-12-20T05:02:21.024000Z,2025-01-04T05:01:19.024000Z,SUCCESS,SUCCESS,0.4809541964330882,0.5792763738039328,-0.0070771230253079,True,VERIFIED,REVIEW_REQUIRED,False,2026-09-06T17:19:14Z,phase_5_ml_handoff/final_model.joblib,5909bb546fc55aeffd37b7bb601e96718709fe685e987705b246bb2963279798,phase_4b_ground_truth_v1
FIRMS_TN_0178,178,2024-12-27,2027,2024-12-27T20:00,N,13.08411,79.97797,N20,VIIRS,n,0.94,304.58,292.75,11.829999999999984,0,0,10,7,1,14.08,0,-0.4896011638532927,Industrial Thermal Activity,0.101,0.8607,0.0383,0.8607,HIGH,FAILED_TILE,,Other Industrial,Industrial Area / Zone,GENERAL_CONTEXT,102200.12987870489,0,0,0,Mining & Quarry,,102480.21731498568,20,Shrubland,MISSING_PRODUCT,CLOUD_REJECTED,MISSING_PRE,,2025-01-04T05:01:19.024000Z,,SUCCESS,,0.444904442322396,,False,UNREVIEWED,,False,2026-09-06T17:19:14Z,phase_5_ml_handoff/final_model.joblib,5909bb546fc55aeffd37b7bb601e96718709fe685e987705b246bb2963279798,phase_4b_ground_truth_v1
FIRMS_TN_0179,179,2024-12-27,2027,2024-12-27T20:00,N,13.39336,80.10159,N20,VIIRS,n,1.53,305.88,293.58,12.300000000000011,0,0,21,10,1,22.85,0,-0.2594173964276318,Industrial Thermal Activity,0.0127,0.959,0.0283,0.959,HIGH,FAILED_TILE,,Other Industrial,Industrial Area / Zone,GENERAL_CONTEXT,137557.33511477127,0,0,0,Mining & Quarry,,139123.34537134616,30,Grassland,MISSING_PRODUCT,CLOUD_REJECTED,MISSING_PRE,,2025-01-04T05:01:19.024000Z,,SUCCESS,,0.4483380901548577,,False,UNREVIEWED,,False,2026-09-06T17:19:14Z,phase_5_ml_handoff/final_model.joblib,5909bb546fc55aeffd37b7bb601e96718709fe685e987705b246bb2963279798,phase_4b_ground_truth_v1
FIRMS_TN_0180,180,2024-12-27,2029,2024-12-27T20:00,N,11.81603,77.91521,N20,VIIRS,n,0.95,303.31,290.52,12.79000000000002,0,0,43,20,1,64.3,0,-0.7182538630489631,Industrial Thermal Activity,0.0217,0.9783,0.0,0.9783,HIGH,COVERED,JSW Steel Plant,Manufacturing,Steel / Metallurgy,HIGHER_RELEVANCE,368.084768811036,1,1,1,Steel / Metallurgy,JSW Steel Plant,368.084768811036,10,Tree cover,CLOUD_REJECTED,CLOUD_REJECTED,MISSING_PRE,2024-12-23T05:12:31.024000Z,2025-01-07T05:11:19.024000Z,ALL_PIXELS_MASKED,SUCCESS,,0.3684715151349818,,False,UNREVIEWED,,False,2026-09-06T17:19:14Z,phase_5_ml_handoff/final_model.joblib,5909bb546fc55aeffd37b7bb601e96718709fe685e987705b246bb2963279798,phase_4b_ground_truth_v1
FIRMS_TN_0181,181,2024-12-27,2029,2024-12-27T20:00,N,11.8112,77.9226,N20,VIIRS,n,1.36,304.57,292.3,12.269999999999982,0,0,16,11,1,22.18,0,-0.1554214922537682,Industrial Thermal Activity,0.0234,0.9766,0.0,0.9766,HIGH,COVERED,,Other Industrial,Substation & Electrical Infrastructure,CAUTION_LOWER_RELEVANCE,510.5420451642938,0,1,1,Steel / Metallurgy,JSW Steel Plant,602.2345643216164,10,Tree cover,CLOUD_REJECTED,CLOUD_REJECTED,MISSING_PRE,2024-12-23T05:12:31.024000Z,2025-01-07T05:11:19.024000Z,ALL_PIXELS_MASKED,SUCCESS,,0.3064622307747827,,False,UNREVIEWED,,False,2026-09-06T17:19:14Z,phase_5_ml_handoff/final_model.joblib,5909bb546fc55aeffd37b7bb601e96718709fe685e987705b246bb2963279798,phase_4b_ground_truth_v1
FIRMS_TN_0182,182,2024-12-28,737,2024-12-28T07:00,D,8.65828,78.11434,N20,VIIRS,n,6.71,333.53,293.5,40.02999999999997,1,0,2,2,0,12.23,0,0.9921477777396174,Natural / Wildfire / Other,0.4143,0.0144,0.5713,0.5713,MEDIUM,FAILED_TILE,,Power Plant,Power Plant,HIGHER_RELEVANCE,55134.39880952583,0,0,0,Power Plant,,55134.39880952583,80,Permanent water bodies,MISSING_PRODUCT,CLOUD_REJECTED,MISSING_BOTH,,2025-01-02T05:12:21.024000Z,,ALL_PIXELS_MASKED,,,,True,VERIFIED,REVIEW_REQUIRED,False,2026-09-06T17:19:14Z,phase_5_ml_handoff/final_model.joblib,5909bb546fc55aeffd37b7bb601e96718709fe685e987705b246bb2963279798,phase_4b_ground_truth_v1
FIRMS_TN_0183,183,2024-12-28,2010,2024-12-28T20:00,N,12.99904,79.90917,N20,VIIRS,n,1.42,323.67,293.42,30.25,0,0,10,2,0,11.98,0,1.2796364414916384,Natural / Wildfire / Other,0.2728,0.3589,0.3683,0.3683,LOW,FAILED_TILE,,Mining,Mining & Quarry,HIGHER_RELEVANCE,91693.3196940146,0,0,0,Mining & Quarry,,91693.3196940146,30,Grassland,MISSING_PRODUCT,REAL_CDSE_SUCCESS,MISSING_PRE,,2025-01-04T05:01:19.024000Z,,SUCCESS,,0.5119012098926958,,False,UNREVIEWED,,False,2026-09-06T17:19:14Z,phase_5_ml_handoff/final_model.joblib,5909bb546fc55aeffd37b7bb601e96718709fe685e987705b246bb2963279798,phase_4b_ground_truth_v1
FIRMS_TN_0184,184,2024-12-28,2010,2024-12-28T20:00,N,11.80998,77.9227,N20,VIIRS,n,1.43,306.04,294.45,11.590000000000032,0,0,21,10,1,32.72,0,-0.2144099218786523,Industrial Thermal Activity,0.0324,0.9366,0.031,0.9366,HIGH,COVERED,,Other Industrial,Substation & Electrical Infrastructure,CAUTION_LOWER_RELEVANCE,374.7060314288412,1,1,1,Steel / Metallurgy,JSW Steel Plant,700.5421964938238,50,Built-up,CLOUD_REJECTED,CLOUD_REJECTED,MISSING_PRE,2024-12-23T05:12:31.024000Z,2025-01-07T05:11:19.024000Z,ALL_PIXELS_MASKED,SUCCESS,,0.3284241152193131,,False,UNREVIEWED,,False,2026-09-06T17:19:14Z,phase_5_ml_handoff/final_model.joblib,5909bb546fc55aeffd37b7bb601e96718709fe685e987705b246bb2963279798,phase_4b_ground_truth_v1
FIRMS_TN_0185,185,2024-12-28,2010,2024-12-28T20:00,N,11.36158,79.23222,N20,VIIRS,n,0.55,304.49,293.35,11.139999999999986,0,0,2,1,0,1.15,0,-0.890837904995653,Agricultural Burning,0.6755,0.2853,0.0391,0.6755,MEDIUM,COVERED,Ramco Cements,Construction Materials,Cement & Construction Materials,HIGHER_RELEVANCE,512.5342865747808,0,1,1,Cement & Construction Materials,Ramco Cements,512.5342865747808,50,Built-up,MISSING_PRODUCT,REAL_CDSE_SUCCESS,MISSING_PRE,,2025-01-04T05:01:19.024000Z,,SUCCESS,,0.4868742663172128,,True,VERIFIED,REVIEW_REQUIRED,False,2026-09-06T17:19:14Z,phase_5_ml_handoff/final_model.joblib,5909bb546fc55aeffd37b7bb601e96718709fe685e987705b246bb2963279798,phase_4b_ground_truth_v1
FIRMS_TN_0186,186,2024-12-28,2010,2024-12-28T20:00,N,13.19071,80.22569,N20,VIIRS,n,1.75,304.05,293.31,10.740000000000007,0,0,1,1,0,1.75,0,-0.9193679910977024,Agricultural Burning,0.4511,0.33,0.2189,0.4511,LOW,FAILED_TILE,,Other Industrial,Industrial Area / Zone,GENERAL_CONTEXT,117939.52315420928,0,0,0,Mining & Quarry,,122476.5792881768,40,Cropland,MISSING_PRODUCT,CLOUD_REJECTED,MISSING_PRE,,2025-01-04T05:01:19.024000Z,,SUCCESS,,0.43350832633116,,False,UNREVIEWED,,False,2026-09-06T17:19:14Z,phase_5_ml_handoff/final_model.joblib,5909bb546fc55aeffd37b7bb601e96718709fe685e987705b246bb2963279798,phase_4b_ground_truth_v1
FIRMS_TN_0187,187,2024-12-28,2010,2024-12-28T20:00,N,11.818,77.91617,N20,VIIRS,n,1.51,309.86,292.31,17.55000000000001,0,0,43,20,1,64.3,0,0.1179227191348919,Industrial Thermal Activity,0.0134,0.9866,0.0,0.9866,HIGH,COVERED,,Other Industrial,Substation & Electrical Infrastructure,CAUTION_LOWER_RELEVANCE,381.61444074956063,1,1,1,Steel / Metallurgy,JSW Steel Plant,448.9735379428195,10,Tree cover,CLOUD_REJECTED,CLOUD_REJECTED,MISSING_PRE,2024-12-23T05:12:31.024000Z,2025-01-07T05:11:19.024000Z,ALL_PIXELS_MASKED,SUCCESS,,0.4132589493882251,,False,UNREVIEWED,,False,2026-09-06T17:19:14Z,phase_5_ml_handoff/final_model.joblib,5909bb546fc55aeffd37b7bb601e96718709fe685e987705b246bb2963279798,phase_4b_ground_truth_v1
FIRMS_TN_0188,188,2024-12-28,2010,2024-12-28T20:00,N,13.39401,80.10009,N20,VIIRS,n,1.64,312.26,293.73,18.529999999999973,0,0,21,10,1,22.85,0,1.38159973168257,Industrial Thermal Activity,0.0104,0.9568,0.0328,0.9568,HIGH,FAILED_TILE,,Other Industrial,Industrial Area / Zone,GENERAL_CONTEXT,137609.35115213177,0,0,0,Mining & Quarry,,139149.77357783445,30,Grassland,MISSING_PRODUCT,REAL_CDSE_SUCCESS,MISSING_PRE,,2025-01-04T05:01:19.024000Z,,SUCCESS,,0.5048601707999579,,True,VERIFIED,Persistent Industrial Thermal Source,True,2026-09-06T17:19:14Z,phase_5_ml_handoff/final_model.joblib,5909bb546fc55aeffd37b7bb601e96718709fe685e987705b246bb2963279798,phase_4b_ground_truth_v1
FIRMS_TN_0189,189,2024-12-28,2010,2024-12-28T20:00,N,13.16097,80.28578,N20,VIIRS,n,2.17,304.34,293.33,11.009999999999993,0,0,23,13,1,29.58,0,-0.5784652920982396,Industrial Thermal Activity,0.0127,0.959,0.0283,0.959,HIGH,FAILED_TILE,,Other Industrial,Industrial Area / Zone,GENERAL_CONTEXT,116634.18793483214,0,0,0,Mining & Quarry,,122374.0156820536,50,Built-up,MISSING_PRODUCT,CLOUD_REJECTED,MISSING_PRE,,2025-01-04T05:01:19.024000Z,,SUCCESS,,0.3193763180104995,,False,UNREVIEWED,,False,2026-09-06T17:19:14Z,phase_5_ml_handoff/final_model.joblib,5909bb546fc55aeffd37b7bb601e96718709fe685e987705b246bb2963279798,phase_4b_ground_truth_v1
FIRMS_TN_0190,190,2024-12-28,2010,2024-12-28T20:00,N,13.06441,80.18712,N20,VIIRS,n,0.56,304.75,292.87,11.879999999999995,0,0,7,6,1,5.2,0,0.311452610396924,Industrial Thermal Activity,0.2813,0.6757,0.043,0.6757,MEDIUM,FAILED_TILE,,Other Industrial,Industrial Area / Zone,GENERAL_CONTEXT,103294.88576244436,0,0,0,Mining & Quarry,,107980.89882015467,10,Tree cover,MISSING_PRODUCT,CLOUD_REJECTED,MISSING_BOTH,,2025-01-04T05:01:19.024000Z,,ALL_PIXELS_MASKED,,,,False,UNREVIEWED,,False,2026-09-06T17:19:14Z,phase_5_ml_handoff/final_model.joblib,5909bb546fc55aeffd37b7bb601e96718709fe685e987705b246bb2963279798,phase_4b_ground_truth_v1
FIRMS_TN_0191,191,2024-12-28,2010,2024-12-28T20:00,N,11.10632,79.16979,N20,VIIRS,n,0.4,304.27,293.12,11.149999999999975,0,0,1,1,0,0.4,0,-0.9051029480466796,Agricultural Burning,0.6526,0.2333,0.1141,0.6526,MEDIUM,COVERED,,Other Industrial,Industrial Area / Zone,GENERAL_CONTEXT,242.77062998955867,1,1,1,Mining & Quarry,,2061.4627833921104,50,Built-up,MISSING_PRODUCT,REAL_CDSE_SUCCESS,MISSING_PRE,,2025-01-04T05:01:19.024000Z,,SUCCESS,,0.4361118808606126,,False,UNREVIEWED,,False,2026-09-06T17:19:14Z,phase_5_ml_handoff/final_model.joblib,5909bb546fc55aeffd37b7bb601e96718709fe685e987705b246bb2963279798,phase_4b_ground_truth_v1
FIRMS_TN_0192,192,2024-12-28,2010,2024-12-28T20:00,N,11.18189,79.09865,N20,VIIRS,n,0.8,310.19,293.11,17.079999999999984,0,0,20,10,1,18.59,0,1.4973125804905878,Industrial Thermal Activity,0.1281,0.8619,0.01,0.8619,HIGH,COVERED,,Other Industrial,Substation & Electrical Infrastructure,CAUTION_LOWER_RELEVANCE,339.65514324508894,1,1,1,Power Plant,,823.3589322952018,50,Built-up,CLOUD_REJECTED,REAL_CDSE_SUCCESS,INSUFFICIENT_VALID_DATA,2024-12-23T05:12:31.024000Z,2025-01-02T05:12:21.024000Z,SUCCESS,SUCCESS,0.5634755066951729,0.464473978380564,,False,UNREVIEWED,,False,2026-09-06T17:19:14Z,phase_5_ml_handoff/final_model.joblib,5909bb546fc55aeffd37b7bb601e96718709fe685e987705b246bb2963279798,phase_4b_ground_truth_v1
FIRMS_TN_0193,193,2024-12-29,1953,2024-12-29T19:00,N,13.42006,80.09048,N20,VIIRS,n,1.07,299.51,286.91,12.599999999999966,0,0,1,1,0,1.07,0,-1.2137466067870335,Agricultural Burning,0.3885,0.3683,0.2432,0.3885,LOW,FAILED_TILE,,Other Industrial,Industrial Area / Zone,GENERAL_CONTEXT,140365.8222010186,0,0,0,Mining & Quarry,,141676.9345193366,30,Grassland,MISSING_PRODUCT,REAL_CDSE_SUCCESS,MISSING_PRE,,2025-01-04T05:01:19.024000Z,,SUCCESS,,0.47806448353524,,False,UNREVIEWED,,False,2026-09-06T17:19:14Z,phase_5_ml_handoff/final_model.joblib,5909bb546fc55aeffd37b7bb601e96718709fe685e987705b246bb2963279798,phase_4b_ground_truth_v1
FIRMS_TN_0194,194,2024-12-30,1932,2024-12-30T19:00,N,13.00249,79.90515,N20,VIIRS,n,0.83,303.22,287.44,15.78000000000003,0,0,2,2,0,1.31,0,-0.9731861080629312,Agricultural Burning,0.4894,0.2912,0.2194,0.4894,LOW,FAILED_TILE,,Mining,Mining & Quarry,HIGHER_RELEVANCE,91995.07965534682,0,0,0,Mining & Quarry,,91995.07965534682,20,Shrubland,MISSING_PRODUCT,REAL_CDSE_SUCCESS,MISSING_PRE,,2025-01-04T05:01:19.024000Z,,SUCCESS,,0.5207371982106626,,False,UNREVIEWED,,False,2026-09-06T17:19:14Z,phase_5_ml_handoff/final_model.joblib,5909bb546fc55aeffd37b7bb601e96718709fe685e987705b246bb2963279798,phase_4b_ground_truth_v1
FIRMS_TN_0195,195,2024-12-31,820,2024-12-31T08:00,D,11.4404,77.99475,N20,VIIRS,n,3.43,331.85,292.7,39.150000000000034,1,0,1,1,0,3.43,0,0.883214721713613,Agricultural Burning,0.654,0.01,0.336,0.654,MEDIUM,COVERED,,Other Industrial,Substation & Electrical Infrastructure,CAUTION_LOWER_RELEVANCE,4618.387673342534,0,0,0,Mining & Quarry,,6971.003636645242,40,Cropland,MISSING_PRODUCT,CLOUD_REJECTED,MISSING_PRE,,2025-01-02T05:12:21.024000Z,,SUCCESS,,0.5095731523449507,,False,UNREVIEWED,,False,2026-09-06T17:19:14Z,phase_5_ml_handoff/final_model.joblib,5909bb546fc55aeffd37b7bb601e96718709fe685e987705b246bb2963279798,phase_4b_ground_truth_v1
FIRMS_TN_0196,196,2024-12-31,820,2024-12-31T08:00,D,11.68432,79.29988,N20,VIIRS,n,2.41,337.24,296.3,40.94,1,0,1,1,0,2.41,0,1.2327082764637196,Agricultural Burning,0.7166,0.0373,0.2461,0.7166,MEDIUM,COVERED,Ulundurpet,Other Industrial,Substation & Electrical Infrastructure,CAUTION_LOWER_RELEVANCE,3303.970515288745,0,0,0,Mining & Quarry,,10311.9334180755,10,Tree cover,MISSING_PRODUCT,CLOUD_REJECTED,MISSING_PRE,,2025-01-04T05:01:19.024000Z,,SUCCESS,,0.5003877962040052,,False,UNREVIEWED,,False,2026-09-06T17:19:14Z,phase_5_ml_handoff/final_model.joblib,5909bb546fc55aeffd37b7bb601e96718709fe685e987705b246bb2963279798,phase_4b_ground_truth_v1
FIRMS_TN_0197,197,2024-12-31,820,2024-12-31T08:00,D,12.26136,77.4773,N20,VIIRS,n,10.24,348.28,303.57,44.70999999999998,1,0,2,1,0,13.37,1,1.948554073206052,Natural / Wildfire / Other,0.1414,0.0011,0.8575,0.8575,HIGH,FAILED_TILE,,Other Industrial,Substation & Electrical Infrastructure,CAUTION_LOWER_RELEVANCE,15831.010216118271,0,0,0,Power Plant,,15843.27147070533,10,Tree cover,CLOUD_REJECTED,CLOUD_REJECTED,INSUFFICIENT_VALID_DATA,2024-12-18T05:11:29.024000Z,2025-01-02T05:12:21.024000Z,SUCCESS,SUCCESS,0.5255787798042807,0.53628640669922,,True,VERIFIED,Natural/Forest Fire,True,2026-09-06T17:19:14Z,phase_5_ml_handoff/final_model.joblib,5909bb546fc55aeffd37b7bb601e96718709fe685e987705b246bb2963279798,phase_4b_ground_truth_v1
FIRMS_TN_0198,198,2024-12-31,820,2024-12-31T08:00,D,12.24911,77.47062,N20,VIIRS,l,3.31,331.21,302.87,28.33999999999997,1,0,2,1,0,6.91,0,0.8417164146560836,Natural / Wildfire / Other,0.3622,0.0011,0.6367,0.6367,MEDIUM,FAILED_TILE,,Power Plant,Power Plant,HIGHER_RELEVANCE,14403.97019208102,0,0,0,Power Plant,,14403.97019208102,20,Shrubland,REAL_CDSE_SUCCESS,REAL_CDSE_SUCCESS,SUCCESS,2024-12-18T05:11:29.024000Z,2025-01-02T05:12:21.024000Z,SUCCESS,SUCCESS,0.5363414961474233,0.4417026613828127,-0.0705626183986246,False,UNREVIEWED,,False,2026-09-06T17:19:14Z,phase_5_ml_handoff/final_model.joblib,5909bb546fc55aeffd37b7bb601e96718709fe685e987705b246bb2963279798,phase_4b_ground_truth_v1
FIRMS_TN_0199,199,2024-12-31,2053,2024-12-31T20:00,N,13.15986,80.28521,N20,VIIRS,n,1.12,306.51,292.53,13.980000000000018,0,0,15,10,1,31.96,0,-0.2848872069932989,Industrial Thermal Activity,0.0443,0.9273,0.0283,0.9273,HIGH,FAILED_TILE,,Other Industrial,Industrial Area / Zone,GENERAL_CONTEXT,116497.5902352988,0,0,0,Mining & Quarry,,122236.05421773116,50,Built-up,MISSING_PRODUCT,CLOUD_REJECTED,MISSING_PRE,,2025-01-04T05:01:19.024000Z,,SUCCESS,,0.3153223748421331,,False,UNREVIEWED,,False,2026-09-06T17:19:14Z,phase_5_ml_handoff/final_model.joblib,5909bb546fc55aeffd37b7bb601e96718709fe685e987705b246bb2963279798,phase_4b_ground_truth_v1
FIRMS_TN_0200,200,2024-12-31,2053,2024-12-31T20:00,N,11.78081,77.7215,N20,VIIRS,n,0.76,306.42,290.2,16.220000000000027,0,0,1,1,0,0.76,0,-0.7656945727752986,Agricultural Burning,0.7902,0.1383,0.0715,0.7902,HIGH,COVERED,,Mining,Mining & Quarry,HIGHER_RELEVANCE,5949.818790234501,0,0,0,Mining & Quarry,,5949.818790234501,40,Cropland,REAL_CDSE_SUCCESS,REAL_CDSE_SUCCESS,SUCCESS,2024-12-18T05:11:29.024000Z,2025-01-02T05:12:21.024000Z,SUCCESS,SUCCESS,0.5721919948599988,0.5584351527415575,0.0389620843776355,True,VERIFIED,Agricultural Burning,True,2026-09-06T17:19:14Z,phase_5_ml_handoff/final_model.joblib,5909bb546fc55aeffd37b7bb601e96718709fe685e987705b246bb2963279798,phase_4b_ground_truth_v1
FIRMS_TN_0201,201,2024-12-31,2053,2024-12-31T20:00,N,11.77863,77.72128,N20,VIIRS,n,0.68,304.69,290.68,14.009999999999993,0,0,2,1,0,1.4300000000000002,0,-0.8778696840401765,Agricultural Burning,0.8052,0.1183,0.0765,0.8052,HIGH,COVERED,,Mining,Mining & Quarry,HIGHER_RELEVANCE,6087.816170906925,0,0,0,Mining & Quarry,,6087.816170906925,40,Cropland,REAL_CDSE_SUCCESS,REAL_CDSE_SUCCESS,SUCCESS,2024-12-18T05:11:29.024000Z,2025-01-02T05:12:21.024000Z,SUCCESS,SUCCESS,0.573545096814012,0.5614007218249857,0.0354800560337866,False,UNREVIEWED,,False,2026-09-06T17:19:14Z,phase_5_ml_handoff/final_model.joblib,5909bb546fc55aeffd37b7bb601e96718709fe685e987705b246bb2963279798,phase_4b_ground_truth_v1
FIRMS_TN_0202,202,2024-12-31,2053,2024-12-31T20:00,N,11.184,79.09882,N20,VIIRS,n,0.44,303.23,291.34,11.890000000000043,0,0,20,10,1,18.59,0,-0.6780961576817203,Industrial Thermal Activity,0.2161,0.7839,0.0,0.7839,HIGH,COVERED,,Other Industrial,Substation & Electrical Infrastructure,CAUTION_LOWER_RELEVANCE,252.6786344265588,1,1,1,Power Plant,,702.0572128003425,50,Built-up,CLOUD_REJECTED,REAL_CDSE_SUCCESS,INSUFFICIENT_VALID_DATA,2024-12-23T05:12:31.024000Z,2025-01-02T05:12:21.024000Z,SUCCESS,SUCCESS,0.525976883643214,0.4528788591219885,,False,UNREVIEWED,,False,2026-09-06T17:19:14Z,phase_5_ml_handoff/final_model.joblib,5909bb546fc55aeffd37b7bb601e96718709fe685e987705b246bb2963279798,phase_4b_ground_truth_v1
FIRMS_TN_0203,203,2024-12-31,2055,2024-12-31T20:00,N,10.9299,77.06393,N20,VIIRS,n,0.51,302.8,289.27,13.53000000000003,0,0,11,7,1,6.7,0,0.05206361178653,Industrial Thermal Activity,0.3793,0.5557,0.065,0.5557,MEDIUM,FAILED_TILE,,Power Plant,Power Plant,HIGHER_RELEVANCE,20337.7321341047,0,0,0,Power Plant,,20337.7321341047,40,Cropland,REAL_CDSE_SUCCESS,CLOUD_REJECTED,INSUFFICIENT_VALID_DATA,2024-12-18T05:11:29.024000Z,2025-01-07T05:11:19.024000Z,SUCCESS,SUCCESS,0.4587905160071004,0.4043596340477397,,False,UNREVIEWED,,False,2026-09-06T17:19:14Z,phase_5_ml_handoff/final_model.joblib,5909bb546fc55aeffd37b7bb601e96718709fe685e987705b246bb2963279798,phase_4b_ground_truth_v1
FIRMS_TN_0204,204,2024-12-31,2055,2024-12-31T20:00,N,10.93015,77.06202,N20,VIIRS,n,0.41,301.78,289.94,11.839999999999977,0,0,7,6,1,5.66,0,-0.3827970066863109,Industrial Thermal Activity,0.3918,0.5407,0.0675,0.5407,MEDIUM,FAILED_TILE,,Power Plant,Power Plant,HIGHER_RELEVANCE,20546.716758749903,0,0,0,Power Plant,,20546.716758749903,40,Cropland,REAL_CDSE_SUCCESS,CLOUD_REJECTED,INSUFFICIENT_VALID_DATA,2024-12-18T05:11:29.024000Z,2025-01-07T05:11:19.024000Z,SUCCESS,SUCCESS,0.4491795992769558,0.3691593742092266,,False,UNREVIEWED,,False,2026-09-06T17:19:14Z,phase_5_ml_handoff/final_model.joblib,5909bb546fc55aeffd37b7bb601e96718709fe685e987705b246bb2963279798,phase_4b_ground_truth_v1
FIRMS_TN_0205,205,2025-01-01,800,2025-01-01T08:00,D,8.98492,77.60124,N20,VIIRS,n,8.35,341.7,303.02,38.68000000000001,1,0,1,1,0,8.35,1,1.5218996037708572,Natural / Wildfire / Other,0.3654,0.0011,0.6335,0.6335,MEDIUM,FAILED_TILE,,Power Plant,Power Plant,HIGHER_RELEVANCE,36432.02552744043,0,0,0,Power Plant,,36432.02552744043,30,Grassland,CLOUD_REJECTED,CLOUD_REJECTED,MISSING_PRE,2024-12-28T05:11:29.024000Z,2025-01-02T05:12:21.024000Z,ALL_PIXELS_MASKED,SUCCESS,,0.4879711492425422,,True,VERIFIED,Agricultural Burning,True,2026-09-06T17:19:14Z,phase_5_ml_handoff/final_model.joblib,5909bb546fc55aeffd37b7bb601e96718709fe685e987705b246bb2963279798,phase_4b_ground_truth_v1
FIRMS_TN_0206,206,2025-01-01,800,2025-01-01T08:00,D,9.00014,77.61005,N20,VIIRS,n,2.68,330.68,299.15,31.53000000000003,1,0,1,1,0,2.68,0,0.8073506291240711,Agricultural Burning,0.5878,0.0,0.4122,0.5878,MEDIUM,FAILED_TILE,,Power Plant,Power Plant,HIGHER_RELEVANCE,37376.201125159,0,0,0,Power Plant,,37376.201125159,40,Cropland,CLOUD_REJECTED,CLOUD_REJECTED,MISSING_PRE,2024-12-28T05:11:29.024000Z,2025-01-02T05:12:21.024000Z,ALL_PIXELS_MASKED,SUCCESS,,0.5045299925631561,,False,UNREVIEWED,,False,2026-09-06T17:19:14Z,phase_5_ml_handoff/final_model.joblib,5909bb546fc55aeffd37b7bb601e96718709fe685e987705b246bb2963279798,phase_4b_ground_truth_v1
FIRMS_TN_0207,207,2025-01-01,802,2025-01-01T08:00,D,12.76551,77.78887,N20,VIIRS,n,4.8,344.2,304.08,40.120000000000005,1,0,7,2,0,22.13,0,0.7649703827536998,Natural / Wildfire / Other,0.3628,0.0514,0.5857,0.5857,MEDIUM,FAILED_TILE,,Other Industrial,Substation & Electrical Infrastructure,CAUTION_LOWER_RELEVANCE,59609.64417276814,0,0,0,Mining & Quarry,,60651.23410771064,50,Built-up,CLOUD_REJECTED,REAL_CDSE_SUCCESS,INSUFFICIENT_VALID_DATA,2024-12-23T05:12:31.024000Z,2025-01-07T05:11:19.024000Z,SUCCESS,SUCCESS,0.2289368269064237,0.2435180416454428,,False,UNREVIEWED,,False,2026-09-06T17:19:14Z,phase_5_ml_handoff/final_model.joblib,5909bb546fc55aeffd37b7bb601e96718709fe685e987705b246bb2963279798,phase_4b_ground_truth_v1
FIRMS_TN_0208,208,2025-01-01,802,2025-01-01T08:00,D,12.76221,77.7894,N20,VIIRS,n,2.68,342.74,303.09,39.650000000000034,1,0,7,2,0,22.13,0,0.4091216202711002,Natural / Wildfire / Other,0.4527,0.08,0.4673,0.4673,LOW,FAILED_TILE,,Other Industrial,Substation & Electrical Infrastructure,CAUTION_LOWER_RELEVANCE,59675.86267276918,0,0,0,Mining & Quarry,,60832.097874539126,50,Built-up,CLOUD_REJECTED,REAL_CDSE_SUCCESS,INSUFFICIENT_VALID_DATA,2024-12-23T05:12:31.024000Z,2025-01-07T05:11:19.024000Z,SUCCESS,SUCCESS,0.3172358912219244,0.3032400054253301,,False,UNREVIEWED,,False,2026-09-06T17:19:14Z,phase_5_ml_handoff/final_model.joblib,5909bb546fc55aeffd37b7bb601e96718709fe685e987705b246bb2963279798,phase_4b_ground_truth_v1
FIRMS_TN_0209,209,2025-01-01,802,2025-01-01T08:00,D,9.27809,78.04165,N20,VIIRS,n,1.58,330.24,298.26,31.98000000000001,1,0,1,1,0,1.58,0,0.7788205430220216,Agricultural Burning,0.5102,0.03,0.4598,0.5102,MEDIUM,FAILED_TILE,,Power Plant,Power Plant,HIGHER_RELEVANCE,17878.976203449758,0,0,0,Power Plant,,17878.976203449758,10,Tree cover,CLOUD_REJECTED,MISSING_PRODUCT,MISSING_POST,2024-12-18T05:11:29.024000Z,,SUCCESS,,0.4919809197789864,,,True,VERIFIED,REVIEW_REQUIRED,False,2026-09-06T17:19:14Z,phase_5_ml_handoff/final_model.joblib,5909bb546fc55aeffd37b7bb601e96718709fe685e987705b246bb2963279798,phase_4b_ground_truth_v1
FIRMS_TN_0210,210,2025-01-01,802,2025-01-01T08:00,D,9.95182,77.59099,N20,VIIRS,n,2.79,334.88,302.88,32.0,1,0,1,1,0,2.79,0,1.0796832691890892,Agricultural Burning,0.7911,0.1331,0.0758,0.7911,HIGH,COVERED,,Power Plant,Power Plant,HIGHER_RELEVANCE,180.58017042174995,1,1,1,Power Plant,,180.58017042174995,40,Cropland,REAL_CDSE_SUCCESS,REAL_CDSE_SUCCESS,SUCCESS,2024-12-23T05:12:31.024000Z,2025-01-07T05:11:19.024000Z,SUCCESS,SUCCESS,0.5136716696303962,0.5184060966485167,-0.0756161272366625,True,VERIFIED,Agricultural Burning,True,2026-09-06T17:19:14Z,phase_5_ml_handoff/final_model.joblib,5909bb546fc55aeffd37b7bb601e96718709fe685e987705b246bb2963279798,phase_4b_ground_truth_v1
FIRMS_TN_0211,211,2025-01-01,802,2025-01-01T08:00,D,10.33826,78.88723,N20,VIIRS,n,3.52,333.68,299.81,33.870000000000005,1,0,1,1,0,3.52,0,1.0018739434562274,Natural / Wildfire / Other,0.0628,0.0007,0.9365,0.9365,HIGH,COVERED,,Other Industrial,Generic Industrial Building,GENERAL_CONTEXT,5070.475960950876,0,0,0,Manufacturing & Industrial Works,Nizam Supari Factory,9739.823679493464,20,Shrubland,CLOUD_REJECTED,REAL_CDSE_SUCCESS,MISSING_PRE,2024-12-20T05:02:21.024000Z,2025-01-04T05:01:19.024000Z,ALL_PIXELS_MASKED,SUCCESS,,0.4037437179256513,,True,VERIFIED,Natural/Forest Fire,True,2026-09-06T17:19:14Z,phase_5_ml_handoff/final_model.joblib,5909bb546fc55aeffd37b7bb601e96718709fe685e987705b246bb2963279798,phase_4b_ground_truth_v1
FIRMS_TN_0212,212,2025-01-01,802,2025-01-01T08:00,D,10.69594,77.54763,N20,VIIRS,n,1.55,332.04,302.19,29.850000000000023,1,0,1,1,0,1.55,0,0.8955345316213161,Agricultural Burning,0.7994,0.03,0.1706,0.7994,HIGH,COVERED,,Power Plant,Power Plant,HIGHER_RELEVANCE,1411.7067856357476,0,0,1,Power Plant,,1411.7067856357476,50,Built-up,CLOUD_REJECTED,CLOUD_REJECTED,MISSING_POST,2024-12-23T05:12:31.024000Z,2025-01-07T05:11:19.024000Z,SUCCESS,ALL_PIXELS_MASKED,0.5582259043841418,,,False,UNREVIEWED,,False,2026-09-06T17:19:14Z,phase_5_ml_handoff/final_model.joblib,5909bb546fc55aeffd37b7bb601e96718709fe685e987705b246bb2963279798,phase_4b_ground_truth_v1
FIRMS_TN_0213,213,2025-01-01,802,2025-01-01T08:00,D,10.94611,79.13213,N20,VIIRS,n,2.79,336.33,300.28,36.05000000000001,1,0,1,1,0,2.79,0,1.1737028711162971,Natural / Wildfire / Other,0.4296,0.0057,0.5647,0.5647,MEDIUM,COVERED,Sathamangalam,Other Industrial,Substation & Electrical Infrastructure,CAUTION_LOWER_RELEVANCE,7482.198308177201,0,0,0,Manufacturing & Industrial Works,Sugar Factory,8639.53628091618,10,Tree cover,MISSING_PRODUCT,REAL_CDSE_SUCCESS,MISSING_PRE,,2025-01-04T05:01:19.024000Z,,SUCCESS,,0.5577061568530419,,False,UNREVIEWED,,False,2026-09-06T17:19:14Z,phase_5_ml_handoff/final_model.joblib,5909bb546fc55aeffd37b7bb601e96718709fe685e987705b246bb2963279798,phase_4b_ground_truth_v1
FIRMS_TN_0214,214,2025-01-01,802,2025-01-01T08:00,D,11.25105,77.11478,N20,VIIRS,n,1.99,334.75,304.6,30.149999999999977,1,0,1,1,0,1.99,0,1.0712539255680291,Agricultural Burning,0.5127,0.0467,0.4406,0.5127,MEDIUM,FAILED_TILE,,Power Plant,Power Plant,HIGHER_RELEVANCE,14671.187639902322,0,0,0,Power Plant,,14671.187639902322,30,Grassland,CLOUD_REJECTED,REAL_CDSE_SUCCESS,INSUFFICIENT_VALID_DATA,2024-12-18T05:11:29.024000Z,2025-01-07T05:11:19.024000Z,SUCCESS,SUCCESS,0.599863455037602,0.4848403206224267,,False,UNREVIEWED,,False,2026-09-06T17:19:14Z,phase_5_ml_handoff/final_model.joblib,5909bb546fc55aeffd37b7bb601e96718709fe685e987705b246bb2963279798,phase_4b_ground_truth_v1
FIRMS_TN_0215,215,2025-01-01,802,2025-01-01T08:00,D,11.94915,78.9861,N20,VIIRS,n,3.36,330.37,300.24,30.129999999999995,1,0,2,1,0,6.34,0,0.7872498866430815,Natural / Wildfire / Other,0.4007,0.0073,0.5919,0.5919,MEDIUM,COVERED,Ariyalur,Other Industrial,Substation & Electrical Infrastructure,CAUTION_LOWER_RELEVANCE,3354.832710190662,0,0,0,Manufacturing & Industrial Works,Kallakurichi Coop Sugar Mills,12710.302699571645,30,Grassland,REAL_CDSE_SUCCESS,MISSING_PRODUCT,MISSING_POST,2024-12-23T05:12:31.024000Z,,SUCCESS,,0.6756177602563892,,,False,UNREVIEWED,,False,2026-09-06T17:19:14Z,phase_5_ml_handoff/final_model.joblib,5909bb546fc55aeffd37b7bb601e96718709fe685e987705b246bb2963279798,phase_4b_ground_truth_v1
FIRMS_TN_0216,216,2025-01-01,802,2025-01-01T08:00,D,11.70016,77.97418,N20,VIIRS,n,1.69,332.68,302.89,29.79000000000002,1,0,1,1,0,1.69,0,0.937032838678842,Agricultural Burning,0.6191,0.0517,0.3293,0.6191,MEDIUM,COVERED,Taramangalam,Other Industrial,Substation & Electrical Infrastructure,CAUTION_LOWER_RELEVANCE,1321.9970531717313,0,0,1,Manufacturing & Industrial Works,,6502.443528996521,30,Grassland,CLOUD_REJECTED,CLOUD_REJECTED,MISSING_PRE,2024-12-23T05:12:31.024000Z,2025-01-02T05:12:21.024000Z,ALL_PIXELS_MASKED,SUCCESS,,0.4211382899900232,,False,UNREVIEWED,,False,2026-09-06T17:19:14Z,phase_5_ml_handoff/final_model.joblib,5909bb546fc55aeffd37b7bb601e96718709fe685e987705b246bb2963279798,phase_4b_ground_truth_v1
FIRMS_TN_0217,217,2025-01-01,802,2025-01-01T08:00,D,11.88465,79.34978,N20,VIIRS,n,3.68,337.29,301.5,35.79000000000002,1,0,1,1,0,3.68,0,1.2359503317025895,Agricultural Burning,0.5391,0.014,0.4469,0.5391,MEDIUM,COVERED,Thiruvennainallur,Other Industrial,Substation & Electrical Infrastructure,CAUTION_LOWER_RELEVANCE,4893.160422651487,0,0,0,Mining & Quarry,,17212.541863568942,10,Tree cover,MISSING_PRODUCT,CLOUD_REJECTED,MISSING_PRE,,2025-01-04T05:01:19.024000Z,,SUCCESS,,0.5551360904312277,,False,UNREVIEWED,,False,2026-09-06T17:19:14Z,phase_5_ml_handoff/final_model.joblib,5909bb546fc55aeffd37b7bb601e96718709fe685e987705b246bb2963279798,phase_4b_ground_truth_v1
FIRMS_TN_0218,218,2025-01-01,802,2025-01-01T08:00,D,11.5132,78.5043,N20,VIIRS,n,10.79,331.55,303.06,28.49000000000001,1,0,1,1,0,10.79,1,0.8637623902803967,Agricultural Burning,0.783,0.0067,0.2103,0.783,HIGH,COVERED,,Mining,Mining & Quarry,HIGHER_RELEVANCE,5214.957979207941,0,0,0,Mining & Quarry,,5214.957979207941,40,Cropland,CLOUD_REJECTED,REAL_CDSE_SUCCESS,INSUFFICIENT_VALID_DATA,2024-12-23T05:12:31.024000Z,2025-01-02T05:12:21.024000Z,SUCCESS,SUCCESS,0.4457250626715483,0.6123311615625168,,True,VERIFIED,Agricultural Burning,True,2026-09-06T17:19:14Z,phase_5_ml_handoff/final_model.joblib,5909bb546fc55aeffd37b7bb601e96718709fe685e987705b246bb2963279798,phase_4b_ground_truth_v1
FIRMS_TN_0219,219,2025-01-01,802,2025-01-01T08:00,D,11.35749,77.60499,N20,VIIRS,n,2.28,331.35,300.22,31.129999999999995,1,0,1,1,0,2.28,0,0.8507941693249204,Agricultural Burning,0.639,0.015,0.346,0.639,MEDIUM,COVERED,Gandhi Nagar,Other Industrial,Substation & Electrical Infrastructure,CAUTION_LOWER_RELEVANCE,2650.77629575828,0,0,0,Manufacturing & Industrial Works,Dheeranraj textiles,4318.3239385165125,40,Cropland,REAL_CDSE_SUCCESS,REAL_CDSE_SUCCESS,SUCCESS,2024-12-18T05:11:29.024000Z,2025-01-07T05:11:19.024000Z,SUCCESS,SUCCESS,0.666990495703071,0.5966553201990424,-0.0338346196013762,False,UNREVIEWED,,False,2026-09-06T17:19:14Z,phase_5_ml_handoff/final_model.joblib,5909bb546fc55aeffd37b7bb601e96718709fe685e987705b246bb2963279798,phase_4b_ground_truth_v1
FIRMS_TN_0220,220,2025-01-01,2036,2025-01-01T20:00,N,11.81757,77.91451,N20,VIIRS,n,1.33,302.01,291.5,10.509999999999993,0,0,43,8,1,64.3,0,-0.8842125740167522,Industrial Thermal Activity,0.022,0.978,0.0,0.978,HIGH,COVERED,JSW Steel Plant,Manufacturing,Steel / Metallurgy,HIGHER_RELEVANCE,528.232756284961,0,1,1,Steel / Metallurgy,JSW Steel Plant,528.232756284961,60,Bare/sparse vegetation,CLOUD_REJECTED,CLOUD_REJECTED,MISSING_PRE,2024-12-23T05:12:31.024000Z,2025-01-07T05:11:19.024000Z,ALL_PIXELS_MASKED,SUCCESS,,0.4135522774563113,,False,UNREVIEWED,,False,2026-09-06T17:19:14Z,phase_5_ml_handoff/final_model.joblib,5909bb546fc55aeffd37b7bb601e96718709fe685e987705b246bb2963279798,phase_4b_ground_truth_v1
FIRMS_TN_0221,221,2025-01-01,2036,2025-01-01T20:00,N,11.18145,79.09953,N20,VIIRS,n,1.23,307.52,290.33,17.189999999999998,0,0,20,6,1,18.59,0,0.6627807800710311,Industrial Thermal Activity,0.0261,0.9639,0.01,0.9639,HIGH,COVERED,,Other Industrial,Substation & Electrical Infrastructure,CAUTION_LOWER_RELEVANCE,442.6917136507949,1,1,1,Power Plant,,776.5643265705869,50,Built-up,CLOUD_REJECTED,REAL_CDSE_SUCCESS,INSUFFICIENT_VALID_DATA,2024-12-23T05:12:31.024000Z,2025-01-02T05:12:21.024000Z,SUCCESS,SUCCESS,0.4469351921771849,0.4614236200206369,,False,UNREVIEWED,,False,2026-09-06T17:19:14Z,phase_5_ml_handoff/final_model.joblib,5909bb546fc55aeffd37b7bb601e96718709fe685e987705b246bb2963279798,phase_4b_ground_truth_v1
FIRMS_TN_0222,222,2025-01-01,2036,2025-01-01T20:00,N,11.81676,77.91927,N20,VIIRS,n,1.33,308.7,291.7,17.0,0,0,43,8,1,64.3,0,-0.0301635152671372,Industrial Thermal Activity,0.0134,0.9866,0.0,0.9866,HIGH,COVERED,,Other Industrial,Substation & Electrical Infrastructure,CAUTION_LOWER_RELEVANCE,24.938585319909933,1,1,1,Steel / Metallurgy,JSW Steel Plant,278.34322208250785,50,Built-up,CLOUD_REJECTED,CLOUD_REJECTED,MISSING_PRE,2024-12-23T05:12:31.024000Z,2025-01-07T05:11:19.024000Z,ALL_PIXELS_MASKED,SUCCESS,,0.4249787061267741,,False,UNREVIEWED,,False,2026-09-06T17:19:14Z,phase_5_ml_handoff/final_model.joblib,5909bb546fc55aeffd37b7bb601e96718709fe685e987705b246bb2963279798,phase_4b_ground_truth_v1
FIRMS_TN_0223,223,2025-01-01,2036,2025-01-01T20:00,N,11.35407,77.32398,N20,VIIRS,n,0.5,301.85,290.64,11.210000000000036,0,0,1,1,0,0.5,0,-1.0620184216079496,Agricultural Burning,0.7388,0.1629,0.0983,0.7388,MEDIUM,COVERED,Nambiyur,Other Industrial,Substation & Electrical Infrastructure,CAUTION_LOWER_RELEVANCE,1349.1749216929948,0,0,1,Manufacturing & Industrial Works,Malayappalayam EB Sub Station,7232.666080450238,50,Built-up,REAL_CDSE_SUCCESS,REAL_CDSE_SUCCESS,SUCCESS,2024-12-18T05:11:29.024000Z,2025-01-07T05:11:19.024000Z,SUCCESS,SUCCESS,0.4701380790315581,0.4125207554024938,-0.0375284608549297,False,UNREVIEWED,,False,2026-09-06T17:19:14Z,phase_5_ml_handoff/final_model.joblib,5909bb546fc55aeffd37b7bb601e96718709fe685e987705b246bb2963279798,phase_4b_ground_truth_v1
FIRMS_TN_0224,224,2025-01-01,2036,2025-01-01T20:00,N,11.18356,79.10158,N20,VIIRS,n,1.27,307.96,290.43,17.529999999999973,0,0,8,3,1,8.73,0,0.3979606686887854,Industrial Thermal Activity,0.2162,0.7277,0.0561,0.7277,MEDIUM,COVERED,,Power Plant,Power Plant,HIGHER_RELEVANCE,455.0856799746628,1,1,1,Power Plant,,455.0856799746628,50,Built-up,CLOUD_REJECTED,REAL_CDSE_SUCCESS,MISSING_PRE,2024-12-23T05:12:31.024000Z,2025-01-02T05:12:21.024000Z,ALL_PIXELS_MASKED,SUCCESS,,0.4150625744342416,,False,UNREVIEWED,,False,2026-09-06T17:19:14Z,phase_5_ml_handoff/final_model.joblib,5909bb546fc55aeffd37b7bb601e96718709fe685e987705b246bb2963279798,phase_4b_ground_truth_v1
FIRMS_TN_0225,225,2025-01-01,2036,2025-01-01T20:00,N,11.49499,77.31486,N20,VIIRS,n,1.25,308.42,290.58,17.840000000000032,0,0,2,1,0,2.52,0,-0.6360123632205278,Agricultural Burning,0.6208,0.2696,0.1096,0.6208,MEDIUM,COVERED,Periyakodiveri,Other Industrial,Substation & Electrical Infrastructure,CAUTION_LOWER_RELEVANCE,3948.0062501695697,0,0,0,Manufacturing & Industrial Works,Coirmedia,17034.079105325432,40,Cropland,REAL_CDSE_SUCCESS,REAL_CDSE_SUCCESS,SUCCESS,2024-12-18T05:11:29.024000Z,2025-01-07T05:11:19.024000Z,SUCCESS,SUCCESS,0.6121446041015911,0.5983479858226096,0.0134810840420325,False,UNREVIEWED,,False,2026-09-06T17:19:14Z,phase_5_ml_handoff/final_model.joblib,5909bb546fc55aeffd37b7bb601e96718709fe685e987705b246bb2963279798,phase_4b_ground_truth_v1
FIRMS_TN_0226,226,2025-01-01,2036,2025-01-01T20:00,N,11.49306,77.31637,N20,VIIRS,n,1.27,311.48,290.51,20.970000000000027,0,0,2,1,0,2.52,0,-0.4375985826017282,Agricultural Burning,0.4397,0.33,0.2303,0.4397,LOW,COVERED,Saravana Polythreads Pvt. Ltd.,Other Industrial,Industrial Area / Zone,GENERAL_CONTEXT,3963.710178794028,0,0,0,Manufacturing & Industrial Works,Coirmedia,16828.46736971789,10,Tree cover,REAL_CDSE_SUCCESS,REAL_CDSE_SUCCESS,SUCCESS,2024-12-18T05:11:29.024000Z,2025-01-07T05:11:19.024000Z,SUCCESS,SUCCESS,0.6329855205501952,0.6129197736953312,0.0053883755917374,False,UNREVIEWED,,False,2026-09-06T17:19:14Z,phase_5_ml_handoff/final_model.joblib,5909bb546fc55aeffd37b7bb601e96718709fe685e987705b246bb2963279798,phase_4b_ground_truth_v1
FIRMS_TN_0227,227,2025-01-01,2036,2025-01-01T20:00,N,13.0309,79.92147,N20,VIIRS,n,0.61,301.8,284.17,17.629999999999995,0,0,2,1,0,0.95,0,-1.0652604768468197,Agricultural Burning,0.6016,0.1712,0.2272,0.6016,MEDIUM,FAILED_TILE,,Mining,Mining & Quarry,HIGHER_RELEVANCE,95418.46563205044,0,0,0,Mining & Quarry,,95418.46563205044,10,Tree cover,MISSING_PRODUCT,REAL_CDSE_SUCCESS,MISSING_PRE,,2025-01-04T05:01:19.024000Z,,SUCCESS,,0.5367804436410377,,False,UNREVIEWED,,False,2026-09-06T17:19:14Z,phase_5_ml_handoff/final_model.joblib,5909bb546fc55aeffd37b7bb601e96718709fe685e987705b246bb2963279798,phase_4b_ground_truth_v1
FIRMS_TN_0228,228,2025-01-01,2036,2025-01-01T20:00,N,13.39424,80.09948,N20,VIIRS,n,0.94,302.39,288.04,14.349999999999966,0,0,4,2,0,2.53,0,-1.0270042250281637,Agricultural Burning,0.3785,0.369,0.2525,0.3785,LOW,FAILED_TILE,,Other Industrial,Industrial Area / Zone,GENERAL_CONTEXT,137626.77468966597,0,0,0,Mining & Quarry,,139156.90396156747,30,Grassland,MISSING_PRODUCT,REAL_CDSE_SUCCESS,MISSING_PRE,,2025-01-04T05:01:19.024000Z,,SUCCESS,,0.5165481772721585,,False,UNREVIEWED,,False,2026-09-06T17:19:14Z,phase_5_ml_handoff/final_model.joblib,5909bb546fc55aeffd37b7bb601e96718709fe685e987705b246bb2963279798,phase_4b_ground_truth_v1
FIRMS_TN_0229,229,2025-01-02,741,2025-01-02T07:00,D,11.00075,78.41774,N20,VIIRS,n,1.61,331.64,300.45,31.19,1,0,1,1,0,1.61,0,0.8695980897103598,Agricultural Burning,0.8294,0.02,0.1506,0.8294,HIGH,COVERED,,Power Plant,Power Plant,HIGHER_RELEVANCE,2111.407234582634,0,0,0,Power Plant,,2111.407234582634,40,Cropland,CLOUD_REJECTED,REAL_CDSE_SUCCESS,MISSING_PRE,2024-12-23T05:12:31.024000Z,2025-01-07T05:11:19.024000Z,ALL_PIXELS_MASKED,SUCCESS,,0.6045230243763208,,False,UNREVIEWED,,False,2026-09-06T17:19:14Z,phase_5_ml_handoff/final_model.joblib,5909bb546fc55aeffd37b7bb601e96718709fe685e987705b246bb2963279798,phase_4b_ground_truth_v1
FIRMS_TN_0230,230,2025-01-02,743,2025-01-02T07:00,D,12.76237,78.00354,N20,VIIRS,n,2.5,330.67,302.73,27.94,1,0,1,1,0,2.5,0,0.8067022180762978,Natural / Wildfire / Other,0.2375,0.0118,0.7507,0.7507,HIGH,FAILED_TILE,Palavadi,Other Industrial,Substation & Electrical Infrastructure,CAUTION_LOWER_RELEVANCE,66739.65935929085,0,0,0,"Oil, Gas & Chemical",HPCL Dharmapuri Terminal,82642.26335504063,30,Grassland,REAL_CDSE_SUCCESS,REAL_CDSE_SUCCESS,SUCCESS,2024-12-23T05:12:31.024000Z,2025-01-07T05:11:19.024000Z,SUCCESS,SUCCESS,0.4661768658690035,0.4698489273248193,-0.0361311981997712,False,UNREVIEWED,,False,2026-09-06T17:19:14Z,phase_5_ml_handoff/final_model.joblib,5909bb546fc55aeffd37b7bb601e96718709fe685e987705b246bb2963279798,phase_4b_ground_truth_v1
FIRMS_TN_0231,231,2025-01-02,743,2025-01-02T07:00,D,13.16646,79.46835,N20,VIIRS,n,3.63,330.02,296.27,33.75,1,0,1,1,0,3.63,0,0.7645554999709951,Agricultural Burning,0.6144,0.0,0.3856,0.6144,MEDIUM,FAILED_TILE,,Mining,Mining & Quarry,HIGHER_RELEVANCE,113361.560593828,0,0,0,Mining & Quarry,,113361.560593828,40,Cropland,REAL_CDSE_SUCCESS,CLOUD_REJECTED,INSUFFICIENT_VALID_DATA,2024-12-28T05:11:29.024000Z,2025-01-04T05:01:19.024000Z,SUCCESS,SUCCESS,0.5813201683278432,0.5202328720151789,,False,UNREVIEWED,,False,2026-09-06T17:19:14Z,phase_5_ml_handoff/final_model.joblib,5909bb546fc55aeffd37b7bb601e96718709fe685e987705b246bb2963279798,phase_4b_ground_truth_v1
FIRMS_TN_0232,232,2025-01-02,743,2025-01-02T07:00,D,13.14527,79.34011,N20,VIIRS,n,4.12,333.58,294.47,39.10999999999996,1,0,1,1,0,4.12,0,0.9953898329784874,Natural / Wildfire / Other,0.0694,0.0018,0.9288,0.9288,HIGH,FAILED_TILE,Rajanthangal,Other Industrial,Substation & Electrical Infrastructure,CAUTION_LOWER_RELEVANCE,111973.52913226772,0,0,0,Manufacturing & Industrial Works,Sree Amman Transformer Works,114547.90495185523,20,Shrubland,CLOUD_REJECTED,CLOUD_REJECTED,INSUFFICIENT_VALID_DATA,2024-12-28T05:11:29.024000Z,2025-01-07T05:11:19.024000Z,SUCCESS,SUCCESS,0.6268291412750713,0.5668665085349865,,True,VERIFIED,Natural/Forest Fire,True,2026-09-06T17:19:14Z,phase_5_ml_handoff/final_model.joblib,5909bb546fc55aeffd37b7bb601e96718709fe685e987705b246bb2963279798,phase_4b_ground_truth_v1
FIRMS_TN_0233,233,2025-01-02,2016,2025-01-02T20:00,N,11.74678,78.1469,N20,VIIRS,n,0.48,297.54,283.03,14.510000000000048,0,0,1,1,0,0.48,0,-1.3414835831984808,Agricultural Burning,0.789,0.1362,0.0749,0.789,HIGH,COVERED,Magnesite mines,Mining,Mining & Quarry,HIGHER_RELEVANCE,2435.2700536772004,0,0,0,Mining & Quarry,Magnesite mines,2435.2700536772004,60,Bare/sparse vegetation,CLOUD_REJECTED,REAL_CDSE_SUCCESS,MISSING_PRE,2024-12-23T05:12:31.024000Z,2025-01-07T05:11:19.024000Z,ALL_PIXELS_MASKED,SUCCESS,,0.2791939362610835,,False,UNREVIEWED,,False,2026-09-06T17:19:14Z,phase_5_ml_handoff/final_model.joblib,5909bb546fc55aeffd37b7bb601e96718709fe685e987705b246bb2963279798,phase_4b_ground_truth_v1
FIRMS_TN_0234,234,2025-01-02,2016,2025-01-02T20:00,N,13.16005,80.28485,N20,VIIRS,n,1.28,310.98,282.87,28.110000000000014,0,0,23,4,1,29.58,0,1.3777618870258332,Industrial Thermal Activity,0.0751,0.7434,0.1815,0.7434,MEDIUM,FAILED_TILE,,Other Industrial,Industrial Area / Zone,GENERAL_CONTEXT,116505.34404891184,0,0,0,Mining & Quarry,,122236.5287501059,50,Built-up,MISSING_PRODUCT,CLOUD_REJECTED,MISSING_PRE,,2025-01-04T05:01:19.024000Z,,SUCCESS,,0.3165057218950864,,False,UNREVIEWED,,False,2026-09-06T17:19:14Z,phase_5_ml_handoff/final_model.joblib,5909bb546fc55aeffd37b7bb601e96718709fe685e987705b246bb2963279798,phase_4b_ground_truth_v1
FIRMS_TN_0235,235,2025-01-02,2016,2025-01-02T20:00,N,12.968,79.91467,N20,VIIRS,n,0.42,295.6,271.1,24.5,0,0,5,2,0,3.61,0,-1.5640196162935749,Agricultural Burning,0.541,0.2402,0.2188,0.541,MEDIUM,FAILED_TILE,,Mining,Mining & Quarry,HIGHER_RELEVANCE,88410.07385442985,0,0,0,Mining & Quarry,,88410.07385442985,20,Shrubland,MISSING_PRODUCT,CLOUD_REJECTED,MISSING_PRE,,2025-01-04T05:01:19.024000Z,,SUCCESS,,0.4121859724761175,,False,UNREVIEWED,,False,2026-09-06T17:19:14Z,phase_5_ml_handoff/final_model.joblib,5909bb546fc55aeffd37b7bb601e96718709fe685e987705b246bb2963279798,phase_4b_ground_truth_v1
FIRMS_TN_0236,236,2025-01-02,2016,2025-01-02T20:00,N,11.81654,77.9172,N20,VIIRS,n,1.84,317.27,287.46,29.81,0,0,43,8,1,64.3,0,1.0638873716512778,Industrial Thermal Activity,0.0014,0.9886,0.01,0.9886,HIGH,COVERED,,Other Industrial,Substation & Electrical Infrastructure,CAUTION_LOWER_RELEVANCE,250.2533526925569,1,1,1,Steel / Metallurgy,JSW Steel Plant,253.08744595977683,50,Built-up,CLOUD_REJECTED,CLOUD_REJECTED,MISSING_PRE,2024-12-23T05:12:31.024000Z,2025-01-07T05:11:19.024000Z,ALL_PIXELS_MASKED,SUCCESS,,0.3984507714245052,,False,UNREVIEWED,,False,2026-09-06T17:19:14Z,phase_5_ml_handoff/final_model.joblib,5909bb546fc55aeffd37b7bb601e96718709fe685e987705b246bb2963279798,phase_4b_ground_truth_v1
FIRMS_TN_0237,237,2025-01-02,2016,2025-01-02T20:00,N,11.80883,77.92317,N20,VIIRS,n,1.63,307.07,288.45,18.620000000000005,0,0,21,6,1,32.72,0,-0.095066468192724,Industrial Thermal Activity,0.0214,0.9786,0.0,0.9786,HIGH,COVERED,,Other Industrial,Substation & Electrical Infrastructure,CAUTION_LOWER_RELEVANCE,242.57965435412007,1,1,1,Steel / Metallurgy,JSW Steel Plant,829.4327023276619,50,Built-up,CLOUD_REJECTED,CLOUD_REJECTED,MISSING_PRE,2024-12-23T05:12:31.024000Z,2025-01-07T05:11:19.024000Z,ALL_PIXELS_MASKED,SUCCESS,,0.388235627337277,,False,UNREVIEWED,,False,2026-09-06T17:19:14Z,phase_5_ml_handoff/final_model.joblib,5909bb546fc55aeffd37b7bb601e96718709fe685e987705b246bb2963279798,phase_4b_ground_truth_v1
FIRMS_TN_0238,238,2025-01-02,2018,2025-01-02T20:00,N,11.18149,79.09891,N20,VIIRS,n,1.34,311.23,293.51,17.720000000000027,0,0,20,6,1,18.59,0,1.822373656309446,Industrial Thermal Activity,0.0181,0.9619,0.02,0.9619,HIGH,COVERED,,Other Industrial,Substation & Electrical Infrastructure,CAUTION_LOWER_RELEVANCE,391.56804662037536,1,1,1,Power Plant,,826.2397073449256,50,Built-up,CLOUD_REJECTED,REAL_CDSE_SUCCESS,INSUFFICIENT_VALID_DATA,2024-12-23T05:12:31.024000Z,2025-01-04T05:01:19.024000Z,SUCCESS,SUCCESS,0.5160880293374338,0.4485625563620879,,False,UNREVIEWED,,False,2026-09-06T17:19:14Z,phase_5_ml_handoff/final_model.joblib,5909bb546fc55aeffd37b7bb601e96718709fe685e987705b246bb2963279798,phase_4b_ground_truth_v1
FIRMS_TN_0239,239,2025-01-02,2018,2025-01-02T20:00,N,11.00624,76.89335,N20,VIIRS,n,0.36,303.46,282.83,20.629999999999995,0,0,1,1,0,0.36,0,-0.9576242429163618,Agricultural Burning,0.6542,0.149,0.1968,0.6542,MEDIUM,FAILED_TILE,,Other Industrial,Industrial Area / Zone,GENERAL_CONTEXT,39091.72430964679,0,0,0,Power Plant,,39618.67516542113,50,Built-up,CLOUD_REJECTED,REAL_CDSE_SUCCESS,INSUFFICIENT_VALID_DATA,2024-12-28T05:11:29.024000Z,2025-01-07T05:11:19.024000Z,SUCCESS,SUCCESS,0.4659129228429433,0.4187934491934058,,False,UNREVIEWED,,False,2026-09-06T17:19:14Z,phase_5_ml_handoff/final_model.joblib,5909bb546fc55aeffd37b7bb601e96718709fe685e987705b246bb2963279798,phase_4b_ground_truth_v1
FIRMS_TN_0240,240,2025-01-03,722,2025-01-03T07:00,D,8.20461,77.64593,N20,VIIRS,n,3.94,337.12,289.89,47.23000000000002,1,0,1,1,0,3.94,0,1.2249273438904331,Agricultural Burning,0.6457,0.0246,0.3297,0.6457,MEDIUM,FAILED_TILE,,Mining,Mining & Quarry,HIGHER_RELEVANCE,43798.71074204502,0,0,0,Mining & Quarry,,43798.71074204502,20,Shrubland,CLOUD_REJECTED,REAL_CDSE_SUCCESS,INSUFFICIENT_VALID_DATA,2025-01-02T05:12:21.024000Z,2025-01-07T05:11:19.024000Z,SUCCESS,SUCCESS,0.3587900297317315,0.3247307786320995,,False,UNREVIEWED,,False,2026-09-06T17:19:14Z,phase_5_ml_handoff/final_model.joblib,5909bb546fc55aeffd37b7bb601e96718709fe685e987705b246bb2963279798,phase_4b_ground_truth_v1
FIRMS_TN_0241,241,2025-01-03,724,2025-01-03T07:00,D,10.74361,77.07713,N20,VIIRS,n,11.51,345.56,295.75,49.81,1,0,3,1,0,37.94,1,1.772186268211566,Natural / Wildfire / Other,0.4405,0.0078,0.5517,0.5517,MEDIUM,FAILED_TILE,,Power Plant,Power Plant,HIGHER_RELEVANCE,19198.01248688615,0,0,0,Power Plant,,19198.01248688615,30,Grassland,REAL_CDSE_SUCCESS,CLOUD_REJECTED,MISSING_POST,2024-12-23T05:12:31.024000Z,2025-01-07T05:11:19.024000Z,SUCCESS,ALL_PIXELS_MASKED,0.6119892470223036,,,False,UNREVIEWED,,False,2026-09-06T17:19:14Z,phase_5_ml_handoff/final_model.joblib,5909bb546fc55aeffd37b7bb601e96718709fe685e987705b246bb2963279798,phase_4b_ground_truth_v1
FIRMS_TN_0242,242,2025-01-03,724,2025-01-03T07:00,D,10.74274,77.0725,N20,VIIRS,n,11.26,347.22,296.97,50.25,1,0,3,1,0,37.94,1,1.8798225021420272,Natural / Wildfire / Other,0.4405,0.0078,0.5517,0.5517,MEDIUM,FAILED_TILE,,Power Plant,Power Plant,HIGHER_RELEVANCE,19709.74956946722,0,0,0,Power Plant,,19709.74956946722,30,Grassland,CLOUD_REJECTED,CLOUD_REJECTED,MISSING_POST,2024-12-23T05:12:31.024000Z,2025-01-07T05:11:19.024000Z,SUCCESS,ALL_PIXELS_MASKED,0.6361243210547498,,,False,UNREVIEWED,,False,2026-09-06T17:19:14Z,phase_5_ml_handoff/final_model.joblib,5909bb546fc55aeffd37b7bb601e96718709fe685e987705b246bb2963279798,phase_4b_ground_truth_v1
FIRMS_TN_0243,243,2025-01-03,724,2025-01-03T07:00,D,10.74473,77.07406,N20,VIIRS,h,15.17,367.0,298.07,68.93,1,0,3,1,0,37.94,1,3.162379554638709,Natural / Wildfire / Other,0.4875,0.0078,0.5047,0.5047,MEDIUM,FAILED_TILE,,Power Plant,Power Plant,HIGHER_RELEVANCE,19523.65612649716,0,0,0,Power Plant,,19523.65612649716,30,Grassland,REAL_CDSE_SUCCESS,CLOUD_REJECTED,MISSING_POST,2024-12-23T05:12:31.024000Z,2025-01-07T05:11:19.024000Z,SUCCESS,ALL_PIXELS_MASKED,0.6207211748235049,,,True,VERIFIED,Agricultural Burning,True,2026-09-06T17:19:14Z,phase_5_ml_handoff/final_model.joblib,5909bb546fc55aeffd37b7bb601e96718709fe685e987705b246bb2963279798,phase_4b_ground_truth_v1
FIRMS_TN_0244,244,2025-01-03,724,2025-01-03T07:00,D,12.22936,79.20753,N20,VIIRS,n,3.78,334.43,295.7,38.73000000000002,1,0,1,1,0,3.78,0,1.0505047720392664,Agricultural Burning,0.6299,0.011,0.3591,0.6299,MEDIUM,FAILED_TILE,Rajanthangal,Other Industrial,Substation & Electrical Infrastructure,CAUTION_LOWER_RELEVANCE,9321.041863846987,0,0,0,Manufacturing & Industrial Works,Kallakurichi Coop Sugar Mills,31659.2692779936,40,Cropland,REAL_CDSE_SUCCESS,CLOUD_REJECTED,MISSING_POST,2024-12-23T05:12:31.024000Z,2025-01-04T05:01:19.024000Z,SUCCESS,ALL_PIXELS_MASKED,0.6844287450996334,,,False,UNREVIEWED,,False,2026-09-06T17:19:14Z,phase_5_ml_handoff/final_model.joblib,5909bb546fc55aeffd37b7bb601e96718709fe685e987705b246bb2963279798,phase_4b_ground_truth_v1
FIRMS_TN_0245,245,2025-01-03,724,2025-01-03T07:00,D,12.2317,79.20523,N20,VIIRS,n,4.25,335.81,296.21,39.60000000000002,1,0,1,1,0,4.25,0,1.139985496632058,Agricultural Burning,0.6408,0.011,0.3482,0.6408,MEDIUM,FAILED_TILE,Rajanthangal,Other Industrial,Substation & Electrical Infrastructure,CAUTION_LOWER_RELEVANCE,9482.7178139481,0,0,0,Manufacturing & Industrial Works,Kallakurichi Coop Sugar Mills,31611.005723359056,40,Cropland,REAL_CDSE_SUCCESS,CLOUD_REJECTED,MISSING_POST,2024-12-23T05:12:31.024000Z,2025-01-04T05:01:19.024000Z,SUCCESS,ALL_PIXELS_MASKED,0.6938067418685323,,,False,UNREVIEWED,,False,2026-09-06T17:19:14Z,phase_5_ml_handoff/final_model.joblib,5909bb546fc55aeffd37b7bb601e96718709fe685e987705b246bb2963279798,phase_4b_ground_truth_v1
FIRMS_TN_0246,246,2025-01-03,724,2025-01-03T07:00,D,11.90528,78.9305,N20,VIIRS,n,5.28,354.59,297.33,57.25999999999999,1,0,1,1,0,5.28,0,2.3577014443513544,Agricultural Burning,0.8131,0.045,0.1419,0.8131,HIGH,COVERED,Sankarapuram,Other Industrial,Substation & Electrical Infrastructure,CAUTION_LOWER_RELEVANCE,3972.891728702029,0,0,0,Manufacturing & Industrial Works,Kallakurichi Coop Sugar Mills,18048.57534903052,40,Cropland,REAL_CDSE_SUCCESS,MISSING_PRODUCT,MISSING_POST,2024-12-23T05:12:31.024000Z,,SUCCESS,,0.7135980601612392,,,False,UNREVIEWED,,False,2026-09-06T17:19:14Z,phase_5_ml_handoff/final_model.joblib,5909bb546fc55aeffd37b7bb601e96718709fe685e987705b246bb2963279798,phase_4b_ground_truth_v1
FIRMS_TN_0247,247,2025-01-03,1957,2025-01-03T19:00,N,11.43129,77.46838,N20,VIIRS,n,0.8,305.46,290.08,15.379999999999995,0,0,1,1,0,0.8,0,-0.827942033361591,Agricultural Burning,0.741,0.2002,0.0588,0.741,MEDIUM,COVERED,Coirmedia,Industrial Works,Manufacturing & Industrial Works,HIGHER_RELEVANCE,3447.33028816122,0,0,0,Manufacturing & Industrial Works,Coirmedia,3447.33028816122,40,Cropland,MISSING_PRODUCT,REAL_CDSE_SUCCESS,MISSING_PRE,,2025-01-07T05:11:19.024000Z,,SUCCESS,,0.5660357993415506,,False,UNREVIEWED,,False,2026-09-06T17:19:14Z,phase_5_ml_handoff/final_model.joblib,5909bb546fc55aeffd37b7bb601e96718709fe685e987705b246bb2963279798,phase_4b_ground_truth_v1
FIRMS_TN_0248,248,2025-01-03,1957,2025-01-03T19:00,N,11.80808,77.92257,N20,VIIRS,n,2.1,302.59,290.75,11.839999999999977,0,0,21,6,1,32.72,0,-0.6141525580111465,Industrial Thermal Activity,0.0014,0.9886,0.01,0.9886,HIGH,COVERED,,Other Industrial,Substation & Electrical Infrastructure,CAUTION_LOWER_RELEVANCE,174.1831314713117,1,1,1,Steel / Metallurgy,JSW Steel Plant,856.4127541746285,50,Built-up,CLOUD_REJECTED,CLOUD_REJECTED,MISSING_PRE,2024-12-23T05:12:31.024000Z,2025-01-07T05:11:19.024000Z,ALL_PIXELS_MASKED,SUCCESS,,0.4349939431828791,,False,UNREVIEWED,,False,2026-09-06T17:19:14Z,phase_5_ml_handoff/final_model.joblib,5909bb546fc55aeffd37b7bb601e96718709fe685e987705b246bb2963279798,phase_4b_ground_truth_v1
FIRMS_TN_0249,249,2025-01-03,1957,2025-01-03T19:00,N,11.81264,77.91956,N20,VIIRS,n,1.48,313.87,292.32,21.55000000000001,0,0,43,8,1,64.3,0,0.6298415121970667,Industrial Thermal Activity,0.012,0.988,0.0,0.988,HIGH,COVERED,JSW Steel Plant,Manufacturing,Steel / Metallurgy,HIGHER_RELEVANCE,252.9631548138713,1,1,1,Steel / Metallurgy,JSW Steel Plant,252.9631548138713,50,Built-up,CLOUD_REJECTED,CLOUD_REJECTED,MISSING_PRE,2024-12-23T05:12:31.024000Z,2025-01-07T05:11:19.024000Z,ALL_PIXELS_MASKED,SUCCESS,,0.259142215556106,,False,UNREVIEWED,,False,2026-09-06T17:19:14Z,phase_5_ml_handoff/final_model.joblib,5909bb546fc55aeffd37b7bb601e96718709fe685e987705b246bb2963279798,phase_4b_ground_truth_v1
FIRMS_TN_0250,250,2025-01-03,1957,2025-01-03T19:00,N,12.32897,78.5715,N20,VIIRS,n,0.93,304.39,289.04,15.349999999999966,0,0,1,1,0,0.93,0,-0.897322015473393,Agricultural Burning,0.5229,0.2976,0.1796,0.5229,MEDIUM,FAILED_TILE,,Other Industrial,Substation & Electrical Infrastructure,CAUTION_LOWER_RELEVANCE,17886.272190298783,0,0,0,Power Plant,,23656.64655285658,20,Shrubland,REAL_CDSE_SUCCESS,CLOUD_REJECTED,INSUFFICIENT_VALID_DATA,2024-12-23T05:12:31.024000Z,2025-01-07T05:11:19.024000Z,SUCCESS,SUCCESS,0.6529496366672496,0.5191723881694912,,False,UNREVIEWED,,False,2026-09-06T17:19:14Z,phase_5_ml_handoff/final_model.joblib,5909bb546fc55aeffd37b7bb601e96718709fe685e987705b246bb2963279798,phase_4b_ground_truth_v1
FIRMS_TN_0251,251,2025-01-03,1957,2025-01-03T19:00,N,12.85007,79.90411,N20,VIIRS,n,2.44,320.56,292.54,28.019999999999985,0,0,14,3,1,25.28,0,1.361666952233164,Natural / Wildfire / Other,0.1922,0.3058,0.5021,0.5021,MEDIUM,FAILED_TILE,,Mining,Mining & Quarry,HIGHER_RELEVANCE,75331.39145498765,0,0,0,Mining & Quarry,,75331.39145498765,20,Shrubland,MISSING_PRODUCT,REAL_CDSE_SUCCESS,MISSING_PRE,,2025-01-04T05:01:19.024000Z,,SUCCESS,,0.4776635406216548,,False,UNREVIEWED,,False,2026-09-06T17:19:14Z,phase_5_ml_handoff/final_model.joblib,5909bb546fc55aeffd37b7bb601e96718709fe685e987705b246bb2963279798,phase_4b_ground_truth_v1
FIRMS_TN_0252,252,2025-01-04,707,2025-01-04T07:00,D,11.90245,79.34005,N20,VIIRS,n,7.06,331.11,294.23,36.88,1,0,2,1,0,13.48,1,0.8352323041783473,Natural / Wildfire / Other,0.2786,0.0133,0.7081,0.7081,MEDIUM,COVERED,Thiruvennainallur,Other Industrial,Substation & Electrical Infrastructure,CAUTION_LOWER_RELEVANCE,6971.018641248337,0,0,0,Mining & Quarry,,18686.94596481268,10,Tree cover,MISSING_PRODUCT,MISSING_PRODUCT,INVALID_INPUT,,,,,,,,False,UNREVIEWED,,False,2026-09-06T17:19:14Z,phase_5_ml_handoff/final_model.joblib,5909bb546fc55aeffd37b7bb601e96718709fe685e987705b246bb2963279798,phase_4b_ground_truth_v1
FIRMS_TN_0253,253,2025-01-04,707,2025-01-04T07:00,D,11.90354,79.34016,N20,VIIRS,n,6.42,331.76,293.62,38.13999999999999,1,0,2,1,0,13.48,0,0.8773790222836463,Natural / Wildfire / Other,0.2693,0.0207,0.71,0.71,MEDIUM,COVERED,Thiruvennainallur,Other Industrial,Substation & Electrical Infrastructure,CAUTION_LOWER_RELEVANCE,7088.535093746908,0,0,0,Mining & Quarry,,18708.326906917348,20,Shrubland,MISSING_PRODUCT,MISSING_PRODUCT,INVALID_INPUT,,,,,,,,False,UNREVIEWED,,False,2026-09-06T17:19:14Z,phase_5_ml_handoff/final_model.joblib,5909bb546fc55aeffd37b7bb601e96718709fe685e987705b246bb2963279798,phase_4b_ground_truth_v1
FIRMS_TN_0254,254,2025-01-05,826,2025-01-05T08:00,D,11.51105,76.51912,N20,VIIRS,n,2.66,330.32,298.62,31.69999999999999,1,0,1,1,0,2.66,0,0.7840078314042115,Natural / Wildfire / Other,0.1142,0.0011,0.8847,0.8847,HIGH,FAILED_TILE,,Other Industrial,Industrial Area / Zone,GENERAL_CONTEXT,74854.92532263369,0,0,0,Power Plant,,75095.83054837682,10,Tree cover,REAL_CDSE_SUCCESS,REAL_CDSE_SUCCESS,SUCCESS,2025-01-02T05:12:21.024000Z,2025-01-07T05:11:19.024000Z,SUCCESS,SUCCESS,0.8011600595979583,0.796131973625257,-0.00470978795782,True,VERIFIED,Natural/Forest Fire,True,2026-09-06T17:19:14Z,phase_5_ml_handoff/final_model.joblib,5909bb546fc55aeffd37b7bb601e96718709fe685e987705b246bb2963279798,phase_4b_ground_truth_v1
FIRMS_TN_0255,255,2025-01-05,826,2025-01-05T08:00,D,11.55031,78.6932,N20,VIIRS,n,3.0,334.16,303.21,30.950000000000045,1,0,1,1,0,3.0,0,1.0329976737493736,Agricultural Burning,0.7413,0.0,0.2587,0.7413,MEDIUM,COVERED,,Other Industrial,Industrial Area / Zone,GENERAL_CONTEXT,3922.9887190652607,0,0,0,Mining & Quarry,,20418.764597066165,40,Cropland,CLOUD_REJECTED,CLOUD_REJECTED,MISSING_POST,2025-01-02T05:12:21.024000Z,2025-01-07T05:11:19.024000Z,SUCCESS,ALL_PIXELS_MASKED,0.5088055263363386,,,False,UNREVIEWED,,False,2026-09-06T17:19:14Z,phase_5_ml_handoff/final_model.joblib,5909bb546fc55aeffd37b7bb601e96718709fe685e987705b246bb2963279798,phase_4b_ground_truth_v1
FIRMS_TN_0256,256,2025-01-05,826,2025-01-05T08:00,D,10.13353,77.27407,N20,VIIRS,n,16.84,340.17,306.16,34.00999999999999,1,0,7,3,1,47.33,0,0.6971948534246949,Natural / Wildfire / Other,0.1269,0.0226,0.8506,0.8506,HIGH,COVERED,,Mining,Mining & Quarry,HIGHER_RELEVANCE,14661.828762787076,0,0,0,Mining & Quarry,,14661.828762787076,10,Tree cover,REAL_CDSE_SUCCESS,REAL_CDSE_SUCCESS,SUCCESS,2024-12-23T05:12:31.024000Z,2025-01-07T05:11:19.024000Z,SUCCESS,SUCCESS,0.6727408276208259,0.6389911220603876,-0.053682614443365,True,VERIFIED,Natural/Forest Fire,True,2026-09-06T17:19:14Z,phase_5_ml_handoff/final_model.joblib,5909bb546fc55aeffd37b7bb601e96718709fe685e987705b246bb2963279798,phase_4b_ground_truth_v1
FIRMS_TN_0257,257,2025-01-05,826,2025-01-05T08:00,D,8.16496,77.5927,N20,VIIRS,n,3.19,336.52,301.11,35.40999999999997,1,0,2,1,0,6.609999999999999,0,1.1860226810240002,Agricultural Burning,0.5666,0.0018,0.4316,0.5666,MEDIUM,FAILED_TILE,,Mining,Mining & Quarry,HIGHER_RELEVANCE,38811.72184353954,0,0,0,Mining & Quarry,,38811.72184353954,30,Grassland,REAL_CDSE_SUCCESS,REAL_CDSE_SUCCESS,SUCCESS,2025-01-02T05:12:21.024000Z,2025-01-07T05:11:19.024000Z,SUCCESS,SUCCESS,0.4967061241644074,0.4853233566251564,-0.0360048432138353,False,UNREVIEWED,,False,2026-09-06T17:19:14Z,phase_5_ml_handoff/final_model.joblib,5909bb546fc55aeffd37b7bb601e96718709fe685e987705b246bb2963279798,phase_4b_ground_truth_v1
FIRMS_TN_0258,258,2025-01-05,1919,2025-01-05T19:00,N,12.85438,79.90437,N20,VIIRS,n,5.28,324.72,290.82,33.900000000000034,0,0,14,3,1,25.28,1,2.011962018227916,Natural / Wildfire / Other,0.0725,0.0886,0.8389,0.8389,HIGH,FAILED_TILE,,Mining,Mining & Quarry,HIGHER_RELEVANCE,75806.03623019632,0,0,0,Mining & Quarry,,75806.03623019632,30,Grassland,REAL_CDSE_SUCCESS,MISSING_PRODUCT,MISSING_POST,2025-01-04T05:01:19.024000Z,,SUCCESS,,0.5056739452006593,,,True,VERIFIED,Natural/Forest Fire,True,2026-09-06T17:19:14Z,phase_5_ml_handoff/final_model.joblib,5909bb546fc55aeffd37b7bb601e96718709fe685e987705b246bb2963279798,phase_4b_ground_truth_v1
FIRMS_TN_0259,259,2025-01-05,2101,2025-01-05T21:00,N,10.13427,77.27188,N20,VIIRS,n,1.19,312.06,278.03,34.03000000000003,0,0,7,3,1,47.33,0,-0.7542125874172166,Natural / Wildfire / Other,0.3154,0.3297,0.3549,0.3549,LOW,COVERED,,Mining,Mining & Quarry,HIGHER_RELEVANCE,14887.065502775384,0,0,0,Mining & Quarry,,14887.065502775384,10,Tree cover,REAL_CDSE_SUCCESS,REAL_CDSE_SUCCESS,SUCCESS,2024-12-23T05:12:31.024000Z,2025-01-07T05:11:19.024000Z,SUCCESS,SUCCESS,0.6838831323123477,0.6537699287996834,-0.0496719216466791,False,UNREVIEWED,,False,2026-09-06T17:19:14Z,phase_5_ml_handoff/final_model.joblib,5909bb546fc55aeffd37b7bb601e96718709fe685e987705b246bb2963279798,phase_4b_ground_truth_v1
FIRMS_TN_0260,260,2025-01-06,807,2025-01-06T08:00,D,12.27398,77.48555,N20,VIIRS,n,3.72,334.22,301.69,32.53000000000003,1,0,2,1,0,7.44,0,1.0368881400360168,Natural / Wildfire / Other,0.2523,0.0011,0.7466,0.7466,MEDIUM,FAILED_TILE,,Other Industrial,Substation & Electrical Infrastructure,CAUTION_LOWER_RELEVANCE,17424.705642536395,0,0,0,Power Plant,,17452.680329518993,30,Grassland,REAL_CDSE_SUCCESS,REAL_CDSE_SUCCESS,SUCCESS,2025-01-02T05:12:21.024000Z,2025-01-07T05:11:19.024000Z,SUCCESS,SUCCESS,0.5635601636878097,0.5588720221122297,-0.0478974373470216,False,UNREVIEWED,,False,2026-09-06T17:19:14Z,phase_5_ml_handoff/final_model.joblib,5909bb546fc55aeffd37b7bb601e96718709fe685e987705b246bb2963279798,phase_4b_ground_truth_v1
FIRMS_TN_0261,261,2025-01-06,807,2025-01-06T08:00,D,12.2745,77.48907,N20,VIIRS,n,3.72,339.47,302.55,36.920000000000016,1,0,2,1,0,7.44,0,1.3773039401172902,Natural / Wildfire / Other,0.2563,0.0011,0.7425,0.7425,MEDIUM,FAILED_TILE,,Other Industrial,Substation & Electrical Infrastructure,CAUTION_LOWER_RELEVANCE,17751.087668633627,0,0,0,Power Plant,,17772.122054400883,30,Grassland,REAL_CDSE_SUCCESS,REAL_CDSE_SUCCESS,SUCCESS,2025-01-02T05:12:21.024000Z,2025-01-07T05:11:19.024000Z,SUCCESS,SUCCESS,0.5919981539619621,0.5813024657772022,-0.0483780729379209,False,UNREVIEWED,,False,2026-09-06T17:19:14Z,phase_5_ml_handoff/final_model.joblib,5909bb546fc55aeffd37b7bb601e96718709fe685e987705b246bb2963279798,phase_4b_ground_truth_v1
FIRMS_TN_0262,262,2025-01-06,807,2025-01-06T08:00,D,12.0115,78.97699,N20,VIIRS,n,3.84,342.16,296.99,45.170000000000016,1,0,2,1,0,11.37,0,1.551726511968457,Agricultural Burning,0.7009,0.064,0.2351,0.7009,MEDIUM,COVERED,,Other Industrial,Substation & Electrical Infrastructure,CAUTION_LOWER_RELEVANCE,2503.908721347096,0,0,0,Manufacturing & Industrial Works,Kallakurichi Coop Sugar Mills,5709.025550828405,10,Tree cover,REAL_CDSE_SUCCESS,MISSING_PRODUCT,MISSING_POST,2024-12-23T05:12:31.024000Z,,SUCCESS,,0.6887411729058002,,,False,UNREVIEWED,,False,2026-09-06T17:19:14Z,phase_5_ml_handoff/final_model.joblib,5909bb546fc55aeffd37b7bb601e96718709fe685e987705b246bb2963279798,phase_4b_ground_truth_v1
FIRMS_TN_0263,263,2025-01-06,807,2025-01-06T08:00,D,12.08129,79.76902,N20,VIIRS,n,4.09,332.47,300.52,31.950000000000045,1,0,1,1,0,4.09,0,0.9234162066755924,Natural / Wildfire / Other,0.0308,0.0,0.9692,0.9692,HIGH,COVERED,,Other Industrial,Industrial Area / Zone,GENERAL_CONTEXT,6253.324421589578,0,0,0,Power Plant,Power Station,8848.661216675217,10,Tree cover,CLOUD_REJECTED,MISSING_PRODUCT,MISSING_POST,2025-01-04T05:01:19.024000Z,,SUCCESS,,0.5163258096622755,,,True,VERIFIED,Natural/Forest Fire,True,2026-09-06T17:19:14Z,phase_5_ml_handoff/final_model.joblib,5909bb546fc55aeffd37b7bb601e96718709fe685e987705b246bb2963279798,phase_4b_ground_truth_v1
FIRMS_TN_0264,264,2025-01-06,807,2025-01-06T08:00,D,11.74525,78.10697,N20,VIIRS,n,2.82,333.75,300.18,33.56999999999999,1,0,1,1,0,2.82,0,1.006412820790644,Agricultural Burning,0.6168,0.01,0.3732,0.6168,MEDIUM,COVERED,,Other Industrial,Industrial Area / Zone,GENERAL_CONTEXT,3553.7021930431724,0,0,0,Mining & Quarry,Magnesite mines,3741.6242543737903,40,Cropland,CLOUD_REJECTED,REAL_CDSE_SUCCESS,MISSING_PRE,2024-12-23T05:12:31.024000Z,2025-01-07T05:11:19.024000Z,ALL_PIXELS_MASKED,SUCCESS,,0.5549069940333932,,False,UNREVIEWED,,False,2026-09-06T17:19:14Z,phase_5_ml_handoff/final_model.joblib,5909bb546fc55aeffd37b7bb601e96718709fe685e987705b246bb2963279798,phase_4b_ground_truth_v1
FIRMS_TN_0265,265,2025-01-06,807,2025-01-06T08:00,D,10.73405,78.8576,N20,VIIRS,n,3.26,334.65,303.19,31.45999999999998,1,0,1,1,0,3.26,0,1.0647698150902891,Agricultural Burning,0.5615,0.1781,0.2604,0.5615,MEDIUM,COVERED,,Other Industrial,Industrial Area / Zone,GENERAL_CONTEXT,555.0119933859053,0,1,1,Manufacturing & Industrial Works,Masfab Engineering Technology,578.7672476616658,30,Grassland,REAL_CDSE_SUCCESS,MISSING_PRODUCT,MISSING_POST,2025-01-04T05:01:19.024000Z,,SUCCESS,,0.5697034854307726,,,False,UNREVIEWED,,False,2026-09-06T17:19:14Z,phase_5_ml_handoff/final_model.joblib,5909bb546fc55aeffd37b7bb601e96718709fe685e987705b246bb2963279798,phase_4b_ground_truth_v1
FIRMS_TN_0266,266,2025-01-06,807,2025-01-06T08:00,D,10.65434,78.90324,N20,VIIRS,n,3.05,337.8,295.47,42.329999999999984,1,0,2,1,0,7.76,0,1.2690192951390555,Agricultural Burning,0.8953,0.029,0.0757,0.8953,HIGH,COVERED,,Mining,Mining & Quarry,HIGHER_RELEVANCE,4477.018755551074,0,0,0,Mining & Quarry,,4477.018755551074,10,Tree cover,REAL_CDSE_SUCCESS,MISSING_PRODUCT,MISSING_POST,2025-01-04T05:01:19.024000Z,,SUCCESS,,0.5306489405341906,,,False,UNREVIEWED,,False,2026-09-06T17:19:14Z,phase_5_ml_handoff/final_model.joblib,5909bb546fc55aeffd37b7bb601e96718709fe685e987705b246bb2963279798,phase_4b_ground_truth_v1
FIRMS_TN_0267,267,2025-01-06,807,2025-01-06T08:00,D,10.13398,77.27408,N20,VIIRS,n,8.57,340.05,303.76,36.29000000000002,1,0,7,3,1,47.33,0,0.690998877156426,Natural / Wildfire / Other,0.2265,0.0259,0.7476,0.7476,MEDIUM,COVERED,,Mining,Mining & Quarry,HIGHER_RELEVANCE,14697.390174334225,0,0,0,Mining & Quarry,,14697.390174334225,10,Tree cover,REAL_CDSE_SUCCESS,REAL_CDSE_SUCCESS,SUCCESS,2024-12-23T05:12:31.024000Z,2025-01-07T05:11:19.024000Z,SUCCESS,SUCCESS,0.6686375784542872,0.6337996541968156,-0.054081485938928,False,UNREVIEWED,,False,2026-09-06T17:19:14Z,phase_5_ml_handoff/final_model.joblib,5909bb546fc55aeffd37b7bb601e96718709fe685e987705b246bb2963279798,phase_4b_ground_truth_v1
FIRMS_TN_0268,268,2025-01-06,807,2025-01-06T08:00,D,9.18335,78.58079,N20,VIIRS,n,3.38,334.68,301.85,32.829999999999984,1,0,3,3,1,9.78,0,1.0667150482336127,Natural / Wildfire / Other,0.2746,0.04,0.6854,0.6854,MEDIUM,COVERED,,Other Industrial,Substation & Electrical Infrastructure,CAUTION_LOWER_RELEVANCE,5361.582818029383,0,0,0,Power Plant,,5467.624039575198,10,Tree cover,REAL_CDSE_SUCCESS,CLOUD_REJECTED,INSUFFICIENT_VALID_DATA,2025-01-04T05:01:19.024000Z,2025-01-17T05:10:39.024000Z,SUCCESS,SUCCESS,0.3422921528443283,0.2791934213919536,,False,UNREVIEWED,,False,2026-09-06T17:19:14Z,phase_5_ml_handoff/final_model.joblib,5909bb546fc55aeffd37b7bb601e96718709fe685e987705b246bb2963279798,phase_4b_ground_truth_v1
FIRMS_TN_0269,269,2025-01-06,807,2025-01-06T08:00,D,8.66208,78.00376,N20,VIIRS,n,2.81,331.58,300.9,30.680000000000007,1,0,1,1,0,2.81,0,0.8657076234237165,Natural / Wildfire / Other,0.3335,0.0011,0.6654,0.6654,MEDIUM,FAILED_TILE,,Power Plant,Power Plant,HIGHER_RELEVANCE,60970.14957515059,0,0,0,Power Plant,,60970.14957515059,10,Tree cover,CLOUD_REJECTED,CLOUD_REJECTED,INSUFFICIENT_VALID_DATA,2025-01-02T05:12:21.024000Z,2025-01-07T05:11:19.024000Z,SUCCESS,SUCCESS,0.5508843356896708,0.5611815044945585,,False,UNREVIEWED,,False,2026-09-06T17:19:14Z,phase_5_ml_handoff/final_model.joblib,5909bb546fc55aeffd37b7bb601e96718709fe685e987705b246bb2963279798,phase_4b_ground_truth_v1
FIRMS_TN_0270,270,2025-01-06,807,2025-01-06T08:00,D,8.26385,77.14684,N20,VIIRS,n,3.29,332.48,304.61,27.870000000000005,1,0,1,1,0,3.29,0,0.9240646177233656,Natural / Wildfire / Other,0.2389,0.0447,0.7165,0.7165,MEDIUM,COVERED,,Other Industrial,Industrial Area / Zone,GENERAL_CONTEXT,565.3643649960343,0,1,1,Mining & Quarry,,2433.233816815177,10,Tree cover,REAL_CDSE_SUCCESS,REAL_CDSE_SUCCESS,SUCCESS,2025-01-02T05:12:21.024000Z,2025-01-07T05:11:19.024000Z,SUCCESS,SUCCESS,0.4204252707026739,0.4020490859089727,-0.0057684216948514,True,VERIFIED,Other/Unclassified,True,2026-09-06T17:19:14Z,phase_5_ml_handoff/final_model.joblib,5909bb546fc55aeffd37b7bb601e96718709fe685e987705b246bb2963279798,phase_4b_ground_truth_v1
FIRMS_TN_0271,271,2025-01-06,2042,2025-01-06T20:00,N,11.81821,77.91634,N20,VIIRS,n,1.47,315.54,291.65,23.890000000000043,0,0,43,8,1,64.3,0,0.8430346255172269,Industrial Thermal Activity,0.0134,0.9766,0.01,0.9766,HIGH,COVERED,,Other Industrial,Substation & Electrical Infrastructure,CAUTION_LOWER_RELEVANCE,373.0057573506052,1,1,1,Steel / Metallurgy,JSW Steel Plant,461.0124216789972,50,Built-up,CLOUD_REJECTED,CLOUD_REJECTED,MISSING_PRE,2024-12-23T05:12:31.024000Z,2025-01-07T05:11:19.024000Z,ALL_PIXELS_MASKED,SUCCESS,,0.423317426555694,,False,UNREVIEWED,,False,2026-09-06T17:19:14Z,phase_5_ml_handoff/final_model.joblib,5909bb546fc55aeffd37b7bb601e96718709fe685e987705b246bb2963279798,phase_4b_ground_truth_v1
FIRMS_TN_0272,272,2025-01-06,2042,2025-01-06T20:00,N,11.81328,77.91955,N20,VIIRS,n,1.47,304.19,290.77,13.420000000000016,0,0,43,8,1,64.3,0,-0.6059125817784612,Industrial Thermal Activity,0.01,0.99,0.0,0.99,HIGH,COVERED,JSW Steel Plant,Manufacturing,Steel / Metallurgy,HIGHER_RELEVANCE,198.8009374890985,1,1,1,Steel / Metallurgy,JSW Steel Plant,198.8009374890985,50,Built-up,CLOUD_REJECTED,CLOUD_REJECTED,MISSING_PRE,2024-12-23T05:12:31.024000Z,2025-01-07T05:11:19.024000Z,ALL_PIXELS_MASKED,SUCCESS,,0.2788879544300726,,False,UNREVIEWED,,False,2026-09-06T17:19:14Z,phase_5_ml_handoff/final_model.joblib,5909bb546fc55aeffd37b7bb601e96718709fe685e987705b246bb2963279798,phase_4b_ground_truth_v1
FIRMS_TN_0273,273,2025-01-06,2042,2025-01-06T20:00,N,11.81797,77.91679,N20,VIIRS,n,2.03,314.09,291.39,22.69999999999999,0,0,43,8,1,64.3,0,0.6579268325146885,Industrial Thermal Activity,0.0014,0.9886,0.01,0.9886,HIGH,COVERED,,Other Industrial,Substation & Electrical Infrastructure,CAUTION_LOWER_RELEVANCE,317.4608502086562,1,1,1,Steel / Metallurgy,JSW Steel Plant,416.7684459583805,50,Built-up,CLOUD_REJECTED,CLOUD_REJECTED,MISSING_PRE,2024-12-23T05:12:31.024000Z,2025-01-07T05:11:19.024000Z,ALL_PIXELS_MASKED,SUCCESS,,0.4257973680052684,,False,UNREVIEWED,,False,2026-09-06T17:19:14Z,phase_5_ml_handoff/final_model.joblib,5909bb546fc55aeffd37b7bb601e96718709fe685e987705b246bb2963279798,phase_4b_ground_truth_v1
FIRMS_TN_0274,274,2025-01-06,2042,2025-01-06T20:00,N,11.81306,77.92001,N20,VIIRS,n,1.54,306.63,291.19,15.439999999999998,0,0,16,3,1,22.18,0,0.2451017590897986,Industrial Thermal Activity,0.1088,0.836,0.0552,0.836,HIGH,COVERED,JSW Steel Plant,Manufacturing,Steel / Metallurgy,HIGHER_RELEVANCE,252.75353960391908,1,1,1,Steel / Metallurgy,JSW Steel Plant,252.75353960391908,50,Built-up,CLOUD_REJECTED,CLOUD_REJECTED,MISSING_PRE,2024-12-23T05:12:31.024000Z,2025-01-07T05:11:19.024000Z,ALL_PIXELS_MASKED,SUCCESS,,0.2739480188348593,,False,UNREVIEWED,,False,2026-09-06T17:19:14Z,phase_5_ml_handoff/final_model.joblib,5909bb546fc55aeffd37b7bb601e96718709fe685e987705b246bb2963279798,phase_4b_ground_truth_v1
FIRMS_TN_0275,275,2025-01-06,2042,2025-01-06T20:00,N,11.77549,76.99091,N20,VIIRS,n,0.59,309.64,287.04,22.59999999999997,0,0,2,1,0,1.65,0,-0.5569062153921195,Agricultural Burning,0.6101,0.109,0.2809,0.6101,MEDIUM,FAILED_TILE,PG Palya,Other Industrial,Substation & Electrical Infrastructure,CAUTION_LOWER_RELEVANCE,34664.19915553623,0,0,0,Power Plant,,42308.11663598309,10,Tree cover,REAL_CDSE_SUCCESS,CLOUD_REJECTED,INSUFFICIENT_VALID_DATA,2025-01-02T05:12:21.024000Z,2025-01-07T05:11:19.024000Z,SUCCESS,SUCCESS,0.5640597690881607,0.5355953746233962,,False,UNREVIEWED,,False,2026-09-06T17:19:14Z,phase_5_ml_handoff/final_model.joblib,5909bb546fc55aeffd37b7bb601e96718709fe685e987705b246bb2963279798,phase_4b_ground_truth_v1
FIRMS_TN_0276,276,2025-01-06,2042,2025-01-06T20:00,N,10.92894,77.5596,N20,VIIRS,n,0.35,299.88,288.46,11.420000000000016,0,0,1,1,0,0.35,0,-1.189755398019401,Agricultural Burning,0.7085,0.2523,0.0391,0.7085,MEDIUM,COVERED,,Power Plant,Power Plant,HIGHER_RELEVANCE,379.727079366564,1,1,1,Power Plant,,379.727079366564,50,Built-up,MISSING_PRODUCT,REAL_CDSE_SUCCESS,MISSING_PRE,,2025-01-07T05:11:19.024000Z,,SUCCESS,,0.5241007371681213,,True,VERIFIED,Agricultural Burning,True,2026-09-06T17:19:14Z,phase_5_ml_handoff/final_model.joblib,5909bb546fc55aeffd37b7bb601e96718709fe685e987705b246bb2963279798,phase_4b_ground_truth_v1
FIRMS_TN_0277,277,2025-01-06,2042,2025-01-06T20:00,N,9.77955,77.90776,N20,VIIRS,n,1.11,307.42,289.65,17.77000000000004,0,0,1,1,0,1.11,0,-0.7008534679979131,Agricultural Burning,0.51,0.2973,0.1927,0.51,MEDIUM,COVERED,,Other Industrial,Industrial Area / Zone,GENERAL_CONTEXT,4026.8565810905206,0,0,0,Power Plant,,5505.455943567071,10,Tree cover,MISSING_PRODUCT,CLOUD_REJECTED,MISSING_PRE,,2025-01-17T05:10:39.024000Z,,SUCCESS,,0.4295696179582896,,False,UNREVIEWED,,False,2026-09-06T17:19:14Z,phase_5_ml_handoff/final_model.joblib,5909bb546fc55aeffd37b7bb601e96718709fe685e987705b246bb2963279798,phase_4b_ground_truth_v1
FIRMS_TN_0278,278,2025-01-07,748,2025-01-07T07:00,D,8.85111,78.11459,N20,VIIRS,n,3.16,330.62,296.45,34.170000000000016,1,0,1,1,0,3.16,0,0.8034601628374278,Natural / Wildfire / Other,0.3833,0.0011,0.6156,0.6156,MEDIUM,FAILED_TILE,,Power Plant,Power Plant,HIGHER_RELEVANCE,36876.49410449711,0,0,0,Power Plant,,36876.49410449711,20,Shrubland,REAL_CDSE_SUCCESS,REAL_CDSE_SUCCESS,SUCCESS,2025-01-02T05:12:21.024000Z,2025-01-17T05:10:39.024000Z,SUCCESS,SUCCESS,0.6208169889089191,0.5772791797335161,-0.0992704773080825,False,UNREVIEWED,,False,2026-09-06T17:19:14Z,phase_5_ml_handoff/final_model.joblib,5909bb546fc55aeffd37b7bb601e96718709fe685e987705b246bb2963279798,phase_4b_ground_truth_v1
FIRMS_TN_0279,279,2025-01-07,748,2025-01-07T07:00,D,8.31969,77.4026,N20,VIIRS,n,2.28,335.66,296.77,38.89000000000004,1,0,1,1,0,2.28,0,1.1302593309154516,Agricultural Burning,0.6527,0.0118,0.3355,0.6527,MEDIUM,FAILED_TILE,,Mining,Mining & Quarry,HIGHER_RELEVANCE,16563.23698939932,0,0,0,Mining & Quarry,,16563.23698939932,10,Tree cover,REAL_CDSE_SUCCESS,REAL_CDSE_SUCCESS,SUCCESS,2025-01-02T05:12:21.024000Z,2025-01-17T05:10:39.024000Z,SUCCESS,SUCCESS,0.7349339134676494,0.6761713105700489,-0.0753094768910901,False,UNREVIEWED,,False,2026-09-06T17:19:14Z,phase_5_ml_handoff/final_model.joblib,5909bb546fc55aeffd37b7bb601e96718709fe685e987705b246bb2963279798,phase_4b_ground_truth_v1
FIRMS_TN_0280,280,2025-01-07,748,2025-01-07T07:00,D,8.22996,77.46539,N20,VIIRS,n,1.65,333.8,299.25,34.55000000000001,1,0,1,1,0,1.65,0,1.009654876029514,Agricultural Burning,0.6191,0.03,0.3509,0.6191,MEDIUM,FAILED_TILE,,Mining,Mining & Quarry,HIGHER_RELEVANCE,23743.87247858132,0,0,0,Mining & Quarry,,23743.87247858132,10,Tree cover,REAL_CDSE_SUCCESS,REAL_CDSE_SUCCESS,SUCCESS,2025-01-02T05:12:21.024000Z,2025-01-17T05:10:39.024000Z,SUCCESS,SUCCESS,0.7053976296414356,0.6814910005870719,-0.0232197343133424,False,UNREVIEWED,,False,2026-09-06T17:19:14Z,phase_5_ml_handoff/final_model.joblib,5909bb546fc55aeffd37b7bb601e96718709fe685e987705b246bb2963279798,phase_4b_ground_truth_v1
FIRMS_TN_0281,281,2025-01-07,748,2025-01-07T07:00,D,9.3789,77.40843,N20,VIIRS,n,1.49,331.02,297.46,33.56,1,0,1,1,0,1.49,0,0.8293966047483805,Natural / Wildfire / Other,0.4335,0.051,0.5155,0.5155,MEDIUM,FAILED_TILE,Mudangiyar,Other Industrial,Substation & Electrical Infrastructure,CAUTION_LOWER_RELEVANCE,15955.78790191909,0,0,0,Manufacturing & Industrial Works,Janakiram Mills,20220.307855784304,10,Tree cover,CLOUD_REJECTED,CLOUD_REJECTED,INSUFFICIENT_VALID_DATA,2025-01-02T05:12:21.024000Z,2025-01-17T05:10:39.024000Z,SUCCESS,SUCCESS,0.5966857681852573,0.484969221100973,,True,VERIFIED,REVIEW_REQUIRED,False,2026-09-06T17:19:14Z,phase_5_ml_handoff/final_model.joblib,5909bb546fc55aeffd37b7bb601e96718709fe685e987705b246bb2963279798,phase_4b_ground_truth_v1
FIRMS_TN_0282,282,2025-01-07,750,2025-01-07T07:00,D,11.19525,77.8558,N20,VIIRS,n,3.59,330.86,297.22,33.639999999999986,1,0,4,1,0,14.09,0,0.8190220279840009,Agricultural Burning,0.5113,0.02,0.4687,0.5113,MEDIUM,COVERED,Skm Egg Products,Other Industrial,Industrial Area / Zone,GENERAL_CONTEXT,2751.0540280517844,0,0,0,Power Plant,Bhavani Kattalai III,5408.184779168638,10,Tree cover,CLOUD_REJECTED,CLOUD_REJECTED,INSUFFICIENT_VALID_DATA,2025-01-02T05:12:21.024000Z,2025-01-22T05:11:51.025000Z,SUCCESS,SUCCESS,0.5800900840145387,0.6374251039168282,,False,UNREVIEWED,,False,2026-09-06T17:19:14Z,phase_5_ml_handoff/final_model.joblib,5909bb546fc55aeffd37b7bb601e96718709fe685e987705b246bb2963279798,phase_4b_ground_truth_v1
FIRMS_TN_0283,283,2025-01-07,750,2025-01-07T07:00,D,11.19609,77.85741,N20,VIIRS,n,3.07,332.68,297.65,35.03000000000003,1,0,4,1,0,14.09,0,0.937032838678842,Agricultural Burning,0.5749,0.02,0.4051,0.5749,MEDIUM,COVERED,Skm Egg Products,Other Industrial,Industrial Area / Zone,GENERAL_CONTEXT,2785.946644766588,0,0,0,Power Plant,Bhavani Kattalai III,5283.031729946664,10,Tree cover,CLOUD_REJECTED,CLOUD_REJECTED,INSUFFICIENT_VALID_DATA,2025-01-02T05:12:21.024000Z,2025-01-22T05:11:51.025000Z,SUCCESS,SUCCESS,0.5360306664935021,0.5932150403099538,,False,UNREVIEWED,,False,2026-09-06T17:19:14Z,phase_5_ml_handoff/final_model.joblib,5909bb546fc55aeffd37b7bb601e96718709fe685e987705b246bb2963279798,phase_4b_ground_truth_v1
FIRMS_TN_0284,284,2025-01-07,750,2025-01-07T07:00,D,11.83409,78.91941,N20,VIIRS,n,2.85,331.81,297.18,34.629999999999995,1,0,1,1,0,2.85,0,0.8806210775225163,Agricultural Burning,0.4887,0.024,0.4873,0.4887,LOW,COVERED,,Other Industrial,Substation & Electrical Infrastructure,CAUTION_LOWER_RELEVANCE,3558.935002421541,0,0,0,Mining & Quarry,,19240.787368591267,10,Tree cover,REAL_CDSE_SUCCESS,MISSING_PRODUCT,MISSING_POST,2024-12-23T05:12:31.024000Z,,SUCCESS,,0.6194767639677484,,,False,UNREVIEWED,,False,2026-09-06T17:19:14Z,phase_5_ml_handoff/final_model.joblib,5909bb546fc55aeffd37b7bb601e96718709fe685e987705b246bb2963279798,phase_4b_ground_truth_v1
FIRMS_TN_0285,285,2025-01-07,750,2025-01-07T07:00,D,12.03704,79.81008,N20,VIIRS,n,4.51,332.96,297.63,35.329999999999984,1,0,2,2,0,17.85,0,0.955188348016508,Agricultural Burning,0.6341,0.046,0.3199,0.6341,MEDIUM,COVERED,,Other Industrial,Industrial Area / Zone,GENERAL_CONTEXT,2634.4592466780537,0,0,0,Manufacturing & Industrial Works,Workshop,2761.68376221994,10,Tree cover,REAL_CDSE_SUCCESS,MISSING_PRODUCT,MISSING_POST,2025-01-04T05:01:19.024000Z,,SUCCESS,,0.6397420062359315,,,True,VERIFIED,Agricultural Burning,True,2026-09-06T17:19:14Z,phase_5_ml_handoff/final_model.joblib,5909bb546fc55aeffd37b7bb601e96718709fe685e987705b246bb2963279798,phase_4b_ground_truth_v1
FIRMS_TN_0286,286,2025-01-07,750,2025-01-07T07:00,D,12.56889,77.66099,N20,VIIRS,n,3.88,333.41,300.56,32.85000000000002,1,0,1,1,0,3.88,0,0.9843668451663344,Natural / Wildfire / Other,0.0927,0.0011,0.9062,0.9062,HIGH,FAILED_TILE,Halagur,Other Industrial,Substation & Electrical Infrastructure,CAUTION_LOWER_RELEVANCE,47943.80102604101,0,0,0,Power Plant,,53592.250476918656,30,Grassland,CLOUD_REJECTED,REAL_CDSE_SUCCESS,MISSING_PRE,2025-01-02T05:12:21.024000Z,2025-01-12T05:11:51.024000Z,ALL_PIXELS_MASKED,SUCCESS,,0.5219356922726518,,False,UNREVIEWED,,False,2026-09-06T17:19:14Z,phase_5_ml_handoff/final_model.joblib,5909bb546fc55aeffd37b7bb601e96718709fe685e987705b246bb2963279798,phase_4b_ground_truth_v1
FIRMS_TN_0287,287,2025-01-07,750,2025-01-07T07:00,D,12.73532,77.78838,N20,VIIRS,n,1.51,330.28,298.86,31.41999999999996,1,0,2,1,0,6.319999999999999,0,0.7814141872131147,Agricultural Burning,0.5167,0.0611,0.4222,0.5167,MEDIUM,FAILED_TILE,,Other Industrial,Substation & Electrical Infrastructure,CAUTION_LOWER_RELEVANCE,59720.78622004217,0,0,0,Mining & Quarry,,61835.52314475235,50,Built-up,CLOUD_REJECTED,REAL_CDSE_SUCCESS,INSUFFICIENT_VALID_DATA,2024-12-23T05:12:31.024000Z,2025-01-12T05:11:51.024000Z,SUCCESS,SUCCESS,0.1335755875342518,0.3590486169973726,,False,UNREVIEWED,,False,2026-09-06T17:19:14Z,phase_5_ml_handoff/final_model.joblib,5909bb546fc55aeffd37b7bb601e96718709fe685e987705b246bb2963279798,phase_4b_ground_truth_v1
FIRMS_TN_0288,288,2025-01-07,750,2025-01-07T07:00,D,13.1301,79.42122,N20,VIIRS,n,7.93,339.6,301.22,38.38,1,0,1,1,0,7.93,1,1.38573328373835,Natural / Wildfire / Other,0.4291,0.0114,0.5594,0.5594,MEDIUM,FAILED_TILE,Sree Amman Transformer Works,Industrial Works,Manufacturing & Industrial Works,HIGHER_RELEVANCE,111023.97307002194,0,0,0,Manufacturing & Industrial Works,Sree Amman Transformer Works,111023.97307002194,10,Tree cover,CLOUD_REJECTED,MISSING_PRODUCT,MISSING_BOTH,2025-01-04T05:01:19.024000Z,,ALL_PIXELS_MASKED,,,,,False,UNREVIEWED,,False,2026-09-06T17:19:14Z,phase_5_ml_handoff/final_model.joblib,5909bb546fc55aeffd37b7bb601e96718709fe685e987705b246bb2963279798,phase_4b_ground_truth_v1
FIRMS_TN_0289,289,2025-01-07,750,2025-01-07T07:00,D,13.27669,79.65884,N20,VIIRS,n,2.73,339.67,300.88,38.79000000000002,1,0,1,1,0,2.73,0,1.3902721610727666,Agricultural Burning,0.8035,0.01,0.1865,0.8035,HIGH,FAILED_TILE,,Mining,Mining & Quarry,HIGHER_RELEVANCE,121615.12090992452,0,0,0,Mining & Quarry,,121615.12090992452,40,Cropland,REAL_CDSE_SUCCESS,MISSING_PRODUCT,MISSING_POST,2025-01-04T05:01:19.024000Z,,SUCCESS,,0.5794868655734531,,,True,VERIFIED,Agricultural Burning,True,2026-09-06T17:19:14Z,phase_5_ml_handoff/final_model.joblib,5909bb546fc55aeffd37b7bb601e96718709fe685e987705b246bb2963279798,phase_4b_ground_truth_v1
FIRMS_TN_0290,290,2025-01-07,2023,2025-01-07T20:00,N,13.39254,80.10291,N20,VIIRS,n,1.01,308.94,293.93,15.009999999999993,0,0,21,4,1,22.85,0,0.5276535145468548,Industrial Thermal Activity,0.1927,0.669,0.1383,0.669,MEDIUM,FAILED_TILE,,Other Industrial,Industrial Area / Zone,GENERAL_CONTEXT,137484.36939169123,0,0,0,Mining & Quarry,,139073.70675665178,40,Cropland,CLOUD_REJECTED,CLOUD_REJECTED,MISSING_POST,2025-01-04T05:01:19.024000Z,2025-01-14T05:00:49.024000Z,SUCCESS,ALL_PIXELS_MASKED,0.3883505569669515,,,False,UNREVIEWED,,False,2026-09-06T17:19:14Z,phase_5_ml_handoff/final_model.joblib,5909bb546fc55aeffd37b7bb601e96718709fe685e987705b246bb2963279798,phase_4b_ground_truth_v1
FIRMS_TN_0291,291,2025-01-07,2023,2025-01-07T20:00,N,12.96668,79.9149,N20,VIIRS,n,0.6,309.15,292.53,16.620000000000005,0,0,5,2,0,3.61,0,0.3015143450425121,Agricultural Burning,0.6114,0.2363,0.1523,0.6114,MEDIUM,FAILED_TILE,,Mining,Mining & Quarry,HIGHER_RELEVANCE,88270.74534097077,0,0,0,Mining & Quarry,,88270.74534097077,40,Cropland,CLOUD_REJECTED,MISSING_PRODUCT,MISSING_POST,2025-01-04T05:01:19.024000Z,,SUCCESS,,0.3986718040796516,,,False,UNREVIEWED,,False,2026-09-06T17:19:14Z,phase_5_ml_handoff/final_model.joblib,5909bb546fc55aeffd37b7bb601e96718709fe685e987705b246bb2963279798,phase_4b_ground_truth_v1
FIRMS_TN_0292,292,2025-01-07,2025,2025-01-07T20:00,N,10.93249,77.06418,N20,VIIRS,n,0.29,301.81,291.07,10.740000000000007,0,0,7,1,0,5.66,0,-0.3722336201680185,Agricultural Burning,0.6372,0.2473,0.1155,0.6372,MEDIUM,FAILED_TILE,,Power Plant,Power Plant,HIGHER_RELEVANCE,20313.25405526025,0,0,0,Power Plant,,20313.25405526025,40,Cropland,MISSING_PRODUCT,REAL_CDSE_SUCCESS,MISSING_PRE,,2025-01-12T05:11:51.024000Z,,SUCCESS,,0.3622448797917666,,False,UNREVIEWED,,False,2026-09-06T17:19:14Z,phase_5_ml_handoff/final_model.joblib,5909bb546fc55aeffd37b7bb601e96718709fe685e987705b246bb2963279798,phase_4b_ground_truth_v1
FIRMS_TN_0293,293,2025-01-07,2025,2025-01-07T20:00,N,10.92919,77.06364,N20,VIIRS,n,0.73,308.07,291.43,16.639999999999986,0,0,11,3,1,6.7,0,1.8170504979068085,Agricultural Burning,0.428,0.4223,0.1497,0.428,LOW,FAILED_TILE,,Power Plant,Power Plant,HIGHER_RELEVANCE,20368.207554463417,0,0,0,Power Plant,,20368.207554463417,40,Cropland,MISSING_PRODUCT,REAL_CDSE_SUCCESS,MISSING_PRE,,2025-01-12T05:11:51.024000Z,,SUCCESS,,0.3427024590233474,,False,UNREVIEWED,,False,2026-09-06T17:19:14Z,phase_5_ml_handoff/final_model.joblib,5909bb546fc55aeffd37b7bb601e96718709fe685e987705b246bb2963279798,phase_4b_ground_truth_v1
FIRMS_TN_0294,294,2025-01-07,2025,2025-01-07T20:00,N,12.69209,77.94728,N20,VIIRS,n,0.36,300.0,288.55,11.449999999999989,0,0,2,1,0,0.88,0,-1.181974465446114,Agricultural Burning,0.7366,0.1169,0.1465,0.7366,MEDIUM,FAILED_TILE,Palavadi,Other Industrial,Substation & Electrical Infrastructure,CAUTION_LOWER_RELEVANCE,59884.97850489007,0,0,0,"Oil, Gas & Chemical",HPCL Dharmapuri Terminal,76145.21825788118,40,Cropland,CLOUD_REJECTED,REAL_CDSE_SUCCESS,INSUFFICIENT_VALID_DATA,2024-12-23T05:12:31.024000Z,2025-01-12T05:11:51.024000Z,SUCCESS,SUCCESS,0.4055178695169494,0.4370009579243776,,False,UNREVIEWED,,False,2026-09-06T17:19:14Z,phase_5_ml_handoff/final_model.joblib,5909bb546fc55aeffd37b7bb601e96718709fe685e987705b246bb2963279798,phase_4b_ground_truth_v1
FIRMS_TN_0295,295,2025-01-07,2025,2025-01-07T20:00,N,11.81625,77.91691,N20,VIIRS,n,2.43,327.38,293.31,34.06999999999999,0,0,43,8,1,64.3,0,2.354535500793075,Industrial Thermal Activity,0.0534,0.8741,0.0725,0.8741,HIGH,COVERED,JSW Steel Plant,Manufacturing,Steel / Metallurgy,HIGHER_RELEVANCE,241.3261647496208,1,1,1,Steel / Metallurgy,JSW Steel Plant,241.3261647496208,50,Built-up,CLOUD_REJECTED,MISSING_PRODUCT,MISSING_BOTH,2024-12-23T05:12:31.024000Z,,ALL_PIXELS_MASKED,,,,,False,UNREVIEWED,,False,2026-09-06T17:19:14Z,phase_5_ml_handoff/final_model.joblib,5909bb546fc55aeffd37b7bb601e96718709fe685e987705b246bb2963279798,phase_4b_ground_truth_v1
FIRMS_TN_0296,296,2025-01-07,2025,2025-01-07T20:00,N,11.18222,79.09943,N20,VIIRS,n,1.04,308.16,292.09,16.07000000000005,0,0,20,6,1,18.59,0,0.8628183651903379,Industrial Thermal Activity,0.0281,0.9619,0.01,0.9619,HIGH,COVERED,,Other Industrial,Substation & Electrical Infrastructure,CAUTION_LOWER_RELEVANCE,381.6690619486087,1,1,1,Power Plant,,732.4425770503208,50,Built-up,REAL_CDSE_SUCCESS,MISSING_PRODUCT,MISSING_POST,2025-01-04T05:01:19.024000Z,,SUCCESS,,0.4493068510921391,,,False,UNREVIEWED,,False,2026-09-06T17:19:14Z,phase_5_ml_handoff/final_model.joblib,5909bb546fc55aeffd37b7bb601e96718709fe685e987705b246bb2963279798,phase_4b_ground_truth_v1
FIRMS_TN_0297,297,2025-01-08,730,2025-01-08T07:00,D,12.03586,79.81428,N20,VIIRS,n,13.34,339.16,296.26,42.900000000000034,1,0,2,2,0,17.85,1,1.3572031976363006,Agricultural Burning,0.7831,0.0443,0.1726,0.7831,HIGH,COVERED,Workshop,Industrial Works,Manufacturing & Industrial Works,HIGHER_RELEVANCE,2614.7746517408978,0,0,0,Manufacturing & Industrial Works,Workshop,2614.7746517408978,10,Tree cover,REAL_CDSE_SUCCESS,MISSING_PRODUCT,MISSING_POST,2025-01-04T05:01:19.024000Z,,SUCCESS,,0.7339133988612864,,,True,VERIFIED,Agricultural Burning,True,2026-09-06T17:19:14Z,phase_5_ml_handoff/final_model.joblib,5909bb546fc55aeffd37b7bb601e96718709fe685e987705b246bb2963279798,phase_4b_ground_truth_v1
FIRMS_TN_0298,298,2025-01-08,730,2025-01-08T07:00,D,11.49851,77.90342,N20,VIIRS,n,1.85,332.3,297.83,34.47000000000003,1,0,1,1,0,1.85,0,0.9123932188634356,Agricultural Burning,0.678,0.0317,0.2903,0.678,MEDIUM,COVERED,Iveli,Other Industrial,Substation & Electrical Infrastructure,CAUTION_LOWER_RELEVANCE,1004.2071010355904,0,0,1,Mining & Quarry,,4332.69921722764,30,Grassland,REAL_CDSE_SUCCESS,MISSING_PRODUCT,MISSING_POST,2025-01-07T05:11:19.024000Z,,SUCCESS,,0.4619272748907777,,,False,UNREVIEWED,,False,2026-09-06T17:19:14Z,phase_5_ml_handoff/final_model.joblib,5909bb546fc55aeffd37b7bb601e96718709fe685e987705b246bb2963279798,phase_4b_ground_truth_v1
FIRMS_TN_0299,299,2025-01-08,730,2025-01-08T07:00,D,11.09697,79.0728,N20,VIIRS,n,4.14,330.98,293.46,37.52000000000004,1,0,1,1,0,4.14,0,0.8268029605572874,Agricultural Burning,0.6258,0.085,0.2892,0.6258,MEDIUM,COVERED,Chettinad Cement Corporation Private Limited,Construction Materials,Cement & Construction Materials,HIGHER_RELEVANCE,4354.079365922327,0,0,0,Cement & Construction Materials,Chettinad Cement Corporation Private Limited,4354.079365922327,10,Tree cover,REAL_CDSE_SUCCESS,MISSING_PRODUCT,MISSING_POST,2025-01-04T05:01:19.024000Z,,SUCCESS,,0.6655185230523046,,,False,UNREVIEWED,,False,2026-09-06T17:19:14Z,phase_5_ml_handoff/final_model.joblib,5909bb546fc55aeffd37b7bb601e96718709fe685e987705b246bb2963279798,phase_4b_ground_truth_v1
FIRMS_TN_0300,300,2025-01-08,730,2025-01-08T07:00,D,9.97193,77.53833,N20,VIIRS,n,5.18,335.02,295.7,39.31999999999999,1,0,1,1,0,5.18,0,1.0887610238579222,Agricultural Burning,0.6034,0.3031,0.0935,0.6034,MEDIUM,COVERED,,Power Plant,Power Plant,HIGHER_RELEVANCE,973.10224446551,0,1,1,Power Plant,,973.10224446551,30,Grassland,REAL_CDSE_SUCCESS,CLOUD_REJECTED,INSUFFICIENT_VALID_DATA,2025-01-07T05:11:19.024000Z,2025-01-17T05:10:39.024000Z,SUCCESS,SUCCESS,0.470356455127234,0.3763277922757193,,True,VERIFIED,REVIEW_REQUIRED,False,2026-09-06T17:19:14Z,phase_5_ml_handoff/final_model.joblib,5909bb546fc55aeffd37b7bb601e96718709fe685e987705b246bb2963279798,phase_4b_ground_truth_v1
FIRMS_TN_0301,301,2025-01-08,2004,2025-01-08T20:00,N,12.99833,79.90717,N20,VIIRS,n,0.35,302.68,291.63,11.050000000000011,0,0,10,3,1,11.98,0,-0.6220605924158564,Industrial Thermal Activity,0.3756,0.3841,0.2404,0.3841,LOW,FAILED_TILE,,Mining,Mining & Quarry,HIGHER_RELEVANCE,91577.45777155054,0,0,0,Mining & Quarry,,91577.45777155054,30,Grassland,REAL_CDSE_SUCCESS,MISSING_PRODUCT,MISSING_POST,2025-01-04T05:01:19.024000Z,,SUCCESS,,0.508841393883133,,,False,UNREVIEWED,,False,2026-09-06T17:19:14Z,phase_5_ml_handoff/final_model.joblib,5909bb546fc55aeffd37b7bb601e96718709fe685e987705b246bb2963279798,phase_4b_ground_truth_v1
FIRMS_TN_0302,302,2025-01-08,2004,2025-01-08T20:00,N,12.87515,79.88918,N20,VIIRS,n,0.4,301.59,291.27,10.319999999999991,0,0,4,1,0,3.84,0,-1.0788771088500728,Agricultural Burning,0.6194,0.1019,0.2787,0.6194,MEDIUM,FAILED_TILE,,Mining,Mining & Quarry,HIGHER_RELEVANCE,77752.07517096541,0,0,0,Mining & Quarry,,77752.07517096541,30,Grassland,CLOUD_REJECTED,MISSING_PRODUCT,MISSING_POST,2025-01-04T05:01:19.024000Z,,SUCCESS,,0.4918450581449297,,,False,UNREVIEWED,,False,2026-09-06T17:19:14Z,phase_5_ml_handoff/final_model.joblib,5909bb546fc55aeffd37b7bb601e96718709fe685e987705b246bb2963279798,phase_4b_ground_truth_v1
FIRMS_TN_0303,303,2025-01-08,2004,2025-01-08T20:00,N,12.87471,79.8894,N20,VIIRS,n,0.52,302.08,291.51,10.569999999999991,0,0,4,1,0,3.84,0,-1.0471049675091535,Agricultural Burning,0.6094,0.1119,0.2787,0.6094,MEDIUM,FAILED_TILE,,Mining,Mining & Quarry,HIGHER_RELEVANCE,77708.27826918055,0,0,0,Mining & Quarry,,77708.27826918055,30,Grassland,CLOUD_REJECTED,MISSING_PRODUCT,MISSING_POST,2025-01-04T05:01:19.024000Z,,SUCCESS,,0.4926919223617655,,,False,UNREVIEWED,,False,2026-09-06T17:19:14Z,phase_5_ml_handoff/final_model.joblib,5909bb546fc55aeffd37b7bb601e96718709fe685e987705b246bb2963279798,phase_4b_ground_truth_v1
FIRMS_TN_0304,304,2025-01-08,2004,2025-01-08T20:00,N,12.85482,79.90556,N20,VIIRS,n,1.66,314.02,290.84,23.180000000000007,0,0,14,3,1,25.28,0,0.3393280744433417,Industrial Thermal Activity,0.1975,0.4334,0.3691,0.4334,LOW,FAILED_TILE,,Mining,Mining & Quarry,HIGHER_RELEVANCE,75880.7370291362,0,0,0,Mining & Quarry,,75880.7370291362,30,Grassland,REAL_CDSE_SUCCESS,MISSING_PRODUCT,MISSING_POST,2025-01-04T05:01:19.024000Z,,SUCCESS,,0.4848610467061854,,,False,UNREVIEWED,,False,2026-09-06T17:19:14Z,phase_5_ml_handoff/final_model.joblib,5909bb546fc55aeffd37b7bb601e96718709fe685e987705b246bb2963279798,phase_4b_ground_truth_v1
FIRMS_TN_0305,305,2025-01-08,2004,2025-01-08T20:00,N,12.70463,77.80582,N20,VIIRS,n,1.06,301.35,286.74,14.610000000000014,0,0,2,1,0,2.05,0,-1.0944389739966425,Agricultural Burning,0.5933,0.2769,0.1298,0.5933,MEDIUM,FAILED_TILE,,Other Industrial,Substation & Electrical Infrastructure,CAUTION_LOWER_RELEVANCE,61955.25501837077,0,0,0,Mining & Quarry,,64955.67867352709,40,Cropland,REAL_CDSE_SUCCESS,REAL_CDSE_SUCCESS,SUCCESS,2025-01-07T05:11:19.024000Z,2025-01-12T05:11:51.024000Z,SUCCESS,SUCCESS,0.4518204421996665,0.4506485626126091,-0.0368580457202639,False,UNREVIEWED,,False,2026-09-06T17:19:14Z,phase_5_ml_handoff/final_model.joblib,5909bb546fc55aeffd37b7bb601e96718709fe685e987705b246bb2963279798,phase_4b_ground_truth_v1
FIRMS_TN_0306,306,2025-01-08,2004,2025-01-08T20:00,N,11.8722,79.22449,N20,VIIRS,n,0.67,304.37,290.15,14.220000000000027,0,0,2,1,0,1.13,0,-0.8986188375689395,Agricultural Burning,0.5899,0.2083,0.2017,0.5899,MEDIUM,COVERED,,Other Industrial,Industrial Area / Zone,GENERAL_CONTEXT,5574.592797126129,0,0,0,Mining & Quarry,,21149.83249383997,10,Tree cover,CLOUD_REJECTED,MISSING_PRODUCT,MISSING_POST,2025-01-04T05:01:19.024000Z,,SUCCESS,,0.6787319989771198,,,False,UNREVIEWED,,False,2026-09-06T17:19:14Z,phase_5_ml_handoff/final_model.joblib,5909bb546fc55aeffd37b7bb601e96718709fe685e987705b246bb2963279798,phase_4b_ground_truth_v1
FIRMS_TN_0307,307,2025-01-08,2004,2025-01-08T20:00,N,11.81092,77.92183,N20,VIIRS,n,3.02,321.69,293.12,28.57,0,0,16,3,1,22.18,1,3.173198926679173,Industrial Thermal Activity,0.1329,0.6936,0.1735,0.6936,MEDIUM,COVERED,,Other Industrial,Substation & Electrical Infrastructure,CAUTION_LOWER_RELEVANCE,498.4620532068996,1,1,1,Steel / Metallurgy,JSW Steel Plant,559.6307468426442,50,Built-up,CLOUD_REJECTED,MISSING_PRODUCT,MISSING_POST,2025-01-07T05:11:19.024000Z,,SUCCESS,,0.2989242289204947,,,False,UNREVIEWED,,False,2026-09-06T17:19:14Z,phase_5_ml_handoff/final_model.joblib,5909bb546fc55aeffd37b7bb601e96718709fe685e987705b246bb2963279798,phase_4b_ground_truth_v1
FIRMS_TN_0308,308,2025-01-08,2004,2025-01-08T20:00,N,11.6535,78.02995,N20,VIIRS,n,1.3,308.69,290.95,17.74000000000001,0,0,2,1,0,2.46,0,-0.6185052649306348,Industrial Thermal Activity,0.4572,0.4806,0.0622,0.4806,LOW,COVERED,SAIL,Other Industrial,Substation & Electrical Infrastructure,CAUTION_LOWER_RELEVANCE,189.6875187890415,1,1,1,Steel / Metallurgy,Salem Steel Plant,282.1183485569245,50,Built-up,CLOUD_REJECTED,MISSING_PRODUCT,MISSING_POST,2025-01-07T05:11:19.024000Z,,SUCCESS,,0.5432259294962647,,,False,UNREVIEWED,,False,2026-09-06T17:19:14Z,phase_5_ml_handoff/final_model.joblib,5909bb546fc55aeffd37b7bb601e96718709fe685e987705b246bb2963279798,phase_4b_ground_truth_v1
FIRMS_TN_0309,309,2025-01-08,2004,2025-01-08T20:00,N,11.18334,79.0993,N20,VIIRS,n,0.7,303.54,291.18,12.360000000000014,0,0,20,6,1,18.59,0,-0.5812029523895619,Industrial Thermal Activity,0.1661,0.8339,0.0,0.8339,HIGH,COVERED,,Other Industrial,Substation & Electrical Infrastructure,CAUTION_LOWER_RELEVANCE,316.42255827827864,1,1,1,Power Plant,,681.2898730074105,50,Built-up,REAL_CDSE_SUCCESS,MISSING_PRODUCT,MISSING_POST,2025-01-04T05:01:19.024000Z,,SUCCESS,,0.4334909463033962,,,False,UNREVIEWED,,False,2026-09-06T17:19:14Z,phase_5_ml_handoff/final_model.joblib,5909bb546fc55aeffd37b7bb601e96718709fe685e987705b246bb2963279798,phase_4b_ground_truth_v1
FIRMS_TN_0310,310,2025-01-08,2004,2025-01-08T20:00,N,10.49672,77.46429,N20,VIIRS,n,0.45,300.18,288.84,11.340000000000032,0,0,2,1,0,1.04,0,-1.1703030665861842,Agricultural Burning,0.8566,0.094,0.0494,0.8566,HIGH,COVERED,,Power Plant,Power Plant,HIGHER_RELEVANCE,1269.1337497582454,0,0,1,Power Plant,,1269.1337497582454,40,Cropland,REAL_CDSE_SUCCESS,REAL_CDSE_SUCCESS,SUCCESS,2025-01-07T05:11:19.024000Z,2025-01-17T05:10:39.024000Z,SUCCESS,SUCCESS,0.4540572955996242,0.4791214393029302,-0.0411726169522807,False,UNREVIEWED,,False,2026-09-06T17:19:14Z,phase_5_ml_handoff/final_model.joblib,5909bb546fc55aeffd37b7bb601e96718709fe685e987705b246bb2963279798,phase_4b_ground_truth_v1
FIRMS_TN_0311,311,2025-01-08,2004,2025-01-08T20:00,N,10.75285,78.90936,N20,VIIRS,n,0.58,303.48,291.06,12.420000000000016,0,0,1,1,0,0.58,0,-0.9563274208208116,Agricultural Burning,0.6342,0.2133,0.1524,0.6342,MEDIUM,COVERED,,Other Industrial,Industrial Area / Zone,GENERAL_CONTEXT,3900.24598174453,0,0,0,Steel / Metallurgy,Apex Steel Technology Ltd,5605.11783539266,30,Grassland,REAL_CDSE_SUCCESS,MISSING_PRODUCT,MISSING_POST,2025-01-04T05:01:19.024000Z,,SUCCESS,,0.442304890190191,,,False,UNREVIEWED,,False,2026-09-06T17:19:14Z,phase_5_ml_handoff/final_model.joblib,5909bb546fc55aeffd37b7bb601e96718709fe685e987705b246bb2963279798,phase_4b_ground_truth_v1
FIRMS_TN_0312,312,2025-01-08,2004,2025-01-08T20:00,N,11.17813,79.08661,N20,VIIRS,n,0.67,305.27,291.03,14.240000000000007,0,0,3,1,0,2.13,0,-0.8402618432692941,Agricultural Burning,0.6577,0.204,0.1383,0.6577,MEDIUM,COVERED,,Other Industrial,Industrial Area / Zone,GENERAL_CONTEXT,789.1021762875375,0,1,1,Power Plant,,2181.2029524752857,50,Built-up,REAL_CDSE_SUCCESS,MISSING_PRODUCT,MISSING_POST,2025-01-04T05:01:19.024000Z,,SUCCESS,,0.3922884648263938,,,False,UNREVIEWED,,False,2026-09-06T17:19:14Z,phase_5_ml_handoff/final_model.joblib,5909bb546fc55aeffd37b7bb601e96718709fe685e987705b246bb2963279798,phase_4b_ground_truth_v1
FIRMS_TN_0313,313,2025-01-08,2004,2025-01-08T20:00,N,13.39291,80.10188,N20,VIIRS,n,1.19,309.06,293.45,15.610000000000014,0,0,21,4,1,22.85,0,0.5585190404674242,Industrial Thermal Activity,0.1627,0.699,0.1383,0.699,MEDIUM,FAILED_TILE,,Other Industrial,Industrial Area / Zone,GENERAL_CONTEXT,137511.51009824782,0,0,0,Mining & Quarry,,139083.51011550176,40,Cropland,CLOUD_REJECTED,CLOUD_REJECTED,MISSING_POST,2025-01-04T05:01:19.024000Z,2025-01-14T05:00:49.024000Z,SUCCESS,ALL_PIXELS_MASKED,0.4332653423972802,,,False,UNREVIEWED,,False,2026-09-06T17:19:14Z,phase_5_ml_handoff/final_model.joblib,5909bb546fc55aeffd37b7bb601e96718709fe685e987705b246bb2963279798,phase_4b_ground_truth_v1
FIRMS_TN_0314,314,2025-01-08,2004,2025-01-08T20:00,N,13.39286,80.0788,N20,VIIRS,n,0.29,306.07,292.05,14.019999999999982,0,0,5,2,0,2.66,0,-0.1859310648832036,Agricultural Burning,0.5755,0.2747,0.1498,0.5755,MEDIUM,FAILED_TILE,,Other Industrial,Industrial Area / Zone,GENERAL_CONTEXT,137222.7564890088,0,0,0,Mining & Quarry,,138431.6087699726,40,Cropland,REAL_CDSE_SUCCESS,CLOUD_REJECTED,MISSING_POST,2025-01-04T05:01:19.024000Z,2025-01-14T05:00:49.024000Z,SUCCESS,ALL_PIXELS_MASKED,0.5121674188807802,,,False,UNREVIEWED,,False,2026-09-06T17:19:14Z,phase_5_ml_handoff/final_model.joblib,5909bb546fc55aeffd37b7bb601e96718709fe685e987705b246bb2963279798,phase_4b_ground_truth_v1
FIRMS_TN_0315,315,2025-01-08,2004,2025-01-08T20:00,N,13.1593,80.28298,N20,VIIRS,n,0.61,306.74,292.96,13.78000000000003,0,0,15,3,1,31.96,0,-0.2424310141584415,Industrial Thermal Activity,0.2743,0.5573,0.1683,0.5573,MEDIUM,FAILED_TILE,,Other Industrial,Industrial Area / Zone,GENERAL_CONTEXT,116362.49067044225,0,0,0,Mining & Quarry,,122068.3233031726,50,Built-up,CLOUD_REJECTED,REAL_CDSE_SUCCESS,INSUFFICIENT_VALID_DATA,2025-01-04T05:01:19.024000Z,2025-01-14T05:00:49.024000Z,SUCCESS,SUCCESS,0.2644399455351546,0.2916771957997544,,False,UNREVIEWED,,False,2026-09-06T17:19:14Z,phase_5_ml_handoff/final_model.joblib,5909bb546fc55aeffd37b7bb601e96718709fe685e987705b246bb2963279798,phase_4b_ground_truth_v1
FIRMS_TN_0316,316,2025-01-08,2004,2025-01-08T20:00,N,13.06491,80.18908,N20,VIIRS,n,0.52,307.27,293.31,13.95999999999998,0,0,7,1,0,5.2,0,1.334548336170052,Agricultural Burning,0.4298,0.3674,0.2028,0.4298,LOW,FAILED_TILE,,Other Industrial,Industrial Area / Zone,GENERAL_CONTEXT,103402.5067374805,0,0,0,Mining & Quarry,,108122.54796313644,50,Built-up,CLOUD_REJECTED,CLOUD_REJECTED,MISSING_BOTH,2025-01-04T05:01:19.024000Z,2025-01-14T05:00:49.024000Z,ALL_PIXELS_MASKED,ALL_PIXELS_MASKED,,,,False,UNREVIEWED,,False,2026-09-06T17:19:14Z,phase_5_ml_handoff/final_model.joblib,5909bb546fc55aeffd37b7bb601e96718709fe685e987705b246bb2963279798,phase_4b_ground_truth_v1
FIRMS_TN_0317,317,2025-01-08,2004,2025-01-08T20:00,N,13.08191,79.98158,N20,VIIRS,n,0.78,304.94,291.92,13.019999999999982,0,0,11,3,1,15.69,0,-0.3209198967005843,Industrial Thermal Activity,0.2652,0.5273,0.2074,0.5273,MEDIUM,FAILED_TILE,,Other Industrial,Industrial Area / Zone,GENERAL_CONTEXT,101969.3037210198,0,0,0,Mining & Quarry,,102333.6602147496,60,Bare/sparse vegetation,CLOUD_REJECTED,MISSING_PRODUCT,MISSING_POST,2025-01-04T05:01:19.024000Z,,SUCCESS,,0.3854592506062052,,,False,UNREVIEWED,,False,2026-09-06T17:19:14Z,phase_5_ml_handoff/final_model.joblib,5909bb546fc55aeffd37b7bb601e96718709fe685e987705b246bb2963279798,phase_4b_ground_truth_v1
FIRMS_TN_0318,318,2025-01-09,1946,2025-01-09T19:00,N,9.85275,78.15184,N20,VIIRS,n,0.87,303.28,288.27,15.009999999999993,0,0,1,1,0,0.87,0,-0.9692956417762916,Agricultural Burning,0.5638,0.3129,0.1233,0.5638,MEDIUM,COVERED,,Other Industrial,Substation & Electrical Infrastructure,CAUTION_LOWER_RELEVANCE,1749.9883630547804,0,0,1,Manufacturing & Industrial Works,,4288.25217894644,20,Shrubland,MISSING_PRODUCT,CLOUD_REJECTED,MISSING_PRE,,2025-01-17T05:10:39.024000Z,,SUCCESS,,0.5968997517555861,,False,UNREVIEWED,,False,2026-09-06T17:19:14Z,phase_5_ml_handoff/final_model.joblib,5909bb546fc55aeffd37b7bb601e96718709fe685e987705b246bb2963279798,phase_4b_ground_truth_v1
FIRMS_TN_0319,319,2025-01-09,1946,2025-01-09T19:00,N,11.81362,77.9201,N20,VIIRS,n,0.8,303.56,289.48,14.079999999999984,0,0,16,3,1,22.18,0,-0.3517945426697869,Industrial Thermal Activity,0.2104,0.7343,0.0552,0.7343,MEDIUM,COVERED,JSW Steel Plant,Manufacturing,Steel / Metallurgy,HIGHER_RELEVANCE,227.96843595314687,1,1,1,Steel / Metallurgy,JSW Steel Plant,227.96843595314687,50,Built-up,CLOUD_REJECTED,MISSING_PRODUCT,MISSING_POST,2025-01-07T05:11:19.024000Z,,SUCCESS,,0.2941394560285441,,,False,UNREVIEWED,,False,2026-09-06T17:19:14Z,phase_5_ml_handoff/final_model.joblib,5909bb546fc55aeffd37b7bb601e96718709fe685e987705b246bb2963279798,phase_4b_ground_truth_v1
FIRMS_TN_0320,320,2025-01-09,1946,2025-01-09T19:00,N,13.41907,80.08904,N20,VIIRS,n,0.65,301.93,290.01,11.920000000000016,0,0,1,1,0,0.65,0,-1.0568311332257598,Agricultural Burning,0.6418,0.1883,0.1698,0.6418,MEDIUM,FAILED_TILE,,Other Industrial,Industrial Area / Zone,GENERAL_CONTEXT,140239.18526639105,0,0,0,Mining & Quarry,,141530.98833238782,40,Cropland,REAL_CDSE_SUCCESS,CLOUD_REJECTED,MISSING_POST,2025-01-04T05:01:19.024000Z,2025-01-14T05:00:49.024000Z,SUCCESS,ALL_PIXELS_MASKED,0.4857816607370592,,,False,UNREVIEWED,,False,2026-09-06T17:19:14Z,phase_5_ml_handoff/final_model.joblib,5909bb546fc55aeffd37b7bb601e96718709fe685e987705b246bb2963279798,phase_4b_ground_truth_v1
FIRMS_TN_0321,321,2025-01-09,1946,2025-01-09T19:00,N,13.39514,80.0994,N20,VIIRS,n,0.42,302.13,290.01,12.120000000000005,0,0,4,2,0,2.53,0,-1.0438629122702834,Agricultural Burning,0.6718,0.1683,0.1598,0.6718,MEDIUM,FAILED_TILE,,Other Industrial,Industrial Area / Zone,GENERAL_CONTEXT,137725.08068960346,0,0,0,Mining & Quarry,,139251.09959630526,40,Cropland,REAL_CDSE_SUCCESS,CLOUD_REJECTED,MISSING_POST,2025-01-04T05:01:19.024000Z,2025-01-14T05:00:49.024000Z,SUCCESS,ALL_PIXELS_MASKED,0.5280776579125295,,,False,UNREVIEWED,,False,2026-09-06T17:19:14Z,phase_5_ml_handoff/final_model.joblib,5909bb546fc55aeffd37b7bb601e96718709fe685e987705b246bb2963279798,phase_4b_ground_truth_v1
FIRMS_TN_0322,322,2025-01-09,1946,2025-01-09T19:00,N,13.16071,80.28396,N20,VIIRS,n,1.38,303.31,290.23,13.079999999999984,0,0,23,4,1,29.58,0,-0.8819161948840422,Industrial Thermal Activity,0.0707,0.771,0.1583,0.771,HIGH,FAILED_TILE,,Other Industrial,Industrial Area / Zone,GENERAL_CONTEXT,116544.66918271164,0,0,0,Mining & Quarry,,122256.49046252556,50,Built-up,CLOUD_REJECTED,REAL_CDSE_SUCCESS,INSUFFICIENT_VALID_DATA,2025-01-04T05:01:19.024000Z,2025-01-14T05:00:49.024000Z,SUCCESS,SUCCESS,0.2952755470315809,0.3196333808925904,,False,UNREVIEWED,,False,2026-09-06T17:19:14Z,phase_5_ml_handoff/final_model.joblib,5909bb546fc55aeffd37b7bb601e96718709fe685e987705b246bb2963279798,phase_4b_ground_truth_v1
FIRMS_TN_0323,323,2025-01-09,1946,2025-01-09T19:00,N,13.08376,79.97999,N20,VIIRS,n,1.17,308.81,289.48,19.329999999999984,0,0,10,1,0,14.08,0,0.3805723332473127,Industrial Thermal Activity,0.247,0.534,0.219,0.534,MEDIUM,FAILED_TILE,,Other Industrial,Industrial Area / Zone,GENERAL_CONTEXT,102168.68136416374,0,0,0,Mining & Quarry,,102493.23282188809,20,Shrubland,CLOUD_REJECTED,MISSING_PRODUCT,MISSING_POST,2025-01-04T05:01:19.024000Z,,SUCCESS,,0.400947678950475,,,False,UNREVIEWED,,False,2026-09-06T17:19:14Z,phase_5_ml_handoff/final_model.joblib,5909bb546fc55aeffd37b7bb601e96718709fe685e987705b246bb2963279798,phase_4b_ground_truth_v1
FIRMS_TN_0324,324,2025-01-09,1946,2025-01-09T19:00,N,10.93198,77.55813,N20,VIIRS,n,0.28,299.79,287.83,11.960000000000036,0,0,1,1,0,0.28,0,-1.1955910974493635,Agricultural Burning,0.7999,0.166,0.0341,0.7999,HIGH,COVERED,,Power Plant,Power Plant,HIGHER_RELEVANCE,646.6072262661334,0,1,1,Power Plant,,646.6072262661334,40,Cropland,REAL_CDSE_SUCCESS,CLOUD_REJECTED,MISSING_POST,2025-01-07T05:11:19.024000Z,2025-01-12T05:11:51.024000Z,SUCCESS,ALL_PIXELS_MASKED,0.52323653263267,,,False,UNREVIEWED,,False,2026-09-06T17:19:14Z,phase_5_ml_handoff/final_model.joblib,5909bb546fc55aeffd37b7bb601e96718709fe685e987705b246bb2963279798,phase_4b_ground_truth_v1
FIRMS_TN_0325,325,2025-01-10,834,2025-01-10T08:00,D,11.37769,77.35635,N20,VIIRS,n,1.71,332.0,296.18,35.81999999999999,1,0,1,1,0,1.71,0,0.8929408874302194,Agricultural Burning,0.5315,0.0443,0.4242,0.5315,MEDIUM,COVERED,,Other Industrial,Substation & Electrical Infrastructure,CAUTION_LOWER_RELEVANCE,4845.924572607859,0,0,0,Manufacturing & Industrial Works,Malayappalayam EB Sub Station,10214.604384113494,10,Tree cover,REAL_CDSE_SUCCESS,REAL_CDSE_SUCCESS,SUCCESS,2025-01-07T05:11:19.024000Z,2025-01-12T05:11:51.024000Z,SUCCESS,SUCCESS,0.5135111906096451,0.4656950056607998,-0.0282140243993163,False,UNREVIEWED,,False,2026-09-06T17:19:14Z,phase_5_ml_handoff/final_model.joblib,5909bb546fc55aeffd37b7bb601e96718709fe685e987705b246bb2963279798,phase_4b_ground_truth_v1
FIRMS_TN_0326,326,2025-01-10,1925,2025-01-10T19:00,N,13.19121,80.2813,N20,VIIRS,n,0.57,300.58,284.85,15.72999999999996,0,0,1,1,0,0.57,0,-1.1443666246752315,Agricultural Burning,0.6618,0.1683,0.1698,0.6618,MEDIUM,FAILED_TILE,,Other Industrial,Industrial Area / Zone,GENERAL_CONTEXT,119681.22594543824,0,0,0,Mining & Quarry,,125136.34504170615,40,Cropland,CLOUD_REJECTED,CLOUD_REJECTED,INSUFFICIENT_VALID_DATA,2025-01-04T05:01:19.024000Z,2025-01-14T05:00:49.024000Z,SUCCESS,SUCCESS,0.2834004065055647,0.5574878125862541,,False,UNREVIEWED,,False,2026-09-06T17:19:14Z,phase_5_ml_handoff/final_model.joblib,5909bb546fc55aeffd37b7bb601e96718709fe685e987705b246bb2963279798,phase_4b_ground_truth_v1
FIRMS_TN_0327,327,2025-01-10,1925,2025-01-10T19:00,N,13.16068,80.2821,N20,VIIRS,n,1.19,304.75,289.54,15.20999999999998,0,0,23,4,1,29.58,0,-0.4576741560378611,Industrial Thermal Activity,0.0907,0.751,0.1583,0.751,HIGH,FAILED_TILE,,Other Industrial,Industrial Area / Zone,GENERAL_CONTEXT,116478.36020204064,0,0,0,Mining & Quarry,,122159.80888356765,50,Built-up,CLOUD_REJECTED,REAL_CDSE_SUCCESS,INSUFFICIENT_VALID_DATA,2025-01-04T05:01:19.024000Z,2025-01-14T05:00:49.024000Z,SUCCESS,SUCCESS,0.217795680035702,0.2307598379421424,,False,UNREVIEWED,,False,2026-09-06T17:19:14Z,phase_5_ml_handoff/final_model.joblib,5909bb546fc55aeffd37b7bb601e96718709fe685e987705b246bb2963279798,phase_4b_ground_truth_v1
FIRMS_TN_0328,328,2025-01-10,1925,2025-01-10T19:00,N,12.99741,79.90338,N20,VIIRS,n,0.66,303.22,286.82,16.400000000000034,0,0,10,3,1,11.98,0,-0.5731365143639229,Industrial Thermal Activity,0.3236,0.4261,0.2504,0.4261,LOW,FAILED_TILE,,Mining,Mining & Quarry,HIGHER_RELEVANCE,91405.70973570844,0,0,0,Mining & Quarry,,91405.70973570844,30,Grassland,REAL_CDSE_SUCCESS,MISSING_PRODUCT,MISSING_POST,2025-01-04T05:01:19.024000Z,,SUCCESS,,0.5686233893855678,,,False,UNREVIEWED,,False,2026-09-06T17:19:14Z,phase_5_ml_handoff/final_model.joblib,5909bb546fc55aeffd37b7bb601e96718709fe685e987705b246bb2963279798,phase_4b_ground_truth_v1
FIRMS_TN_0329,329,2025-01-10,1925,2025-01-10T19:00,N,12.99128,79.90255,N20,VIIRS,n,0.66,298.08,284.76,13.319999999999991,0,0,10,3,1,11.98,0,-1.0388212573026845,Industrial Thermal Activity,0.3508,0.4161,0.2331,0.4161,LOW,FAILED_TILE,,Mining,Mining & Quarry,HIGHER_RELEVANCE,90718.74491144184,0,0,0,Mining & Quarry,,90718.74491144184,10,Tree cover,REAL_CDSE_SUCCESS,MISSING_PRODUCT,MISSING_POST,2025-01-04T05:01:19.024000Z,,SUCCESS,,0.5624714925277194,,,False,UNREVIEWED,,False,2026-09-06T17:19:14Z,phase_5_ml_handoff/final_model.joblib,5909bb546fc55aeffd37b7bb601e96718709fe685e987705b246bb2963279798,phase_4b_ground_truth_v1
FIRMS_TN_0330,330,2025-01-11,813,2025-01-11T08:00,D,9.55959,77.2526,N20,VIIRS,n,4.69,339.39,294.53,44.860000000000014,1,0,1,1,0,4.69,0,1.372116651735097,Agricultural Burning,0.5093,0.02,0.4707,0.5093,MEDIUM,COVERED,Suruliyar,Power Plant,Power Plant,HIGHER_RELEVANCE,7092.4192553177445,0,0,0,Power Plant,Suruliyar,7092.4192553177445,30,Grassland,REAL_CDSE_SUCCESS,REAL_CDSE_SUCCESS,SUCCESS,2025-01-07T05:11:19.024000Z,2025-01-17T05:10:39.024000Z,SUCCESS,SUCCESS,0.7369934493970275,0.6405066366201558,-0.1007186432896031,False,UNREVIEWED,,False,2026-09-06T17:19:14Z,phase_5_ml_handoff/final_model.joblib,5909bb546fc55aeffd37b7bb601e96718709fe685e987705b246bb2963279798,phase_4b_ground_truth_v1
FIRMS_TN_0331,331,2025-01-11,813,2025-01-11T08:00,D,9.56013,77.25623,N20,VIIRS,n,4.69,332.2,291.71,40.49000000000001,1,0,2,1,0,18.82,0,0.9059091083856956,Agricultural Burning,0.5356,0.0233,0.4411,0.5356,MEDIUM,COVERED,Suruliyar,Power Plant,Power Plant,HIGHER_RELEVANCE,6921.299331665356,0,0,0,Power Plant,Suruliyar,6921.299331665356,10,Tree cover,REAL_CDSE_SUCCESS,REAL_CDSE_SUCCESS,SUCCESS,2025-01-07T05:11:19.024000Z,2025-01-17T05:10:39.024000Z,SUCCESS,SUCCESS,0.747834934271188,0.6719633670300756,-0.0824176355386498,False,UNREVIEWED,,False,2026-09-06T17:19:14Z,phase_5_ml_handoff/final_model.joblib,5909bb546fc55aeffd37b7bb601e96718709fe685e987705b246bb2963279798,phase_4b_ground_truth_v1
FIRMS_TN_0332,332,2025-01-11,813,2025-01-11T08:00,D,8.13922,77.58295,N20,VIIRS,n,2.61,333.34,299.79,33.549999999999955,1,0,1,1,0,2.61,0,0.9798279678319144,Natural / Wildfire / Other,0.3998,0.0018,0.5985,0.5985,MEDIUM,FAILED_TILE,,Mining,Mining & Quarry,HIGHER_RELEVANCE,38583.9909447222,0,0,0,Mining & Quarry,,38583.9909447222,10,Tree cover,REAL_CDSE_SUCCESS,REAL_CDSE_SUCCESS,SUCCESS,2025-01-07T05:11:19.024000Z,2025-01-17T05:10:39.024000Z,SUCCESS,SUCCESS,0.159452371772143,0.104202940036458,-0.018021954908642,False,UNREVIEWED,,False,2026-09-06T17:19:14Z,phase_5_ml_handoff/final_model.joblib,5909bb546fc55aeffd37b7bb601e96718709fe685e987705b246bb2963279798,phase_4b_ground_truth_v1
FIRMS_TN_0333,333,2025-01-11,2048,2025-01-11T20:00,N,12.99835,79.90646,N20,VIIRS,n,1.02,306.38,285.89,20.49000000000001,0,0,10,3,1,11.98,0,-0.2868400576155845,Industrial Thermal Activity,0.2019,0.5377,0.2604,0.5377,MEDIUM,FAILED_TILE,,Mining,Mining & Quarry,HIGHER_RELEVANCE,91566.21981760404,0,0,0,Mining & Quarry,,91566.21981760404,30,Grassland,REAL_CDSE_SUCCESS,MISSING_PRODUCT,MISSING_POST,2025-01-04T05:01:19.024000Z,,SUCCESS,,0.5088591871824945,,,False,UNREVIEWED,,False,2026-09-06T17:19:14Z,phase_5_ml_handoff/final_model.joblib,5909bb546fc55aeffd37b7bb601e96718709fe685e987705b246bb2963279798,phase_4b_ground_truth_v1
FIRMS_TN_0334,334,2025-01-11,2048,2025-01-11T20:00,N,11.81491,77.91808,N20,VIIRS,n,1.9,302.41,290.83,11.58000000000004,0,0,43,8,1,64.3,0,-0.8331483552574286,Industrial Thermal Activity,0.0,1.0,0.0,1.0,HIGH,COVERED,JSW Steel Plant,Manufacturing,Steel / Metallurgy,HIGHER_RELEVANCE,48.98458533478792,1,1,1,Steel / Metallurgy,JSW Steel Plant,48.98458533478792,50,Built-up,CLOUD_REJECTED,MISSING_PRODUCT,MISSING_POST,2025-01-07T05:11:19.024000Z,,SUCCESS,,0.3528663949375783,,,False,UNREVIEWED,,False,2026-09-06T17:19:14Z,phase_5_ml_handoff/final_model.joblib,5909bb546fc55aeffd37b7bb601e96718709fe685e987705b246bb2963279798,phase_4b_ground_truth_v1
FIRMS_TN_0335,335,2025-01-11,2048,2025-01-11T20:00,N,11.18388,79.0989,N20,VIIRS,n,0.81,307.19,287.45,19.74000000000001,0,0,20,6,1,18.59,0,0.5596364002439006,Industrial Thermal Activity,0.0761,0.9139,0.01,0.9139,HIGH,COVERED,,Other Industrial,Substation & Electrical Infrastructure,CAUTION_LOWER_RELEVANCE,262.33232314237773,1,1,1,Power Plant,,698.2072474726497,50,Built-up,REAL_CDSE_SUCCESS,MISSING_PRODUCT,MISSING_POST,2025-01-04T05:01:19.024000Z,,SUCCESS,,0.4369754614706704,,,False,UNREVIEWED,,False,2026-09-06T17:19:14Z,phase_5_ml_handoff/final_model.joblib,5909bb546fc55aeffd37b7bb601e96718709fe685e987705b246bb2963279798,phase_4b_ground_truth_v1
FIRMS_TN_0336,336,2025-01-11,2048,2025-01-11T20:00,N,11.43351,77.34338,N20,VIIRS,n,0.99,312.45,288.97,23.47999999999996,0,0,2,1,0,2.18,0,-0.3747027109676663,Agricultural Burning,0.538,0.3129,0.1491,0.538,MEDIUM,COVERED,,Other Industrial,Substation & Electrical Infrastructure,CAUTION_LOWER_RELEVANCE,2796.611047985778,0,0,0,Manufacturing & Industrial Works,Coirmedia,13907.907974521995,20,Shrubland,REAL_CDSE_SUCCESS,REAL_CDSE_SUCCESS,SUCCESS,2025-01-07T05:11:19.024000Z,2025-01-12T05:11:51.024000Z,SUCCESS,SUCCESS,0.6439885127849615,0.608306407409603,-0.0158878429916461,False,UNREVIEWED,,False,2026-09-06T17:19:14Z,phase_5_ml_handoff/final_model.joblib,5909bb546fc55aeffd37b7bb601e96718709fe685e987705b246bb2963279798,phase_4b_ground_truth_v1
FIRMS_TN_0337,337,2025-01-11,2048,2025-01-11T20:00,N,12.99838,79.90594,N20,VIIRS,n,0.86,304.46,285.68,18.779999999999973,0,0,10,3,1,11.98,0,-0.4607923351335654,Industrial Thermal Activity,0.2191,0.5477,0.2331,0.5477,MEDIUM,FAILED_TILE,,Mining,Mining & Quarry,HIGHER_RELEVANCE,91559.71067229408,0,0,0,Mining & Quarry,,91559.71067229408,20,Shrubland,REAL_CDSE_SUCCESS,MISSING_PRODUCT,MISSING_POST,2025-01-04T05:01:19.024000Z,,SUCCESS,,0.5112370205206962,,,False,UNREVIEWED,,False,2026-09-06T17:19:14Z,phase_5_ml_handoff/final_model.joblib,5909bb546fc55aeffd37b7bb601e96718709fe685e987705b246bb2963279798,phase_4b_ground_truth_v1
FIRMS_TN_0338,338,2025-01-11,2048,2025-01-11T20:00,N,13.3941,80.10033,N20,VIIRS,n,0.74,301.71,286.62,15.089999999999977,0,0,21,4,1,22.85,0,-1.3319944221673767,Industrial Thermal Activity,0.1823,0.6493,0.1683,0.6493,MEDIUM,FAILED_TILE,,Other Industrial,Industrial Area / Zone,GENERAL_CONTEXT,137622.4273852717,0,0,0,Mining & Quarry,,139166.324567592,30,Grassland,REAL_CDSE_SUCCESS,CLOUD_REJECTED,MISSING_POST,2025-01-04T05:01:19.024000Z,2025-01-14T05:00:49.024000Z,SUCCESS,ALL_PIXELS_MASKED,0.5040471958017466,,,False,UNREVIEWED,,False,2026-09-06T17:19:14Z,phase_5_ml_handoff/final_model.joblib,5909bb546fc55aeffd37b7bb601e96718709fe685e987705b246bb2963279798,phase_4b_ground_truth_v1
FIRMS_TN_0339,339,2025-01-12,2029,2025-01-12T20:00,N,13.30202,79.47368,N20,VIIRS,n,0.71,302.13,289.58,12.550000000000011,0,0,1,1,0,0.71,0,-1.0438629122702834,Agricultural Burning,0.5816,0.1712,0.2472,0.5816,MEDIUM,FAILED_TILE,,Mining,Mining & Quarry,HIGHER_RELEVANCE,127762.55404814292,0,0,0,Mining & Quarry,,127762.55404814292,10,Tree cover,REAL_CDSE_SUCCESS,REAL_CDSE_SUCCESS,SUCCESS,2025-01-07T05:11:19.024000Z,2025-01-27T05:10:09.024000Z,SUCCESS,SUCCESS,0.5749149968524113,0.5645392024283502,-0.0018203409022432,False,UNREVIEWED,,False,2026-09-06T17:19:14Z,phase_5_ml_handoff/final_model.joblib,5909bb546fc55aeffd37b7bb601e96718709fe685e987705b246bb2963279798,phase_4b_ground_truth_v1
FIRMS_TN_0340,340,2025-01-12,2029,2025-01-12T20:00,N,13.0976,79.75738,N20,VIIRS,n,0.42,301.04,285.58,15.460000000000036,0,0,2,1,0,0.93,0,-1.1145397164776318,Agricultural Burning,0.6394,0.1412,0.2194,0.6394,MEDIUM,FAILED_TILE,,Mining,Mining & Quarry,HIGHER_RELEVANCE,101208.02662490572,0,0,0,Mining & Quarry,,101208.02662490572,20,Shrubland,CLOUD_REJECTED,MISSING_PRODUCT,MISSING_POST,2025-01-04T05:01:19.024000Z,,SUCCESS,,0.3210461823358407,,,False,UNREVIEWED,,False,2026-09-06T17:19:14Z,phase_5_ml_handoff/final_model.joblib,5909bb546fc55aeffd37b7bb601e96718709fe685e987705b246bb2963279798,phase_4b_ground_truth_v1
FIRMS_TN_0341,341,2024-11-01,820,2024-11-01T08:00,D,8.90227,77.86367,N,VIIRS,n,4.54,332.77,297.62,35.14999999999998,1,1,1,1,0,4.54,0,0.942868538108805,Agricultural Burning,0.7029,0.0125,0.2846,0.7029,MEDIUM,FAILED_TILE,,Power Plant,Power Plant,HIGHER_RELEVANCE,55883.74651325777,0,0,0,Power Plant,,55883.74651325777,40,Cropland,CLOUD_REJECTED,MISSING_PRODUCT,MISSING_POST,2024-10-29T05:08:39.024000Z,,SUCCESS,,0.3020030018369508,,,True,VERIFIED,Agricultural Burning,True,2026-09-06T17:19:14Z,phase_5_ml_handoff/final_model.joblib,5909bb546fc55aeffd37b7bb601e96718709fe685e987705b246bb2963279798,phase_4b_ground_truth_v1
FIRMS_TN_0342,342,2024-11-01,822,2024-11-01T08:00,D,10.46357,77.84547,N,VIIRS,n,3.68,330.32,294.18,36.13999999999999,1,1,1,1,0,3.68,0,0.7840078314042115,Agricultural Burning,0.5182,0.0442,0.4376,0.5182,MEDIUM,COVERED,Reddiyarchatram,Other Industrial,Substation & Electrical Infrastructure,CAUTION_LOWER_RELEVANCE,2977.5854856879946,0,0,0,Power Plant,,5672.488223732066,30,Grassland,MISSING_PRODUCT,MISSING_PRODUCT,INVALID_INPUT,,,,,,,,False,UNREVIEWED,,False,2026-09-06T17:19:14Z,phase_5_ml_handoff/final_model.joblib,5909bb546fc55aeffd37b7bb601e96718709fe685e987705b246bb2963279798,phase_4b_ground_truth_v1
FIRMS_TN_0343,343,2024-11-01,1913,2024-11-01T19:00,N,13.15854,80.28359,N,VIIRS,n,5.59,310.97,284.86,26.110000000000014,0,1,15,10,1,31.96,1,0.5383937497173549,Industrial Thermal Activity,0.0258,0.8765,0.0977,0.8765,HIGH,FAILED_TILE,,Other Industrial,Industrial Area / Zone,GENERAL_CONTEXT,116303.01895208268,0,0,0,Mining & Quarry,,122024.35815248029,50,Built-up,CLOUD_REJECTED,REAL_CDSE_SUCCESS,INSUFFICIENT_VALID_DATA,2024-10-31T04:59:41.024000Z,2024-11-05T04:59:09.024000Z,SUCCESS,SUCCESS,0.3389417858738603,0.312015092654569,,False,UNREVIEWED,,False,2026-09-06T17:19:14Z,phase_5_ml_handoff/final_model.joblib,5909bb546fc55aeffd37b7bb601e96718709fe685e987705b246bb2963279798,phase_4b_ground_truth_v1
FIRMS_TN_0344,344,2024-11-01,1913,2024-11-01T19:00,N,13.15899,80.28084,N,VIIRS,n,5.64,315.11,285.01,30.100000000000023,0,1,15,10,1,31.96,1,1.3026052207447243,Industrial Thermal Activity,0.0158,0.8799,0.1044,0.8799,HIGH,FAILED_TILE,,Other Industrial,Industrial Area / Zone,GENERAL_CONTEXT,116257.22222079131,0,0,0,Mining & Quarry,,121930.0170976518,50,Built-up,CLOUD_REJECTED,REAL_CDSE_SUCCESS,INSUFFICIENT_VALID_DATA,2024-10-31T04:59:41.024000Z,2024-11-05T04:59:09.024000Z,SUCCESS,SUCCESS,0.1952482903262949,0.1783893944523712,,True,VERIFIED,Industrial Fire,True,2026-09-06T17:19:14Z,phase_5_ml_handoff/final_model.joblib,5909bb546fc55aeffd37b7bb601e96718709fe685e987705b246bb2963279798,phase_4b_ground_truth_v1
FIRMS_TN_0345,345,2024-11-01,2055,2024-11-01T20:00,N,11.18414,79.10126,N,VIIRS,n,0.58,303.51,287.46,16.05000000000001,0,1,8,5,1,8.73,0,-1.338240287845648,Industrial Thermal Activity,0.2405,0.7525,0.007,0.7525,HIGH,COVERED,,Power Plant,Power Plant,HIGHER_RELEVANCE,450.2868295502201,1,1,1,Power Plant,,450.2868295502201,50,Built-up,REAL_CDSE_SUCCESS,REAL_CDSE_SUCCESS,SUCCESS,2024-10-29T05:08:39.024000Z,2024-11-10T05:00:31.024000Z,SUCCESS,SUCCESS,0.4307739539827773,0.4302379031907714,0.054850923614358,False,UNREVIEWED,,False,2026-09-06T17:19:14Z,phase_5_ml_handoff/final_model.joblib,5909bb546fc55aeffd37b7bb601e96718709fe685e987705b246bb2963279798,phase_4b_ground_truth_v1
FIRMS_TN_0346,346,2024-11-01,2055,2024-11-01T20:00,N,11.80874,77.9237,N,VIIRS,n,1.85,298.62,287.21,11.410000000000023,0,1,21,10,1,32.72,0,-1.0741462581404129,Industrial Thermal Activity,0.0214,0.9786,0.0,0.9786,HIGH,COVERED,,Other Industrial,Substation & Electrical Infrastructure,CAUTION_LOWER_RELEVANCE,238.2820559650022,1,1,1,Steel / Metallurgy,JSW Steel Plant,875.4225894924213,50,Built-up,CLOUD_REJECTED,MISSING_PRODUCT,MISSING_BOTH,2024-10-29T05:08:39.024000Z,,ALL_PIXELS_MASKED,,,,,False,UNREVIEWED,,False,2026-09-06T17:19:14Z,phase_5_ml_handoff/final_model.joblib,5909bb546fc55aeffd37b7bb601e96718709fe685e987705b246bb2963279798,phase_4b_ground_truth_v1
FIRMS_TN_0347,347,2024-11-02,801,2024-11-02T08:00,D,9.29491,79.06944,N,VIIRS,n,5.41,337.04,295.45,41.59000000000003,1,1,2,1,0,10.56,0,1.2197400555082432,Agricultural Burning,0.7385,0.0952,0.1664,0.7385,MEDIUM,COVERED,,Power Plant,Power Plant,HIGHER_RELEVANCE,2871.5212403196306,0,0,0,Power Plant,,2871.5212403196306,10,Tree cover,CLOUD_REJECTED,REAL_CDSE_SUCCESS,INSUFFICIENT_VALID_DATA,2024-10-31T04:59:41.024000Z,2024-11-05T04:59:09.024000Z,SUCCESS,SUCCESS,0.2076862878772373,0.2777096481859669,,False,UNREVIEWED,,False,2026-09-06T17:19:14Z,phase_5_ml_handoff/final_model.joblib,5909bb546fc55aeffd37b7bb601e96718709fe685e987705b246bb2963279798,phase_4b_ground_truth_v1
FIRMS_TN_0348,348,2024-11-02,801,2024-11-02T08:00,D,10.63004,77.4669,N,VIIRS,n,3.01,336.59,296.66,39.92999999999995,1,1,1,1,0,3.01,0,1.1905615583584168,Agricultural Burning,0.6801,0.2182,0.1016,0.6801,MEDIUM,COVERED,,Power Plant,Power Plant,HIGHER_RELEVANCE,337.8261491686382,1,1,1,Power Plant,,337.8261491686382,30,Grassland,MISSING_PRODUCT,MISSING_PRODUCT,INVALID_INPUT,,,,,,,,True,VERIFIED,Agricultural Burning,True,2026-09-06T17:19:14Z,phase_5_ml_handoff/final_model.joblib,5909bb546fc55aeffd37b7bb601e96718709fe685e987705b246bb2963279798,phase_4b_ground_truth_v1
FIRMS_TN_0349,349,2024-11-02,801,2024-11-02T08:00,D,10.79266,78.01292,N,VIIRS,n,1.9,330.23,294.31,35.920000000000016,1,1,1,1,0,1.9,0,0.7781721319742484,Agricultural Burning,0.7617,0.1708,0.0675,0.7617,HIGH,COVERED,,Power Plant,Power Plant,HIGHER_RELEVANCE,233.9123404362257,1,1,1,Power Plant,,233.9123404362257,40,Cropland,CLOUD_REJECTED,MISSING_PRODUCT,MISSING_BOTH,2024-10-29T05:08:39.024000Z,,ALL_PIXELS_MASKED,,,,,True,VERIFIED,Agricultural Burning,True,2026-09-06T17:19:14Z,phase_5_ml_handoff/final_model.joblib,5909bb546fc55aeffd37b7bb601e96718709fe685e987705b246bb2963279798,phase_4b_ground_truth_v1
FIRMS_TN_0350,350,2024-11-02,801,2024-11-02T08:00,D,11.68599,79.03794,N,VIIRS,n,3.0,333.44,298.07,35.370000000000005,1,1,1,1,0,3.0,0,0.9863120783096544,Agricultural Burning,0.5427,0.0265,0.4308,0.5427,MEDIUM,COVERED,,Other Industrial,Substation & Electrical Infrastructure,CAUTION_LOWER_RELEVANCE,2702.823315056084,0,0,0,Mining & Quarry,,3183.187342781008,10,Tree cover,REAL_CDSE_SUCCESS,CLOUD_REJECTED,INSUFFICIENT_VALID_DATA,2024-10-29T05:08:39.024000Z,2024-11-05T04:59:09.024000Z,SUCCESS,SUCCESS,0.5980479890578113,0.6894517458751142,,False,UNREVIEWED,,False,2026-09-06T17:19:14Z,phase_5_ml_handoff/final_model.joblib,5909bb546fc55aeffd37b7bb601e96718709fe685e987705b246bb2963279798,phase_4b_ground_truth_v1
FIRMS_TN_0351,351,2024-11-02,2036,2024-11-02T20:00,N,13.39204,80.10352,N,VIIRS,n,2.97,305.79,291.23,14.560000000000002,0,1,21,10,1,22.85,1,-0.2825665408680514,Industrial Thermal Activity,0.0147,0.9803,0.005,0.9803,HIGH,FAILED_TILE,,Other Industrial,Industrial Area / Zone,GENERAL_CONTEXT,137437.35037291847,0,0,0,Mining & Quarry,,139037.86563574828,30,Grassland,CLOUD_REJECTED,CLOUD_REJECTED,MISSING_PRE,2024-10-31T04:59:41.024000Z,2024-11-05T04:59:09.024000Z,ALL_PIXELS_MASKED,SUCCESS,,0.2951293583681184,,True,VERIFIED,Persistent Industrial Thermal Source,True,2026-09-06T17:19:14Z,phase_5_ml_handoff/final_model.joblib,5909bb546fc55aeffd37b7bb601e96718709fe685e987705b246bb2963279798,phase_4b_ground_truth_v1
FIRMS_TN_0352,352,2024-11-02,2038,2024-11-02T20:00,N,11.18124,79.09919,N,VIIRS,n,1.04,306.97,289.17,17.80000000000001,0,1,20,10,1,18.59,0,0.4908734803591527,Industrial Thermal Activity,0.0261,0.9639,0.01,0.9639,HIGH,COVERED,,Other Industrial,Substation & Electrical Infrastructure,CAUTION_LOWER_RELEVANCE,432.6863111461704,1,1,1,Power Plant,,819.9264708804886,50,Built-up,REAL_CDSE_SUCCESS,REAL_CDSE_SUCCESS,SUCCESS,2024-10-29T05:08:39.024000Z,2024-11-10T05:00:31.024000Z,SUCCESS,SUCCESS,0.4790972268416668,0.4654658804996024,0.0356024147944947,False,UNREVIEWED,,False,2026-09-06T17:19:14Z,phase_5_ml_handoff/final_model.joblib,5909bb546fc55aeffd37b7bb601e96718709fe685e987705b246bb2963279798,phase_4b_ground_truth_v1
FIRMS_TN_0353,353,2024-11-02,2038,2024-11-02T20:00,N,11.808,77.92326,N,VIIRS,n,1.92,306.08,289.32,16.75999999999999,0,1,21,10,1,32.72,0,-0.2097752246481349,Industrial Thermal Activity,0.0114,0.9886,0.0,0.9886,HIGH,COVERED,,Other Industrial,Substation & Electrical Infrastructure,CAUTION_LOWER_RELEVANCE,150.2843065967975,1,1,1,Steel / Metallurgy,JSW Steel Plant,907.332267623369,50,Built-up,CLOUD_REJECTED,MISSING_PRODUCT,MISSING_BOTH,2024-10-29T05:08:39.024000Z,,ALL_PIXELS_MASKED,,,,,False,UNREVIEWED,,False,2026-09-06T17:19:14Z,phase_5_ml_handoff/final_model.joblib,5909bb546fc55aeffd37b7bb601e96718709fe685e987705b246bb2963279798,phase_4b_ground_truth_v1
FIRMS_TN_0354,354,2024-11-02,2038,2024-11-02T20:00,N,11.81181,77.92392,N,VIIRS,n,1.33,303.38,289.52,13.860000000000014,0,1,16,11,1,22.18,0,-0.3867917199716532,Industrial Thermal Activity,0.0114,0.9886,0.0,0.9886,HIGH,COVERED,,Other Industrial,Substation & Electrical Infrastructure,CAUTION_LOWER_RELEVANCE,578.8981084058486,0,1,1,Steel / Metallurgy,JSW Steel Plant,689.8721484299417,10,Tree cover,CLOUD_REJECTED,MISSING_PRODUCT,MISSING_BOTH,2024-10-29T05:08:39.024000Z,,ALL_PIXELS_MASKED,,,,,False,UNREVIEWED,,False,2026-09-06T17:19:14Z,phase_5_ml_handoff/final_model.joblib,5909bb546fc55aeffd37b7bb601e96718709fe685e987705b246bb2963279798,phase_4b_ground_truth_v1
FIRMS_TN_0355,355,2024-11-02,2038,2024-11-02T20:00,N,11.18253,79.10263,N,VIIRS,n,1.26,304.44,289.59,14.850000000000025,0,1,8,5,1,8.73,0,-0.9753937958058638,Industrial Thermal Activity,0.0655,0.9275,0.007,0.9275,HIGH,COVERED,,Power Plant,Power Plant,HIGHER_RELEVANCE,460.7683193757693,1,1,1,Power Plant,,460.7683193757693,10,Tree cover,REAL_CDSE_SUCCESS,REAL_CDSE_SUCCESS,SUCCESS,2024-10-29T05:08:39.024000Z,2024-11-10T05:00:31.024000Z,SUCCESS,SUCCESS,0.4501849847663877,0.451893521765518,0.0435499769690705,False,UNREVIEWED,,False,2026-09-06T17:19:14Z,phase_5_ml_handoff/final_model.joblib,5909bb546fc55aeffd37b7bb601e96718709fe685e987705b246bb2963279798,phase_4b_ground_truth_v1
FIRMS_TN_0356,356,2024-11-03,743,2024-11-03T07:00,D,12.91178,79.89191,N,VIIRS,n,8.03,344.15,294.93,49.21999999999997,1,1,1,1,0,8.03,1,1.6807603104754507,Agricultural Burning,0.8902,0.0167,0.0931,0.8902,HIGH,FAILED_TILE,,Mining,Mining & Quarry,HIGHER_RELEVANCE,81812.6765757137,0,0,0,Mining & Quarry,,81812.6765757137,40,Cropland,CLOUD_REJECTED,CLOUD_REJECTED,MISSING_BOTH,2024-10-31T04:59:41.024000Z,2024-11-05T04:59:09.024000Z,ALL_PIXELS_MASKED,ALL_PIXELS_MASKED,,,,True,VERIFIED,Agricultural Burning,True,2026-09-06T17:19:14Z,phase_5_ml_handoff/final_model.joblib,5909bb546fc55aeffd37b7bb601e96718709fe685e987705b246bb2963279798,phase_4b_ground_truth_v1
FIRMS_TN_0357,357,2024-11-09,733,2024-11-09T07:00,D,11.39463,77.1191,N,VIIRS,n,2.54,330.8,297.71,33.09000000000003,1,1,2,1,0,7.32,0,0.8151315616973577,Natural / Wildfire / Other,0.3598,0.0161,0.624,0.624,MEDIUM,FAILED_TILE,Bannari Amman Sugars,Other Industrial,Substation & Electrical Infrastructure,CAUTION_LOWER_RELEVANCE,19230.882705329303,0,0,0,Power Plant,,19284.11087109634,30,Grassland,CLOUD_REJECTED,MISSING_PRODUCT,MISSING_POST,2024-11-03T05:26:01.024000Z,,SUCCESS,,0.5703026672272687,,,False,UNREVIEWED,,False,2026-09-06T17:19:14Z,phase_5_ml_handoff/final_model.joblib,5909bb546fc55aeffd37b7bb601e96718709fe685e987705b246bb2963279798,phase_4b_ground_truth_v1
FIRMS_TN_0358,358,2024-11-09,733,2024-11-09T07:00,D,11.14266,76.89446,N,VIIRS,n,2.44,330.38,288.88,41.5,1,1,1,1,0,2.44,0,0.7878982976908547,Natural / Wildfire / Other,0.3133,0.0368,0.6499,0.6499,MEDIUM,FAILED_TILE,,Other Industrial,Industrial Area / Zone,GENERAL_CONTEXT,39329.52346534671,0,0,0,Mining & Quarry,,40970.06189831468,30,Grassland,CLOUD_REJECTED,CLOUD_REJECTED,INSUFFICIENT_VALID_DATA,2024-11-03T05:09:51.024000Z,2024-11-18T05:10:19.024000Z,SUCCESS,SUCCESS,0.6410943083185264,0.5983671047784307,,True,VERIFIED,REVIEW_REQUIRED,False,2026-09-06T17:19:14Z,phase_5_ml_handoff/final_model.joblib,5909bb546fc55aeffd37b7bb601e96718709fe685e987705b246bb2963279798,phase_4b_ground_truth_v1
FIRMS_TN_0359,359,2024-11-09,733,2024-11-09T07:00,D,13.12178,79.84028,N,VIIRS,n,5.33,342.92,273.1,69.82,1,1,1,1,0,5.33,0,1.6010057515992693,Agricultural Burning,0.8293,0.02,0.1507,0.8293,HIGH,FAILED_TILE,,Mining,Mining & Quarry,HIGHER_RELEVANCE,104263.05165348912,0,0,0,Mining & Quarry,,104263.05165348912,40,Cropland,CLOUD_REJECTED,CLOUD_REJECTED,INSUFFICIENT_VALID_DATA,2024-11-05T04:59:09.024000Z,2024-11-10T05:00:31.024000Z,SUCCESS,SUCCESS,0.5651192589351725,0.7088245239532224,,True,VERIFIED,REVIEW_REQUIRED,False,2026-09-06T17:19:14Z,phase_5_ml_handoff/final_model.joblib,5909bb546fc55aeffd37b7bb601e96718709fe685e987705b246bb2963279798,phase_4b_ground_truth_v1
FIRMS_TN_0360,360,2024-11-09,2004,2024-11-09T20:00,N,13.08049,79.98437,N,VIIRS,n,0.63,308.65,290.05,18.59999999999997,0,1,11,5,1,15.69,0,0.0319968638585848,Industrial Thermal Activity,0.2036,0.7302,0.0662,0.7302,MEDIUM,FAILED_TILE,,Other Industrial,Industrial Area / Zone,GENERAL_CONTEXT,101823.12650254092,0,0,0,Mining & Quarry,,102251.9432458412,30,Grassland,CLOUD_REJECTED,CLOUD_REJECTED,INSUFFICIENT_VALID_DATA,2024-11-05T04:59:09.024000Z,2024-11-10T05:00:31.024000Z,SUCCESS,SUCCESS,0.3130986478322359,0.4709379493025477,,False,UNREVIEWED,,False,2026-09-06T17:19:14Z,phase_5_ml_handoff/final_model.joblib,5909bb546fc55aeffd37b7bb601e96718709fe685e987705b246bb2963279798,phase_4b_ground_truth_v1
FIRMS_TN_0361,361,2024-11-09,2004,2024-11-09T20:00,N,13.08105,79.98058,N,VIIRS,n,1.14,305.95,290.08,15.870000000000005,0,1,11,5,1,15.69,0,-0.2248428271143957,Industrial Thermal Activity,0.0832,0.8702,0.0466,0.8702,HIGH,FAILED_TILE,,Other Industrial,Industrial Area / Zone,GENERAL_CONTEXT,101869.8004517081,0,0,0,Mining & Quarry,,102215.23956679436,10,Tree cover,CLOUD_REJECTED,CLOUD_REJECTED,INSUFFICIENT_VALID_DATA,2024-11-05T04:59:09.024000Z,2024-11-10T05:00:31.024000Z,SUCCESS,SUCCESS,0.3885648548447609,0.4760137940058468,,False,UNREVIEWED,,False,2026-09-06T17:19:14Z,phase_5_ml_handoff/final_model.joblib,5909bb546fc55aeffd37b7bb601e96718709fe685e987705b246bb2963279798,phase_4b_ground_truth_v1
FIRMS_TN_0362,362,2024-11-09,2004,2024-11-09T20:00,N,13.39108,80.10101,N,VIIRS,n,0.89,306.27,289.74,16.529999999999973,0,1,21,10,1,22.85,0,-0.159104437185789,Industrial Thermal Activity,0.094,0.896,0.01,0.896,HIGH,FAILED_TILE,,Other Industrial,Industrial Area / Zone,GENERAL_CONTEXT,137298.04819360576,0,0,0,Mining & Quarry,,138862.2741016328,40,Cropland,CLOUD_REJECTED,CLOUD_REJECTED,INSUFFICIENT_VALID_DATA,2024-11-05T04:59:09.024000Z,2024-11-10T05:00:31.024000Z,SUCCESS,SUCCESS,0.2666432447987676,0.4089332957900727,,False,UNREVIEWED,,False,2026-09-06T17:19:14Z,phase_5_ml_handoff/final_model.joblib,5909bb546fc55aeffd37b7bb601e96718709fe685e987705b246bb2963279798,phase_4b_ground_truth_v1
FIRMS_TN_0363,363,2024-11-09,2006,2024-11-09T20:00,N,12.85254,79.90463,N,VIIRS,n,1.24,306.22,286.95,19.27000000000004,0,1,14,3,1,25.28,0,-0.8799751742968027,Industrial Thermal Activity,0.1644,0.4909,0.3447,0.4909,LOW,FAILED_TILE,,Mining,Mining & Quarry,HIGHER_RELEVANCE,75611.76099462462,0,0,0,Mining & Quarry,,75611.76099462462,30,Grassland,CLOUD_REJECTED,CLOUD_REJECTED,INSUFFICIENT_VALID_DATA,2024-11-05T04:59:09.024000Z,2024-11-10T05:00:31.024000Z,SUCCESS,SUCCESS,0.510016699751292,0.5100614001399051,,False,UNREVIEWED,,False,2026-09-06T17:19:14Z,phase_5_ml_handoff/final_model.joblib,5909bb546fc55aeffd37b7bb601e96718709fe685e987705b246bb2963279798,phase_4b_ground_truth_v1
FIRMS_TN_0364,364,2024-11-09,2006,2024-11-09T20:00,N,12.85171,79.90358,N,VIIRS,n,1.35,316.68,287.26,29.420000000000016,0,1,14,3,1,25.28,0,0.7551417464496023,Industrial Thermal Activity,0.1742,0.4533,0.3726,0.4533,LOW,FAILED_TILE,,Mining,Mining & Quarry,HIGHER_RELEVANCE,75497.84338604167,0,0,0,Mining & Quarry,,75497.84338604167,60,Bare/sparse vegetation,CLOUD_REJECTED,CLOUD_REJECTED,INSUFFICIENT_VALID_DATA,2024-11-05T04:59:09.024000Z,2024-11-10T05:00:31.024000Z,SUCCESS,SUCCESS,0.5044861023567148,0.517420092635555,,False,UNREVIEWED,,False,2026-09-06T17:19:14Z,phase_5_ml_handoff/final_model.joblib,5909bb546fc55aeffd37b7bb601e96718709fe685e987705b246bb2963279798,phase_4b_ground_truth_v1
FIRMS_TN_0365,365,2024-11-09,2006,2024-11-09T20:00,N,12.84911,79.9041,N,VIIRS,n,1.24,318.43,287.42,31.00999999999999,0,1,2,1,0,2.3,0,0.0130470956010996,Agricultural Burning,0.4234,0.2198,0.3568,0.4234,LOW,FAILED_TILE,,Mining,Mining & Quarry,HIGHER_RELEVANCE,75226.7625801575,0,0,0,Mining & Quarry,,75226.7625801575,20,Shrubland,CLOUD_REJECTED,CLOUD_REJECTED,INSUFFICIENT_VALID_DATA,2024-11-05T04:59:09.024000Z,2024-11-10T05:00:31.024000Z,SUCCESS,SUCCESS,0.4951190993981853,0.4751687872906217,,False,UNREVIEWED,,False,2026-09-06T17:19:14Z,phase_5_ml_handoff/final_model.joblib,5909bb546fc55aeffd37b7bb601e96718709fe685e987705b246bb2963279798,phase_4b_ground_truth_v1
FIRMS_TN_0366,366,2024-11-09,2006,2024-11-09T20:00,N,11.20334,77.56705,N,VIIRS,n,0.53,298.97,271.9,27.07000000000005,0,1,15,8,1,15.08,0,-1.2682816372201866,Industrial Thermal Activity,0.1983,0.7801,0.0216,0.7801,HIGH,COVERED,,Mining,Mining & Quarry,HIGHER_RELEVANCE,426.1779618161653,1,1,1,Mining & Quarry,,426.1779618161653,30,Grassland,MISSING_PRODUCT,MISSING_PRODUCT,INVALID_INPUT,,,,,,,,False,UNREVIEWED,,False,2026-09-06T17:19:14Z,phase_5_ml_handoff/final_model.joblib,5909bb546fc55aeffd37b7bb601e96718709fe685e987705b246bb2963279798,phase_4b_ground_truth_v1
FIRMS_TN_0367,367,2024-11-10,711,2024-11-10T07:00,D,12.71976,79.57167,N,VIIRS,n,5.91,331.94,294.12,37.81999999999999,1,1,1,1,0,5.91,0,0.8890504211435761,Agricultural Burning,0.7505,0.0125,0.237,0.7505,HIGH,FAILED_TILE,,Mining,Mining & Quarry,HIGHER_RELEVANCE,62617.58802307244,0,0,0,Mining & Quarry,,62617.58802307244,40,Cropland,CLOUD_REJECTED,MISSING_PRODUCT,MISSING_POST,2024-11-05T04:59:09.024000Z,,SUCCESS,,0.596862117039515,,,True,VERIFIED,Agricultural Burning,True,2026-09-06T17:19:14Z,phase_5_ml_handoff/final_model.joblib,5909bb546fc55aeffd37b7bb601e96718709fe685e987705b246bb2963279798,phase_4b_ground_truth_v1
FIRMS_TN_0368,368,2024-11-10,711,2024-11-10T07:00,D,12.18344,79.5451,N,VIIRS,n,6.93,331.26,292.68,38.579999999999984,1,1,1,1,0,6.93,1,0.8449584698949536,Agricultural Burning,0.7799,0.0535,0.1666,0.7799,HIGH,FAILED_TILE,Sree Amman Transformer Works,Industrial Works,Manufacturing & Industrial Works,HIGHER_RELEVANCE,7406.627435627412,0,0,0,Manufacturing & Industrial Works,Sree Amman Transformer Works,7406.627435627412,40,Cropland,REAL_CDSE_SUCCESS,MISSING_PRODUCT,MISSING_POST,2024-11-05T04:59:09.024000Z,,SUCCESS,,0.4806885932619893,,,True,VERIFIED,Agricultural Burning,True,2026-09-06T17:19:14Z,phase_5_ml_handoff/final_model.joblib,5909bb546fc55aeffd37b7bb601e96718709fe685e987705b246bb2963279798,phase_4b_ground_truth_v1
FIRMS_TN_0369,369,2024-11-10,711,2024-11-10T07:00,D,11.69097,79.10184,N,VIIRS,n,3.5,329.39,296.46,32.93000000000001,1,1,1,1,0,3.5,0,0.7237056039612426,Agricultural Burning,0.605,0.0225,0.3725,0.605,MEDIUM,COVERED,,Other Industrial,Substation & Electrical Infrastructure,CAUTION_LOWER_RELEVANCE,4576.919223874287,0,0,0,Mining & Quarry,,10161.691557267326,40,Cropland,CLOUD_REJECTED,MISSING_PRODUCT,MISSING_POST,2024-11-05T04:59:09.024000Z,,SUCCESS,,0.3875397746659115,,,False,UNREVIEWED,,False,2026-09-06T17:19:14Z,phase_5_ml_handoff/final_model.joblib,5909bb546fc55aeffd37b7bb601e96718709fe685e987705b246bb2963279798,phase_4b_ground_truth_v1
FIRMS_TN_0370,370,2024-11-10,1946,2024-11-10T19:00,N,11.81698,77.91642,N,VIIRS,n,1.23,302.6,287.53,15.07000000000005,0,1,43,20,1,64.3,0,-0.8088928513467523,Industrial Thermal Activity,0.0014,0.9986,0.0,0.9986,HIGH,COVERED,,Other Industrial,Substation & Electrical Infrastructure,CAUTION_LOWER_RELEVANCE,332.92102388825714,1,1,1,Steel / Metallurgy,JSW Steel Plant,338.3938379346169,50,Built-up,CLOUD_REJECTED,MISSING_PRODUCT,MISSING_BOTH,2024-10-29T05:08:39.024000Z,,ALL_PIXELS_MASKED,,,,,False,UNREVIEWED,,False,2026-09-06T17:19:14Z,phase_5_ml_handoff/final_model.joblib,5909bb546fc55aeffd37b7bb601e96718709fe685e987705b246bb2963279798,phase_4b_ground_truth_v1
FIRMS_TN_0371,371,2024-11-11,834,2024-11-11T08:00,D,10.23154,78.85571,N,VIIRS,n,2.1,330.48,295.37,35.110000000000014,1,1,1,1,0,2.1,0,0.7943824081685947,Natural / Wildfire / Other,0.3512,0.065,0.5838,0.5838,MEDIUM,COVERED,,Other Industrial,Industrial Area / Zone,GENERAL_CONTEXT,10619.653117543525,0,0,0,Power Plant,,11405.775569811409,20,Shrubland,CLOUD_REJECTED,MISSING_PRODUCT,MISSING_POST,2024-11-10T05:00:31.024000Z,,SUCCESS,,0.582160445234902,,,False,UNREVIEWED,,False,2026-09-06T17:19:14Z,phase_5_ml_handoff/final_model.joblib,5909bb546fc55aeffd37b7bb601e96718709fe685e987705b246bb2963279798,phase_4b_ground_truth_v1
FIRMS_TN_0372,372,2024-11-12,813,2024-11-12T08:00,D,8.63081,77.77,N,VIIRS,n,2.7,334.89,301.83,33.06,1,1,2,1,0,4.36,0,1.0803316802368623,Agricultural Burning,0.5361,0.0143,0.4496,0.5361,MEDIUM,FAILED_TILE,,Mining,Mining & Quarry,HIGHER_RELEVANCE,62638.25060276931,0,0,0,Mining & Quarry,,62638.25060276931,20,Shrubland,REAL_CDSE_SUCCESS,MISSING_PRODUCT,MISSING_POST,2024-10-29T05:08:39.024000Z,,SUCCESS,,0.3564114253143274,,,False,UNREVIEWED,,False,2026-09-06T17:19:14Z,phase_5_ml_handoff/final_model.joblib,5909bb546fc55aeffd37b7bb601e96718709fe685e987705b246bb2963279798,phase_4b_ground_truth_v1
FIRMS_TN_0373,373,2024-11-12,813,2024-11-12T08:00,D,8.63009,77.76981,N,VIIRS,n,1.66,333.65,301.28,32.370000000000005,1,1,2,1,0,4.36,0,0.999928710312904,Agricultural Burning,0.585,0.0543,0.3607,0.585,MEDIUM,FAILED_TILE,,Mining,Mining & Quarry,HIGHER_RELEVANCE,62587.98401994419,0,0,0,Mining & Quarry,,62587.98401994419,20,Shrubland,REAL_CDSE_SUCCESS,MISSING_PRODUCT,MISSING_POST,2024-10-29T05:08:39.024000Z,,SUCCESS,,0.3592927357446892,,,False,UNREVIEWED,,False,2026-09-06T17:19:14Z,phase_5_ml_handoff/final_model.joblib,5909bb546fc55aeffd37b7bb601e96718709fe685e987705b246bb2963279798,phase_4b_ground_truth_v1
FIRMS_TN_0374,374,2024-11-13,756,2024-11-13T07:00,D,9.9609,77.73166,N,VIIRS,n,2.23,325.51,285.28,40.23000000000002,1,1,1,1,0,2.23,0,0.4721221174249874,Agricultural Burning,0.6263,0.0625,0.3112,0.6263,MEDIUM,COVERED,,Other Industrial,Substation & Electrical Infrastructure,CAUTION_LOWER_RELEVANCE,7953.546360892033,0,0,0,Power Plant,,11175.144145392824,40,Cropland,MISSING_PRODUCT,MISSING_PRODUCT,INVALID_INPUT,,,,,,,,False,UNREVIEWED,,False,2026-09-06T17:19:14Z,phase_5_ml_handoff/final_model.joblib,5909bb546fc55aeffd37b7bb601e96718709fe685e987705b246bb2963279798,phase_4b_ground_truth_v1
FIRMS_TN_0375,375,2024-11-13,756,2024-11-13T07:00,D,8.89287,77.77798,N,VIIRS,n,2.75,330.4,294.64,35.75999999999999,1,1,1,1,0,2.75,0,0.7891951197864012,Agricultural Burning,0.6565,0.0225,0.321,0.6565,MEDIUM,FAILED_TILE,,Power Plant,Power Plant,HIGHER_RELEVANCE,57011.724340407294,0,0,0,Power Plant,,57011.724340407294,40,Cropland,CLOUD_REJECTED,MISSING_PRODUCT,MISSING_BOTH,2024-10-29T05:08:39.024000Z,,ALL_PIXELS_MASKED,,,,,False,UNREVIEWED,,False,2026-09-06T17:19:14Z,phase_5_ml_handoff/final_model.joblib,5909bb546fc55aeffd37b7bb601e96718709fe685e987705b246bb2963279798,phase_4b_ground_truth_v1
FIRMS_TN_0376,376,2024-11-13,756,2024-11-13T07:00,D,8.61749,77.78497,N,VIIRS,n,3.08,330.76,297.79,32.96999999999997,1,1,1,1,0,3.08,0,0.8125379175062609,Natural / Wildfire / Other,0.3839,0.0068,0.6094,0.6094,MEDIUM,FAILED_TILE,,Mining,Mining & Quarry,HIGHER_RELEVANCE,63612.42970161801,0,0,0,Mining & Quarry,,63612.42970161801,30,Grassland,REAL_CDSE_SUCCESS,MISSING_PRODUCT,MISSING_POST,2024-10-29T05:08:39.024000Z,,SUCCESS,,0.2538760910328898,,,False,UNREVIEWED,,False,2026-09-06T17:19:14Z,phase_5_ml_handoff/final_model.joblib,5909bb546fc55aeffd37b7bb601e96718709fe685e987705b246bb2963279798,phase_4b_ground_truth_v1
FIRMS_TN_0377,377,2024-11-15,1953,2024-11-15T19:00,N,13.1593,80.28202,N,VIIRS,n,2.5,306.01,287.72,18.289999999999964,0,1,15,10,1,31.96,0,-0.3771832783734162,Industrial Thermal Activity,0.0097,0.951,0.0393,0.951,HIGH,FAILED_TILE,,Other Industrial,Industrial Area / Zone,GENERAL_CONTEXT,116329.906581395,0,0,0,Mining & Quarry,,122019.9308054929,50,Built-up,REAL_CDSE_SUCCESS,MISSING_PRODUCT,MISSING_POST,2024-11-10T05:00:31.024000Z,,SUCCESS,,0.209566759755631,,,False,UNREVIEWED,,False,2026-09-06T17:19:14Z,phase_5_ml_handoff/final_model.joblib,5909bb546fc55aeffd37b7bb601e96718709fe685e987705b246bb2963279798,phase_4b_ground_truth_v1
FIRMS_TN_0378,378,2024-11-17,2055,2024-11-17T20:00,N,11.18377,79.1026,N,VIIRS,n,1.04,307.39,288.18,19.20999999999998,0,1,8,5,1,8.73,0,0.175570883245051,Industrial Thermal Activity,0.0605,0.9325,0.007,0.9325,HIGH,COVERED,,Power Plant,Power Plant,HIGHER_RELEVANCE,355.2556785605288,1,1,1,Power Plant,,355.2556785605288,10,Tree cover,REAL_CDSE_SUCCESS,MISSING_PRODUCT,MISSING_POST,2024-11-10T05:00:31.024000Z,,SUCCESS,,0.4323154411454121,,,True,VERIFIED,Industrial Fire,True,2026-09-06T17:19:14Z,phase_5_ml_handoff/final_model.joblib,5909bb546fc55aeffd37b7bb601e96718709fe685e987705b246bb2963279798,phase_4b_ground_truth_v1
FIRMS_TN_0379,379,2024-11-18,802,2024-11-18T08:00,D,12.87528,79.8847,N,VIIRS,n,1.89,330.09,297.49,32.599999999999966,1,1,4,2,0,3.84,0,0.7690943773054116,Agricultural Burning,0.6516,0.0525,0.2959,0.6516,MEDIUM,FAILED_TILE,,Mining,Mining & Quarry,HIGHER_RELEVANCE,77679.91762359122,0,0,0,Mining & Quarry,,77679.91762359122,40,Cropland,REAL_CDSE_SUCCESS,MISSING_PRODUCT,MISSING_POST,2024-11-10T05:00:31.024000Z,,SUCCESS,,0.577431904862036,,,False,UNREVIEWED,,False,2026-09-06T17:19:14Z,phase_5_ml_handoff/final_model.joblib,5909bb546fc55aeffd37b7bb601e96718709fe685e987705b246bb2963279798,phase_4b_ground_truth_v1
FIRMS_TN_0380,380,2024-11-18,2036,2024-11-18T20:00,N,11.91846,79.64741,N,VIIRS,n,1.05,305.71,291.32,14.389999999999986,0,1,1,1,0,1.05,0,-0.8117317571672447,Agricultural Burning,0.4663,0.4454,0.0883,0.4663,LOW,COVERED,,Other Industrial,Substation & Electrical Infrastructure,CAUTION_LOWER_RELEVANCE,453.5822434020712,1,1,1,Manufacturing & Industrial Works,,1401.6347167144602,50,Built-up,CLOUD_REJECTED,MISSING_PRODUCT,MISSING_POST,2024-11-10T05:00:31.024000Z,,SUCCESS,,0.5219913870567043,,,False,UNREVIEWED,,False,2026-09-06T17:19:14Z,phase_5_ml_handoff/final_model.joblib,5909bb546fc55aeffd37b7bb601e96718709fe685e987705b246bb2963279798,phase_4b_ground_truth_v1
FIRMS_TN_0381,381,2024-11-18,2036,2024-11-18T20:00,N,11.81552,77.91557,N,VIIRS,n,0.62,301.63,289.73,11.899999999999975,0,1,43,20,1,64.3,0,-0.932723581838105,Industrial Thermal Activity,0.1317,0.8683,0.0,0.8683,HIGH,COVERED,JSW Steel Plant,Manufacturing,Steel / Metallurgy,HIGHER_RELEVANCE,308.624437117436,1,1,1,Steel / Metallurgy,JSW Steel Plant,308.624437117436,10,Tree cover,MISSING_PRODUCT,MISSING_PRODUCT,INVALID_INPUT,,,,,,,,False,UNREVIEWED,,False,2026-09-06T17:19:14Z,phase_5_ml_handoff/final_model.joblib,5909bb546fc55aeffd37b7bb601e96718709fe685e987705b246bb2963279798,phase_4b_ground_truth_v1
FIRMS_TN_0382,382,2024-11-19,2018,2024-11-19T20:00,N,11.81103,77.92401,N,VIIRS,n,0.9,306.19,291.28,14.910000000000023,0,1,16,11,1,22.18,0,0.1595531034630179,Industrial Thermal Activity,0.0131,0.9869,0.0,0.9869,HIGH,COVERED,,Other Industrial,Substation & Electrical Infrastructure,CAUTION_LOWER_RELEVANCE,494.6563590814819,1,1,1,Steel / Metallurgy,JSW Steel Plant,739.8301154598986,60,Bare/sparse vegetation,MISSING_PRODUCT,MISSING_PRODUCT,INVALID_INPUT,,,,,,,,False,UNREVIEWED,,False,2026-09-06T17:19:14Z,phase_5_ml_handoff/final_model.joblib,5909bb546fc55aeffd37b7bb601e96718709fe685e987705b246bb2963279798,phase_4b_ground_truth_v1
FIRMS_TN_0383,383,2024-11-19,2018,2024-11-19T20:00,N,11.81158,77.92048,N,VIIRS,n,0.71,305.82,290.75,15.069999999999991,0,1,16,11,1,22.18,0,0.0876144612314056,Industrial Thermal Activity,0.1217,0.8783,0.0,0.8783,HIGH,COVERED,JSW Steel Plant,Manufacturing,Steel / Metallurgy,HIGHER_RELEVANCE,407.31500644210126,1,1,1,Steel / Metallurgy,JSW Steel Plant,407.31500644210126,10,Tree cover,MISSING_PRODUCT,MISSING_PRODUCT,INVALID_INPUT,,,,,,,,False,UNREVIEWED,,False,2026-09-06T17:19:14Z,phase_5_ml_handoff/final_model.joblib,5909bb546fc55aeffd37b7bb601e96718709fe685e987705b246bb2963279798,phase_4b_ground_truth_v1
FIRMS_TN_0384,384,2024-11-19,2018,2024-11-19T20:00,N,11.81545,77.91749,N,VIIRS,n,0.71,304.77,290.92,13.849999999999966,0,1,43,20,1,64.3,0,-0.5318694645774502,Industrial Thermal Activity,0.1217,0.8783,0.0,0.8783,HIGH,COVERED,JSW Steel Plant,Manufacturing,Steel / Metallurgy,HIGHER_RELEVANCE,132.24974322528777,1,1,1,Steel / Metallurgy,JSW Steel Plant,132.24974322528777,50,Built-up,MISSING_PRODUCT,MISSING_PRODUCT,INVALID_INPUT,,,,,,,,False,UNREVIEWED,,False,2026-09-06T17:19:14Z,phase_5_ml_handoff/final_model.joblib,5909bb546fc55aeffd37b7bb601e96718709fe685e987705b246bb2963279798,phase_4b_ground_truth_v1
FIRMS_TN_0385,385,2024-11-19,2018,2024-11-19T20:00,N,13.0831,79.98327,N,VIIRS,n,0.57,311.39,285.11,26.279999999999973,0,1,11,5,1,15.69,0,0.2926415872904264,Industrial Thermal Activity,0.2236,0.7014,0.075,0.7014,MEDIUM,FAILED_TILE,,Other Industrial,Industrial Area / Zone,GENERAL_CONTEXT,102108.44248260662,0,0,0,Mining & Quarry,,102505.48905854137,20,Shrubland,CLOUD_REJECTED,MISSING_PRODUCT,MISSING_POST,2024-11-10T05:00:31.024000Z,,SUCCESS,,0.4749904072690135,,,False,UNREVIEWED,,False,2026-09-06T17:19:14Z,phase_5_ml_handoff/final_model.joblib,5909bb546fc55aeffd37b7bb601e96718709fe685e987705b246bb2963279798,phase_4b_ground_truth_v1
FIRMS_TN_0386,386,2024-11-20,1957,2024-11-20T19:00,N,13.42058,80.08909,N,VIIRS,n,0.37,303.21,288.8,14.409999999999968,0,1,2,2,0,0.78,0,-0.9738345191107082,Agricultural Burning,0.5097,0.2433,0.247,0.5097,MEDIUM,FAILED_TILE,,Other Industrial,Industrial Area / Zone,GENERAL_CONTEXT,140406.66464444032,0,0,0,Mining & Quarry,,141694.80729274763,10,Tree cover,CLOUD_REJECTED,MISSING_PRODUCT,MISSING_POST,2024-11-10T05:00:31.024000Z,,SUCCESS,,0.421339741968869,,,False,UNREVIEWED,,False,2026-09-06T17:19:14Z,phase_5_ml_handoff/final_model.joblib,5909bb546fc55aeffd37b7bb601e96718709fe685e987705b246bb2963279798,phase_4b_ground_truth_v1
FIRMS_TN_0387,387,2024-11-20,1957,2024-11-20T19:00,N,13.44849,80.09657,N,VIIRS,n,0.7,305.03,291.34,13.689999999999998,0,1,6,3,1,4.3,0,-0.2904448821789724,Industrial Thermal Activity,0.4007,0.4768,0.1225,0.4768,LOW,FAILED_TILE,,Other Industrial,Industrial Area / Zone,GENERAL_CONTEXT,143581.03266142812,0,0,0,Mining & Quarry,,144901.96313237096,40,Cropland,REAL_CDSE_SUCCESS,MISSING_PRODUCT,MISSING_POST,2024-11-10T05:00:31.024000Z,,SUCCESS,,0.4906477342091359,,,False,UNREVIEWED,,False,2026-09-06T17:19:14Z,phase_5_ml_handoff/final_model.joblib,5909bb546fc55aeffd37b7bb601e96718709fe685e987705b246bb2963279798,phase_4b_ground_truth_v1
FIRMS_TN_0388,388,2024-11-20,1957,2024-11-20T19:00,N,13.16111,80.28606,N,VIIRS,n,0.52,304.89,288.34,16.55000000000001,0,1,23,13,1,29.58,0,-0.416428402261153,Industrial Thermal Activity,0.1957,0.7943,0.01,0.7943,HIGH,FAILED_TILE,,Other Industrial,Industrial Area / Zone,GENERAL_CONTEXT,116658.53407590956,0,0,0,Mining & Quarry,,122401.94557513896,10,Tree cover,CLOUD_REJECTED,MISSING_PRODUCT,MISSING_POST,2024-11-10T05:00:31.024000Z,,SUCCESS,,0.2667517905578336,,,False,UNREVIEWED,,False,2026-09-06T17:19:14Z,phase_5_ml_handoff/final_model.joblib,5909bb546fc55aeffd37b7bb601e96718709fe685e987705b246bb2963279798,phase_4b_ground_truth_v1
FIRMS_TN_0389,389,2024-11-20,1957,2024-11-20T19:00,N,13.39223,80.103,N,VIIRS,n,0.67,304.51,290.32,14.189999999999998,0,1,21,10,1,22.85,0,-0.6117988173541187,Industrial Thermal Activity,0.1457,0.8443,0.01,0.8443,HIGH,FAILED_TILE,,Other Industrial,Industrial Area / Zone,GENERAL_CONTEXT,137451.36292129906,0,0,0,Mining & Quarry,,139043.11153883502,30,Grassland,CLOUD_REJECTED,MISSING_PRODUCT,MISSING_POST,2024-11-10T05:00:31.024000Z,,SUCCESS,,0.3687383430154363,,,False,UNREVIEWED,,False,2026-09-06T17:19:14Z,phase_5_ml_handoff/final_model.joblib,5909bb546fc55aeffd37b7bb601e96718709fe685e987705b246bb2963279798,phase_4b_ground_truth_v1
FIRMS_TN_0390,390,2024-11-21,1940,2024-11-21T19:00,N,13.15981,80.28191,N,VIIRS,n,2.41,310.67,291.23,19.44,0,1,15,10,1,31.96,0,0.4830161068892823,Industrial Thermal Activity,0.0097,0.931,0.0593,0.931,HIGH,FAILED_TILE,,Other Industrial,Industrial Area / Zone,GENERAL_CONTEXT,116380.0400315389,0,0,0,Mining & Quarry,,122064.59408682512,50,Built-up,REAL_CDSE_SUCCESS,MISSING_PRODUCT,MISSING_POST,2024-11-10T05:00:31.024000Z,,SUCCESS,,0.2036095184090944,,,False,UNREVIEWED,,False,2026-09-06T17:19:14Z,phase_5_ml_handoff/final_model.joblib,5909bb546fc55aeffd37b7bb601e96718709fe685e987705b246bb2963279798,phase_4b_ground_truth_v1
FIRMS_TN_0391,391,2024-11-21,1940,2024-11-21T19:00,N,11.6506,78.03009,N,VIIRS,n,0.63,304.25,291.67,12.579999999999984,0,1,1,1,0,0.63,0,-0.906399770142226,Agricultural Burning,0.5531,0.3864,0.0605,0.5531,MEDIUM,COVERED,SAIL,Other Industrial,Substation & Electrical Infrastructure,CAUTION_LOWER_RELEVANCE,497.2745420116749,1,1,1,Steel / Metallurgy,Salem Steel Plant,540.5825445912102,50,Built-up,MISSING_PRODUCT,MISSING_PRODUCT,INVALID_INPUT,,,,,,,,False,UNREVIEWED,,False,2026-09-06T17:19:14Z,phase_5_ml_handoff/final_model.joblib,5909bb546fc55aeffd37b7bb601e96718709fe685e987705b246bb2963279798,phase_4b_ground_truth_v1
FIRMS_TN_0392,392,2024-11-22,828,2024-11-22T08:00,D,10.87733,78.95669,N,VIIRS,n,3.84,340.87,296.12,44.75,1,1,1,1,0,3.84,0,1.4680814868056284,Agricultural Burning,0.6672,0.0615,0.2713,0.6672,MEDIUM,COVERED,Thirukattupalli,Other Industrial,Substation & Electrical Infrastructure,CAUTION_LOWER_RELEVANCE,3210.8027929857344,0,0,0,Mining & Quarry,,9530.897162983958,10,Tree cover,REAL_CDSE_SUCCESS,MISSING_PRODUCT,MISSING_POST,2024-11-10T05:00:31.024000Z,,SUCCESS,,0.614428230894532,,,False,UNREVIEWED,,False,2026-09-06T17:19:14Z,phase_5_ml_handoff/final_model.joblib,5909bb546fc55aeffd37b7bb601e96718709fe685e987705b246bb2963279798,phase_4b_ground_truth_v1
FIRMS_TN_0393,393,2024-11-22,828,2024-11-22T08:00,D,11.38068,77.52322,N,VIIRS,n,1.97,330.94,299.71,31.23000000000001,1,1,1,1,0,1.97,0,0.8242093163661907,Natural / Wildfire / Other,0.4672,0.0617,0.4711,0.4711,LOW,COVERED,Kavundapadi,Other Industrial,Substation & Electrical Infrastructure,CAUTION_LOWER_RELEVANCE,4176.769560442027,0,0,0,Power Plant,Gen-Set,7921.2183903400255,10,Tree cover,MISSING_PRODUCT,MISSING_PRODUCT,INVALID_INPUT,,,,,,,,False,UNREVIEWED,,False,2026-09-06T17:19:14Z,phase_5_ml_handoff/final_model.joblib,5909bb546fc55aeffd37b7bb601e96718709fe685e987705b246bb2963279798,phase_4b_ground_truth_v1
FIRMS_TN_0394,394,2024-11-22,828,2024-11-22T08:00,D,12.06948,78.48637,N,VIIRS,n,3.58,334.62,299.29,35.329999999999984,1,1,1,1,0,3.58,0,1.0628245819469695,Agricultural Burning,0.8356,0.006,0.1584,0.8356,HIGH,COVERED,Harur,Other Industrial,Substation & Electrical Infrastructure,CAUTION_LOWER_RELEVANCE,2286.8496071837726,0,0,0,Mining & Quarry,,3627.55058484131,40,Cropland,MISSING_PRODUCT,MISSING_PRODUCT,INVALID_INPUT,,,,,,,,False,UNREVIEWED,,False,2026-09-06T17:19:14Z,phase_5_ml_handoff/final_model.joblib,5909bb546fc55aeffd37b7bb601e96718709fe685e987705b246bb2963279798,phase_4b_ground_truth_v1
FIRMS_TN_0395,395,2024-11-23,807,2024-11-23T08:00,D,10.12921,77.86756,N,VIIRS,n,1.78,326.04,291.39,34.650000000000034,1,1,2,1,0,3.56,0,0.5064879029570036,Agricultural Burning,0.552,0.065,0.383,0.552,MEDIUM,COVERED,,Other Industrial,Industrial Area / Zone,GENERAL_CONTEXT,2693.061245309066,0,0,0,Power Plant,,8341.11155800569,20,Shrubland,MISSING_PRODUCT,REAL_CDSE_SUCCESS,MISSING_PRE,,2024-12-08T05:11:19.024000Z,,SUCCESS,,0.6852950053812161,,False,UNREVIEWED,,False,2026-09-06T17:19:14Z,phase_5_ml_handoff/final_model.joblib,5909bb546fc55aeffd37b7bb601e96718709fe685e987705b246bb2963279798,phase_4b_ground_truth_v1
FIRMS_TN_0396,396,2024-11-23,807,2024-11-23T08:00,D,10.12589,77.86807,N,VIIRS,n,1.78,326.13,291.92,34.20999999999998,1,1,2,1,0,3.56,0,0.5123236023869667,Agricultural Burning,0.6724,0.0525,0.2751,0.6724,MEDIUM,COVERED,,Other Industrial,Industrial Area / Zone,GENERAL_CONTEXT,2647.6281554098464,0,0,0,Power Plant,,8136.668729236792,40,Cropland,MISSING_PRODUCT,REAL_CDSE_SUCCESS,MISSING_PRE,,2024-12-08T05:11:19.024000Z,,SUCCESS,,0.6740412300085268,,False,UNREVIEWED,,False,2026-09-06T17:19:14Z,phase_5_ml_handoff/final_model.joblib,5909bb546fc55aeffd37b7bb601e96718709fe685e987705b246bb2963279798,phase_4b_ground_truth_v1
FIRMS_TN_0397,397,2024-11-23,2042,2024-11-23T20:00,N,12.85529,79.90582,N,VIIRS,n,2.23,314.61,291.78,22.83000000000004,0,1,14,3,1,25.28,0,0.4315574227454863,Industrial Thermal Activity,0.2585,0.4581,0.2834,0.4581,LOW,FAILED_TILE,,Mining,Mining & Quarry,HIGHER_RELEVANCE,75937.73465538616,0,0,0,Mining & Quarry,,75937.73465538616,40,Cropland,CLOUD_REJECTED,MISSING_PRODUCT,MISSING_POST,2024-11-10T05:00:31.024000Z,,SUCCESS,,0.5401988089250446,,,False,UNREVIEWED,,False,2026-09-06T17:19:14Z,phase_5_ml_handoff/final_model.joblib,5909bb546fc55aeffd37b7bb601e96718709fe685e987705b246bb2963279798,phase_4b_ground_truth_v1
FIRMS_TN_0398,398,2024-11-23,2044,2024-11-23T20:00,N,10.92857,77.0635,N,VIIRS,n,0.83,303.75,289.3,14.449999999999989,0,1,11,7,1,6.7,0,0.3702301282598223,Industrial Thermal Activity,0.128,0.8107,0.0613,0.8107,HIGH,FAILED_TILE,,Power Plant,Power Plant,HIGHER_RELEVANCE,20382.710208202097,0,0,0,Power Plant,,20382.710208202097,30,Grassland,MISSING_PRODUCT,CLOUD_REJECTED,MISSING_PRE,,2024-12-08T05:11:19.024000Z,,SUCCESS,,0.4341644431990676,,False,UNREVIEWED,,False,2026-09-06T17:19:14Z,phase_5_ml_handoff/final_model.joblib,5909bb546fc55aeffd37b7bb601e96718709fe685e987705b246bb2963279798,phase_4b_ground_truth_v1
FIRMS_TN_0399,399,2024-12-02,1934,2024-12-02T19:00,N,13.16088,80.28236,N,VIIRS,n,0.83,305.07,287.3,17.769999999999982,0,0,23,13,1,29.58,0,-0.3633981474053783,Industrial Thermal Activity,0.0723,0.9093,0.0183,0.9093,HIGH,FAILED_TILE,,Other Industrial,Industrial Area / Zone,GENERAL_CONTEXT,116508.28956520496,0,0,0,Mining & Quarry,,122192.584696309,50,Built-up,MISSING_PRODUCT,MISSING_PRODUCT,INVALID_INPUT,,,,,,,,False,UNREVIEWED,,False,2026-09-06T17:19:14Z,phase_5_ml_handoff/final_model.joblib,5909bb546fc55aeffd37b7bb601e96718709fe685e987705b246bb2963279798,phase_4b_ground_truth_v1
FIRMS_TN_0400,400,2024-12-03,820,2024-12-03T08:00,D,8.25705,77.52367,N,VIIRS,n,4.22,334.92,296.25,38.670000000000016,1,0,1,1,0,4.22,0,1.082276913380186,Agricultural Burning,0.6749,0.0211,0.304,0.6749,MEDIUM,FAILED_TILE,,Mining,Mining & Quarry,HIGHER_RELEVANCE,30069.49570012863,0,0,0,Mining & Quarry,,30069.49570012863,50,Built-up,MISSING_PRODUCT,REAL_CDSE_SUCCESS,MISSING_PRE,,2024-12-08T05:11:19.024000Z,,SUCCESS,,0.5573266578300748,,False,UNREVIEWED,,False,2026-09-06T17:19:14Z,phase_5_ml_handoff/final_model.joblib,5909bb546fc55aeffd37b7bb601e96718709fe685e987705b246bb2963279798,phase_4b_ground_truth_v1
FIRMS_TN_0401,401,2024-12-03,820,2024-12-03T08:00,D,8.26062,77.52313,N,VIIRS,n,4.22,346.33,296.87,49.45999999999998,1,0,2,2,0,8.36,0,1.822113918890152,Agricultural Burning,0.8582,0.0067,0.1351,0.8582,HIGH,FAILED_TILE,,Mining,Mining & Quarry,HIGHER_RELEVANCE,30023.799122414537,0,0,0,Mining & Quarry,,30023.799122414537,40,Cropland,MISSING_PRODUCT,REAL_CDSE_SUCCESS,MISSING_PRE,,2024-12-08T05:11:19.024000Z,,SUCCESS,,0.6513864445854866,,True,VERIFIED,Agricultural Burning,True,2026-09-06T17:19:14Z,phase_5_ml_handoff/final_model.joblib,5909bb546fc55aeffd37b7bb601e96718709fe685e987705b246bb2963279798,phase_4b_ground_truth_v1
FIRMS_TN_0402,402,2024-12-03,822,2024-12-03T08:00,D,8.62227,77.64931,N,VIIRS,n,3.28,335.64,299.54,36.099999999999966,1,0,1,1,0,3.28,0,1.1289625088199011,Agricultural Burning,0.5748,0.0018,0.4234,0.5748,MEDIUM,FAILED_TILE,,Mining,Mining & Quarry,HIGHER_RELEVANCE,50222.76650912872,0,0,0,Mining & Quarry,,50222.76650912872,30,Grassland,MISSING_PRODUCT,CLOUD_REJECTED,MISSING_PRE,,2024-12-08T05:11:19.024000Z,,SUCCESS,,0.5512475544866018,,False,UNREVIEWED,,False,2026-09-06T17:19:14Z,phase_5_ml_handoff/final_model.joblib,5909bb546fc55aeffd37b7bb601e96718709fe685e987705b246bb2963279798,phase_4b_ground_truth_v1
FIRMS_TN_0403,403,2024-12-03,2055,2024-12-03T20:00,N,13.08326,79.98197,N,VIIRS,n,0.5,305.17,266.68,38.49000000000001,0,0,11,5,1,15.69,0,-0.2990409600621434,Industrial Thermal Activity,0.294,0.6189,0.0871,0.6189,MEDIUM,FAILED_TILE,,Other Industrial,Industrial Area / Zone,GENERAL_CONTEXT,102120.87928076537,0,0,0,Mining & Quarry,,102489.49976933692,20,Shrubland,MISSING_PRODUCT,MISSING_PRODUCT,INVALID_INPUT,,,,,,,,False,UNREVIEWED,,False,2026-09-06T17:19:14Z,phase_5_ml_handoff/final_model.joblib,5909bb546fc55aeffd37b7bb601e96718709fe685e987705b246bb2963279798,phase_4b_ground_truth_v1
FIRMS_TN_0404,404,2024-12-03,2055,2024-12-03T20:00,N,13.08462,79.98254,N,VIIRS,n,0.64,299.33,266.66,32.66999999999996,0,0,11,5,1,15.69,0,-0.8545756990555587,Industrial Thermal Activity,0.266,0.6389,0.0951,0.6389,MEDIUM,FAILED_TILE,,Other Industrial,Industrial Area / Zone,GENERAL_CONTEXT,102274.31410666349,0,0,0,Mining & Quarry,,102651.0173958024,30,Grassland,MISSING_PRODUCT,MISSING_PRODUCT,INVALID_INPUT,,,,,,,,False,UNREVIEWED,,False,2026-09-06T17:19:14Z,phase_5_ml_handoff/final_model.joblib,5909bb546fc55aeffd37b7bb601e96718709fe685e987705b246bb2963279798,phase_4b_ground_truth_v1
FIRMS_TN_0405,405,2024-12-03,2055,2024-12-03T20:00,N,13.07881,79.98133,N,VIIRS,n,0.5,296.25,266.74,29.50999999999999,0,0,1,1,0,0.5,0,-1.4251286083613093,Agricultural Burning,0.5452,0.2096,0.2453,0.5452,MEDIUM,FAILED_TILE,,Other Industrial,Industrial Area / Zone,GENERAL_CONTEXT,101623.83631826496,0,0,0,Mining & Quarry,,101992.29521252846,20,Shrubland,MISSING_PRODUCT,MISSING_PRODUCT,INVALID_INPUT,,,,,,,,False,UNREVIEWED,,False,2026-09-06T17:19:14Z,phase_5_ml_handoff/final_model.joblib,5909bb546fc55aeffd37b7bb601e96718709fe685e987705b246bb2963279798,phase_4b_ground_truth_v1
FIRMS_TN_0406,406,2024-12-04,802,2024-12-04T08:00,D,8.26011,77.52467,N,VIIRS,n,4.14,338.35,296.7,41.650000000000034,1,0,2,2,0,8.36,0,1.3046819027666183,Agricultural Burning,0.5995,0.0068,0.3938,0.5995,MEDIUM,FAILED_TILE,,Mining,Mining & Quarry,HIGHER_RELEVANCE,30190.854552568377,0,0,0,Mining & Quarry,,30190.854552568377,10,Tree cover,REAL_CDSE_SUCCESS,REAL_CDSE_SUCCESS,SUCCESS,2024-12-03T05:12:01.024000Z,2024-12-08T05:11:19.024000Z,SUCCESS,SUCCESS,0.6583245721306109,0.6198285169891303,-0.0515292939405009,False,UNREVIEWED,,False,2026-09-06T17:19:14Z,phase_5_ml_handoff/final_model.joblib,5909bb546fc55aeffd37b7bb601e96718709fe685e987705b246bb2963279798,phase_4b_ground_truth_v1
FIRMS_TN_0407,407,2024-12-04,802,2024-12-04T08:00,D,11.17877,77.88016,N,VIIRS,n,4.49,333.86,298.16,35.69999999999999,1,0,1,1,0,4.49,0,1.0135453423161571,Natural / Wildfire / Other,0.4802,0.0267,0.4931,0.4931,LOW,COVERED,,Other Industrial,Substation & Electrical Infrastructure,CAUTION_LOWER_RELEVANCE,3934.0823987590975,0,0,0,Power Plant,Bhavani Kattalai III,7292.903561996085,10,Tree cover,MISSING_PRODUCT,CLOUD_REJECTED,MISSING_BOTH,,2024-12-08T05:11:19.024000Z,,ALL_PIXELS_MASKED,,,,False,UNREVIEWED,,False,2026-09-06T17:19:14Z,phase_5_ml_handoff/final_model.joblib,5909bb546fc55aeffd37b7bb601e96718709fe685e987705b246bb2963279798,phase_4b_ground_truth_v1
FIRMS_TN_0408,408,2024-12-04,802,2024-12-04T08:00,D,9.76264,78.47953,N,VIIRS,n,3.98,342.24,301.83,40.410000000000025,1,0,1,1,0,3.98,0,1.5569138003506466,Agricultural Burning,0.6268,0.01,0.3632,0.6268,MEDIUM,COVERED,,Other Industrial,Industrial Area / Zone,GENERAL_CONTEXT,4663.512589114025,0,0,0,Power Plant,Sivaganga,5783.37473512698,20,Shrubland,MISSING_PRODUCT,CLOUD_REJECTED,MISSING_BOTH,,2024-12-18T05:11:29.024000Z,,ALL_PIXELS_MASKED,,,,False,UNREVIEWED,,False,2026-09-06T17:19:14Z,phase_5_ml_handoff/final_model.joblib,5909bb546fc55aeffd37b7bb601e96718709fe685e987705b246bb2963279798,phase_4b_ground_truth_v1
FIRMS_TN_0409,409,2024-12-04,802,2024-12-04T08:00,D,9.60918,78.14217,N,VIIRS,n,2.97,332.79,297.52,35.27000000000004,1,0,1,1,0,2.97,0,0.9441653602043552,Agricultural Burning,0.7835,0.024,0.1925,0.7835,HIGH,COVERED,,Mining,Mining & Quarry,HIGHER_RELEVANCE,3687.0399722701736,0,0,0,Mining & Quarry,,3687.0399722701736,10,Tree cover,MISSING_PRODUCT,REAL_CDSE_SUCCESS,MISSING_PRE,,2024-12-18T05:11:29.024000Z,,SUCCESS,,0.5139954524861028,,False,UNREVIEWED,,False,2026-09-06T17:19:14Z,phase_5_ml_handoff/final_model.joblib,5909bb546fc55aeffd37b7bb601e96718709fe685e987705b246bb2963279798,phase_4b_ground_truth_v1
FIRMS_TN_0410,410,2024-12-04,2038,2024-12-04T20:00,N,11.81566,77.91788,N,VIIRS,n,0.99,307.28,290.13,17.149999999999977,0,0,43,20,1,64.3,0,-0.2114414918627228,Industrial Thermal Activity,0.0217,0.9783,0.0,0.9783,HIGH,COVERED,JSW Steel Plant,Manufacturing,Steel / Metallurgy,HIGHER_RELEVANCE,135.16990545344984,1,1,1,Steel / Metallurgy,JSW Steel Plant,135.16990545344984,60,Bare/sparse vegetation,MISSING_PRODUCT,CLOUD_REJECTED,MISSING_PRE,,2024-12-08T05:11:19.024000Z,,SUCCESS,,0.5545679668878037,,False,UNREVIEWED,,False,2026-09-06T17:19:14Z,phase_5_ml_handoff/final_model.joblib,5909bb546fc55aeffd37b7bb601e96718709fe685e987705b246bb2963279798,phase_4b_ground_truth_v1
FIRMS_TN_0411,411,2024-12-04,2038,2024-12-04T20:00,N,11.18365,79.10008,N,VIIRS,n,1.34,310.69,289.49,21.19999999999999,0,0,8,5,1,8.73,0,1.4630906937087955,Industrial Thermal Activity,0.0311,0.9352,0.0337,0.9352,HIGH,COVERED,,Other Industrial,Substation & Electrical Infrastructure,CAUTION_LOWER_RELEVANCE,393.12492861202463,1,1,1,Power Plant,,589.7203726998135,50,Built-up,MISSING_PRODUCT,CLOUD_REJECTED,MISSING_PRE,,2024-12-08T05:11:19.024000Z,,SUCCESS,,0.4687498637024807,,False,UNREVIEWED,,False,2026-09-06T17:19:14Z,phase_5_ml_handoff/final_model.joblib,5909bb546fc55aeffd37b7bb601e96718709fe685e987705b246bb2963279798,phase_4b_ground_truth_v1
FIRMS_TN_0412,412,2024-12-04,2038,2024-12-04T20:00,N,11.18443,79.09995,N,VIIRS,n,0.79,306.67,289.26,17.410000000000025,0,0,20,10,1,18.59,0,0.3971058623344805,Industrial Thermal Activity,0.1261,0.8739,0.0,0.8739,HIGH,COVERED,,Other Industrial,Substation & Electrical Infrastructure,CAUTION_LOWER_RELEVANCE,377.40356755378247,1,1,1,Power Plant,,570.015112504252,10,Tree cover,MISSING_PRODUCT,CLOUD_REJECTED,MISSING_PRE,,2024-12-08T05:11:19.024000Z,,SUCCESS,,0.4659940716559969,,False,UNREVIEWED,,False,2026-09-06T17:19:14Z,phase_5_ml_handoff/final_model.joblib,5909bb546fc55aeffd37b7bb601e96718709fe685e987705b246bb2963279798,phase_4b_ground_truth_v1
FIRMS_TN_0413,413,2024-12-04,2038,2024-12-04T20:00,N,12.9988,79.9073,N,VIIRS,n,0.59,304.31,289.69,14.620000000000005,0,0,10,2,0,11.98,0,-0.4743823568146555,Agricultural Burning,0.4287,0.3252,0.2461,0.4287,LOW,FAILED_TILE,,Mining,Mining & Quarry,HIGHER_RELEVANCE,91631.37772879306,0,0,0,Mining & Quarry,,91631.37772879306,30,Grassland,MISSING_PRODUCT,MISSING_PRODUCT,INVALID_INPUT,,,,,,,,False,UNREVIEWED,,False,2026-09-06T17:19:14Z,phase_5_ml_handoff/final_model.joblib,5909bb546fc55aeffd37b7bb601e96718709fe685e987705b246bb2963279798,phase_4b_ground_truth_v1
FIRMS_TN_0414,414,2024-12-05,743,2024-12-05T07:00,D,13.10752,80.18994,N,VIIRS,n,2.67,328.97,296.31,32.660000000000025,1,0,1,1,0,2.67,0,0.6964723399547433,Natural / Wildfire / Other,0.1701,0.0318,0.7982,0.7982,HIGH,FAILED_TILE,,Other Industrial,Industrial Area / Zone,GENERAL_CONTEXT,108013.97156045472,0,0,0,Mining & Quarry,,112453.86124060625,10,Tree cover,MISSING_PRODUCT,MISSING_PRODUCT,INVALID_INPUT,,,,,,,,False,UNREVIEWED,,False,2026-09-06T17:19:14Z,phase_5_ml_handoff/final_model.joblib,5909bb546fc55aeffd37b7bb601e96718709fe685e987705b246bb2963279798,phase_4b_ground_truth_v1
FIRMS_TN_0415,415,2024-12-05,2018,2024-12-05T20:00,N,10.92776,77.06435,N,VIIRS,n,0.65,302.54,290.47,12.069999999999991,0,0,11,7,1,6.7,0,-0.0350135400903689,Industrial Thermal Activity,0.2629,0.6607,0.0764,0.6607,MEDIUM,FAILED_TILE,,Power Plant,Power Plant,HIGHER_RELEVANCE,20289.240613147293,0,0,0,Power Plant,,20289.240613147293,30,Grassland,MISSING_PRODUCT,CLOUD_REJECTED,MISSING_PRE,,2024-12-08T05:11:19.024000Z,,SUCCESS,,0.4312190399086266,,False,UNREVIEWED,,False,2026-09-06T17:19:14Z,phase_5_ml_handoff/final_model.joblib,5909bb546fc55aeffd37b7bb601e96718709fe685e987705b246bb2963279798,phase_4b_ground_truth_v1
FIRMS_TN_0416,416,2024-12-05,2018,2024-12-05T20:00,N,13.16137,80.28695,N,VIIRS,n,1.58,310.58,293.33,17.25,0,0,23,13,1,29.58,0,1.259916876235217,Industrial Thermal Activity,0.0138,0.9401,0.0461,0.9401,HIGH,FAILED_TILE,,Other Industrial,Industrial Area / Zone,GENERAL_CONTEXT,116716.43965166363,0,0,0,Mining & Quarry,,122472.56262296408,10,Tree cover,MISSING_PRODUCT,MISSING_PRODUCT,INVALID_INPUT,,,,,,,,False,UNREVIEWED,,False,2026-09-06T17:19:14Z,phase_5_ml_handoff/final_model.joblib,5909bb546fc55aeffd37b7bb601e96718709fe685e987705b246bb2963279798,phase_4b_ground_truth_v1
FIRMS_TN_0417,417,2024-12-05,2018,2024-12-05T20:00,N,11.81004,77.92374,N,VIIRS,n,1.22,305.19,293.73,11.45999999999998,0,0,16,11,1,22.18,0,-0.0348756593251211,Industrial Thermal Activity,0.0234,0.9666,0.01,0.9666,HIGH,COVERED,,Other Industrial,Substation & Electrical Infrastructure,CAUTION_LOWER_RELEVANCE,381.2699079369954,1,1,1,Steel / Metallurgy,JSW Steel Plant,779.6006720942619,50,Built-up,MISSING_PRODUCT,CLOUD_REJECTED,MISSING_PRE,,2024-12-08T05:11:19.024000Z,,SUCCESS,,0.374948357100466,,False,UNREVIEWED,,False,2026-09-06T17:19:14Z,phase_5_ml_handoff/final_model.joblib,5909bb546fc55aeffd37b7bb601e96718709fe685e987705b246bb2963279798,phase_4b_ground_truth_v1
FIRMS_TN_0418,418,2024-12-05,2018,2024-12-05T20:00,N,13.39089,80.10269,N,VIIRS,n,1.08,312.44,293.89,18.55000000000001,0,0,21,10,1,22.85,0,1.427898020563424,Industrial Thermal Activity,0.0271,0.9301,0.0428,0.9301,HIGH,FAILED_TILE,,Other Industrial,Industrial Area / Zone,GENERAL_CONTEXT,137299.3635093892,0,0,0,Mining & Quarry,,138890.5769114769,60,Bare/sparse vegetation,MISSING_PRODUCT,MISSING_PRODUCT,INVALID_INPUT,,,,,,,,False,UNREVIEWED,,False,2026-09-06T17:19:14Z,phase_5_ml_handoff/final_model.joblib,5909bb546fc55aeffd37b7bb601e96718709fe685e987705b246bb2963279798,phase_4b_ground_truth_v1
FIRMS_TN_0419,419,2024-12-05,2018,2024-12-05T20:00,N,12.99843,79.91005,N,VIIRS,n,0.47,304.56,292.33,12.230000000000018,0,0,1,1,0,0.47,0,-0.8862990276612364,Agricultural Burning,0.6344,0.1512,0.2144,0.6344,MEDIUM,FAILED_TILE,,Mining,Mining & Quarry,HIGHER_RELEVANCE,91643.511345439,0,0,0,Mining & Quarry,,91643.511345439,30,Grassland,MISSING_PRODUCT,MISSING_PRODUCT,INVALID_INPUT,,,,,,,,False,UNREVIEWED,,False,2026-09-06T17:19:14Z,phase_5_ml_handoff/final_model.joblib,5909bb546fc55aeffd37b7bb601e96718709fe685e987705b246bb2963279798,phase_4b_ground_truth_v1
FIRMS_TN_0420,420,2024-12-05,2018,2024-12-05T20:00,N,11.81712,77.91738,N,VIIRS,n,0.8,304.73,292.57,12.160000000000023,0,0,43,20,1,64.3,0,-0.5369758864533776,Industrial Thermal Activity,0.1151,0.8849,0.0,0.8849,HIGH,COVERED,,Other Industrial,Substation & Electrical Infrastructure,CAUTION_LOWER_RELEVANCE,230.01590586284044,1,1,1,Steel / Metallurgy,JSW Steel Plant,306.24903901726,50,Built-up,MISSING_PRODUCT,CLOUD_REJECTED,MISSING_PRE,,2024-12-08T05:11:19.024000Z,,SUCCESS,,0.566618242267215,,False,UNREVIEWED,,False,2026-09-06T17:19:14Z,phase_5_ml_handoff/final_model.joblib,5909bb546fc55aeffd37b7bb601e96718709fe685e987705b246bb2963279798,phase_4b_ground_truth_v1
FIRMS_TN_0421,421,2024-12-05,2018,2024-12-05T20:00,N,11.20239,77.56619,N,VIIRS,n,0.8,307.98,291.76,16.220000000000027,0,0,15,8,1,15.08,0,-0.0093153260170408,Industrial Thermal Activity,0.142,0.8364,0.0216,0.8364,HIGH,COVERED,,Mining,Mining & Quarry,HIGHER_RELEVANCE,341.7049607645601,1,1,1,Mining & Quarry,,341.7049607645601,60,Bare/sparse vegetation,MISSING_PRODUCT,CLOUD_REJECTED,MISSING_PRE,,2024-12-08T05:11:19.024000Z,,SUCCESS,,0.5001522420332363,,False,UNREVIEWED,,False,2026-09-06T17:19:14Z,phase_5_ml_handoff/final_model.joblib,5909bb546fc55aeffd37b7bb601e96718709fe685e987705b246bb2963279798,phase_4b_ground_truth_v1
FIRMS_TN_0422,422,2024-12-05,2018,2024-12-05T20:00,N,13.44818,80.09667,N,VIIRS,n,0.99,306.39,293.39,13.0,0,0,6,3,1,4.3,0,0.341563181442478,Industrial Thermal Activity,0.2743,0.5723,0.1533,0.5723,MEDIUM,FAILED_TILE,,Other Industrial,Industrial Area / Zone,GENERAL_CONTEXT,143548.00957247525,0,0,0,Mining & Quarry,,144871.3447873433,40,Cropland,MISSING_PRODUCT,MISSING_PRODUCT,INVALID_INPUT,,,,,,,,False,UNREVIEWED,,False,2026-09-06T17:19:14Z,phase_5_ml_handoff/final_model.joblib,5909bb546fc55aeffd37b7bb601e96718709fe685e987705b246bb2963279798,phase_4b_ground_truth_v1
FIRMS_TN_0423,423,2024-12-06,1959,2024-12-06T19:00,N,11.81182,77.91952,N,VIIRS,n,1.54,311.1,287.29,23.81,0,0,43,20,1,64.3,0,0.2762217972887829,Industrial Thermal Activity,0.01,0.99,0.0,0.99,HIGH,COVERED,JSW Steel Plant,Manufacturing,Steel / Metallurgy,HIGHER_RELEVANCE,329.33837584814063,1,1,1,Steel / Metallurgy,JSW Steel Plant,329.33837584814063,50,Built-up,MISSING_PRODUCT,CLOUD_REJECTED,MISSING_PRE,,2024-12-08T05:11:19.024000Z,,SUCCESS,,0.4120128974675437,,True,VERIFIED,Persistent Industrial Thermal Source,True,2026-09-06T17:19:14Z,phase_5_ml_handoff/final_model.joblib,5909bb546fc55aeffd37b7bb601e96718709fe685e987705b246bb2963279798,phase_4b_ground_truth_v1
FIRMS_TN_0424,424,2024-12-06,1959,2024-12-06T19:00,N,13.03769,79.97076,N,VIIRS,n,1.04,306.07,292.06,14.009999999999993,0,0,1,1,0,1.04,0,-0.788388959447385,Agricultural Burning,0.3885,0.3683,0.2432,0.3885,LOW,FAILED_TILE,,Other Industrial,Industrial Area / Zone,GENERAL_CONTEXT,97017.45461986646,0,0,0,Mining & Quarry,,97278.91087966484,30,Grassland,MISSING_PRODUCT,MISSING_PRODUCT,INVALID_INPUT,,,,,,,,False,UNREVIEWED,,False,2026-09-06T17:19:14Z,phase_5_ml_handoff/final_model.joblib,5909bb546fc55aeffd37b7bb601e96718709fe685e987705b246bb2963279798,phase_4b_ground_truth_v1
FIRMS_TN_0425,425,2024-12-06,1959,2024-12-06T19:00,N,13.08081,79.97988,N,VIIRS,n,1.5,310.25,292.14,18.110000000000014,0,0,10,7,1,14.08,0,0.6768016088560278,Industrial Thermal Activity,0.0669,0.8684,0.0647,0.8684,HIGH,FAILED_TILE,,Other Industrial,Industrial Area / Zone,GENERAL_CONTEXT,101840.44027044128,0,0,0,Mining & Quarry,,102171.51804812244,30,Grassland,MISSING_PRODUCT,MISSING_PRODUCT,INVALID_INPUT,,,,,,,,False,UNREVIEWED,,False,2026-09-06T17:19:14Z,phase_5_ml_handoff/final_model.joblib,5909bb546fc55aeffd37b7bb601e96718709fe685e987705b246bb2963279798,phase_4b_ground_truth_v1
FIRMS_TN_0426,426,2024-12-06,1959,2024-12-06T19:00,N,13.15958,80.28446,N,VIIRS,n,2.63,308.83,292.85,15.97999999999996,0,0,15,10,1,31.96,0,0.1433665642104445,Industrial Thermal Activity,0.0184,0.914,0.0676,0.914,HIGH,FAILED_TILE,,Other Industrial,Industrial Area / Zone,GENERAL_CONTEXT,116442.437822022,0,0,0,Mining & Quarry,,122170.59780963376,50,Built-up,MISSING_PRODUCT,MISSING_PRODUCT,INVALID_INPUT,,,,,,,,False,UNREVIEWED,,False,2026-09-06T17:19:14Z,phase_5_ml_handoff/final_model.joblib,5909bb546fc55aeffd37b7bb601e96718709fe685e987705b246bb2963279798,phase_4b_ground_truth_v1
FIRMS_TN_0427,427,2024-12-07,845,2024-12-07T08:00,D,8.73038,78.15974,N,VIIRS,n,1.53,330.68,292.66,38.01999999999998,1,0,2,1,0,2.44,0,0.8073506291240711,Agricultural Burning,0.5789,0.0311,0.39,0.5789,MEDIUM,FAILED_TILE,,Power Plant,Power Plant,HIGHER_RELEVANCE,45766.55460334168,0,0,0,Power Plant,,45766.55460334168,10,Tree cover,REAL_CDSE_SUCCESS,REAL_CDSE_SUCCESS,SUCCESS,2024-12-03T05:12:01.024000Z,2024-12-08T05:11:19.024000Z,SUCCESS,SUCCESS,0.0714014690099867,0.0033263424944458,-0.055794503459778,False,UNREVIEWED,,False,2026-09-06T17:19:14Z,phase_5_ml_handoff/final_model.joblib,5909bb546fc55aeffd37b7bb601e96718709fe685e987705b246bb2963279798,phase_4b_ground_truth_v1
FIRMS_TN_0428,428,2024-12-07,845,2024-12-07T08:00,D,8.73359,78.15977,N,VIIRS,n,0.91,333.17,292.74,40.43000000000001,1,0,2,1,0,2.44,0,0.9688049800197612,Agricultural Burning,0.6011,0.0311,0.3678,0.6011,MEDIUM,FAILED_TILE,,Power Plant,Power Plant,HIGHER_RELEVANCE,45439.21108950509,0,0,0,Power Plant,,45439.21108950509,20,Shrubland,REAL_CDSE_SUCCESS,CLOUD_REJECTED,INSUFFICIENT_VALID_DATA,2024-12-03T05:12:01.024000Z,2024-12-08T05:11:19.024000Z,SUCCESS,SUCCESS,0.2594418580881287,0.1209744679244406,,False,UNREVIEWED,,False,2026-09-06T17:19:14Z,phase_5_ml_handoff/final_model.joblib,5909bb546fc55aeffd37b7bb601e96718709fe685e987705b246bb2963279798,phase_4b_ground_truth_v1
FIRMS_TN_0429,429,2024-12-07,845,2024-12-07T08:00,D,8.65521,78.08772,N,VIIRS,n,2.74,332.6,292.56,40.04000000000002,1,0,1,1,0,2.74,0,0.9318455502966522,Natural / Wildfire / Other,0.4485,0.0111,0.5404,0.5404,MEDIUM,FAILED_TILE,,Power Plant,Power Plant,HIGHER_RELEVANCE,56748.31473207259,0,0,0,Power Plant,,56748.31473207259,20,Shrubland,REAL_CDSE_SUCCESS,REAL_CDSE_SUCCESS,SUCCESS,2024-12-03T05:12:01.024000Z,2024-12-08T05:11:19.024000Z,SUCCESS,SUCCESS,0.6459945816150402,0.5917877782082482,-0.0202349262887174,False,UNREVIEWED,,False,2026-09-06T17:19:14Z,phase_5_ml_handoff/final_model.joblib,5909bb546fc55aeffd37b7bb601e96718709fe685e987705b246bb2963279798,phase_4b_ground_truth_v1
FIRMS_TN_0430,430,2024-12-07,1940,2024-12-07T19:00,N,11.81017,77.92149,N,VIIRS,n,1.05,306.17,290.04,16.129999999999995,0,0,16,11,1,22.18,0,0.1556645282072586,Industrial Thermal Activity,0.0214,0.9786,0.0,0.9786,HIGH,COVERED,,Other Industrial,Substation & Electrical Infrastructure,CAUTION_LOWER_RELEVANCE,434.4908448998803,1,1,1,Steel / Metallurgy,JSW Steel Plant,598.6772810556386,50,Built-up,MISSING_PRODUCT,CLOUD_REJECTED,MISSING_PRE,,2024-12-08T05:11:19.024000Z,,SUCCESS,,0.3077650915027528,,False,UNREVIEWED,,False,2026-09-06T17:19:14Z,phase_5_ml_handoff/final_model.joblib,5909bb546fc55aeffd37b7bb601e96718709fe685e987705b246bb2963279798,phase_4b_ground_truth_v1
FIRMS_TN_0431,431,2024-12-08,828,2024-12-08T08:00,D,11.3754,78.20809,N,VIIRS,n,2.31,334.7,295.72,38.97999999999996,1,0,1,1,0,2.31,0,1.0680118703291592,Agricultural Burning,0.8048,0.01,0.1852,0.8048,HIGH,COVERED,,Power Plant,Power Plant,HIGHER_RELEVANCE,5479.069092974367,0,0,0,Power Plant,,5479.069092974367,40,Cropland,MISSING_PRODUCT,MISSING_PRODUCT,INVALID_INPUT,,,,,,,,False,UNREVIEWED,,False,2026-09-06T17:19:14Z,phase_5_ml_handoff/final_model.joblib,5909bb546fc55aeffd37b7bb601e96718709fe685e987705b246bb2963279798,phase_4b_ground_truth_v1
FIRMS_TN_0432,432,2024-12-08,828,2024-12-08T08:00,D,11.46885,77.43934,N,VIIRS,n,2.26,330.31,300.01,30.30000000000001,1,0,1,1,0,2.26,0,0.7833594203564382,Agricultural Burning,0.5615,0.1165,0.322,0.5615,MEDIUM,COVERED,Coirmedia,Industrial Works,Manufacturing & Industrial Works,HIGHER_RELEVANCE,3162.2187577396776,0,0,0,Manufacturing & Industrial Works,Coirmedia,3162.2187577396776,10,Tree cover,MISSING_PRODUCT,REAL_CDSE_SUCCESS,MISSING_PRE,,2024-12-18T05:11:29.024000Z,,SUCCESS,,0.5109114058040942,,False,UNREVIEWED,,False,2026-09-06T17:19:14Z,phase_5_ml_handoff/final_model.joblib,5909bb546fc55aeffd37b7bb601e96718709fe685e987705b246bb2963279798,phase_4b_ground_truth_v1
FIRMS_TN_0433,433,2024-12-08,828,2024-12-08T08:00,D,11.69407,78.08384,N,VIIRS,n,3.76,340.55,297.42,43.13,1,0,1,1,0,3.76,0,1.4473323332768655,Agricultural Burning,0.6945,0.2754,0.0301,0.6945,MEDIUM,COVERED,Magnesite,Mining,Mining & Quarry,HIGHER_RELEVANCE,985.4623514185504,0,1,1,Mining & Quarry,Magnesite,985.4623514185504,40,Cropland,MISSING_PRODUCT,CLOUD_REJECTED,MISSING_BOTH,,2024-12-23T05:12:31.024000Z,,ALL_PIXELS_MASKED,,,,True,VERIFIED,REVIEW_REQUIRED,False,2026-09-06T17:19:14Z,phase_5_ml_handoff/final_model.joblib,5909bb546fc55aeffd37b7bb601e96718709fe685e987705b246bb2963279798,phase_4b_ground_truth_v1
FIRMS_TN_0434,434,2024-12-08,1921,2024-12-08T19:00,N,13.16068,80.27818,N,VIIRS,n,1.63,300.22,282.8,17.420000000000016,0,0,5,5,1,7.75,0,-1.4546509360608406,Industrial Thermal Activity,0.1115,0.8277,0.0608,0.8277,HIGH,FAILED_TILE,,Other Industrial,Industrial Area / Zone,GENERAL_CONTEXT,116346.32016610814,0,0,0,Mining & Quarry,,121963.12731379645,50,Built-up,MISSING_PRODUCT,MISSING_PRODUCT,INVALID_INPUT,,,,,,,,False,UNREVIEWED,,False,2026-09-06T17:19:14Z,phase_5_ml_handoff/final_model.joblib,5909bb546fc55aeffd37b7bb601e96718709fe685e987705b246bb2963279798,phase_4b_ground_truth_v1
FIRMS_TN_0435,435,2024-12-08,2101,2024-12-08T21:00,N,11.80894,77.92698,N,VIIRS,n,1.01,302.66,289.21,13.450000000000044,0,0,21,10,1,32.72,0,-0.6060418378577279,Industrial Thermal Activity,0.0981,0.8969,0.005,0.8969,HIGH,COVERED,,Other Industrial,Substation & Electrical Infrastructure,CAUTION_LOWER_RELEVANCE,481.96416386991694,1,1,1,Steel / Metallurgy,JSW Steel Plant,1137.1860176569608,30,Grassland,MISSING_PRODUCT,CLOUD_REJECTED,MISSING_BOTH,,2024-12-23T05:12:31.024000Z,,ALL_PIXELS_MASKED,,,,True,VERIFIED,REVIEW_REQUIRED,False,2026-09-06T17:19:14Z,phase_5_ml_handoff/final_model.joblib,5909bb546fc55aeffd37b7bb601e96718709fe685e987705b246bb2963279798,phase_4b_ground_truth_v1
FIRMS_TN_0436,436,2024-12-08,2101,2024-12-08T21:00,N,13.15905,80.28837,N,VIIRS,n,1.01,305.27,286.56,18.70999999999998,0,0,15,10,1,31.96,0,-0.5137814640159917,Industrial Thermal Activity,0.0523,0.9293,0.0183,0.9293,HIGH,FAILED_TILE,,Other Industrial,Industrial Area / Zone,GENERAL_CONTEXT,116520.6442968862,0,0,0,Mining & Quarry,,122316.77628398228,60,Bare/sparse vegetation,MISSING_PRODUCT,MISSING_PRODUCT,INVALID_INPUT,,,,,,,,False,UNREVIEWED,,False,2026-09-06T17:19:14Z,phase_5_ml_handoff/final_model.joblib,5909bb546fc55aeffd37b7bb601e96718709fe685e987705b246bb2963279798,phase_4b_ground_truth_v1
FIRMS_TN_0437,437,2024-12-09,807,2024-12-09T08:00,D,9.76258,78.48173,N,VIIRS,n,3.11,335.57,297.47,38.099999999999966,1,0,1,1,0,3.11,0,1.124423631485485,Agricultural Burning,0.6403,0.0133,0.3463,0.6403,MEDIUM,COVERED,,Other Industrial,Industrial Area / Zone,GENERAL_CONTEXT,4708.07942158127,0,0,0,Power Plant,Sivaganga,5931.716021629098,10,Tree cover,MISSING_PRODUCT,CLOUD_REJECTED,MISSING_BOTH,,2024-12-18T05:11:29.024000Z,,ALL_PIXELS_MASKED,,,,False,UNREVIEWED,,False,2026-09-06T17:19:14Z,phase_5_ml_handoff/final_model.joblib,5909bb546fc55aeffd37b7bb601e96718709fe685e987705b246bb2963279798,phase_4b_ground_truth_v1
FIRMS_TN_0438,438,2024-12-09,807,2024-12-09T08:00,D,9.76732,77.95178,N,VIIRS,n,1.87,331.97,298.41,33.56,1,0,2,1,0,5.13,0,0.8909956542868996,Agricultural Burning,0.5976,0.0307,0.3718,0.5976,MEDIUM,COVERED,,Other Industrial,Industrial Area / Zone,GENERAL_CONTEXT,2722.59008641792,0,0,0,Mining & Quarry,,2929.498303150973,20,Shrubland,MISSING_PRODUCT,CLOUD_REJECTED,MISSING_PRE,,2024-12-18T05:11:29.024000Z,,SUCCESS,,0.4889502441962103,,False,UNREVIEWED,,False,2026-09-06T17:19:14Z,phase_5_ml_handoff/final_model.joblib,5909bb546fc55aeffd37b7bb601e96718709fe685e987705b246bb2963279798,phase_4b_ground_truth_v1
FIRMS_TN_0439,439,2024-12-09,807,2024-12-09T08:00,D,9.50536,78.25312,N,VIIRS,n,1.25,331.32,298.1,33.21999999999997,1,0,1,1,0,1.25,0,0.8488489361815968,Agricultural Burning,0.7267,0.1445,0.1288,0.7267,MEDIUM,COVERED,,Power Plant,Power Plant,HIGHER_RELEVANCE,485.78967652748776,1,1,1,Power Plant,,485.78967652748776,20,Shrubland,MISSING_PRODUCT,CLOUD_REJECTED,MISSING_PRE,,2024-12-18T05:11:29.024000Z,,SUCCESS,,0.3441752200327558,,True,VERIFIED,Agricultural Burning,True,2026-09-06T17:19:14Z,phase_5_ml_handoff/final_model.joblib,5909bb546fc55aeffd37b7bb601e96718709fe685e987705b246bb2963279798,phase_4b_ground_truth_v1
FIRMS_TN_0440,440,2024-12-09,807,2024-12-09T08:00,D,9.77065,77.95128,N,VIIRS,n,1.87,334.36,299.3,35.06,1,0,1,1,0,1.87,0,1.0459658947048498,Agricultural Burning,0.8093,0.03,0.1607,0.8093,HIGH,COVERED,,Other Industrial,Industrial Area / Zone,GENERAL_CONTEXT,2358.62526314376,0,0,0,Mining & Quarry,,2619.153713830803,20,Shrubland,MISSING_PRODUCT,CLOUD_REJECTED,MISSING_PRE,,2024-12-18T05:11:29.024000Z,,SUCCESS,,0.4192410423414824,,False,UNREVIEWED,,False,2026-09-06T17:19:14Z,phase_5_ml_handoff/final_model.joblib,5909bb546fc55aeffd37b7bb601e96718709fe685e987705b246bb2963279798,phase_4b_ground_truth_v1
FIRMS_TN_0441,441,2024-12-09,807,2024-12-09T08:00,D,9.85353,79.09533,N,VIIRS,n,3.85,332.44,295.33,37.110000000000014,1,0,1,1,0,3.85,0,0.9214709735322688,Natural / Wildfire / Other,0.1739,0.0,0.8261,0.8261,HIGH,COVERED,,Other Industrial,Generic Industrial Building,GENERAL_CONTEXT,9777.46995985348,0,0,0,Power Plant,Uppur Power Plant,36579.35374889279,20,Shrubland,MISSING_PRODUCT,CLOUD_REJECTED,MISSING_PRE,,2024-12-15T05:01:29.024000Z,,SUCCESS,,-0.0822377875761142,,False,UNREVIEWED,,False,2026-09-06T17:19:14Z,phase_5_ml_handoff/final_model.joblib,5909bb546fc55aeffd37b7bb601e96718709fe685e987705b246bb2963279798,phase_4b_ground_truth_v1
FIRMS_TN_0442,442,2024-12-09,807,2024-12-09T08:00,D,9.21547,77.83137,N,VIIRS,n,2.46,330.4,298.1,32.299999999999955,1,0,1,1,0,2.46,0,0.7891951197864012,Natural / Wildfire / Other,0.2092,0.0018,0.789,0.789,HIGH,FAILED_TILE,,Other Industrial,Industrial Area / Zone,GENERAL_CONTEXT,24489.35114733426,0,0,0,Cement & Construction Materials,Ramco Cement Factory,28810.662146774404,20,Shrubland,MISSING_PRODUCT,CLOUD_REJECTED,MISSING_PRE,,2024-12-18T05:11:29.024000Z,,SUCCESS,,0.5002672340110099,,False,UNREVIEWED,,False,2026-09-06T17:19:14Z,phase_5_ml_handoff/final_model.joblib,5909bb546fc55aeffd37b7bb601e96718709fe685e987705b246bb2963279798,phase_4b_ground_truth_v1
FIRMS_TN_0443,443,2024-12-09,809,2024-12-09T08:00,D,10.50258,78.95891,N,VIIRS,n,4.84,334.1,298.17,35.93000000000001,1,0,1,1,0,4.84,0,1.0291072074627303,Agricultural Burning,0.5508,0.043,0.4062,0.5508,MEDIUM,COVERED,Adanakottai,Other Industrial,Substation & Electrical Infrastructure,CAUTION_LOWER_RELEVANCE,1866.4911348925368,0,0,1,Power Plant,Killanur A,11698.220545746732,20,Shrubland,MISSING_PRODUCT,REAL_CDSE_SUCCESS,MISSING_PRE,,2024-12-15T05:01:29.024000Z,,SUCCESS,,0.4833742337827944,,False,UNREVIEWED,,False,2026-09-06T17:19:14Z,phase_5_ml_handoff/final_model.joblib,5909bb546fc55aeffd37b7bb601e96718709fe685e987705b246bb2963279798,phase_4b_ground_truth_v1
FIRMS_TN_0444,444,2024-12-09,809,2024-12-09T08:00,D,10.97892,78.83411,N,VIIRS,n,3.16,337.29,298.51,38.78000000000003,1,0,1,1,0,3.16,0,1.2359503317025895,Agricultural Burning,0.6981,0.0023,0.2996,0.6981,MEDIUM,COVERED,Siruganur,Other Industrial,Substation & Electrical Infrastructure,CAUTION_LOWER_RELEVANCE,3386.518620656472,0,0,0,Mining & Quarry,,11095.649896754438,20,Shrubland,REAL_CDSE_SUCCESS,REAL_CDSE_SUCCESS,SUCCESS,2024-12-08T05:11:19.024000Z,2024-12-23T05:12:31.024000Z,SUCCESS,SUCCESS,0.512393002793438,0.5654427135158104,0.03195763352894,False,UNREVIEWED,,False,2026-09-06T17:19:14Z,phase_5_ml_handoff/final_model.joblib,5909bb546fc55aeffd37b7bb601e96718709fe685e987705b246bb2963279798,phase_4b_ground_truth_v1
FIRMS_TN_0445,445,2024-12-09,2044,2024-12-09T20:00,N,11.20422,77.5667,N,VIIRS,n,0.49,303.12,289.36,13.759999999999993,0,0,15,8,1,15.08,0,-0.6884025926593619,Industrial Thermal Activity,0.2383,0.7401,0.0216,0.7401,MEDIUM,COVERED,,Mining,Mining & Quarry,HIGHER_RELEVANCE,527.2080998620937,0,1,1,Mining & Quarry,,527.2080998620937,30,Grassland,CLOUD_REJECTED,CLOUD_REJECTED,INSUFFICIENT_VALID_DATA,2024-12-08T05:11:19.024000Z,2024-12-18T05:11:29.024000Z,SUCCESS,SUCCESS,0.5537998055164202,0.5790987738062572,,False,UNREVIEWED,,False,2026-09-06T17:19:14Z,phase_5_ml_handoff/final_model.joblib,5909bb546fc55aeffd37b7bb601e96718709fe685e987705b246bb2963279798,phase_4b_ground_truth_v1
FIRMS_TN_0446,446,2024-12-10,750,2024-12-10T07:00,D,10.49913,78.96156,N,VIIRS,n,5.45,335.39,277.87,57.51999999999998,1,0,1,1,0,5.45,0,1.112752232625555,Agricultural Burning,0.5846,0.0683,0.3471,0.5846,MEDIUM,COVERED,Adanakottai,Other Industrial,Substation & Electrical Infrastructure,CAUTION_LOWER_RELEVANCE,2286.7314237847163,0,0,0,Power Plant,Killanur A,12166.67713951965,20,Shrubland,MISSING_PRODUCT,REAL_CDSE_SUCCESS,MISSING_PRE,,2024-12-15T05:01:29.024000Z,,SUCCESS,,0.3656169744500092,,False,UNREVIEWED,,False,2026-09-06T17:19:14Z,phase_5_ml_handoff/final_model.joblib,5909bb546fc55aeffd37b7bb601e96718709fe685e987705b246bb2963279798,phase_4b_ground_truth_v1
FIRMS_TN_0447,447,2024-12-10,750,2024-12-10T07:00,D,9.84898,78.026,N,VIIRS,n,2.91,335.31,297.84,37.47000000000003,1,0,2,1,0,9.7,0,1.1075649442433653,Agricultural Burning,0.737,0.0953,0.1677,0.737,MEDIUM,COVERED,,Other Industrial,Industrial Area / Zone,GENERAL_CONTEXT,459.4651128756852,1,1,1,Manufacturing & Industrial Works,,2227.198514140296,50,Built-up,CLOUD_REJECTED,REAL_CDSE_SUCCESS,INSUFFICIENT_VALID_DATA,2024-12-08T05:11:19.024000Z,2024-12-18T05:11:29.024000Z,SUCCESS,SUCCESS,0.4485946619855007,0.4955786611429496,,False,UNREVIEWED,,False,2026-09-06T17:19:14Z,phase_5_ml_handoff/final_model.joblib,5909bb546fc55aeffd37b7bb601e96718709fe685e987705b246bb2963279798,phase_4b_ground_truth_v1
FIRMS_TN_0448,448,2024-12-10,750,2024-12-10T07:00,D,9.31199,77.68814,N,VIIRS,n,5.7,333.89,296.36,37.52999999999997,1,0,1,1,0,5.7,0,1.015490575459477,Agricultural Burning,0.5395,0.0051,0.4554,0.5395,MEDIUM,FAILED_TILE,,Mining,Mining & Quarry,HIGHER_RELEVANCE,14449.733286353128,0,0,0,Mining & Quarry,,14449.733286353128,30,Grassland,CLOUD_REJECTED,CLOUD_REJECTED,INSUFFICIENT_VALID_DATA,2024-12-08T05:11:19.024000Z,2024-12-18T05:11:29.024000Z,SUCCESS,SUCCESS,0.5546457335890411,0.470108062218122,,True,VERIFIED,Agricultural Burning,True,2026-09-06T17:19:14Z,phase_5_ml_handoff/final_model.joblib,5909bb546fc55aeffd37b7bb601e96718709fe685e987705b246bb2963279798,phase_4b_ground_truth_v1
FIRMS_TN_0449,449,2024-12-10,752,2024-12-10T07:00,D,13.2788,79.43861,N,VIIRS,n,2.29,326.97,287.48,39.49000000000001,1,0,1,1,0,2.29,0,0.5667901303999725,Natural / Wildfire / Other,0.4434,0.0246,0.5319,0.5319,MEDIUM,FAILED_TILE,,Mining,Mining & Quarry,HIGHER_RELEVANCE,126255.78613998914,0,0,0,Mining & Quarry,,126255.78613998914,20,Shrubland,REAL_CDSE_SUCCESS,REAL_CDSE_SUCCESS,SUCCESS,2024-12-08T05:11:19.024000Z,2024-12-23T05:12:31.024000Z,SUCCESS,SUCCESS,0.5969922978591959,0.5889024889439861,0.0120253660861234,False,UNREVIEWED,,False,2026-09-06T17:19:14Z,phase_5_ml_handoff/final_model.joblib,5909bb546fc55aeffd37b7bb601e96718709fe685e987705b246bb2963279798,phase_4b_ground_truth_v1
FIRMS_TN_0450,450,2024-12-13,1927,2024-12-13T19:00,N,13.15948,80.28324,N,VIIRS,n,1.06,297.25,284.29,12.95999999999998,0,0,15,10,1,31.96,0,-1.9942104489530712,Industrial Thermal Activity,0.0523,0.9293,0.0183,0.9293,HIGH,FAILED_TILE,,Other Industrial,Industrial Area / Zone,GENERAL_CONTEXT,116390.33228475665,0,0,0,Mining & Quarry,,122099.15015359716,50,Built-up,MISSING_PRODUCT,MISSING_PRODUCT,INVALID_INPUT,,,,,,,,False,UNREVIEWED,,False,2026-09-06T17:19:14Z,phase_5_ml_handoff/final_model.joblib,5909bb546fc55aeffd37b7bb601e96718709fe685e987705b246bb2963279798,phase_4b_ground_truth_v1
FIRMS_TN_0451,451,2024-12-13,2108,2024-12-13T21:00,N,13.16246,80.29005,N,VIIRS,n,1.32,301.72,287.45,14.27000000000004,0,0,2,1,0,2.41,0,-1.0704477652290094,Agricultural Burning,0.3924,0.37,0.2376,0.3924,LOW,FAILED_TILE,,Other Industrial,Industrial Area / Zone,GENERAL_CONTEXT,116938.01884665932,0,0,0,Mining & Quarry,,122736.960870798,50,Built-up,MISSING_PRODUCT,MISSING_PRODUCT,INVALID_INPUT,,,,,,,,False,UNREVIEWED,,False,2026-09-06T17:19:14Z,phase_5_ml_handoff/final_model.joblib,5909bb546fc55aeffd37b7bb601e96718709fe685e987705b246bb2963279798,phase_4b_ground_truth_v1
FIRMS_TN_0452,452,2024-12-13,2108,2024-12-13T21:00,N,13.16009,80.29156,N,VIIRS,n,1.09,301.59,288.03,13.560000000000002,0,0,2,1,0,2.41,0,-1.0788771088500728,Agricultural Burning,0.5118,0.3183,0.1698,0.5118,MEDIUM,FAILED_TILE,,Other Industrial,Industrial Area / Zone,GENERAL_CONTEXT,116740.63218712017,0,0,0,Mining & Quarry,,122581.37113909714,40,Cropland,MISSING_PRODUCT,MISSING_PRODUCT,INVALID_INPUT,,,,,,,,False,UNREVIEWED,,False,2026-09-06T17:19:14Z,phase_5_ml_handoff/final_model.joblib,5909bb546fc55aeffd37b7bb601e96718709fe685e987705b246bb2963279798,phase_4b_ground_truth_v1
FIRMS_TN_0453,453,2024-12-14,2050,2024-12-14T20:00,N,11.20285,77.56692,N,VIIRS,n,1.52,312.78,290.62,22.159999999999968,0,0,15,8,1,15.08,0,0.6613881472099346,Industrial Thermal Activity,0.035,0.9234,0.0416,0.9234,HIGH,COVERED,,Mining,Mining & Quarry,HIGHER_RELEVANCE,373.1083683771493,1,1,1,Mining & Quarry,,373.1083683771493,30,Grassland,CLOUD_REJECTED,CLOUD_REJECTED,INSUFFICIENT_VALID_DATA,2024-12-08T05:11:19.024000Z,2024-12-18T05:11:29.024000Z,SUCCESS,SUCCESS,0.5308100634957751,0.5386280084289095,,False,UNREVIEWED,,False,2026-09-06T17:19:14Z,phase_5_ml_handoff/final_model.joblib,5909bb546fc55aeffd37b7bb601e96718709fe685e987705b246bb2963279798,phase_4b_ground_truth_v1
FIRMS_TN_0454,454,2024-12-14,2050,2024-12-14T20:00,N,11.076,79.56938,N,VIIRS,n,0.43,307.17,291.68,15.490000000000007,0,0,1,1,0,0.43,0,-0.7170637441922595,Agricultural Burning,0.7509,0.1209,0.1282,0.7509,HIGH,COVERED,Kadalangudi,Other Industrial,Substation & Electrical Infrastructure,CAUTION_LOWER_RELEVANCE,1499.8488850546948,0,0,1,Power Plant,Kuttulam Power Plant,5034.391873813357,10,Tree cover,MISSING_PRODUCT,MISSING_PRODUCT,INVALID_INPUT,,,,,,,,True,VERIFIED,Agricultural Burning,True,2026-09-06T17:19:14Z,phase_5_ml_handoff/final_model.joblib,5909bb546fc55aeffd37b7bb601e96718709fe685e987705b246bb2963279798,phase_4b_ground_truth_v1
FIRMS_TN_0455,455,2024-12-14,2050,2024-12-14T20:00,N,11.1806,79.09951,N,VIIRS,n,0.87,301.39,291.11,10.279999999999973,0,0,20,10,1,18.59,0,-1.2532042148996985,Industrial Thermal Activity,0.0641,0.9359,0.0,0.9359,HIGH,COVERED,,Other Industrial,Substation & Electrical Infrastructure,CAUTION_LOWER_RELEVANCE,509.2008259663716,0,1,1,Power Plant,,842.8752422606786,50,Built-up,CLOUD_REJECTED,CLOUD_REJECTED,INSUFFICIENT_VALID_DATA,2024-12-08T05:11:19.024000Z,2024-12-23T05:12:31.024000Z,SUCCESS,SUCCESS,0.4922077634856853,0.4469351921771849,,False,UNREVIEWED,,False,2026-09-06T17:19:14Z,phase_5_ml_handoff/final_model.joblib,5909bb546fc55aeffd37b7bb601e96718709fe685e987705b246bb2963279798,phase_4b_ground_truth_v1
FIRMS_TN_0456,456,2024-12-14,2050,2024-12-14T20:00,N,13.42046,80.08818,N,VIIRS,n,0.41,303.12,291.06,12.060000000000002,0,0,2,2,0,0.78,0,-0.9796702185406712,Agricultural Burning,0.5574,0.2083,0.2343,0.5574,MEDIUM,FAILED_TILE,,Other Industrial,Industrial Area / Zone,GENERAL_CONTEXT,140382.6065099865,0,0,0,Mining & Quarry,,141657.0607994911,60,Bare/sparse vegetation,MISSING_PRODUCT,MISSING_PRODUCT,INVALID_INPUT,,,,,,,,False,UNREVIEWED,,False,2026-09-06T17:19:14Z,phase_5_ml_handoff/final_model.joblib,5909bb546fc55aeffd37b7bb601e96718709fe685e987705b246bb2963279798,phase_4b_ground_truth_v1
FIRMS_TN_0457,457,2024-12-15,756,2024-12-15T07:00,D,9.35392,78.38164,N,VIIRS,n,3.2,341.17,299.02,42.150000000000034,1,0,1,1,0,3.2,0,1.487533818238845,Agricultural Burning,0.7488,0.033,0.2182,0.7488,MEDIUM,COVERED,Kamudi,Other Industrial,Substation & Electrical Infrastructure,CAUTION_LOWER_RELEVANCE,1602.4368628100622,0,0,1,Power Plant,,2765.702795885389,50,Built-up,MISSING_PRODUCT,CLOUD_REJECTED,MISSING_PRE,,2024-12-18T05:11:29.024000Z,,SUCCESS,,0.1290541152169084,,True,VERIFIED,REVIEW_REQUIRED,False,2026-09-06T17:19:14Z,phase_5_ml_handoff/final_model.joblib,5909bb546fc55aeffd37b7bb601e96718709fe685e987705b246bb2963279798,phase_4b_ground_truth_v1
FIRMS_TN_0458,458,2024-12-15,756,2024-12-15T07:00,D,9.81162,78.69306,N,VIIRS,n,2.19,342.33,295.71,46.620000000000005,1,0,2,1,0,5.92,0,1.5627494997806095,Agricultural Burning,0.6161,0.2822,0.1017,0.6161,MEDIUM,COVERED,,Power Plant,Power Plant,HIGHER_RELEVANCE,175.24057353467404,1,1,1,Power Plant,,175.24057353467404,30,Grassland,REAL_CDSE_SUCCESS,REAL_CDSE_SUCCESS,SUCCESS,2024-12-10T05:02:11.024000Z,2024-12-18T05:11:29.024000Z,SUCCESS,SUCCESS,0.4695452805272076,0.4994718088687634,0.0080635767932895,False,UNREVIEWED,,False,2026-09-06T17:19:14Z,phase_5_ml_handoff/final_model.joblib,5909bb546fc55aeffd37b7bb601e96718709fe685e987705b246bb2963279798,phase_4b_ground_truth_v1
FIRMS_TN_0459,459,2024-12-15,756,2024-12-15T07:00,D,9.81504,78.69252,N,VIIRS,n,3.73,346.03,296.15,49.88,1,0,2,1,0,5.92,0,1.8026615874569352,Agricultural Burning,0.6405,0.3031,0.0565,0.6405,MEDIUM,COVERED,,Power Plant,Power Plant,HIGHER_RELEVANCE,500.17475120960415,0,1,1,Power Plant,,500.17475120960415,40,Cropland,REAL_CDSE_SUCCESS,REAL_CDSE_SUCCESS,SUCCESS,2024-12-10T05:02:11.024000Z,2024-12-18T05:11:29.024000Z,SUCCESS,SUCCESS,0.4926078275778419,0.5216840801068787,0.0173876016979643,True,VERIFIED,REVIEW_REQUIRED,False,2026-09-06T17:19:14Z,phase_5_ml_handoff/final_model.joblib,5909bb546fc55aeffd37b7bb601e96718709fe685e987705b246bb2963279798,phase_4b_ground_truth_v1
FIRMS_TN_0460,460,2024-12-15,2031,2024-12-15T20:00,N,11.20301,77.5686,N,VIIRS,n,1.15,309.22,291.37,17.850000000000023,0,0,15,8,1,15.08,0,0.1639497378999307,Industrial Thermal Activity,0.0417,0.9367,0.0216,0.9367,HIGH,COVERED,,Mining,Mining & Quarry,HIGHER_RELEVANCE,413.8442020720007,1,1,1,Mining & Quarry,,413.8442020720007,50,Built-up,CLOUD_REJECTED,CLOUD_REJECTED,INSUFFICIENT_VALID_DATA,2024-12-08T05:11:19.024000Z,2024-12-18T05:11:29.024000Z,SUCCESS,SUCCESS,0.5717705366762283,0.5234430220555338,,False,UNREVIEWED,,False,2026-09-06T17:19:14Z,phase_5_ml_handoff/final_model.joblib,5909bb546fc55aeffd37b7bb601e96718709fe685e987705b246bb2963279798,phase_4b_ground_truth_v1
FIRMS_TN_0461,461,2024-12-15,2031,2024-12-15T20:00,N,11.20368,77.56465,N,VIIRS,n,1.58,314.26,291.55,22.70999999999998,0,0,15,8,1,15.08,0,0.8681883847882564,Industrial Thermal Activity,0.0503,0.9014,0.0483,0.9014,HIGH,COVERED,,Mining,Mining & Quarry,HIGHER_RELEVANCE,545.713052493641,0,1,1,Mining & Quarry,,545.713052493641,30,Grassland,CLOUD_REJECTED,CLOUD_REJECTED,INSUFFICIENT_VALID_DATA,2024-12-08T05:11:19.024000Z,2024-12-18T05:11:29.024000Z,SUCCESS,SUCCESS,0.4695265815351411,0.5635668803282029,,False,UNREVIEWED,,False,2026-09-06T17:19:14Z,phase_5_ml_handoff/final_model.joblib,5909bb546fc55aeffd37b7bb601e96718709fe685e987705b246bb2963279798,phase_4b_ground_truth_v1
FIRMS_TN_0462,462,2024-12-16,737,2024-12-16T07:00,D,13.11503,79.75854,N,VIIRS,n,3.36,331.87,297.93,33.94,1,0,2,1,0,7.459999999999999,0,0.8845115438091596,Natural / Wildfire / Other,0.4029,0.0018,0.5953,0.5953,MEDIUM,FAILED_TILE,,Mining,Mining & Quarry,HIGHER_RELEVANCE,103145.91037775158,0,0,0,Mining & Quarry,,103145.91037775158,10,Tree cover,MISSING_PRODUCT,MISSING_PRODUCT,INVALID_INPUT,,,,,,,,False,UNREVIEWED,,False,2026-09-06T17:19:14Z,phase_5_ml_handoff/final_model.joblib,5909bb546fc55aeffd37b7bb601e96718709fe685e987705b246bb2963279798,phase_4b_ground_truth_v1
FIRMS_TN_0463,463,2024-12-16,737,2024-12-16T07:00,D,13.1139,79.75702,N,VIIRS,n,4.1,333.6,298.88,34.72000000000003,1,0,2,1,0,7.459999999999999,0,0.9966866550740376,Agricultural Burning,0.6289,0.0,0.3711,0.6289,MEDIUM,FAILED_TILE,,Mining,Mining & Quarry,HIGHER_RELEVANCE,103020.60323571492,0,0,0,Mining & Quarry,,103020.60323571492,40,Cropland,MISSING_PRODUCT,MISSING_PRODUCT,INVALID_INPUT,,,,,,,,False,UNREVIEWED,,False,2026-09-06T17:19:14Z,phase_5_ml_handoff/final_model.joblib,5909bb546fc55aeffd37b7bb601e96718709fe685e987705b246bb2963279798,phase_4b_ground_truth_v1
FIRMS_TN_0464,464,2024-12-16,2012,2024-12-16T20:00,N,11.20311,77.5677,N,VIIRS,n,1.35,315.01,289.58,25.430000000000007,0,0,15,8,1,15.08,0,0.9729858024799724,Industrial Thermal Activity,0.0317,0.9267,0.0416,0.9267,HIGH,COVERED,,Mining,Mining & Quarry,HIGHER_RELEVANCE,402.1772038857784,1,1,1,Mining & Quarry,,402.1772038857784,50,Built-up,CLOUD_REJECTED,CLOUD_REJECTED,INSUFFICIENT_VALID_DATA,2024-12-08T05:11:19.024000Z,2024-12-18T05:11:29.024000Z,SUCCESS,SUCCESS,0.5694684872175767,0.5243714786025039,,False,UNREVIEWED,,False,2026-09-06T17:19:14Z,phase_5_ml_handoff/final_model.joblib,5909bb546fc55aeffd37b7bb601e96718709fe685e987705b246bb2963279798,phase_4b_ground_truth_v1
FIRMS_TN_0465,465,2024-12-16,2012,2024-12-16T20:00,N,11.81663,77.91622,N,VIIRS,n,0.91,309.91,290.86,19.05000000000001,0,0,43,20,1,64.3,0,0.1243057464798082,Industrial Thermal Activity,0.0317,0.9683,0.0,0.9683,HIGH,COVERED,JSW Steel Plant,Manufacturing,Steel / Metallurgy,HIGHER_RELEVANCE,321.4847990178874,1,1,1,Steel / Metallurgy,JSW Steel Plant,321.4847990178874,50,Built-up,CLOUD_REJECTED,CLOUD_REJECTED,MISSING_POST,2024-12-08T05:11:19.024000Z,2024-12-23T05:12:31.024000Z,SUCCESS,ALL_PIXELS_MASKED,0.5428591153182006,,,False,UNREVIEWED,,False,2026-09-06T17:19:14Z,phase_5_ml_handoff/final_model.joblib,5909bb546fc55aeffd37b7bb601e96718709fe685e987705b246bb2963279798,phase_4b_ground_truth_v1
FIRMS_TN_0466,466,2024-12-16,2012,2024-12-16T20:00,N,11.80862,77.92271,N,VIIRS,n,1.54,306.26,292.37,13.889999999999986,0,0,21,10,1,32.72,0,-0.1889190871107869,Industrial Thermal Activity,0.0234,0.9766,0.0,0.9766,HIGH,COVERED,,Other Industrial,Substation & Electrical Infrastructure,CAUTION_LOWER_RELEVANCE,226.1123158076199,1,1,1,Steel / Metallurgy,JSW Steel Plant,816.2296493744954,30,Grassland,CLOUD_REJECTED,CLOUD_REJECTED,MISSING_POST,2024-12-08T05:11:19.024000Z,2024-12-23T05:12:31.024000Z,SUCCESS,ALL_PIXELS_MASKED,0.4017479305985647,,,False,UNREVIEWED,,False,2026-09-06T17:19:14Z,phase_5_ml_handoff/final_model.joblib,5909bb546fc55aeffd37b7bb601e96718709fe685e987705b246bb2963279798,phase_4b_ground_truth_v1
FIRMS_TN_0467,467,2024-12-16,2014,2024-12-16T20:00,N,10.92926,77.06384,N,VIIRS,n,0.34,295.61,281.52,14.090000000000032,0,0,11,7,1,6.7,0,-2.355954549732415,Industrial Thermal Activity,0.3529,0.5707,0.0764,0.5707,MEDIUM,FAILED_TILE,,Power Plant,Power Plant,HIGHER_RELEVANCE,20346.476808920703,0,0,0,Power Plant,,20346.476808920703,30,Grassland,CLOUD_REJECTED,REAL_CDSE_SUCCESS,INSUFFICIENT_VALID_DATA,2024-12-08T05:11:19.024000Z,2024-12-18T05:11:29.024000Z,SUCCESS,SUCCESS,0.4463515439525328,0.4524243702588681,,False,UNREVIEWED,,False,2026-09-06T17:19:14Z,phase_5_ml_handoff/final_model.joblib,5909bb546fc55aeffd37b7bb601e96718709fe685e987705b246bb2963279798,phase_4b_ground_truth_v1
FIRMS_TN_0468,468,2024-12-19,822,2024-12-19T08:00,D,8.65877,78.11285,N,VIIRS,n,5.52,335.17,295.75,39.420000000000016,1,0,2,2,0,12.23,0,1.0984871895745325,Natural / Wildfire / Other,0.4507,0.0044,0.5449,0.5449,MEDIUM,FAILED_TILE,,Power Plant,Power Plant,HIGHER_RELEVANCE,55155.38363620173,0,0,0,Power Plant,,55155.38363620173,95,Mangroves,REAL_CDSE_SUCCESS,REAL_CDSE_SUCCESS,SUCCESS,2024-12-08T05:11:19.024000Z,2024-12-28T05:11:29.024000Z,SUCCESS,SUCCESS,0.2865452953438765,0.2696161658650328,-0.0537725470668248,True,VERIFIED,REVIEW_REQUIRED,False,2026-09-06T17:19:14Z,phase_5_ml_handoff/final_model.joblib,5909bb546fc55aeffd37b7bb601e96718709fe685e987705b246bb2963279798,phase_4b_ground_truth_v1
FIRMS_TN_0469,469,2024-12-19,822,2024-12-19T08:00,D,8.36387,77.99434,N,VIIRS,n,3.94,334.99,295.72,39.26999999999998,1,0,1,1,0,3.94,0,1.0868157907146023,Agricultural Burning,0.6499,0.0018,0.3484,0.6499,MEDIUM,FAILED_TILE,,Mining,Mining & Quarry,HIGHER_RELEVANCE,81838.87848276627,0,0,0,Mining & Quarry,,81838.87848276627,10,Tree cover,CLOUD_REJECTED,CLOUD_REJECTED,INSUFFICIENT_VALID_DATA,2024-12-08T05:11:19.024000Z,2024-12-28T05:11:29.024000Z,SUCCESS,SUCCESS,0.5438606979141446,0.4343031084183178,,True,VERIFIED,Agricultural Burning,True,2026-09-06T17:19:14Z,phase_5_ml_handoff/final_model.joblib,5909bb546fc55aeffd37b7bb601e96718709fe685e987705b246bb2963279798,phase_4b_ground_truth_v1
FIRMS_TN_0470,470,2024-12-20,802,2024-12-20T08:00,D,9.32755,77.64175,N,VIIRS,n,2.54,334.31,297.91,36.39999999999998,1,0,1,1,0,2.54,0,1.04272383946598,Natural / Wildfire / Other,0.4563,0.0118,0.532,0.532,MEDIUM,FAILED_TILE,,Other Industrial,Industrial Area / Zone,GENERAL_CONTEXT,13173.712771370056,0,0,0,Mining & Quarry,,14233.149364882916,20,Shrubland,CLOUD_REJECTED,CLOUD_REJECTED,INSUFFICIENT_VALID_DATA,2024-12-18T05:11:29.024000Z,2024-12-23T05:12:31.024000Z,SUCCESS,SUCCESS,0.5504532198321748,0.6430080791492361,,False,UNREVIEWED,,False,2026-09-06T17:19:14Z,phase_5_ml_handoff/final_model.joblib,5909bb546fc55aeffd37b7bb601e96718709fe685e987705b246bb2963279798,phase_4b_ground_truth_v1
FIRMS_TN_0471,471,2024-12-20,805,2024-12-20T08:00,D,11.1546,77.35361,N,VIIRS,n,2.56,333.26,301.58,31.680000000000007,1,0,1,1,0,2.56,0,0.9746406794497244,Agricultural Burning,0.5113,0.0067,0.4821,0.5113,MEDIUM,COVERED,,Other Industrial,Industrial Area / Zone,GENERAL_CONTEXT,1342.401200648939,0,0,1,Power Plant,,6730.572947862748,30,Grassland,REAL_CDSE_SUCCESS,MISSING_PRODUCT,MISSING_POST,2024-12-18T05:11:29.024000Z,,SUCCESS,,0.4141875610899033,,,False,UNREVIEWED,,False,2026-09-06T17:19:14Z,phase_5_ml_handoff/final_model.joblib,5909bb546fc55aeffd37b7bb601e96718709fe685e987705b246bb2963279798,phase_4b_ground_truth_v1
FIRMS_TN_0472,472,2024-12-20,805,2024-12-20T08:00,D,11.53465,78.47977,N,VIIRS,n,2.52,334.28,299.87,34.40999999999997,1,0,1,1,0,2.52,0,1.0407786063226565,Agricultural Burning,0.8868,0.009,0.1042,0.8868,HIGH,COVERED,,Mining,Mining & Quarry,HIGHER_RELEVANCE,4022.0258847419104,0,0,0,Mining & Quarry,,4022.0258847419104,10,Tree cover,REAL_CDSE_SUCCESS,CLOUD_REJECTED,INSUFFICIENT_VALID_DATA,2024-12-08T05:11:19.024000Z,2024-12-23T05:12:31.024000Z,SUCCESS,SUCCESS,0.5688691538442344,0.4381092005441414,,True,VERIFIED,Agricultural Burning,True,2026-09-06T17:19:14Z,phase_5_ml_handoff/final_model.joblib,5909bb546fc55aeffd37b7bb601e96718709fe685e987705b246bb2963279798,phase_4b_ground_truth_v1
FIRMS_TN_0473,473,2024-12-20,805,2024-12-20T08:00,D,11.93054,79.0218,N,VIIRS,n,2.48,331.38,296.37,35.00999999999999,1,0,1,1,0,2.48,0,0.8527394024682402,Agricultural Burning,0.6729,0.021,0.3061,0.6729,MEDIUM,COVERED,Ariyalur,Other Industrial,Substation & Electrical Infrastructure,CAUTION_LOWER_RELEVANCE,3079.845860992677,0,0,0,Manufacturing & Industrial Works,Kallakurichi Coop Sugar Mills,15666.322364229638,40,Cropland,CLOUD_REJECTED,REAL_CDSE_SUCCESS,INSUFFICIENT_VALID_DATA,2024-12-08T05:11:19.024000Z,2024-12-23T05:12:31.024000Z,SUCCESS,SUCCESS,0.5831325109941655,0.6359636809391589,,False,UNREVIEWED,,False,2026-09-06T17:19:14Z,phase_5_ml_handoff/final_model.joblib,5909bb546fc55aeffd37b7bb601e96718709fe685e987705b246bb2963279798,phase_4b_ground_truth_v1
FIRMS_TN_0474,474,2024-12-21,2018,2024-12-21T20:00,N,13.3918,80.10139,N,VIIRS,n,1.55,312.89,294.76,18.129999999999995,0,0,21,10,1,22.85,0,1.5436437427655514,Industrial Thermal Activity,0.0304,0.9168,0.0528,0.9168,HIGH,FAILED_TILE,,Other Industrial,Industrial Area / Zone,GENERAL_CONTEXT,137382.52736110994,0,0,0,Mining & Quarry,,138950.40660760787,30,Grassland,MISSING_PRODUCT,REAL_CDSE_SUCCESS,MISSING_PRE,,2025-01-04T05:01:19.024000Z,,SUCCESS,,0.4572960265632951,,False,UNREVIEWED,,False,2026-09-06T17:19:14Z,phase_5_ml_handoff/final_model.joblib,5909bb546fc55aeffd37b7bb601e96718709fe685e987705b246bb2963279798,phase_4b_ground_truth_v1
FIRMS_TN_0475,475,2024-12-22,726,2024-12-22T07:00,D,11.94577,78.98011,N,VIIRS,n,2.98,329.31,286.27,43.04000000000002,1,0,2,1,0,6.34,0,0.7185183155790528,Agricultural Burning,0.4808,0.065,0.4542,0.4808,LOW,COVERED,Ariyalur,Other Industrial,Substation & Electrical Infrastructure,CAUTION_LOWER_RELEVANCE,3277.888271834174,0,0,0,Manufacturing & Industrial Works,Kallakurichi Coop Sugar Mills,13020.291346671507,10,Tree cover,CLOUD_REJECTED,REAL_CDSE_SUCCESS,INSUFFICIENT_VALID_DATA,2024-12-08T05:11:19.024000Z,2024-12-23T05:12:31.024000Z,SUCCESS,SUCCESS,0.6316455575316026,0.6914391960310826,,False,UNREVIEWED,,False,2026-09-06T17:19:14Z,phase_5_ml_handoff/final_model.joblib,5909bb546fc55aeffd37b7bb601e96718709fe685e987705b246bb2963279798,phase_4b_ground_truth_v1
FIRMS_TN_0476,476,2024-12-22,1959,2024-12-22T19:00,N,13.39238,80.10198,N,VIIRS,n,1.16,307.97,293.78,14.190000000000056,0,0,21,10,1,22.85,0,0.2781571800222704,Industrial Thermal Activity,0.0227,0.939,0.0383,0.939,HIGH,FAILED_TILE,,Other Industrial,Industrial Area / Zone,GENERAL_CONTEXT,137454.34601791494,0,0,0,Mining & Quarry,,139029.61719509563,30,Grassland,MISSING_PRODUCT,CLOUD_REJECTED,MISSING_PRE,,2025-01-04T05:01:19.024000Z,,SUCCESS,,0.4246850849627349,,False,UNREVIEWED,,False,2026-09-06T17:19:14Z,phase_5_ml_handoff/final_model.joblib,5909bb546fc55aeffd37b7bb601e96718709fe685e987705b246bb2963279798,phase_4b_ground_truth_v1
FIRMS_TN_0477,477,2024-12-23,847,2024-12-23T08:00,D,11.48374,77.36877,N,VIIRS,n,3.22,346.95,293.24,53.70999999999998,1,0,2,1,0,11.56,0,1.8623154038521308,Agricultural Burning,0.8308,0.065,0.1042,0.8308,HIGH,COVERED,Thuckanaickenpalayam,Other Industrial,Substation & Electrical Infrastructure,CAUTION_LOWER_RELEVANCE,3445.295024767323,0,0,0,Manufacturing & Industrial Works,Coirmedia,11028.08862807511,40,Cropland,REAL_CDSE_SUCCESS,REAL_CDSE_SUCCESS,SUCCESS,2024-12-18T05:11:29.024000Z,2025-01-07T05:11:19.024000Z,SUCCESS,SUCCESS,0.5238194302845672,0.485952862438322,0.0881497467194268,False,UNREVIEWED,,False,2026-09-06T17:19:14Z,phase_5_ml_handoff/final_model.joblib,5909bb546fc55aeffd37b7bb601e96718709fe685e987705b246bb2963279798,phase_4b_ground_truth_v1
FIRMS_TN_0478,478,2024-12-23,847,2024-12-23T08:00,D,11.48662,77.3672,N,VIIRS,h,8.34,367.0,293.65,73.35000000000002,1,0,2,1,0,11.56,1,3.162379554638709,Agricultural Burning,0.6646,0.0683,0.2671,0.6646,MEDIUM,COVERED,Thuckanaickenpalayam,Other Industrial,Substation & Electrical Infrastructure,CAUTION_LOWER_RELEVANCE,3168.492785063283,0,0,0,Manufacturing & Industrial Works,Coirmedia,11267.727297648216,10,Tree cover,REAL_CDSE_SUCCESS,REAL_CDSE_SUCCESS,SUCCESS,2024-12-18T05:11:29.024000Z,2025-01-07T05:11:19.024000Z,SUCCESS,SUCCESS,0.5224712471764903,0.493660793224577,0.0697550679045521,True,VERIFIED,Agricultural Burning,True,2026-09-06T17:19:14Z,phase_5_ml_handoff/final_model.joblib,5909bb546fc55aeffd37b7bb601e96718709fe685e987705b246bb2963279798,phase_4b_ground_truth_v1
FIRMS_TN_0479,479,2024-12-23,847,2024-12-23T08:00,D,11.48707,77.37101,N,VIIRS,n,9.93,332.03,293.49,38.53999999999997,1,0,1,1,0,9.93,1,0.8948861205735392,Agricultural Burning,0.6722,0.0393,0.2885,0.6722,MEDIUM,COVERED,Thuckanaickenpalayam,Other Industrial,Substation & Electrical Infrastructure,CAUTION_LOWER_RELEVANCE,3042.5972996731334,0,0,0,Manufacturing & Industrial Works,Coirmedia,10877.71484555924,40,Cropland,REAL_CDSE_SUCCESS,REAL_CDSE_SUCCESS,SUCCESS,2024-12-18T05:11:29.024000Z,2025-01-07T05:11:19.024000Z,SUCCESS,SUCCESS,0.504643805100751,0.4330027511291462,0.0786392197283886,False,UNREVIEWED,,False,2026-09-06T17:19:14Z,phase_5_ml_handoff/final_model.joblib,5909bb546fc55aeffd37b7bb601e96718709fe685e987705b246bb2963279798,phase_4b_ground_truth_v1
FIRMS_TN_0480,480,2024-12-24,828,2024-12-24T08:00,D,11.38817,77.17683,N,VIIRS,n,1.32,332.85,304.41,28.44,1,0,1,1,0,1.32,0,0.9480558264909984,Agricultural Burning,0.7058,0.03,0.2642,0.7058,MEDIUM,FAILED_TILE,,Power Plant,Power Plant,HIGHER_RELEVANCE,14738.15448141658,0,0,0,Power Plant,,14738.15448141658,40,Cropland,REAL_CDSE_SUCCESS,REAL_CDSE_SUCCESS,SUCCESS,2024-12-18T05:11:29.024000Z,2025-01-07T05:11:19.024000Z,SUCCESS,SUCCESS,0.5760521217171245,0.5358817840893957,-0.017582063499861,False,UNREVIEWED,,False,2026-09-06T17:19:14Z,phase_5_ml_handoff/final_model.joblib,5909bb546fc55aeffd37b7bb601e96718709fe685e987705b246bb2963279798,phase_4b_ground_truth_v1
FIRMS_TN_0481,481,2024-12-24,828,2024-12-24T08:00,D,10.21246,77.85556,N,VIIRS,n,4.68,343.2,302.09,41.110000000000014,1,0,1,1,0,4.68,0,1.6191612609369357,Agricultural Burning,0.6046,0.0433,0.3521,0.6046,MEDIUM,COVERED,,Other Industrial,Industrial Area / Zone,GENERAL_CONTEXT,4512.665545844232,0,0,0,Power Plant,,6048.978643491317,10,Tree cover,REAL_CDSE_SUCCESS,MISSING_PRODUCT,MISSING_POST,2024-12-18T05:11:29.024000Z,,SUCCESS,,0.6179471119837435,,,False,UNREVIEWED,,False,2026-09-06T17:19:14Z,phase_5_ml_handoff/final_model.joblib,5909bb546fc55aeffd37b7bb601e96718709fe685e987705b246bb2963279798,phase_4b_ground_truth_v1
FIRMS_TN_0482,482,2024-12-24,828,2024-12-24T08:00,D,10.06075,77.48013,N,VIIRS,n,3.24,334.83,299.36,35.46999999999997,1,0,1,1,0,3.24,0,1.076441213950219,Agricultural Burning,0.631,0.0237,0.3454,0.631,MEDIUM,COVERED,,Other Industrial,Industrial Area / Zone,GENERAL_CONTEXT,1422.867053212318,0,0,1,Mining & Quarry,,8153.057465789899,10,Tree cover,CLOUD_REJECTED,REAL_CDSE_SUCCESS,INSUFFICIENT_VALID_DATA,2024-12-23T05:12:31.024000Z,2025-01-07T05:11:19.024000Z,SUCCESS,SUCCESS,0.5887681535133038,0.612089936173094,,False,UNREVIEWED,,False,2026-09-06T17:19:14Z,phase_5_ml_handoff/final_model.joblib,5909bb546fc55aeffd37b7bb601e96718709fe685e987705b246bb2963279798,phase_4b_ground_truth_v1
FIRMS_TN_0483,483,2024-12-24,828,2024-12-24T08:00,D,9.78438,77.42071,N,VIIRS,n,1.82,331.52,303.34,28.180000000000007,1,0,1,1,0,1.82,0,0.8618171571370732,Agricultural Burning,0.7977,0.035,0.1673,0.7977,HIGH,COVERED,,Power Plant,Power Plant,HIGHER_RELEVANCE,1861.0861299037788,0,0,1,Power Plant,,1861.0861299037788,40,Cropland,CLOUD_REJECTED,CLOUD_REJECTED,INSUFFICIENT_VALID_DATA,2024-12-23T05:12:31.024000Z,2025-01-02T05:12:21.024000Z,SUCCESS,SUCCESS,0.4699125674412847,0.6073589281461758,,False,UNREVIEWED,,False,2026-09-06T17:19:14Z,phase_5_ml_handoff/final_model.joblib,5909bb546fc55aeffd37b7bb601e96718709fe685e987705b246bb2963279798,phase_4b_ground_truth_v1
FIRMS_TN_0484,484,2024-12-24,1921,2024-12-24T19:00,N,13.16129,80.28079,N,VIIRS,n,1.6,303.72,287.44,16.28000000000003,0,0,23,13,1,29.58,0,-0.7611250588236635,Industrial Thermal Activity,0.0107,0.971,0.0183,0.971,HIGH,FAILED_TILE,,Other Industrial,Industrial Area / Zone,GENERAL_CONTEXT,116498.5312928746,0,0,0,Mining & Quarry,,122154.04616297645,50,Built-up,MISSING_PRODUCT,CLOUD_REJECTED,MISSING_PRE,,2025-01-04T05:01:19.024000Z,,SUCCESS,,0.1682752694667257,,False,UNREVIEWED,,False,2026-09-06T17:19:14Z,phase_5_ml_handoff/final_model.joblib,5909bb546fc55aeffd37b7bb601e96718709fe685e987705b246bb2963279798,phase_4b_ground_truth_v1
FIRMS_TN_0485,485,2024-12-24,2101,2024-12-24T21:00,N,12.6902,77.94789,N,VIIRS,n,0.52,298.72,288.36,10.360000000000014,0,0,2,1,0,0.88,0,-1.2649710795611655,Agricultural Burning,0.6099,0.1669,0.2232,0.6099,MEDIUM,FAILED_TILE,Palavadi,Other Industrial,Substation & Electrical Infrastructure,CAUTION_LOWER_RELEVANCE,59665.80284264241,0,0,0,"Oil, Gas & Chemical",HPCL Dharmapuri Terminal,75925.33295889685,30,Grassland,CLOUD_REJECTED,REAL_CDSE_SUCCESS,INSUFFICIENT_VALID_DATA,2024-12-23T05:12:31.024000Z,2025-01-07T05:11:19.024000Z,SUCCESS,SUCCESS,0.3761675349258855,0.4314750310597076,,False,UNREVIEWED,,False,2026-09-06T17:19:14Z,phase_5_ml_handoff/final_model.joblib,5909bb546fc55aeffd37b7bb601e96718709fe685e987705b246bb2963279798,phase_4b_ground_truth_v1
FIRMS_TN_0486,486,2024-12-25,809,2024-12-25T08:00,D,9.18193,78.44804,N,VIIRS,l,1.9,331.75,302.63,29.120000000000005,1,0,1,1,0,1.9,0,0.876730611235873,Agricultural Burning,0.721,0.04,0.239,0.721,MEDIUM,COVERED,IOCL,Chemical,"Oil, Gas & Chemical",HIGHER_RELEVANCE,4878.749208795854,0,0,0,"Oil, Gas & Chemical",IOCL,4878.749208795854,20,Shrubland,REAL_CDSE_SUCCESS,MISSING_PRODUCT,MISSING_POST,2024-12-18T05:11:29.024000Z,,SUCCESS,,0.3647652339584525,,,False,UNREVIEWED,,False,2026-09-06T17:19:14Z,phase_5_ml_handoff/final_model.joblib,5909bb546fc55aeffd37b7bb601e96718709fe685e987705b246bb2963279798,phase_4b_ground_truth_v1
FIRMS_TN_0487,487,2024-12-25,809,2024-12-25T08:00,D,9.85774,77.33888,N,VIIRS,n,3.26,336.26,307.18,29.079999999999984,1,0,2,1,0,6.35,0,1.1691639937818807,Agricultural Burning,0.7787,0.0363,0.185,0.7787,HIGH,COVERED,,Power Plant,Power Plant,HIGHER_RELEVANCE,1751.5116911688228,0,0,1,Power Plant,,1751.5116911688228,30,Grassland,REAL_CDSE_SUCCESS,CLOUD_REJECTED,INSUFFICIENT_VALID_DATA,2024-12-23T05:12:31.024000Z,2025-01-02T05:12:21.024000Z,SUCCESS,SUCCESS,0.4848722520860456,0.3759612464932125,,True,VERIFIED,Agricultural Burning,True,2026-09-06T17:19:14Z,phase_5_ml_handoff/final_model.joblib,5909bb546fc55aeffd37b7bb601e96718709fe685e987705b246bb2963279798,phase_4b_ground_truth_v1
FIRMS_TN_0488,488,2024-12-25,809,2024-12-25T08:00,D,11.38649,77.14317,N,VIIRS,n,3.75,341.97,304.31,37.660000000000025,1,0,1,1,0,3.75,0,1.5394067020607538,Agricultural Burning,0.672,0.0,0.328,0.672,MEDIUM,FAILED_TILE,,Power Plant,Power Plant,HIGHER_RELEVANCE,16800.38493864228,0,0,0,Power Plant,,16800.38493864228,40,Cropland,REAL_CDSE_SUCCESS,REAL_CDSE_SUCCESS,SUCCESS,2024-12-18T05:11:29.024000Z,2025-01-07T05:11:19.024000Z,SUCCESS,SUCCESS,0.5770113644790639,0.5235463243612664,-0.0444323636801066,False,UNREVIEWED,,False,2026-09-06T17:19:14Z,phase_5_ml_handoff/final_model.joblib,5909bb546fc55aeffd37b7bb601e96718709fe685e987705b246bb2963279798,phase_4b_ground_truth_v1
FIRMS_TN_0489,489,2024-12-26,750,2024-12-26T07:00,D,9.18541,78.61312,N,VIIRS,n,2.53,331.38,297.13,34.25,1,0,1,1,0,2.53,0,0.8527394024682402,Agricultural Burning,0.5275,0.0117,0.4608,0.5275,MEDIUM,COVERED,Valinokam,Other Industrial,Substation & Electrical Infrastructure,CAUTION_LOWER_RELEVANCE,2115.504970736605,0,0,0,Power Plant,,8707.944291334392,60,Bare/sparse vegetation,CLOUD_REJECTED,REAL_CDSE_SUCCESS,INSUFFICIENT_VALID_DATA,2024-12-25T05:01:29.024000Z,2025-01-04T05:01:19.024000Z,SUCCESS,SUCCESS,0.3691828779070999,0.3475057004456765,,False,UNREVIEWED,,False,2026-09-06T17:19:14Z,phase_5_ml_handoff/final_model.joblib,5909bb546fc55aeffd37b7bb601e96718709fe685e987705b246bb2963279798,phase_4b_ground_truth_v1
FIRMS_TN_0490,490,2024-12-27,2006,2024-12-27T20:00,N,11.8161,77.91463,N,VIIRS,n,0.72,303.33,290.44,12.889999999999986,0,0,43,20,1,64.3,0,-0.7157006521109994,Industrial Thermal Activity,0.1117,0.8883,0.0,0.8883,HIGH,COVERED,JSW Steel Plant,Manufacturing,Steel / Metallurgy,HIGHER_RELEVANCE,428.1478799408591,1,1,1,Steel / Metallurgy,JSW Steel Plant,428.1478799408591,50,Built-up,CLOUD_REJECTED,CLOUD_REJECTED,MISSING_PRE,2024-12-23T05:12:31.024000Z,2025-01-07T05:11:19.024000Z,ALL_PIXELS_MASKED,SUCCESS,,0.3832092290276841,,False,UNREVIEWED,,False,2026-09-06T17:19:14Z,phase_5_ml_handoff/final_model.joblib,5909bb546fc55aeffd37b7bb601e96718709fe685e987705b246bb2963279798,phase_4b_ground_truth_v1
FIRMS_TN_0491,491,2024-12-27,2006,2024-12-27T20:00,N,11.81118,77.92284,N,VIIRS,n,1.24,303.71,291.55,12.159999999999968,0,0,16,11,1,22.18,0,-0.3226302282515704,Industrial Thermal Activity,0.0234,0.9766,0.0,0.9766,HIGH,COVERED,,Other Industrial,Substation & Electrical Infrastructure,CAUTION_LOWER_RELEVANCE,505.52792652144336,0,1,1,Steel / Metallurgy,JSW Steel Plant,624.507751856188,50,Built-up,CLOUD_REJECTED,CLOUD_REJECTED,MISSING_PRE,2024-12-23T05:12:31.024000Z,2025-01-07T05:11:19.024000Z,ALL_PIXELS_MASKED,SUCCESS,,0.3088047620461569,,False,UNREVIEWED,,False,2026-09-06T17:19:14Z,phase_5_ml_handoff/final_model.joblib,5909bb546fc55aeffd37b7bb601e96718709fe685e987705b246bb2963279798,phase_4b_ground_truth_v1
FIRMS_TN_0492,492,2024-12-27,2006,2024-12-27T20:00,N,13.08174,79.97926,N,VIIRS,n,1.41,310.44,293.82,16.620000000000005,0,0,10,7,1,14.08,0,0.7158874160543995,Industrial Thermal Activity,0.0625,0.8618,0.0758,0.8618,HIGH,FAILED_TILE,,Other Industrial,Industrial Area / Zone,GENERAL_CONTEXT,101941.45440053902,0,0,0,Mining & Quarry,,102256.3678505108,60,Bare/sparse vegetation,MISSING_PRODUCT,CLOUD_REJECTED,MISSING_PRE,,2025-01-04T05:01:19.024000Z,,SUCCESS,,0.3672077325092838,,False,UNREVIEWED,,False,2026-09-06T17:19:14Z,phase_5_ml_handoff/final_model.joblib,5909bb546fc55aeffd37b7bb601e96718709fe685e987705b246bb2963279798,phase_4b_ground_truth_v1
FIRMS_TN_0493,493,2024-12-28,1949,2024-12-28T19:00,N,12.99953,79.90663,N,VIIRS,n,3.74,329.01,291.28,37.73000000000002,0,0,10,2,0,11.98,1,1.7634412133385164,Natural / Wildfire / Other,0.2889,0.2352,0.4759,0.4759,LOW,FAILED_TILE,,Mining,Mining & Quarry,HIGHER_RELEVANCE,91698.6325982306,0,0,0,Mining & Quarry,,91698.6325982306,20,Shrubland,MISSING_PRODUCT,REAL_CDSE_SUCCESS,MISSING_PRE,,2025-01-04T05:01:19.024000Z,,SUCCESS,,0.5036075044619748,,True,VERIFIED,REVIEW_REQUIRED,False,2026-09-06T17:19:14Z,phase_5_ml_handoff/final_model.joblib,5909bb546fc55aeffd37b7bb601e96718709fe685e987705b246bb2963279798,phase_4b_ground_truth_v1
FIRMS_TN_0494,494,2024-12-29,834,2024-12-29T08:00,D,9.18301,78.57902,N,VIIRS,n,4.45,331.26,296.26,35.0,1,0,2,1,0,7.09,0,0.8449584698949536,Natural / Wildfire / Other,0.4279,0.0033,0.5688,0.5688,MEDIUM,COVERED,,Other Industrial,Substation & Electrical Infrastructure,CAUTION_LOWER_RELEVANCE,5179.574089377101,0,0,0,Power Plant,,5287.150935183922,10,Tree cover,CLOUD_REJECTED,REAL_CDSE_SUCCESS,INSUFFICIENT_VALID_DATA,2024-12-25T05:01:29.024000Z,2025-01-04T05:01:19.024000Z,SUCCESS,SUCCESS,0.447448257322965,0.3862607828397348,,False,UNREVIEWED,,False,2026-09-06T17:19:14Z,phase_5_ml_handoff/final_model.joblib,5909bb546fc55aeffd37b7bb601e96718709fe685e987705b246bb2963279798,phase_4b_ground_truth_v1
FIRMS_TN_0495,495,2024-12-30,815,2024-12-30T08:00,D,11.08905,78.05498,N,VIIRS,n,3.3,332.23,293.97,38.25999999999999,1,0,1,1,0,3.3,0,0.9078543415290192,Natural / Wildfire / Other,0.4393,0.0283,0.5323,0.5323,MEDIUM,COVERED,,Other Industrial,Substation & Electrical Infrastructure,CAUTION_LOWER_RELEVANCE,4132.232637611704,0,0,0,Power Plant,Kagithapuram Mill Power Station,7616.028404099826,10,Tree cover,MISSING_PRODUCT,REAL_CDSE_SUCCESS,MISSING_PRE,,2025-01-02T05:12:21.024000Z,,SUCCESS,,0.6005277132957978,,False,UNREVIEWED,,False,2026-09-06T17:19:14Z,phase_5_ml_handoff/final_model.joblib,5909bb546fc55aeffd37b7bb601e96718709fe685e987705b246bb2963279798,phase_4b_ground_truth_v1
FIRMS_TN_0496,496,2024-12-30,2050,2024-12-30T20:00,N,11.81181,77.92474,N,VIIRS,n,2.74,306.72,291.29,15.430000000000009,0,0,16,11,1,22.18,0,0.2626003477407373,Industrial Thermal Activity,0.0404,0.9271,0.0325,0.9271,HIGH,COVERED,,Other Industrial,Substation & Electrical Infrastructure,CAUTION_LOWER_RELEVANCE,597.2176145423738,0,1,1,Steel / Metallurgy,JSW Steel Plant,771.3544979703341,50,Built-up,CLOUD_REJECTED,CLOUD_REJECTED,MISSING_PRE,2024-12-23T05:12:31.024000Z,2025-01-07T05:11:19.024000Z,ALL_PIXELS_MASKED,SUCCESS,,0.3814400484131611,,False,UNREVIEWED,,False,2026-09-06T17:19:14Z,phase_5_ml_handoff/final_model.joblib,5909bb546fc55aeffd37b7bb601e96718709fe685e987705b246bb2963279798,phase_4b_ground_truth_v1
FIRMS_TN_0497,497,2024-12-30,2050,2024-12-30T20:00,N,12.64716,77.85314,N,VIIRS,n,0.58,303.28,284.02,19.25999999999999,0,0,1,1,0,0.58,0,-0.9692956417762916,Agricultural Burning,0.6293,0.1476,0.2232,0.6293,MEDIUM,FAILED_TILE,Pennagaram,Other Industrial,Substation & Electrical Infrastructure,CAUTION_LOWER_RELEVANCE,57578.52017924884,0,0,0,Power Plant,,71165.7249338421,30,Grassland,CLOUD_REJECTED,REAL_CDSE_SUCCESS,MISSING_PRE,2024-12-23T05:12:31.024000Z,2025-01-07T05:11:19.024000Z,ALL_PIXELS_MASKED,SUCCESS,,0.4692209576802762,,False,UNREVIEWED,,False,2026-09-06T17:19:14Z,phase_5_ml_handoff/final_model.joblib,5909bb546fc55aeffd37b7bb601e96718709fe685e987705b246bb2963279798,phase_4b_ground_truth_v1
FIRMS_TN_0498,498,2024-12-30,2050,2024-12-30T20:00,N,13.15957,80.2869,N,VIIRS,n,0.79,302.87,289.76,13.110000000000014,0,0,15,10,1,31.96,0,-0.956802606640551,Industrial Thermal Activity,0.1523,0.8293,0.0183,0.8293,HIGH,FAILED_TILE,,Other Industrial,Industrial Area / Zone,GENERAL_CONTEXT,116524.88695727586,0,0,0,Mining & Quarry,,122293.17056537034,10,Tree cover,MISSING_PRODUCT,CLOUD_REJECTED,MISSING_PRE,,2025-01-04T05:01:19.024000Z,,SUCCESS,,0.3272758654567923,,False,UNREVIEWED,,False,2026-09-06T17:19:14Z,phase_5_ml_handoff/final_model.joblib,5909bb546fc55aeffd37b7bb601e96718709fe685e987705b246bb2963279798,phase_4b_ground_truth_v1
FIRMS_TN_0499,499,2024-12-30,2050,2024-12-30T20:00,N,13.39337,80.10251,N,VIIRS,n,0.36,301.17,285.01,16.160000000000025,0,0,21,10,1,22.85,0,-1.470889288809924,Industrial Thermal Activity,0.2223,0.7593,0.0183,0.7593,HIGH,FAILED_TILE,,Other Industrial,Industrial Area / Zone,GENERAL_CONTEXT,137570.63331823653,0,0,0,Mining & Quarry,,139151.02847090605,30,Grassland,MISSING_PRODUCT,CLOUD_REJECTED,MISSING_PRE,,2025-01-04T05:01:19.024000Z,,SUCCESS,,0.4046052971532123,,False,UNREVIEWED,,False,2026-09-06T17:19:14Z,phase_5_ml_handoff/final_model.joblib,5909bb546fc55aeffd37b7bb601e96718709fe685e987705b246bb2963279798,phase_4b_ground_truth_v1
FIRMS_TN_0500,500,2024-12-31,758,2024-12-31T07:00,D,11.80905,77.92311,N,VIIRS,l,2.27,331.86,306.36,25.5,1,0,21,10,1,32.72,0,2.7772871404230464,Industrial Thermal Activity,0.148,0.716,0.136,0.716,MEDIUM,COVERED,,Other Industrial,Substation & Electrical Infrastructure,CAUTION_LOWER_RELEVANCE,267.25223697024444,1,1,1,Steel / Metallurgy,JSW Steel Plant,806.7013787363704,50,Built-up,CLOUD_REJECTED,CLOUD_REJECTED,MISSING_PRE,2024-12-23T05:12:31.024000Z,2025-01-07T05:11:19.024000Z,ALL_PIXELS_MASKED,SUCCESS,,0.378998991452405,,False,UNREVIEWED,,False,2026-09-06T17:19:14Z,phase_5_ml_handoff/final_model.joblib,5909bb546fc55aeffd37b7bb601e96718709fe685e987705b246bb2963279798,phase_4b_ground_truth_v1
FIRMS_TN_0501,501,2024-12-31,758,2024-12-31T07:00,D,12.24608,77.47054,N,VIIRS,l,3.6,330.06,303.78,26.28000000000003,1,0,2,1,0,6.91,0,0.7671491441620918,Natural / Wildfire / Other,0.3522,0.0011,0.6467,0.6467,MEDIUM,FAILED_TILE,,Power Plant,Power Plant,HIGHER_RELEVANCE,14184.353437436328,0,0,0,Power Plant,,14184.353437436328,20,Shrubland,REAL_CDSE_SUCCESS,REAL_CDSE_SUCCESS,SUCCESS,2024-12-18T05:11:29.024000Z,2025-01-02T05:12:21.024000Z,SUCCESS,SUCCESS,0.5141226500224926,0.4270529413845077,-0.058708055064385,False,UNREVIEWED,,False,2026-09-06T17:19:14Z,phase_5_ml_handoff/final_model.joblib,5909bb546fc55aeffd37b7bb601e96718709fe685e987705b246bb2963279798,phase_4b_ground_truth_v1
FIRMS_TN_0502,502,2024-12-31,758,2024-12-31T07:00,D,12.26136,77.4766,N,VIIRS,n,3.13,337.7,301.63,36.06999999999999,1,0,2,1,0,13.37,0,1.2625351846613155,Natural / Wildfire / Other,0.3034,0.0011,0.6955,0.6955,MEDIUM,FAILED_TILE,,Other Industrial,Substation & Electrical Infrastructure,CAUTION_LOWER_RELEVANCE,15772.590804511188,0,0,0,Power Plant,,15786.659308740283,10,Tree cover,CLOUD_REJECTED,CLOUD_REJECTED,INSUFFICIENT_VALID_DATA,2024-12-18T05:11:29.024000Z,2025-01-02T05:12:21.024000Z,SUCCESS,SUCCESS,0.5334319182937509,0.5338241667077226,,False,UNREVIEWED,,False,2026-09-06T17:19:14Z,phase_5_ml_handoff/final_model.joblib,5909bb546fc55aeffd37b7bb601e96718709fe685e987705b246bb2963279798,phase_4b_ground_truth_v1
FIRMS_TN_0503,503,2024-12-31,758,2024-12-31T07:00,D,12.73766,77.7874,N,VIIRS,n,4.81,345.14,300.05,45.089999999999975,1,0,2,1,0,6.319999999999999,0,1.744953004205063,Natural / Wildfire / Other,0.4357,0.0244,0.5399,0.5399,MEDIUM,FAILED_TILE,,Other Industrial,Substation & Electrical Infrastructure,CAUTION_LOWER_RELEVANCE,59595.31427609683,0,0,0,Mining & Quarry,,61636.24954375321,50,Built-up,CLOUD_REJECTED,REAL_CDSE_SUCCESS,INSUFFICIENT_VALID_DATA,2024-12-23T05:12:31.024000Z,2025-01-07T05:11:19.024000Z,SUCCESS,SUCCESS,0.2061929667421936,0.3262397189758342,,False,UNREVIEWED,,False,2026-09-06T17:19:14Z,phase_5_ml_handoff/final_model.joblib,5909bb546fc55aeffd37b7bb601e96718709fe685e987705b246bb2963279798,phase_4b_ground_truth_v1
FIRMS_TN_0504,504,2024-12-31,758,2024-12-31T07:00,D,13.26257,79.65422,N,VIIRS,n,1.57,332.18,300.73,31.44999999999999,1,0,1,1,0,1.57,0,0.9046122862901492,Agricultural Burning,0.535,0.03,0.435,0.535,MEDIUM,FAILED_TILE,,Mining,Mining & Quarry,HIGHER_RELEVANCE,120098.25433429208,0,0,0,Mining & Quarry,,120098.25433429208,10,Tree cover,MISSING_PRODUCT,REAL_CDSE_SUCCESS,MISSING_PRE,,2025-01-04T05:01:19.024000Z,,SUCCESS,,0.5569921653176734,,False,UNREVIEWED,,False,2026-09-06T17:19:14Z,phase_5_ml_handoff/final_model.joblib,5909bb546fc55aeffd37b7bb601e96718709fe685e987705b246bb2963279798,phase_4b_ground_truth_v1
FIRMS_TN_0505,505,2024-12-31,2031,2024-12-31T20:00,N,12.35046,80.01983,N,VIIRS,n,0.45,308.33,292.87,15.45999999999998,0,0,1,1,0,0.45,0,-0.6418480626504945,Agricultural Burning,0.7252,0.1183,0.1564,0.7252,MEDIUM,FAILED_TILE,,Other Industrial,Industrial Area / Zone,GENERAL_CONTEXT,22037.338707131545,0,0,0,Mining & Quarry,,33574.14391599628,40,Cropland,MISSING_PRODUCT,REAL_CDSE_SUCCESS,MISSING_PRE,,2025-01-04T05:01:19.024000Z,,SUCCESS,,0.5724168547123516,,False,UNREVIEWED,,False,2026-09-06T17:19:14Z,phase_5_ml_handoff/final_model.joblib,5909bb546fc55aeffd37b7bb601e96718709fe685e987705b246bb2963279798,phase_4b_ground_truth_v1
FIRMS_TN_0506,506,2024-12-31,2031,2024-12-31T20:00,N,13.06525,80.18826,N,VIIRS,n,0.59,303.81,293.73,10.079999999999984,0,0,7,6,1,5.2,0,-0.0701783349311492,Industrial Thermal Activity,0.321,0.6457,0.0333,0.6457,MEDIUM,FAILED_TILE,,Other Industrial,Industrial Area / Zone,GENERAL_CONTEXT,103416.5072183708,0,0,0,Mining & Quarry,,108118.36137606471,40,Cropland,MISSING_PRODUCT,CLOUD_REJECTED,MISSING_BOTH,,2025-01-04T05:01:19.024000Z,,ALL_PIXELS_MASKED,,,,False,UNREVIEWED,,False,2026-09-06T17:19:14Z,phase_5_ml_handoff/final_model.joblib,5909bb546fc55aeffd37b7bb601e96718709fe685e987705b246bb2963279798,phase_4b_ground_truth_v1
FIRMS_TN_0507,507,2024-12-31,2031,2024-12-31T20:00,N,11.77809,77.72276,N,VIIRS,n,0.75,304.24,291.62,12.620000000000005,0,0,2,1,0,1.4300000000000002,0,-0.9070481811899992,Agricultural Burning,0.7852,0.1483,0.0665,0.7852,HIGH,COVERED,,Mining,Mining & Quarry,HIGHER_RELEVANCE,5979.356113083448,0,0,0,Mining & Quarry,,5979.356113083448,40,Cropland,REAL_CDSE_SUCCESS,REAL_CDSE_SUCCESS,SUCCESS,2024-12-18T05:11:29.024000Z,2025-01-02T05:12:21.024000Z,SUCCESS,SUCCESS,0.5858800335098046,0.5707875052175453,0.0284759776436967,False,UNREVIEWED,,False,2026-09-06T17:19:14Z,phase_5_ml_handoff/final_model.joblib,5909bb546fc55aeffd37b7bb601e96718709fe685e987705b246bb2963279798,phase_4b_ground_truth_v1
FIRMS_TN_0508,508,2024-12-31,2031,2024-12-31T20:00,N,11.80982,77.92365,N,VIIRS,n,1.01,304.84,294.6,10.239999999999952,0,0,21,10,1,32.72,0,-0.3534508387943059,Industrial Thermal Activity,0.0541,0.9049,0.041,0.9049,HIGH,COVERED,,Other Industrial,Substation & Electrical Infrastructure,CAUTION_LOWER_RELEVANCE,355.6773585527705,1,1,1,Steel / Metallurgy,JSW Steel Plant,787.9392817552564,10,Tree cover,CLOUD_REJECTED,CLOUD_REJECTED,MISSING_PRE,2024-12-23T05:12:31.024000Z,2025-01-07T05:11:19.024000Z,ALL_PIXELS_MASKED,SUCCESS,,0.346159968308308,,False,UNREVIEWED,,False,2026-09-06T17:19:14Z,phase_5_ml_handoff/final_model.joblib,5909bb546fc55aeffd37b7bb601e96718709fe685e987705b246bb2963279798,phase_4b_ground_truth_v1
FIRMS_TN_0509,509,2024-12-31,2031,2024-12-31T20:00,N,13.16059,80.28819,N,VIIRS,n,1.17,306.36,294.14,12.220000000000027,0,0,23,13,1,29.58,0,0.0166520123943321,Industrial Thermal Activity,0.0327,0.929,0.0383,0.929,HIGH,FAILED_TILE,,Other Industrial,Industrial Area / Zone,GENERAL_CONTEXT,116676.78348421336,0,0,0,Mining & Quarry,,122458.83176256513,10,Tree cover,MISSING_PRODUCT,CLOUD_REJECTED,MISSING_PRE,,2025-01-04T05:01:19.024000Z,,SUCCESS,,0.3421369086867847,,False,UNREVIEWED,,False,2026-09-06T17:19:14Z,phase_5_ml_handoff/final_model.joblib,5909bb546fc55aeffd37b7bb601e96718709fe685e987705b246bb2963279798,phase_4b_ground_truth_v1
FIRMS_TN_0510,510,2024-12-31,2031,2024-12-31T20:00,N,10.92962,77.06595,N,VIIRS,n,0.4,302.5,290.24,12.259999999999993,0,0,11,7,1,6.7,0,-0.0484100249945145,Industrial Thermal Activity,0.3429,0.5807,0.0764,0.5807,MEDIUM,FAILED_TILE,,Power Plant,Power Plant,HIGHER_RELEVANCE,20116.715807999964,0,0,0,Power Plant,,20116.715807999964,30,Grassland,REAL_CDSE_SUCCESS,CLOUD_REJECTED,INSUFFICIENT_VALID_DATA,2024-12-18T05:11:29.024000Z,2025-01-07T05:11:19.024000Z,SUCCESS,SUCCESS,0.457940854634495,0.3591474050291764,,False,UNREVIEWED,,False,2026-09-06T17:19:14Z,phase_5_ml_handoff/final_model.joblib,5909bb546fc55aeffd37b7bb601e96718709fe685e987705b246bb2963279798,phase_4b_ground_truth_v1
FIRMS_TN_0511,511,2024-12-31,2031,2024-12-31T20:00,N,12.35442,80.02054,N,VIIRS,n,0.61,304.49,293.05,11.439999999999998,0,0,2,1,0,1.44,0,-0.890837904995653,Agricultural Burning,0.5769,0.1983,0.2248,0.5769,MEDIUM,FAILED_TILE,,Other Industrial,Industrial Area / Zone,GENERAL_CONTEXT,22476.13934104744,0,0,0,Mining & Quarry,,33878.26615192593,30,Grassland,MISSING_PRODUCT,REAL_CDSE_SUCCESS,MISSING_PRE,,2025-01-04T05:01:19.024000Z,,SUCCESS,,0.6221016350154555,,False,UNREVIEWED,,False,2026-09-06T17:19:14Z,phase_5_ml_handoff/final_model.joblib,5909bb546fc55aeffd37b7bb601e96718709fe685e987705b246bb2963279798,phase_4b_ground_truth_v1
FIRMS_TN_0512,512,2024-12-31,2031,2024-12-31T20:00,N,11.1818,79.09956,N,VIIRS,n,1.06,306.75,293.35,13.399999999999975,0,0,20,10,1,18.59,0,0.4221105604743871,Industrial Thermal Activity,0.0381,0.9519,0.01,0.9519,HIGH,COVERED,,Other Industrial,Substation & Electrical Infrastructure,CAUTION_LOWER_RELEVANCE,420.3323478308147,1,1,1,Power Plant,,749.1646838010165,50,Built-up,CLOUD_REJECTED,REAL_CDSE_SUCCESS,INSUFFICIENT_VALID_DATA,2024-12-23T05:12:31.024000Z,2025-01-02T05:12:21.024000Z,SUCCESS,SUCCESS,0.4352496799773569,0.4634269560525788,,False,UNREVIEWED,,False,2026-09-06T17:19:14Z,phase_5_ml_handoff/final_model.joblib,5909bb546fc55aeffd37b7bb601e96718709fe685e987705b246bb2963279798,phase_4b_ground_truth_v1
FIRMS_TN_0513,513,2024-12-31,2031,2024-12-31T20:00,N,12.35191,80.02312,N,VIIRS,n,0.83,313.69,291.86,21.829999999999984,0,0,2,1,0,1.44,0,-0.2942997410437077,Agricultural Burning,0.4522,0.3083,0.2394,0.4522,LOW,FAILED_TILE,,Other Industrial,Industrial Area / Zone,GENERAL_CONTEXT,22317.913879759515,0,0,0,Mining & Quarry,,33962.06739722142,10,Tree cover,MISSING_PRODUCT,REAL_CDSE_SUCCESS,MISSING_PRE,,2025-01-04T05:01:19.024000Z,,SUCCESS,,0.5707154342802955,,True,VERIFIED,REVIEW_REQUIRED,False,2026-09-06T17:19:14Z,phase_5_ml_handoff/final_model.joblib,5909bb546fc55aeffd37b7bb601e96718709fe685e987705b246bb2963279798,phase_4b_ground_truth_v1
FIRMS_TN_0514,514,2025-01-01,2012,2025-01-01T20:00,N,13.03009,79.9235,N,VIIRS,n,0.34,308.28,285.59,22.69,0,0,2,1,0,0.95,0,-0.6450901178893645,Agricultural Burning,0.6466,0.1312,0.2222,0.6466,MEDIUM,FAILED_TILE,,Mining,Mining & Quarry,HIGHER_RELEVANCE,95370.73471760958,0,0,0,Mining & Quarry,,95370.73471760958,10,Tree cover,MISSING_PRODUCT,REAL_CDSE_SUCCESS,MISSING_PRE,,2025-01-04T05:01:19.024000Z,,SUCCESS,,0.5458846774544088,,False,UNREVIEWED,,False,2026-09-06T17:19:14Z,phase_5_ml_handoff/final_model.joblib,5909bb546fc55aeffd37b7bb601e96718709fe685e987705b246bb2963279798,phase_4b_ground_truth_v1
FIRMS_TN_0515,515,2025-01-01,2012,2025-01-01T20:00,N,13.02678,79.92296,N,VIIRS,n,0.34,304.66,284.79,19.870000000000005,0,0,1,1,0,0.34,0,-0.8798149171834964,Agricultural Burning,0.6416,0.1412,0.2172,0.6416,MEDIUM,FAILED_TILE,,Mining,Mining & Quarry,HIGHER_RELEVANCE,94998.22887195968,0,0,0,Mining & Quarry,,94998.22887195968,10,Tree cover,MISSING_PRODUCT,REAL_CDSE_SUCCESS,MISSING_PRE,,2025-01-04T05:01:19.024000Z,,SUCCESS,,0.5291914607962067,,False,UNREVIEWED,,False,2026-09-06T17:19:14Z,phase_5_ml_handoff/final_model.joblib,5909bb546fc55aeffd37b7bb601e96718709fe685e987705b246bb2963279798,phase_4b_ground_truth_v1
FIRMS_TN_0516,516,2025-01-01,2012,2025-01-01T20:00,N,13.44642,80.09644,N,VIIRS,n,0.32,303.51,292.82,10.689999999999998,0,0,6,2,0,4.3,0,-0.9968068356382253,Agricultural Burning,0.4578,0.3253,0.2169,0.4578,LOW,FAILED_TILE,,Other Industrial,Industrial Area / Zone,GENERAL_CONTEXT,143350.74835955506,0,0,0,Mining & Quarry,,144675.71228954708,10,Tree cover,MISSING_PRODUCT,REAL_CDSE_SUCCESS,MISSING_PRE,,2025-01-04T05:01:19.024000Z,,SUCCESS,,0.5595488527419626,,False,UNREVIEWED,,False,2026-09-06T17:19:14Z,phase_5_ml_handoff/final_model.joblib,5909bb546fc55aeffd37b7bb601e96718709fe685e987705b246bb2963279798,phase_4b_ground_truth_v1
FIRMS_TN_0517,517,2025-01-01,2012,2025-01-01T20:00,N,13.39118,80.10189,N,VIIRS,n,0.96,310.36,292.64,17.720000000000027,0,0,21,4,1,22.85,0,0.8928955712735813,Industrial Thermal Activity,0.1071,0.7068,0.1861,0.7068,MEDIUM,FAILED_TILE,,Other Industrial,Industrial Area / Zone,GENERAL_CONTEXT,137320.72517592894,0,0,0,Mining & Quarry,,138898.44579978363,30,Grassland,MISSING_PRODUCT,REAL_CDSE_SUCCESS,MISSING_PRE,,2025-01-04T05:01:19.024000Z,,SUCCESS,,0.443969066628728,,False,UNREVIEWED,,False,2026-09-06T17:19:14Z,phase_5_ml_handoff/final_model.joblib,5909bb546fc55aeffd37b7bb601e96718709fe685e987705b246bb2963279798,phase_4b_ground_truth_v1
FIRMS_TN_0518,518,2025-01-01,2012,2025-01-01T20:00,N,13.39176,80.07661,N,VIIRS,n,0.38,303.4,292.07,11.329999999999984,0,0,5,2,0,2.66,0,-1.5423134234572458,Agricultural Burning,0.4603,0.3153,0.2244,0.4603,LOW,FAILED_TILE,,Other Industrial,Industrial Area / Zone,GENERAL_CONTEXT,137076.55522746925,0,0,0,Mining & Quarry,,138253.99257014666,10,Tree cover,MISSING_PRODUCT,REAL_CDSE_SUCCESS,MISSING_PRE,,2025-01-04T05:01:19.024000Z,,SUCCESS,,0.4806701085716332,,False,UNREVIEWED,,False,2026-09-06T17:19:14Z,phase_5_ml_handoff/final_model.joblib,5909bb546fc55aeffd37b7bb601e96718709fe685e987705b246bb2963279798,phase_4b_ground_truth_v1
FIRMS_TN_0519,519,2025-01-01,2014,2025-01-01T20:00,N,10.5693,77.56763,N,VIIRS,n,0.22,299.53,288.15,11.379999999999995,0,0,1,1,0,0.22,0,-1.212449784691487,Agricultural Burning,0.8241,0.124,0.0519,0.8241,HIGH,COVERED,,Power Plant,Power Plant,HIGHER_RELEVANCE,1787.1464901272766,0,0,1,Power Plant,,1787.1464901272766,30,Grassland,CLOUD_REJECTED,CLOUD_REJECTED,INSUFFICIENT_VALID_DATA,2024-12-23T05:12:31.024000Z,2025-01-07T05:11:19.024000Z,SUCCESS,SUCCESS,0.4836700109630482,0.4306818303996446,,False,UNREVIEWED,,False,2026-09-06T17:19:14Z,phase_5_ml_handoff/final_model.joblib,5909bb546fc55aeffd37b7bb601e96718709fe685e987705b246bb2963279798,phase_4b_ground_truth_v1
FIRMS_TN_0520,520,2025-01-01,2014,2025-01-01T20:00,N,10.50231,78.77765,N,VIIRS,n,0.55,301.26,290.91,10.349999999999966,0,0,1,1,0,0.55,0,-1.100274673426609,Agricultural Burning,0.8073,0.1362,0.0565,0.8073,HIGH,COVERED,,Mining,Mining & Quarry,HIGHER_RELEVANCE,2249.351752156727,0,0,0,Mining & Quarry,,2249.351752156727,50,Built-up,CLOUD_REJECTED,REAL_CDSE_SUCCESS,INSUFFICIENT_VALID_DATA,2024-12-20T05:02:21.024000Z,2025-01-04T05:01:19.024000Z,SUCCESS,SUCCESS,0.4494182684193697,0.5651798767119068,,False,UNREVIEWED,,False,2026-09-06T17:19:14Z,phase_5_ml_handoff/final_model.joblib,5909bb546fc55aeffd37b7bb601e96718709fe685e987705b246bb2963279798,phase_4b_ground_truth_v1
FIRMS_TN_0521,521,2025-01-01,2014,2025-01-01T20:00,N,10.92976,77.06351,N,VIIRS,n,0.86,305.17,290.0,15.170000000000016,0,0,11,3,1,6.7,0,0.8458053423567543,Industrial Thermal Activity,0.3547,0.5023,0.143,0.5023,MEDIUM,FAILED_TILE,,Power Plant,Power Plant,HIGHER_RELEVANCE,20383.323244292827,0,0,0,Power Plant,,20383.323244292827,40,Cropland,REAL_CDSE_SUCCESS,CLOUD_REJECTED,INSUFFICIENT_VALID_DATA,2024-12-18T05:11:29.024000Z,2025-01-07T05:11:19.024000Z,SUCCESS,SUCCESS,0.4584262541912028,0.4167551131547892,,False,UNREVIEWED,,False,2026-09-06T17:19:14Z,phase_5_ml_handoff/final_model.joblib,5909bb546fc55aeffd37b7bb601e96718709fe685e987705b246bb2963279798,phase_4b_ground_truth_v1
FIRMS_TN_0522,522,2025-01-01,2014,2025-01-01T20:00,N,11.36123,79.23216,N,VIIRS,n,0.6,304.63,293.62,11.009999999999993,0,0,2,1,0,1.15,0,-0.8817601503268199,Agricultural Burning,0.6317,0.3039,0.0644,0.6317,MEDIUM,COVERED,,Other Industrial,Substation & Electrical Infrastructure,CAUTION_LOWER_RELEVANCE,507.5082326742411,0,1,1,Cement & Construction Materials,Ramco Cements,518.6886667316061,50,Built-up,MISSING_PRODUCT,REAL_CDSE_SUCCESS,MISSING_PRE,,2025-01-04T05:01:19.024000Z,,SUCCESS,,0.4828098358094521,,False,UNREVIEWED,,False,2026-09-06T17:19:14Z,phase_5_ml_handoff/final_model.joblib,5909bb546fc55aeffd37b7bb601e96718709fe685e987705b246bb2963279798,phase_4b_ground_truth_v1
FIRMS_TN_0523,523,2025-01-01,2014,2025-01-01T20:00,N,11.80925,77.92265,N,VIIRS,n,1.42,306.43,294.62,11.810000000000002,0,0,21,6,1,32.72,0,-0.1692216238810682,Industrial Thermal Activity,0.0324,0.9266,0.041,0.9266,HIGH,COVERED,,Other Industrial,Substation & Electrical Infrastructure,CAUTION_LOWER_RELEVANCE,295.8200807898517,1,1,1,Steel / Metallurgy,JSW Steel Plant,757.2236461069562,10,Tree cover,CLOUD_REJECTED,CLOUD_REJECTED,MISSING_PRE,2024-12-23T05:12:31.024000Z,2025-01-07T05:11:19.024000Z,ALL_PIXELS_MASKED,SUCCESS,,0.3706735431164246,,False,UNREVIEWED,,False,2026-09-06T17:19:14Z,phase_5_ml_handoff/final_model.joblib,5909bb546fc55aeffd37b7bb601e96718709fe685e987705b246bb2963279798,phase_4b_ground_truth_v1
FIRMS_TN_0524,524,2025-01-01,2014,2025-01-01T20:00,N,11.81723,77.91619,N,VIIRS,n,2.82,328.89,292.56,36.329999999999984,0,0,43,8,1,64.3,0,2.547302926609504,Industrial Thermal Activity,0.0719,0.8606,0.0675,0.8606,HIGH,COVERED,,Other Industrial,Substation & Electrical Infrastructure,CAUTION_LOWER_RELEVANCE,360.06439986185734,1,1,1,Steel / Metallurgy,JSW Steel Plant,375.548055627552,50,Built-up,CLOUD_REJECTED,CLOUD_REJECTED,MISSING_PRE,2024-12-23T05:12:31.024000Z,2025-01-07T05:11:19.024000Z,ALL_PIXELS_MASKED,SUCCESS,,0.4084511927815439,,False,UNREVIEWED,,False,2026-09-06T17:19:14Z,phase_5_ml_handoff/final_model.joblib,5909bb546fc55aeffd37b7bb601e96718709fe685e987705b246bb2963279798,phase_4b_ground_truth_v1
FIRMS_TN_0525,525,2025-01-02,720,2025-01-02T07:00,D,10.9532,79.16271,N,VIIRS,n,4.8,331.17,293.74,37.43000000000001,1,0,1,1,0,4.8,0,0.8391227704649905,Agricultural Burning,0.6839,0.0312,0.2849,0.6839,MEDIUM,COVERED,,Mining,Mining & Quarry,HIGHER_RELEVANCE,5725.130205029815,0,0,0,Mining & Quarry,,5725.130205029815,50,Built-up,MISSING_PRODUCT,CLOUD_REJECTED,MISSING_PRE,,2025-01-04T05:01:19.024000Z,,SUCCESS,,0.7007929434965526,,True,VERIFIED,Agricultural Burning,True,2026-09-06T17:19:14Z,phase_5_ml_handoff/final_model.joblib,5909bb546fc55aeffd37b7bb601e96718709fe685e987705b246bb2963279798,phase_4b_ground_truth_v1
FIRMS_TN_0526,526,2025-01-02,720,2025-01-02T07:00,D,12.38014,79.09187,N,VIIRS,n,4.66,343.87,289.05,54.81999999999999,1,0,1,1,0,4.66,0,1.6626048011377843,Agricultural Burning,0.7426,0.0033,0.254,0.7426,MEDIUM,FAILED_TILE,Rajanthangal,Other Industrial,Substation & Electrical Infrastructure,CAUTION_LOWER_RELEVANCE,27139.82351258469,0,0,0,Power Plant,,34132.12627842833,40,Cropland,REAL_CDSE_SUCCESS,MISSING_PRODUCT,MISSING_POST,2024-12-23T05:12:31.024000Z,,SUCCESS,,0.6038132310151473,,,True,VERIFIED,Agricultural Burning,True,2026-09-06T17:19:14Z,phase_5_ml_handoff/final_model.joblib,5909bb546fc55aeffd37b7bb601e96718709fe685e987705b246bb2963279798,phase_4b_ground_truth_v1
FIRMS_TN_0527,527,2025-01-03,1934,2025-01-03T19:00,N,12.8479,79.90363,N,VIIRS,n,1.06,310.46,291.36,19.09999999999997,0,0,2,1,0,2.3,0,-0.5037365094746639,Agricultural Burning,0.4811,0.2119,0.307,0.4811,LOW,FAILED_TILE,,Mining,Mining & Quarry,HIGHER_RELEVANCE,75084.55192427879,0,0,0,Mining & Quarry,,75084.55192427879,10,Tree cover,MISSING_PRODUCT,REAL_CDSE_SUCCESS,MISSING_PRE,,2025-01-04T05:01:19.024000Z,,SUCCESS,,0.4768709408056798,,False,UNREVIEWED,,False,2026-09-06T17:19:14Z,phase_5_ml_handoff/final_model.joblib,5909bb546fc55aeffd37b7bb601e96718709fe685e987705b246bb2963279798,phase_4b_ground_truth_v1
FIRMS_TN_0528,528,2025-01-03,1934,2025-01-03T19:00,N,12.85339,79.90439,N,VIIRS,n,1.01,311.31,291.57,19.74000000000001,0,0,14,3,1,25.28,0,-0.0843016440291949,Industrial Thermal Activity,0.2088,0.4317,0.3594,0.4317,LOW,FAILED_TILE,,Mining,Mining & Quarry,HIGHER_RELEVANCE,75698.79938660146,0,0,0,Mining & Quarry,,75698.79938660146,30,Grassland,MISSING_PRODUCT,REAL_CDSE_SUCCESS,MISSING_PRE,,2025-01-04T05:01:19.024000Z,,SUCCESS,,0.5063872071951492,,False,UNREVIEWED,,False,2026-09-06T17:19:14Z,phase_5_ml_handoff/final_model.joblib,5909bb546fc55aeffd37b7bb601e96718709fe685e987705b246bb2963279798,phase_4b_ground_truth_v1
FIRMS_TN_0529,529,2025-01-03,1934,2025-01-03T19:00,N,13.15899,80.2822,N,VIIRS,n,1.72,303.53,292.6,10.92999999999995,0,0,15,3,1,31.96,0,-0.8349717924188019,Industrial Thermal Activity,0.0927,0.719,0.1883,0.719,MEDIUM,FAILED_TILE,,Other Industrial,Industrial Area / Zone,GENERAL_CONTEXT,116303.274345812,0,0,0,Mining & Quarry,,121998.48951021153,10,Tree cover,MISSING_PRODUCT,CLOUD_REJECTED,MISSING_PRE,,2025-01-04T05:01:19.024000Z,,SUCCESS,,0.2434674165992601,,False,UNREVIEWED,,False,2026-09-06T17:19:14Z,phase_5_ml_handoff/final_model.joblib,5909bb546fc55aeffd37b7bb601e96718709fe685e987705b246bb2963279798,phase_4b_ground_truth_v1
FIRMS_TN_0530,530,2025-01-03,1936,2025-01-03T19:00,N,11.80855,77.92345,N,VIIRS,n,1.3,300.86,290.69,10.170000000000016,0,0,21,6,1,32.72,0,-0.8146032132312017,Industrial Thermal Activity,0.0314,0.9686,0.0,0.9686,HIGH,COVERED,,Other Industrial,Substation & Electrical Infrastructure,CAUTION_LOWER_RELEVANCE,212.84597573036524,1,1,1,Steel / Metallurgy,JSW Steel Plant,872.9141270227976,50,Built-up,CLOUD_REJECTED,CLOUD_REJECTED,MISSING_PRE,2024-12-23T05:12:31.024000Z,2025-01-07T05:11:19.024000Z,ALL_PIXELS_MASKED,SUCCESS,,0.4076018219527417,,False,UNREVIEWED,,False,2026-09-06T17:19:14Z,phase_5_ml_handoff/final_model.joblib,5909bb546fc55aeffd37b7bb601e96718709fe685e987705b246bb2963279798,phase_4b_ground_truth_v1
FIRMS_TN_0531,531,2025-01-04,822,2025-01-04T08:00,D,9.18218,78.58096,N,VIIRS,n,3.79,333.08,300.37,32.70999999999998,1,0,3,3,1,9.78,0,0.9629692805897946,Agricultural Burning,0.4879,0.04,0.4721,0.4879,LOW,COVERED,,Other Industrial,Substation & Electrical Infrastructure,CAUTION_LOWER_RELEVANCE,5306.177260966642,0,0,0,Power Plant,,5409.911933982044,40,Cropland,CLOUD_REJECTED,CLOUD_REJECTED,INSUFFICIENT_VALID_DATA,2024-12-25T05:01:29.024000Z,2025-01-17T05:10:39.024000Z,SUCCESS,SUCCESS,0.4374988200399768,0.2124668652841273,,False,UNREVIEWED,,False,2026-09-06T17:19:14Z,phase_5_ml_handoff/final_model.joblib,5909bb546fc55aeffd37b7bb601e96718709fe685e987705b246bb2963279798,phase_4b_ground_truth_v1
FIRMS_TN_0532,532,2025-01-04,822,2025-01-04T08:00,D,9.77502,78.45444,N,VIIRS,n,3.17,335.49,303.55,31.94,1,0,1,1,0,3.17,0,1.119236343103295,Agricultural Burning,0.8056,0.0067,0.1877,0.8056,HIGH,COVERED,Sivaganga,Power Plant,Power Plant,HIGHER_RELEVANCE,3389.6039442559595,0,0,0,Power Plant,Sivaganga,3389.6039442559595,20,Shrubland,MISSING_PRODUCT,CLOUD_REJECTED,MISSING_PRE,,2025-01-17T05:10:39.024000Z,,SUCCESS,,0.1169756135111601,,False,UNREVIEWED,,False,2026-09-06T17:19:14Z,phase_5_ml_handoff/final_model.joblib,5909bb546fc55aeffd37b7bb601e96718709fe685e987705b246bb2963279798,phase_4b_ground_truth_v1
FIRMS_TN_0533,533,2025-01-04,822,2025-01-04T08:00,D,11.28849,78.96098,N,VIIRS,n,3.6,339.65,301.5,38.14999999999998,1,0,1,1,0,3.6,0,1.3889753389772164,Agricultural Burning,0.7076,0.2304,0.062,0.7076,MEDIUM,COVERED,,Mining,Mining & Quarry,HIGHER_RELEVANCE,228.1511378943593,1,1,1,Mining & Quarry,,228.1511378943593,40,Cropland,CLOUD_REJECTED,MISSING_PRODUCT,MISSING_POST,2025-01-02T05:12:21.024000Z,,SUCCESS,,0.5728188484167615,,,True,VERIFIED,REVIEW_REQUIRED,False,2026-09-06T17:19:14Z,phase_5_ml_handoff/final_model.joblib,5909bb546fc55aeffd37b7bb601e96718709fe685e987705b246bb2963279798,phase_4b_ground_truth_v1
FIRMS_TN_0534,534,2025-01-04,822,2025-01-04T08:00,D,11.1349,77.34515,N,VIIRS,n,2.8,334.05,305.42,28.629999999999995,1,0,1,1,0,2.8,0,1.0258651522238602,Agricultural Burning,0.7172,0.01,0.2728,0.7172,MEDIUM,COVERED,,Other Industrial,Industrial Area / Zone,GENERAL_CONTEXT,1152.330477960091,0,0,1,Manufacturing & Industrial Works,JR Apparels,6161.798234070154,50,Built-up,MISSING_PRODUCT,REAL_CDSE_SUCCESS,MISSING_PRE,,2025-01-07T05:11:19.024000Z,,SUCCESS,,0.2072742727482423,,True,VERIFIED,Agricultural Burning,True,2026-09-06T17:19:14Z,phase_5_ml_handoff/final_model.joblib,5909bb546fc55aeffd37b7bb601e96718709fe685e987705b246bb2963279798,phase_4b_ground_truth_v1
FIRMS_TN_0535,535,2025-01-04,822,2025-01-04T08:00,D,12.09574,79.49277,N,VIIRS,n,2.13,330.85,298.37,32.48000000000002,1,0,1,1,0,2.13,0,0.8183736169362277,Agricultural Burning,0.6149,0.045,0.3401,0.6149,MEDIUM,COVERED,Kanjanur EB,Other Industrial,Substation & Electrical Infrastructure,CAUTION_LOWER_RELEVANCE,4234.509771150438,0,0,0,Manufacturing & Industrial Works,Sree Amman Transformer Works,13232.724637626106,40,Cropland,MISSING_PRODUCT,MISSING_PRODUCT,INVALID_INPUT,,,,,,,,False,UNREVIEWED,,False,2026-09-06T17:19:14Z,phase_5_ml_handoff/final_model.joblib,5909bb546fc55aeffd37b7bb601e96718709fe685e987705b246bb2963279798,phase_4b_ground_truth_v1
FIRMS_TN_0536,536,2025-01-04,822,2025-01-04T08:00,D,12.04727,78.13994,N,VIIRS,n,4.0,336.15,300.9,35.25,1,0,1,1,0,4.0,0,1.1620314722563674,Agricultural Burning,0.9119,0.016,0.0721,0.9119,HIGH,COVERED,HPCL Dharmapuri Terminal,Chemical,"Oil, Gas & Chemical",HIGHER_RELEVANCE,3534.4943193134627,0,0,0,"Oil, Gas & Chemical",HPCL Dharmapuri Terminal,3534.4943193134627,40,Cropland,CLOUD_REJECTED,CLOUD_REJECTED,INSUFFICIENT_VALID_DATA,2024-12-23T05:12:31.024000Z,2025-01-07T05:11:19.024000Z,SUCCESS,SUCCESS,0.4715177595499323,0.5007898111255932,,True,VERIFIED,Agricultural Burning,True,2026-09-06T17:19:14Z,phase_5_ml_handoff/final_model.joblib,5909bb546fc55aeffd37b7bb601e96718709fe685e987705b246bb2963279798,phase_4b_ground_truth_v1
FIRMS_TN_0537,537,2025-01-04,822,2025-01-04T08:00,D,12.0474,78.14194,N,VIIRS,n,4.37,334.05,300.26,33.79000000000002,1,0,1,1,0,4.37,0,1.0258651522238602,Agricultural Burning,0.8844,0.026,0.0896,0.8844,HIGH,COVERED,HPCL Dharmapuri Terminal,Chemical,"Oil, Gas & Chemical",HIGHER_RELEVANCE,3714.111002858621,0,0,0,"Oil, Gas & Chemical",HPCL Dharmapuri Terminal,3714.111002858621,40,Cropland,REAL_CDSE_SUCCESS,CLOUD_REJECTED,INSUFFICIENT_VALID_DATA,2024-12-23T05:12:31.024000Z,2025-01-07T05:11:19.024000Z,SUCCESS,SUCCESS,0.4785899954370785,0.4730830519049039,,False,UNREVIEWED,,False,2026-09-06T17:19:14Z,phase_5_ml_handoff/final_model.joblib,5909bb546fc55aeffd37b7bb601e96718709fe685e987705b246bb2963279798,phase_4b_ground_truth_v1
FIRMS_TN_0538,538,2025-01-04,2055,2025-01-04T20:00,N,11.84558,77.76095,N,VIIRS,n,1.34,308.44,292.09,16.350000000000023,0,0,1,1,0,1.34,0,-0.6347155411249812,Agricultural Burning,0.5518,0.2869,0.1613,0.5518,MEDIUM,COVERED,Kolathur,Other Industrial,Substation & Electrical Infrastructure,CAUTION_LOWER_RELEVANCE,1799.0457225338544,0,0,1,Mining & Quarry,,4521.927957614796,10,Tree cover,REAL_CDSE_SUCCESS,REAL_CDSE_SUCCESS,SUCCESS,2025-01-02T05:12:21.024000Z,2025-01-07T05:11:19.024000Z,SUCCESS,SUCCESS,0.3653801276716857,0.3737003375633845,-0.0392118676415691,False,UNREVIEWED,,False,2026-09-06T17:19:14Z,phase_5_ml_handoff/final_model.joblib,5909bb546fc55aeffd37b7bb601e96718709fe685e987705b246bb2963279798,phase_4b_ground_truth_v1
FIRMS_TN_0539,539,2025-01-04,2055,2025-01-04T20:00,N,11.81536,77.91702,N,VIIRS,n,1.4,309.36,290.87,18.49000000000001,0,0,43,8,1,64.3,0,0.0540924456857427,Industrial Thermal Activity,0.01,0.99,0.0,0.99,HIGH,COVERED,JSW Steel Plant,Manufacturing,Steel / Metallurgy,HIGHER_RELEVANCE,161.19120712624948,1,1,1,Steel / Metallurgy,JSW Steel Plant,161.19120712624948,50,Built-up,CLOUD_REJECTED,CLOUD_REJECTED,MISSING_PRE,2024-12-23T05:12:31.024000Z,2025-01-07T05:11:19.024000Z,ALL_PIXELS_MASKED,SUCCESS,,0.3590736102157743,,False,UNREVIEWED,,False,2026-09-06T17:19:14Z,phase_5_ml_handoff/final_model.joblib,5909bb546fc55aeffd37b7bb601e96718709fe685e987705b246bb2963279798,phase_4b_ground_truth_v1
FIRMS_TN_0540,540,2025-01-04,2057,2025-01-04T20:00,N,11.18219,79.10017,N,VIIRS,n,1.08,307.72,290.44,17.28000000000003,0,0,8,3,1,8.73,0,0.304322864291441,Industrial Thermal Activity,0.2035,0.7229,0.0736,0.7229,MEDIUM,COVERED,,Other Industrial,Substation & Electrical Infrastructure,CAUTION_LOWER_RELEVANCE,452.86793713176274,1,1,1,Power Plant,,670.1630837918365,50,Built-up,REAL_CDSE_SUCCESS,MISSING_PRODUCT,MISSING_POST,2025-01-02T05:12:21.024000Z,,SUCCESS,,0.4573808078393448,,,False,UNREVIEWED,,False,2026-09-06T17:19:14Z,phase_5_ml_handoff/final_model.joblib,5909bb546fc55aeffd37b7bb601e96718709fe685e987705b246bb2963279798,phase_4b_ground_truth_v1
FIRMS_TN_0541,541,2025-01-05,802,2025-01-05T08:00,D,8.1684,77.59218,N,VIIRS,n,3.42,336.56,303.58,32.98000000000002,1,0,2,1,0,6.609999999999999,0,1.188616325215097,Natural / Wildfire / Other,0.4831,0.0018,0.5151,0.5151,MEDIUM,FAILED_TILE,,Mining,Mining & Quarry,HIGHER_RELEVANCE,38665.12311266098,0,0,0,Mining & Quarry,,38665.12311266098,30,Grassland,REAL_CDSE_SUCCESS,REAL_CDSE_SUCCESS,SUCCESS,2025-01-02T05:12:21.024000Z,2025-01-07T05:11:19.024000Z,SUCCESS,SUCCESS,0.4827049164963699,0.4828862798560358,-0.0288923829120163,False,UNREVIEWED,,False,2026-09-06T17:19:14Z,phase_5_ml_handoff/final_model.joblib,5909bb546fc55aeffd37b7bb601e96718709fe685e987705b246bb2963279798,phase_4b_ground_truth_v1
FIRMS_TN_0542,542,2025-01-05,805,2025-01-05T08:00,D,9.33349,77.98875,N,VIIRS,l,3.14,332.55,302.89,29.660000000000025,1,0,1,1,0,3.14,0,0.9286034950577822,Natural / Wildfire / Other,0.2653,0.0111,0.7236,0.7236,MEDIUM,FAILED_TILE,Virudhunagar,Other Industrial,Substation & Electrical Infrastructure,CAUTION_LOWER_RELEVANCE,13137.07438178312,0,0,0,Power Plant,,13471.04164317364,50,Built-up,MISSING_PRODUCT,CLOUD_REJECTED,MISSING_PRE,,2025-01-17T05:10:39.024000Z,,SUCCESS,,0.5470751469906167,,False,UNREVIEWED,,False,2026-09-06T17:19:14Z,phase_5_ml_handoff/final_model.joblib,5909bb546fc55aeffd37b7bb601e96718709fe685e987705b246bb2963279798,phase_4b_ground_truth_v1
FIRMS_TN_0543,543,2025-01-05,805,2025-01-05T08:00,D,10.13346,77.2739,N,VIIRS,n,10.62,345.93,306.84,39.09000000000003,1,0,7,3,1,47.33,0,0.9946017143015854,Natural / Wildfire / Other,0.2206,0.0259,0.7535,0.7535,HIGH,COVERED,,Mining,Mining & Quarry,HIGHER_RELEVANCE,14669.0164675094,0,0,0,Mining & Quarry,,14669.0164675094,10,Tree cover,REAL_CDSE_SUCCESS,REAL_CDSE_SUCCESS,SUCCESS,2024-12-23T05:12:31.024000Z,2025-01-07T05:11:19.024000Z,SUCCESS,SUCCESS,0.6743796448982295,0.6413697796863875,-0.0532885286743314,False,UNREVIEWED,,False,2026-09-06T17:19:14Z,phase_5_ml_handoff/final_model.joblib,5909bb546fc55aeffd37b7bb601e96718709fe685e987705b246bb2963279798,phase_4b_ground_truth_v1
FIRMS_TN_0544,544,2025-01-05,805,2025-01-05T08:00,D,10.6712,79.15398,N,VIIRS,n,4.61,338.25,299.97,38.27999999999997,1,0,1,1,0,4.61,0,1.2981977922888783,Agricultural Burning,0.7425,0.053,0.2045,0.7425,MEDIUM,COVERED,Eachankottai,Other Industrial,Substation & Electrical Infrastructure,CAUTION_LOWER_RELEVANCE,1408.383048433953,0,0,1,Manufacturing & Industrial Works,Kurungulam Sugar Mill,8690.501671462538,40,Cropland,REAL_CDSE_SUCCESS,MISSING_PRODUCT,MISSING_POST,2025-01-04T05:01:19.024000Z,,SUCCESS,,0.5954032221245696,,,False,UNREVIEWED,,False,2026-09-06T17:19:14Z,phase_5_ml_handoff/final_model.joblib,5909bb546fc55aeffd37b7bb601e96718709fe685e987705b246bb2963279798,phase_4b_ground_truth_v1
FIRMS_TN_0545,545,2025-01-05,805,2025-01-05T08:00,D,10.91736,77.61953,N,VIIRS,n,2.25,333.86,301.51,32.35000000000002,1,0,1,1,0,2.25,0,1.0135453423161571,Agricultural Burning,0.7641,0.0267,0.2093,0.7641,HIGH,COVERED,,Power Plant,Power Plant,HIGHER_RELEVANCE,2729.328677516014,0,0,0,Power Plant,,2729.328677516014,30,Grassland,MISSING_PRODUCT,REAL_CDSE_SUCCESS,MISSING_PRE,,2025-01-07T05:11:19.024000Z,,SUCCESS,,0.5022285530765095,,False,UNREVIEWED,,False,2026-09-06T17:19:14Z,phase_5_ml_handoff/final_model.joblib,5909bb546fc55aeffd37b7bb601e96718709fe685e987705b246bb2963279798,phase_4b_ground_truth_v1
FIRMS_TN_0546,546,2025-01-05,805,2025-01-05T08:00,D,11.10819,78.02068,N,VIIRS,n,5.79,333.93,303.01,30.920000000000016,1,0,1,1,0,5.79,0,1.0180842196505735,Agricultural Burning,0.5429,0.0363,0.4208,0.5429,MEDIUM,COVERED,,Other Industrial,Industrial Area / Zone,GENERAL_CONTEXT,1441.5865560075945,0,0,1,Power Plant,Kagithapuram Mill Power Station,6680.279749956519,10,Tree cover,REAL_CDSE_SUCCESS,REAL_CDSE_SUCCESS,SUCCESS,2025-01-02T05:12:21.024000Z,2025-01-07T05:11:19.024000Z,SUCCESS,SUCCESS,0.6786194340791216,0.6152806388159218,-0.0251687404496542,False,UNREVIEWED,,False,2026-09-06T17:19:14Z,phase_5_ml_handoff/final_model.joblib,5909bb546fc55aeffd37b7bb601e96718709fe685e987705b246bb2963279798,phase_4b_ground_truth_v1
FIRMS_TN_0547,547,2025-01-05,805,2025-01-05T08:00,D,11.21045,77.58961,N,VIIRS,n,2.2,336.85,303.89,32.96000000000004,1,0,1,1,0,2.2,0,1.20742024560054,Agricultural Burning,0.8018,0.045,0.1532,0.8018,HIGH,COVERED,,Other Industrial,Industrial Area / Zone,GENERAL_CONTEXT,1335.566306059622,0,0,1,Mining & Quarry,,2720.722847965272,40,Cropland,MISSING_PRODUCT,REAL_CDSE_SUCCESS,MISSING_PRE,,2025-01-07T05:11:19.024000Z,,SUCCESS,,0.5091544915262735,,False,UNREVIEWED,,False,2026-09-06T17:19:14Z,phase_5_ml_handoff/final_model.joblib,5909bb546fc55aeffd37b7bb601e96718709fe685e987705b246bb2963279798,phase_4b_ground_truth_v1
FIRMS_TN_0548,548,2025-01-05,805,2025-01-05T08:00,D,11.58939,78.69434,N,VIIRS,n,3.02,337.84,304.94,32.89999999999998,1,0,1,1,0,3.02,0,1.2716129393301487,Agricultural Burning,0.7875,0.0467,0.1659,0.7875,HIGH,COVERED,,Other Industrial,Industrial Area / Zone,GENERAL_CONTEXT,253.64681487347684,1,1,1,Mining & Quarry,,20770.172949023097,40,Cropland,CLOUD_REJECTED,CLOUD_REJECTED,MISSING_BOTH,2025-01-02T05:12:21.024000Z,2025-01-07T05:11:19.024000Z,ALL_PIXELS_MASKED,ALL_PIXELS_MASKED,,,,True,VERIFIED,Agricultural Burning,True,2026-09-06T17:19:14Z,phase_5_ml_handoff/final_model.joblib,5909bb546fc55aeffd37b7bb601e96718709fe685e987705b246bb2963279798,phase_4b_ground_truth_v1
FIRMS_TN_0549,549,2025-01-05,805,2025-01-05T08:00,D,11.67086,79.1691,N,VIIRS,n,9.79,343.24,304.07,39.170000000000016,1,0,2,1,0,14.96,1,1.6217549051280322,Agricultural Burning,0.847,0.0167,0.1363,0.847,HIGH,COVERED,,Mining,Mining & Quarry,HIGHER_RELEVANCE,3963.767427816255,0,0,0,Mining & Quarry,,3963.767427816255,40,Cropland,CLOUD_REJECTED,MISSING_PRODUCT,MISSING_POST,2025-01-04T05:01:19.024000Z,,SUCCESS,,0.5806132876534368,,,True,VERIFIED,Agricultural Burning,True,2026-09-06T17:19:14Z,phase_5_ml_handoff/final_model.joblib,5909bb546fc55aeffd37b7bb601e96718709fe685e987705b246bb2963279798,phase_4b_ground_truth_v1
FIRMS_TN_0550,550,2025-01-05,805,2025-01-05T08:00,D,11.67419,79.16859,N,VIIRS,n,5.17,339.03,301.82,37.20999999999998,1,0,2,1,0,14.96,0,1.3487738540152372,Agricultural Burning,0.8675,0.04,0.0925,0.8675,HIGH,COVERED,,Mining,Mining & Quarry,HIGHER_RELEVANCE,4068.645705489262,0,0,0,Mining & Quarry,,4068.645705489262,40,Cropland,CLOUD_REJECTED,MISSING_PRODUCT,MISSING_POST,2025-01-04T05:01:19.024000Z,,SUCCESS,,0.6109999992194131,,,False,UNREVIEWED,,False,2026-09-06T17:19:14Z,phase_5_ml_handoff/final_model.joblib,5909bb546fc55aeffd37b7bb601e96718709fe685e987705b246bb2963279798,phase_4b_ground_truth_v1
FIRMS_TN_0551,551,2025-01-05,805,2025-01-05T08:00,D,11.42044,77.17234,N,VIIRS,n,1.52,335.44,303.95,31.49000000000001,1,0,1,1,0,1.52,0,1.1159942878644251,Natural / Wildfire / Other,0.4637,0.0367,0.4996,0.4996,LOW,FAILED_TILE,Bannari Amman Sugars,Other Industrial,Substation & Electrical Infrastructure,CAUTION_LOWER_RELEVANCE,12805.318571555184,0,0,0,Power Plant,,18115.09435328863,30,Grassland,MISSING_PRODUCT,REAL_CDSE_SUCCESS,MISSING_PRE,,2025-01-07T05:11:19.024000Z,,SUCCESS,,0.4645930634581347,,False,UNREVIEWED,,False,2026-09-06T17:19:14Z,phase_5_ml_handoff/final_model.joblib,5909bb546fc55aeffd37b7bb601e96718709fe685e987705b246bb2963279798,phase_4b_ground_truth_v1
FIRMS_TN_0552,552,2025-01-05,805,2025-01-05T08:00,D,11.68682,78.53464,N,VIIRS,n,1.63,330.92,300.81,30.110000000000014,1,0,1,1,0,1.63,0,0.8229124942706442,Agricultural Burning,0.5744,0.06,0.3656,0.5744,MEDIUM,COVERED,Puthiragoundampalayam,Other Industrial,Substation & Electrical Infrastructure,CAUTION_LOWER_RELEVANCE,9245.483322762368,0,0,0,Mining & Quarry,,14434.352037637664,40,Cropland,CLOUD_REJECTED,REAL_CDSE_SUCCESS,INSUFFICIENT_VALID_DATA,2025-01-02T05:12:21.024000Z,2025-01-07T05:11:19.024000Z,SUCCESS,SUCCESS,0.4601781236203607,0.4747181057144138,,False,UNREVIEWED,,False,2026-09-06T17:19:14Z,phase_5_ml_handoff/final_model.joblib,5909bb546fc55aeffd37b7bb601e96718709fe685e987705b246bb2963279798,phase_4b_ground_truth_v1
FIRMS_TN_0553,553,2025-01-05,805,2025-01-05T08:00,D,11.48593,77.12023,N,VIIRS,n,2.21,335.0,301.06,33.94,1,0,1,1,0,2.21,0,1.0874642017623757,Natural / Wildfire / Other,0.3978,0.0511,0.5511,0.5511,MEDIUM,FAILED_TILE,Bannari Amman Sugars,Other Industrial,Substation & Electrical Infrastructure,CAUTION_LOWER_RELEVANCE,16179.588110989587,0,0,0,Power Plant,,27233.59841683692,10,Tree cover,MISSING_PRODUCT,REAL_CDSE_SUCCESS,MISSING_PRE,,2025-01-07T05:11:19.024000Z,,SUCCESS,,0.6295771081808288,,False,UNREVIEWED,,False,2026-09-06T17:19:14Z,phase_5_ml_handoff/final_model.joblib,5909bb546fc55aeffd37b7bb601e96718709fe685e987705b246bb2963279798,phase_4b_ground_truth_v1
FIRMS_TN_0554,554,2025-01-05,805,2025-01-05T08:00,D,11.48418,76.83774,N,VIIRS,n,2.54,330.64,299.12,31.519999999999985,1,0,1,1,0,2.54,0,0.8047569849329743,Natural / Wildfire / Other,0.1936,0.0011,0.8053,0.8053,HIGH,FAILED_TILE,Bannari Amman Sugars,Other Industrial,Substation & Electrical Infrastructure,CAUTION_LOWER_RELEVANCE,46962.65214654046,0,0,0,Power Plant,,50324.66908865356,10,Tree cover,REAL_CDSE_SUCCESS,REAL_CDSE_SUCCESS,SUCCESS,2025-01-02T05:12:21.024000Z,2025-01-07T05:11:19.024000Z,SUCCESS,SUCCESS,0.781724556252891,0.7627336764081123,-0.0191521643290547,False,UNREVIEWED,,False,2026-09-06T17:19:14Z,phase_5_ml_handoff/final_model.joblib,5909bb546fc55aeffd37b7bb601e96718709fe685e987705b246bb2963279798,phase_4b_ground_truth_v1
FIRMS_TN_0555,555,2025-01-05,805,2025-01-05T08:00,D,11.89346,79.48836,N,VIIRS,n,3.09,333.31,301.12,32.19,1,0,1,1,0,3.09,0,0.9778827346885944,Agricultural Burning,0.6442,0.015,0.3408,0.6442,MEDIUM,COVERED,Tirupachanur,Other Industrial,Substation & Electrical Infrastructure,CAUTION_LOWER_RELEVANCE,1877.5410026730967,0,0,1,Mining & Quarry,,4430.720951355221,40,Cropland,REAL_CDSE_SUCCESS,MISSING_PRODUCT,MISSING_POST,2025-01-04T05:01:19.024000Z,,SUCCESS,,0.6584060114252045,,,False,UNREVIEWED,,False,2026-09-06T17:19:14Z,phase_5_ml_handoff/final_model.joblib,5909bb546fc55aeffd37b7bb601e96718709fe685e987705b246bb2963279798,phase_4b_ground_truth_v1
FIRMS_TN_0556,556,2025-01-05,805,2025-01-05T08:00,D,11.99577,78.8779,N,VIIRS,n,1.85,332.76,300.57,32.19,1,0,1,1,0,1.85,0,0.9422201270610318,Agricultural Burning,0.6758,0.035,0.2892,0.6758,MEDIUM,COVERED,Pudupattu,Other Industrial,Substation & Electrical Infrastructure,CAUTION_LOWER_RELEVANCE,3601.072864938612,0,0,0,Manufacturing & Industrial Works,Kallakurichi Coop Sugar Mills,12600.837925697328,40,Cropland,REAL_CDSE_SUCCESS,MISSING_PRODUCT,MISSING_POST,2024-12-23T05:12:31.024000Z,,SUCCESS,,0.626235212278012,,,False,UNREVIEWED,,False,2026-09-06T17:19:14Z,phase_5_ml_handoff/final_model.joblib,5909bb546fc55aeffd37b7bb601e96718709fe685e987705b246bb2963279798,phase_4b_ground_truth_v1
FIRMS_TN_0557,557,2025-01-05,805,2025-01-05T08:00,D,12.764,77.78973,N,VIIRS,n,3.18,345.01,304.34,40.670000000000016,1,0,7,2,0,22.13,0,0.9623933263228164,Natural / Wildfire / Other,0.4497,0.0611,0.4891,0.4891,LOW,FAILED_TILE,,Other Industrial,Substation & Electrical Infrastructure,CAUTION_LOWER_RELEVANCE,59706.6118555665,0,0,0,Mining & Quarry,,60796.61754557861,50,Built-up,CLOUD_REJECTED,REAL_CDSE_SUCCESS,INSUFFICIENT_VALID_DATA,2024-12-23T05:12:31.024000Z,2025-01-07T05:11:19.024000Z,SUCCESS,SUCCESS,0.2572682024976225,0.2410996752167927,,False,UNREVIEWED,,False,2026-09-06T17:19:14Z,phase_5_ml_handoff/final_model.joblib,5909bb546fc55aeffd37b7bb601e96718709fe685e987705b246bb2963279798,phase_4b_ground_truth_v1
FIRMS_TN_0558,558,2025-01-05,805,2025-01-05T08:00,D,12.76731,77.78919,N,VIIRS,n,3.18,338.26,306.45,31.81,1,0,7,2,0,22.13,0,-0.6827978700864853,Natural / Wildfire / Other,0.4214,0.08,0.4986,0.4986,LOW,FAILED_TILE,,Other Industrial,Substation & Electrical Infrastructure,CAUTION_LOWER_RELEVANCE,59640.5138152003,0,0,0,Mining & Quarry,,60615.420660330776,50,Built-up,CLOUD_REJECTED,REAL_CDSE_SUCCESS,INSUFFICIENT_VALID_DATA,2024-12-23T05:12:31.024000Z,2025-01-07T05:11:19.024000Z,SUCCESS,SUCCESS,0.1725236948936873,0.2329877356600589,,False,UNREVIEWED,,False,2026-09-06T17:19:14Z,phase_5_ml_handoff/final_model.joblib,5909bb546fc55aeffd37b7bb601e96718709fe685e987705b246bb2963279798,phase_4b_ground_truth_v1
FIRMS_TN_0559,559,2025-01-05,2038,2025-01-05T20:00,N,10.13388,77.27204,N,VIIRS,n,1.18,308.36,279.04,29.32,0,0,7,3,1,47.33,0,-0.9452551890221632,Industrial Thermal Activity,0.298,0.378,0.324,0.378,LOW,COVERED,,Mining,Mining & Quarry,HIGHER_RELEVANCE,14843.711652291977,0,0,0,Mining & Quarry,,14843.711652291977,10,Tree cover,REAL_CDSE_SUCCESS,REAL_CDSE_SUCCESS,SUCCESS,2024-12-23T05:12:31.024000Z,2025-01-07T05:11:19.024000Z,SUCCESS,SUCCESS,0.6861330167661259,0.6567222983775473,-0.0497164775118244,False,UNREVIEWED,,False,2026-09-06T17:19:14Z,phase_5_ml_handoff/final_model.joblib,5909bb546fc55aeffd37b7bb601e96718709fe685e987705b246bb2963279798,phase_4b_ground_truth_v1
FIRMS_TN_0560,560,2025-01-05,2038,2025-01-05T20:00,N,12.85668,79.90691,N,VIIRS,n,0.97,306.07,292.13,13.939999999999998,0,0,14,3,1,25.28,0,-0.9034233136956572,Industrial Thermal Activity,0.3219,0.4089,0.2692,0.4089,LOW,FAILED_TILE,,Mining,Mining & Quarry,HIGHER_RELEVANCE,76113.6298373561,0,0,0,Mining & Quarry,,76113.6298373561,40,Cropland,CLOUD_REJECTED,MISSING_PRODUCT,MISSING_POST,2025-01-04T05:01:19.024000Z,,SUCCESS,,0.4613656360784875,,,False,UNREVIEWED,,False,2026-09-06T17:19:14Z,phase_5_ml_handoff/final_model.joblib,5909bb546fc55aeffd37b7bb601e96718709fe685e987705b246bb2963279798,phase_4b_ground_truth_v1
FIRMS_TN_0561,561,2025-01-05,2038,2025-01-05T20:00,N,13.44883,80.09917,N,VIIRS,n,0.73,303.2,291.76,11.439999999999998,0,0,6,2,0,4.3,0,-1.1408674971989965,Industrial Thermal Activity,0.3558,0.417,0.2272,0.417,LOW,FAILED_TILE,,Other Industrial,Industrial Area / Zone,GENERAL_CONTEXT,143650.70536757875,0,0,0,Mining & Quarry,,145009.824520511,30,Grassland,REAL_CDSE_SUCCESS,CLOUD_REJECTED,MISSING_POST,2025-01-04T05:01:19.024000Z,2025-01-14T05:00:49.024000Z,SUCCESS,ALL_PIXELS_MASKED,0.5999657906645387,,,False,UNREVIEWED,,False,2026-09-06T17:19:14Z,phase_5_ml_handoff/final_model.joblib,5909bb546fc55aeffd37b7bb601e96718709fe685e987705b246bb2963279798,phase_4b_ground_truth_v1
FIRMS_TN_0562,562,2025-01-05,2038,2025-01-05T20:00,N,12.85542,79.90849,N,VIIRS,n,1.05,309.34,292.31,17.029999999999973,0,0,14,3,1,25.28,0,-0.3922538748007503,Industrial Thermal Activity,0.2202,0.4317,0.348,0.4317,LOW,FAILED_TILE,,Mining,Mining & Quarry,HIGHER_RELEVANCE,76012.90165641313,0,0,0,Mining & Quarry,,76012.90165641313,20,Shrubland,CLOUD_REJECTED,MISSING_PRODUCT,MISSING_POST,2025-01-04T05:01:19.024000Z,,SUCCESS,,0.4625783919356416,,,False,UNREVIEWED,,False,2026-09-06T17:19:14Z,phase_5_ml_handoff/final_model.joblib,5909bb546fc55aeffd37b7bb601e96718709fe685e987705b246bb2963279798,phase_4b_ground_truth_v1
FIRMS_TN_0563,563,2025-01-05,2038,2025-01-05T20:00,N,11.18309,79.10023,N,VIIRS,n,1.5,309.36,291.69,17.670000000000016,0,0,8,3,1,8.73,0,0.9441811943400824,Industrial Thermal Activity,0.1772,0.7259,0.0969,0.7259,MEDIUM,COVERED,,Other Industrial,Substation & Electrical Infrastructure,CAUTION_LOWER_RELEVANCE,421.60913424522687,1,1,1,Power Plant,,606.0855438005464,50,Built-up,REAL_CDSE_SUCCESS,MISSING_PRODUCT,MISSING_POST,2025-01-04T05:01:19.024000Z,,SUCCESS,,0.4276638245096898,,,False,UNREVIEWED,,False,2026-09-06T17:19:14Z,phase_5_ml_handoff/final_model.joblib,5909bb546fc55aeffd37b7bb601e96718709fe685e987705b246bb2963279798,phase_4b_ground_truth_v1
FIRMS_TN_0564,564,2025-01-06,743,2025-01-06T07:00,D,8.99723,78.21001,N,VIIRS,n,2.77,338.75,301.95,36.80000000000001,1,0,1,1,0,2.77,0,1.330618344677571,Natural / Wildfire / Other,0.4723,0.0111,0.5166,0.5166,MEDIUM,FAILED_TILE,,Power Plant,Power Plant,HIGHER_RELEVANCE,17819.91776000487,0,0,0,Power Plant,,17819.91776000487,60,Bare/sparse vegetation,REAL_CDSE_SUCCESS,CLOUD_REJECTED,MISSING_POST,2025-01-02T05:12:21.024000Z,2025-01-07T05:11:19.024000Z,SUCCESS,ALL_PIXELS_MASKED,0.2773108632117602,,,True,VERIFIED,REVIEW_REQUIRED,False,2026-09-06T17:19:14Z,phase_5_ml_handoff/final_model.joblib,5909bb546fc55aeffd37b7bb601e96718709fe685e987705b246bb2963279798,phase_4b_ground_truth_v1
FIRMS_TN_0565,565,2025-01-06,743,2025-01-06T07:00,D,9.18516,78.57988,N,VIIRS,n,2.64,337.11,294.89,42.22000000000003,1,0,2,1,0,7.09,0,1.2242789328426598,Agricultural Burning,0.5604,0.01,0.4296,0.5604,MEDIUM,COVERED,,Other Industrial,Substation & Electrical Infrastructure,CAUTION_LOWER_RELEVANCE,5394.886627805176,0,0,0,Power Plant,,5505.068471139107,20,Shrubland,REAL_CDSE_SUCCESS,CLOUD_REJECTED,INSUFFICIENT_VALID_DATA,2025-01-04T05:01:19.024000Z,2025-01-17T05:10:39.024000Z,SUCCESS,SUCCESS,0.4083084433673695,0.3339167887578778,,False,UNREVIEWED,,False,2026-09-06T17:19:14Z,phase_5_ml_handoff/final_model.joblib,5909bb546fc55aeffd37b7bb601e96718709fe685e987705b246bb2963279798,phase_4b_ground_truth_v1
FIRMS_TN_0566,566,2025-01-06,743,2025-01-06T07:00,D,10.13271,77.27168,N,VIIRS,n,8.34,341.05,300.12,40.93000000000001,1,0,7,3,1,47.33,0,0.7426320127253307,Natural / Wildfire / Other,0.2695,0.0259,0.7046,0.7046,MEDIUM,COVERED,,Mining,Mining & Quarry,HIGHER_RELEVANCE,14778.095705731992,0,0,0,Mining & Quarry,,14778.095705731992,10,Tree cover,REAL_CDSE_SUCCESS,REAL_CDSE_SUCCESS,SUCCESS,2024-12-23T05:12:31.024000Z,2025-01-07T05:11:19.024000Z,SUCCESS,SUCCESS,0.6988045923638209,0.6726277541198054,-0.0471326453051053,False,UNREVIEWED,,False,2026-09-06T17:19:14Z,phase_5_ml_handoff/final_model.joblib,5909bb546fc55aeffd37b7bb601e96718709fe685e987705b246bb2963279798,phase_4b_ground_truth_v1
FIRMS_TN_0567,567,2025-01-06,743,2025-01-06T07:00,D,11.21062,77.5909,N,VIIRS,n,2.2,330.92,300.7,30.220000000000027,1,0,1,1,0,2.2,0,0.8229124942706442,Agricultural Burning,0.5997,0.065,0.3353,0.5997,MEDIUM,COVERED,,Other Industrial,Industrial Area / Zone,GENERAL_CONTEXT,1475.5748784663922,0,0,1,Mining & Quarry,,2855.413818660616,40,Cropland,MISSING_PRODUCT,REAL_CDSE_SUCCESS,MISSING_PRE,,2025-01-07T05:11:19.024000Z,,SUCCESS,,0.5209632656530477,,False,UNREVIEWED,,False,2026-09-06T17:19:14Z,phase_5_ml_handoff/final_model.joblib,5909bb546fc55aeffd37b7bb601e96718709fe685e987705b246bb2963279798,phase_4b_ground_truth_v1
FIRMS_TN_0568,568,2025-01-06,743,2025-01-06T07:00,D,10.65176,78.9027,N,VIIRS,n,4.71,333.03,299.15,33.879999999999995,1,0,2,1,0,7.76,0,0.9597272253509246,Agricultural Burning,0.8841,0.02,0.0959,0.8841,HIGH,COVERED,,Mining,Mining & Quarry,HIGHER_RELEVANCE,4210.4497338513565,0,0,0,Mining & Quarry,,4210.4497338513565,40,Cropland,REAL_CDSE_SUCCESS,MISSING_PRODUCT,MISSING_POST,2025-01-04T05:01:19.024000Z,,SUCCESS,,0.532323120868753,,,True,VERIFIED,Agricultural Burning,True,2026-09-06T17:19:14Z,phase_5_ml_handoff/final_model.joblib,5909bb546fc55aeffd37b7bb601e96718709fe685e987705b246bb2963279798,phase_4b_ground_truth_v1
FIRMS_TN_0569,569,2025-01-06,745,2025-01-06T07:00,D,11.698,79.04674,N,VIIRS,n,2.53,331.68,301.09,30.590000000000032,1,0,1,1,0,2.53,0,0.8721917339014565,Agricultural Burning,0.6615,0.01,0.3285,0.6615,MEDIUM,COVERED,,Other Industrial,Substation & Electrical Infrastructure,CAUTION_LOWER_RELEVANCE,2678.258363167932,0,0,0,Mining & Quarry,,4391.909222611576,40,Cropland,CLOUD_REJECTED,MISSING_PRODUCT,MISSING_POST,2025-01-04T05:01:19.024000Z,,SUCCESS,,0.3338268637146313,,,False,UNREVIEWED,,False,2026-09-06T17:19:14Z,phase_5_ml_handoff/final_model.joblib,5909bb546fc55aeffd37b7bb601e96718709fe685e987705b246bb2963279798,phase_4b_ground_truth_v1
FIRMS_TN_0570,570,2025-01-06,745,2025-01-06T07:00,D,12.01129,78.97485,N,VIIRS,n,7.53,337.96,299.83,38.13,1,0,2,1,0,11.37,1,1.2793938719034352,Agricultural Burning,0.649,0.0233,0.3277,0.649,MEDIUM,COVERED,,Other Industrial,Substation & Electrical Infrastructure,CAUTION_LOWER_RELEVANCE,2626.9069770677543,0,0,0,Manufacturing & Industrial Works,Kallakurichi Coop Sugar Mills,5712.710418109082,10,Tree cover,REAL_CDSE_SUCCESS,MISSING_PRODUCT,MISSING_POST,2024-12-23T05:12:31.024000Z,,SUCCESS,,0.701731020267882,,,False,UNREVIEWED,,False,2026-09-06T17:19:14Z,phase_5_ml_handoff/final_model.joblib,5909bb546fc55aeffd37b7bb601e96718709fe685e987705b246bb2963279798,phase_4b_ground_truth_v1
FIRMS_TN_0571,571,2025-01-06,2021,2025-01-06T20:00,N,11.81642,77.91901,N,VIIRS,n,1.62,319.69,292.72,26.96999999999997,0,0,43,8,1,64.3,0,1.3728258951451615,Industrial Thermal Activity,0.0034,0.9866,0.01,0.9866,HIGH,COVERED,,Other Industrial,Substation & Electrical Infrastructure,CAUTION_LOWER_RELEVANCE,70.30925553269223,1,1,1,Steel / Metallurgy,JSW Steel Plant,232.3827789969602,50,Built-up,CLOUD_REJECTED,CLOUD_REJECTED,MISSING_PRE,2024-12-23T05:12:31.024000Z,2025-01-07T05:11:19.024000Z,ALL_PIXELS_MASKED,SUCCESS,,0.4152304688719029,,False,UNREVIEWED,,False,2026-09-06T17:19:14Z,phase_5_ml_handoff/final_model.joblib,5909bb546fc55aeffd37b7bb601e96718709fe685e987705b246bb2963279798,phase_4b_ground_truth_v1
FIRMS_TN_0572,572,2025-01-06,2021,2025-01-06T20:00,N,11.80924,77.92147,N,VIIRS,n,1.11,304.9,292.97,11.92999999999995,0,0,21,6,1,32.72,0,-0.3464987929485232,Industrial Thermal Activity,0.0351,0.9649,0.0,0.9649,HIGH,COVERED,,Other Industrial,Substation & Electrical Infrastructure,CAUTION_LOWER_RELEVANCE,345.4369459002631,1,1,1,Steel / Metallurgy,JSW Steel Plant,683.2337672327478,50,Built-up,CLOUD_REJECTED,CLOUD_REJECTED,MISSING_PRE,2024-12-23T05:12:31.024000Z,2025-01-07T05:11:19.024000Z,ALL_PIXELS_MASKED,SUCCESS,,0.3704752369443849,,False,UNREVIEWED,,False,2026-09-06T17:19:14Z,phase_5_ml_handoff/final_model.joblib,5909bb546fc55aeffd37b7bb601e96718709fe685e987705b246bb2963279798,phase_4b_ground_truth_v1
FIRMS_TN_0573,573,2025-01-06,2021,2025-01-06T20:00,N,11.80869,77.92499,N,VIIRS,n,1.07,303.84,293.36,10.47999999999996,0,0,21,6,1,32.72,0,-0.4693182695573462,Industrial Thermal Activity,0.0451,0.9449,0.01,0.9449,HIGH,COVERED,,Other Industrial,Substation & Electrical Infrastructure,CAUTION_LOWER_RELEVANCE,297.62062416298767,1,1,1,Steel / Metallurgy,JSW Steel Plant,980.4431851069828,50,Built-up,CLOUD_REJECTED,CLOUD_REJECTED,MISSING_PRE,2024-12-23T05:12:31.024000Z,2025-01-07T05:11:19.024000Z,ALL_PIXELS_MASKED,SUCCESS,,0.4005121897025044,,False,UNREVIEWED,,False,2026-09-06T17:19:14Z,phase_5_ml_handoff/final_model.joblib,5909bb546fc55aeffd37b7bb601e96718709fe685e987705b246bb2963279798,phase_4b_ground_truth_v1
FIRMS_TN_0574,574,2025-01-06,2021,2025-01-06T20:00,N,11.77325,76.99046,N,VIIRS,n,1.06,312.64,287.19,25.44999999999999,0,0,2,1,0,1.65,0,-0.3623829010599632,Agricultural Burning,0.4701,0.239,0.2909,0.4701,LOW,FAILED_TILE,PG Palya,Other Industrial,Substation & Electrical Infrastructure,CAUTION_LOWER_RELEVANCE,34806.16418135778,0,0,0,Power Plant,,42514.53049463502,10,Tree cover,REAL_CDSE_SUCCESS,REAL_CDSE_SUCCESS,SUCCESS,2025-01-02T05:12:21.024000Z,2025-01-07T05:11:19.024000Z,SUCCESS,SUCCESS,0.5996004508154128,0.552827441449591,-0.0465239992700572,True,VERIFIED,REVIEW_REQUIRED,False,2026-09-06T17:19:14Z,phase_5_ml_handoff/final_model.joblib,5909bb546fc55aeffd37b7bb601e96718709fe685e987705b246bb2963279798,phase_4b_ground_truth_v1
FIRMS_TN_0575,575,2025-01-06,2021,2025-01-06T20:00,N,10.96319,78.09085,N,VIIRS,n,0.97,314.19,291.51,22.680000000000007,0,0,1,1,0,0.97,0,-0.2618791886550151,Agricultural Burning,0.5314,0.234,0.2346,0.5314,MEDIUM,COVERED,,Other Industrial,Industrial Area / Zone,GENERAL_CONTEXT,2202.5509566625124,0,0,0,Power Plant,,2258.6100850296552,50,Built-up,CLOUD_REJECTED,REAL_CDSE_SUCCESS,INSUFFICIENT_VALID_DATA,2025-01-02T05:12:21.024000Z,2025-01-07T05:11:19.024000Z,SUCCESS,SUCCESS,0.3718191092042304,0.355911647596014,,False,UNREVIEWED,,False,2026-09-06T17:19:14Z,phase_5_ml_handoff/final_model.joblib,5909bb546fc55aeffd37b7bb601e96718709fe685e987705b246bb2963279798,phase_4b_ground_truth_v1
FIRMS_TN_0576,576,2025-01-06,2021,2025-01-06T20:00,N,10.95987,78.09032,N,VIIRS,n,0.97,302.25,291.27,10.980000000000018,0,0,1,1,0,0.97,0,-1.036081979696997,Agricultural Burning,0.5177,0.3023,0.1799,0.5177,MEDIUM,COVERED,,Other Industrial,Industrial Area / Zone,GENERAL_CONTEXT,2166.886463067978,0,0,0,Power Plant,,2185.791255199482,10,Tree cover,REAL_CDSE_SUCCESS,REAL_CDSE_SUCCESS,SUCCESS,2025-01-02T05:12:21.024000Z,2025-01-07T05:11:19.024000Z,SUCCESS,SUCCESS,0.3546537132116269,0.3153569559052994,-0.021703923527289,False,UNREVIEWED,,False,2026-09-06T17:19:14Z,phase_5_ml_handoff/final_model.joblib,5909bb546fc55aeffd37b7bb601e96718709fe685e987705b246bb2963279798,phase_4b_ground_truth_v1
FIRMS_TN_0577,577,2025-01-06,2021,2025-01-06T20:00,N,11.81698,77.9155,N,VIIRS,n,1.94,304.61,292.23,12.379999999999995,0,0,43,8,1,64.3,0,-0.5522951520811739,Industrial Thermal Activity,0.002,0.998,0.0,0.998,HIGH,COVERED,JSW Steel Plant,Manufacturing,Steel / Metallurgy,HIGHER_RELEVANCE,404.18428602604064,1,1,1,Steel / Metallurgy,JSW Steel Plant,404.18428602604064,50,Built-up,CLOUD_REJECTED,CLOUD_REJECTED,MISSING_PRE,2024-12-23T05:12:31.024000Z,2025-01-07T05:11:19.024000Z,ALL_PIXELS_MASKED,SUCCESS,,0.3888537163421962,,False,UNREVIEWED,,False,2026-09-06T17:19:14Z,phase_5_ml_handoff/final_model.joblib,5909bb546fc55aeffd37b7bb601e96718709fe685e987705b246bb2963279798,phase_4b_ground_truth_v1
FIRMS_TN_0578,578,2025-01-06,2021,2025-01-06T20:00,N,9.78036,77.90816,N,VIIRS,n,1.27,313.3,290.43,22.870000000000005,0,0,1,1,0,1.27,0,-0.3195877719068872,Agricultural Burning,0.5047,0.229,0.2663,0.5047,MEDIUM,COVERED,,Other Industrial,Industrial Area / Zone,GENERAL_CONTEXT,3959.184186470424,0,0,0,Power Plant,,5421.782156637593,20,Shrubland,MISSING_PRODUCT,REAL_CDSE_SUCCESS,MISSING_PRE,,2025-01-17T05:10:39.024000Z,,SUCCESS,,0.4258103841902211,,False,UNREVIEWED,,False,2026-09-06T17:19:14Z,phase_5_ml_handoff/final_model.joblib,5909bb546fc55aeffd37b7bb601e96718709fe685e987705b246bb2963279798,phase_4b_ground_truth_v1
FIRMS_TN_0579,579,2025-01-06,2021,2025-01-06T20:00,N,9.45324,77.58031,N,VIIRS,n,0.23,302.33,291.7,10.629999999999995,0,0,1,1,0,0.23,0,-1.030894691314807,Agricultural Burning,0.7338,0.1629,0.1033,0.7338,MEDIUM,COVERED,Thottiapatti,Other Industrial,Substation & Electrical Infrastructure,CAUTION_LOWER_RELEVANCE,1457.5402008078472,0,0,1,Manufacturing & Industrial Works,Janakiram Mills,2179.170363590276,20,Shrubland,REAL_CDSE_SUCCESS,REAL_CDSE_SUCCESS,SUCCESS,2025-01-02T05:12:21.024000Z,2025-01-07T05:11:19.024000Z,SUCCESS,SUCCESS,0.55281105550871,0.5220451445154148,-0.0559980228235486,False,UNREVIEWED,,False,2026-09-06T17:19:14Z,phase_5_ml_handoff/final_model.joblib,5909bb546fc55aeffd37b7bb601e96718709fe685e987705b246bb2963279798,phase_4b_ground_truth_v1
FIRMS_TN_0580,580,2025-01-07,726,2025-01-07T07:00,D,11.19506,77.85767,N,VIIRS,n,2.63,336.1,290.96,45.14000000000004,1,0,4,1,0,14.09,0,1.158789417017501,Agricultural Burning,0.6937,0.065,0.2413,0.6937,MEDIUM,COVERED,Skm Egg Products,Other Industrial,Industrial Area / Zone,GENERAL_CONTEXT,2892.263967325054,0,0,0,Power Plant,Bhavani Kattalai III,5390.986446685424,10,Tree cover,CLOUD_REJECTED,CLOUD_REJECTED,INSUFFICIENT_VALID_DATA,2025-01-02T05:12:21.024000Z,2025-01-22T05:11:51.025000Z,SUCCESS,SUCCESS,0.2771623584895362,0.5373542175708895,,False,UNREVIEWED,,False,2026-09-06T17:19:14Z,phase_5_ml_handoff/final_model.joblib,5909bb546fc55aeffd37b7bb601e96718709fe685e987705b246bb2963279798,phase_4b_ground_truth_v1
FIRMS_TN_0581,581,2025-01-07,726,2025-01-07T07:00,D,11.19699,77.85682,N,VIIRS,n,4.8,348.63,292.33,56.30000000000001,1,0,4,1,0,14.09,0,1.9712484598781383,Agricultural Burning,0.8075,0.06,0.1325,0.8075,HIGH,COVERED,Skm Egg Products,Other Industrial,Industrial Area / Zone,GENERAL_CONTEXT,2667.9952277929683,0,0,0,Power Plant,Bhavani Kattalai III,5196.495344388351,40,Cropland,CLOUD_REJECTED,CLOUD_REJECTED,INSUFFICIENT_VALID_DATA,2025-01-02T05:12:21.024000Z,2025-01-22T05:11:51.025000Z,SUCCESS,SUCCESS,0.5095663271792064,0.6414864204994215,,False,UNREVIEWED,,False,2026-09-06T17:19:14Z,phase_5_ml_handoff/final_model.joblib,5909bb546fc55aeffd37b7bb601e96718709fe685e987705b246bb2963279798,phase_4b_ground_truth_v1
FIRMS_TN_0582,582,2025-01-07,726,2025-01-07T07:00,D,11.64698,78.41904,N,VIIRS,n,2.95,340.57,294.83,45.74000000000001,1,0,1,1,0,2.95,0,1.448629155372412,Agricultural Burning,0.7866,0.045,0.1684,0.7866,HIGH,COVERED,Singipuram,Other Industrial,Substation & Electrical Infrastructure,CAUTION_LOWER_RELEVANCE,1601.0441384881676,0,0,1,Mining & Quarry,,13534.615656854823,50,Built-up,CLOUD_REJECTED,MISSING_PRODUCT,MISSING_POST,2025-01-02T05:12:21.024000Z,,SUCCESS,,0.4797355991888671,,,False,UNREVIEWED,,False,2026-09-06T17:19:14Z,phase_5_ml_handoff/final_model.joblib,5909bb546fc55aeffd37b7bb601e96718709fe685e987705b246bb2963279798,phase_4b_ground_truth_v1
FIRMS_TN_0583,583,2025-01-07,1959,2025-01-07T19:00,N,11.80938,77.92202,N,VIIRS,n,1.45,303.47,292.98,10.490000000000007,0,0,21,6,1,32.72,0,-0.5121892189396651,Industrial Thermal Activity,0.0134,0.9866,0.0,0.9866,HIGH,COVERED,,Other Industrial,Substation & Electrical Infrastructure,CAUTION_LOWER_RELEVANCE,330.6130531027879,1,1,1,Steel / Metallurgy,JSW Steel Plant,703.6090937591362,10,Tree cover,CLOUD_REJECTED,MISSING_PRODUCT,MISSING_BOTH,2024-12-23T05:12:31.024000Z,,ALL_PIXELS_MASKED,,,,,False,UNREVIEWED,,False,2026-09-06T17:19:14Z,phase_5_ml_handoff/final_model.joblib,5909bb546fc55aeffd37b7bb601e96718709fe685e987705b246bb2963279798,phase_4b_ground_truth_v1
FIRMS_TN_0584,584,2025-01-07,1959,2025-01-07T19:00,N,13.39113,80.10016,N,VIIRS,n,1.25,306.87,292.96,13.910000000000023,0,0,21,4,1,22.85,0,-0.0047768075829428,Industrial Thermal Activity,0.0627,0.759,0.1783,0.759,HIGH,FAILED_TILE,,Other Industrial,Industrial Area / Zone,GENERAL_CONTEXT,137292.3843813282,0,0,0,Mining & Quarry,,138843.10030445125,30,Grassland,REAL_CDSE_SUCCESS,CLOUD_REJECTED,MISSING_POST,2025-01-04T05:01:19.024000Z,2025-01-14T05:00:49.024000Z,SUCCESS,ALL_PIXELS_MASKED,0.497606511817294,,,False,UNREVIEWED,,False,2026-09-06T17:19:14Z,phase_5_ml_handoff/final_model.joblib,5909bb546fc55aeffd37b7bb601e96718709fe685e987705b246bb2963279798,phase_4b_ground_truth_v1
FIRMS_TN_0585,585,2025-01-07,1959,2025-01-07T19:00,N,13.1604,80.28367,N,VIIRS,n,0.65,306.54,293.81,12.730000000000018,0,0,23,4,1,29.58,0,0.0696822672501069,Industrial Thermal Activity,0.2243,0.5973,0.1783,0.5973,MEDIUM,FAILED_TILE,,Other Industrial,Industrial Area / Zone,GENERAL_CONTEXT,116502.0781459982,0,0,0,Mining & Quarry,,122211.35921531163,50,Built-up,CLOUD_REJECTED,REAL_CDSE_SUCCESS,INSUFFICIENT_VALID_DATA,2025-01-04T05:01:19.024000Z,2025-01-14T05:00:49.024000Z,SUCCESS,SUCCESS,0.28303809683889,0.3112531800034417,,False,UNREVIEWED,,False,2026-09-06T17:19:14Z,phase_5_ml_handoff/final_model.joblib,5909bb546fc55aeffd37b7bb601e96718709fe685e987705b246bb2963279798,phase_4b_ground_truth_v1
FIRMS_TN_0586,586,2025-01-07,1959,2025-01-07T19:00,N,13.08046,79.98327,N,VIIRS,n,0.74,302.9,292.29,10.609999999999957,0,0,11,3,1,15.69,0,-0.5149765521023947,Industrial Thermal Activity,0.2664,0.5273,0.2063,0.5273,MEDIUM,FAILED_TILE,,Other Industrial,Industrial Area / Zone,GENERAL_CONTEXT,101815.10763693336,0,0,0,Mining & Quarry,,102220.32213363882,30,Grassland,CLOUD_REJECTED,MISSING_PRODUCT,MISSING_POST,2025-01-04T05:01:19.024000Z,,SUCCESS,,0.4004142034030545,,,False,UNREVIEWED,,False,2026-09-06T17:19:14Z,phase_5_ml_handoff/final_model.joblib,5909bb546fc55aeffd37b7bb601e96718709fe685e987705b246bb2963279798,phase_4b_ground_truth_v1
FIRMS_TN_0587,587,2025-01-07,1959,2025-01-07T19:00,N,10.56854,79.53321,N,VIIRS,n,0.21,302.53,289.75,12.779999999999973,0,0,1,1,0,0.21,0,-1.0179264703593307,Agricultural Burning,0.8079,0.0926,0.0996,0.8079,HIGH,FAILED_TILE,Vaduvur,Other Industrial,Substation & Electrical Infrastructure,CAUTION_LOWER_RELEVANCE,27458.689564320983,0,0,0,Power Plant,,37217.7994046799,40,Cropland,REAL_CDSE_SUCCESS,MISSING_PRODUCT,MISSING_POST,2025-01-04T05:01:19.024000Z,,SUCCESS,,0.7152770371385379,,,True,VERIFIED,Agricultural Burning,True,2026-09-06T17:19:14Z,phase_5_ml_handoff/final_model.joblib,5909bb546fc55aeffd37b7bb601e96718709fe685e987705b246bb2963279798,phase_4b_ground_truth_v1
FIRMS_TN_0588,588,2025-01-07,1959,2025-01-07T19:00,N,12.9673,79.91721,N,VIIRS,n,0.96,309.01,292.89,16.120000000000005,0,0,5,2,0,3.61,0,0.2822394554050931,Agricultural Burning,0.4639,0.3963,0.1398,0.4639,LOW,FAILED_TILE,,Mining,Mining & Quarry,HIGHER_RELEVANCE,88386.54208084503,0,0,0,Mining & Quarry,,88386.54208084503,40,Cropland,CLOUD_REJECTED,MISSING_PRODUCT,MISSING_POST,2025-01-04T05:01:19.024000Z,,SUCCESS,,0.3412228455100649,,,False,UNREVIEWED,,False,2026-09-06T17:19:14Z,phase_5_ml_handoff/final_model.joblib,5909bb546fc55aeffd37b7bb601e96718709fe685e987705b246bb2963279798,phase_4b_ground_truth_v1
FIRMS_TN_0589,589,2025-01-08,1942,2025-01-08T19:00,N,13.09831,79.52977,N,VIIRS,n,0.35,302.67,290.09,12.58000000000004,0,0,1,1,0,0.35,0,-1.008848715690494,Agricultural Burning,0.7644,0.0983,0.1373,0.7644,HIGH,FAILED_TILE,,Mining,Mining & Quarry,HIGHER_RELEVANCE,104315.0395051626,0,0,0,Mining & Quarry,,104315.0395051626,40,Cropland,REAL_CDSE_SUCCESS,MISSING_PRODUCT,MISSING_POST,2025-01-07T05:11:19.024000Z,,SUCCESS,,0.517889774259505,,,True,VERIFIED,REVIEW_REQUIRED,False,2026-09-06T17:19:14Z,phase_5_ml_handoff/final_model.joblib,5909bb546fc55aeffd37b7bb601e96718709fe685e987705b246bb2963279798,phase_4b_ground_truth_v1
FIRMS_TN_0590,590,2025-01-08,1942,2025-01-08T19:00,N,12.85353,79.90421,N,VIIRS,n,2.34,316.21,290.85,25.35999999999996,0,0,14,3,1,25.28,0,0.6816709096665376,Natural / Wildfire / Other,0.1733,0.3345,0.4922,0.4922,LOW,FAILED_TILE,,Mining,Mining & Quarry,HIGHER_RELEVANCE,75709.9781559579,0,0,0,Mining & Quarry,,75709.9781559579,30,Grassland,REAL_CDSE_SUCCESS,MISSING_PRODUCT,MISSING_POST,2025-01-04T05:01:19.024000Z,,SUCCESS,,0.5093235805590556,,,False,UNREVIEWED,,False,2026-09-06T17:19:14Z,phase_5_ml_handoff/final_model.joblib,5909bb546fc55aeffd37b7bb601e96718709fe685e987705b246bb2963279798,phase_4b_ground_truth_v1
FIRMS_TN_0591,591,2025-01-08,1942,2025-01-08T19:00,N,12.85778,79.90404,N,VIIRS,n,1.75,305.45,290.49,14.95999999999998,0,0,14,3,1,25.28,0,-1.0003422898775671,Industrial Thermal Activity,0.2185,0.4434,0.338,0.4434,LOW,FAILED_TILE,,Mining,Mining & Quarry,HIGHER_RELEVANCE,76168.5491062812,0,0,0,Mining & Quarry,,76168.5491062812,20,Shrubland,CLOUD_REJECTED,MISSING_PRODUCT,MISSING_POST,2025-01-04T05:01:19.024000Z,,SUCCESS,,0.4458522190702789,,,False,UNREVIEWED,,False,2026-09-06T17:19:14Z,phase_5_ml_handoff/final_model.joblib,5909bb546fc55aeffd37b7bb601e96718709fe685e987705b246bb2963279798,phase_4b_ground_truth_v1
FIRMS_TN_0592,592,2025-01-08,1942,2025-01-08T19:00,N,12.85284,79.90339,N,VIIRS,n,1.32,301.42,290.55,10.870000000000005,0,0,14,3,1,25.28,0,-1.6303156350599746,Industrial Thermal Activity,0.2072,0.4434,0.3494,0.4434,LOW,FAILED_TILE,,Mining,Mining & Quarry,HIGHER_RELEVANCE,75616.5197794333,0,0,0,Mining & Quarry,,75616.5197794333,30,Grassland,REAL_CDSE_SUCCESS,MISSING_PRODUCT,MISSING_POST,2025-01-04T05:01:19.024000Z,,SUCCESS,,0.5205386103105889,,,False,UNREVIEWED,,False,2026-09-06T17:19:14Z,phase_5_ml_handoff/final_model.joblib,5909bb546fc55aeffd37b7bb601e96718709fe685e987705b246bb2963279798,phase_4b_ground_truth_v1
FIRMS_TN_0593,593,2025-01-08,1942,2025-01-08T19:00,N,12.70408,77.80666,N,VIIRS,n,0.99,297.16,285.67,11.490000000000007,0,0,2,1,0,2.05,0,-1.366123203013887,Agricultural Burning,0.5933,0.2669,0.1398,0.5933,MEDIUM,FAILED_TILE,,Other Industrial,Substation & Electrical Infrastructure,CAUTION_LOWER_RELEVANCE,62053.53607544967,0,0,0,Mining & Quarry,,65064.14992289093,40,Cropland,REAL_CDSE_SUCCESS,REAL_CDSE_SUCCESS,SUCCESS,2025-01-07T05:11:19.024000Z,2025-01-12T05:11:51.024000Z,SUCCESS,SUCCESS,0.4307122999464546,0.4352071887020606,-0.0280853046671073,False,UNREVIEWED,,False,2026-09-06T17:19:14Z,phase_5_ml_handoff/final_model.joblib,5909bb546fc55aeffd37b7bb601e96718709fe685e987705b246bb2963279798,phase_4b_ground_truth_v1
FIRMS_TN_0594,594,2025-01-08,1942,2025-01-08T19:00,N,11.17473,79.0871,N,VIIRS,n,0.41,300.37,289.25,11.120000000000005,0,0,3,1,0,2.13,0,-1.1579832566784811,Agricultural Burning,0.7511,0.1526,0.0963,0.7511,HIGH,COVERED,,Other Industrial,Substation & Electrical Infrastructure,CAUTION_LOWER_RELEVANCE,895.2110858924976,0,1,1,Power Plant,,2313.572335832291,30,Grassland,CLOUD_REJECTED,MISSING_PRODUCT,MISSING_POST,2025-01-04T05:01:19.024000Z,,SUCCESS,,0.4698015114516704,,,False,UNREVIEWED,,False,2026-09-06T17:19:14Z,phase_5_ml_handoff/final_model.joblib,5909bb546fc55aeffd37b7bb601e96718709fe685e987705b246bb2963279798,phase_4b_ground_truth_v1
FIRMS_TN_0595,595,2025-01-08,1942,2025-01-08T19:00,N,11.87426,79.22582,N,VIIRS,n,0.46,299.85,288.74,11.110000000000014,0,0,2,1,0,1.13,0,-1.1917006311627203,Agricultural Burning,0.7452,0.1383,0.1165,0.7452,MEDIUM,COVERED,,Other Industrial,Industrial Area / Zone,GENERAL_CONTEXT,5472.55945441956,0,0,0,Mining & Quarry,,21392.48462374392,40,Cropland,CLOUD_REJECTED,MISSING_PRODUCT,MISSING_POST,2025-01-04T05:01:19.024000Z,,SUCCESS,,0.6348143059750029,,,False,UNREVIEWED,,False,2026-09-06T17:19:14Z,phase_5_ml_handoff/final_model.joblib,5909bb546fc55aeffd37b7bb601e96718709fe685e987705b246bb2963279798,phase_4b_ground_truth_v1
FIRMS_TN_0596,596,2025-01-08,1942,2025-01-08T19:00,N,11.47961,77.45571,N,VIIRS,n,0.53,300.42,288.57,11.850000000000025,0,0,1,1,0,0.53,0,-1.1547412014396112,Agricultural Burning,0.801,0.1502,0.0488,0.801,HIGH,COVERED,Coirmedia,Industrial Works,Manufacturing & Industrial Works,HIGHER_RELEVANCE,2320.2513427644108,0,0,0,Manufacturing & Industrial Works,Coirmedia,2320.2513427644108,40,Cropland,REAL_CDSE_SUCCESS,REAL_CDSE_SUCCESS,SUCCESS,2025-01-07T05:11:19.024000Z,2025-01-12T05:11:51.024000Z,SUCCESS,SUCCESS,0.4921640022508248,0.506142000461458,-0.0093893356843502,False,UNREVIEWED,,False,2026-09-06T17:19:14Z,phase_5_ml_handoff/final_model.joblib,5909bb546fc55aeffd37b7bb601e96718709fe685e987705b246bb2963279798,phase_4b_ground_truth_v1
FIRMS_TN_0597,597,2025-01-08,1942,2025-01-08T19:00,N,13.39244,80.10259,N,VIIRS,n,0.71,301.69,291.67,10.019999999999982,0,0,21,4,1,22.85,0,-1.3371386764874669,Industrial Thermal Activity,0.2143,0.6173,0.1683,0.6173,MEDIUM,FAILED_TILE,,Other Industrial,Industrial Area / Zone,GENERAL_CONTEXT,137469.0710879676,0,0,0,Mining & Quarry,,139053.71423846125,30,Grassland,CLOUD_REJECTED,CLOUD_REJECTED,MISSING_POST,2025-01-04T05:01:19.024000Z,2025-01-14T05:00:49.024000Z,SUCCESS,ALL_PIXELS_MASKED,0.3986823506384084,,,False,UNREVIEWED,,False,2026-09-06T17:19:14Z,phase_5_ml_handoff/final_model.joblib,5909bb546fc55aeffd37b7bb601e96718709fe685e987705b246bb2963279798,phase_4b_ground_truth_v1
FIRMS_TN_0598,598,2025-01-08,1942,2025-01-08T19:00,N,10.49431,77.46686,N,VIIRS,n,0.59,303.12,287.09,16.03000000000003,0,0,2,1,0,1.04,0,-0.9796702185406712,Agricultural Burning,0.8266,0.114,0.0594,0.8266,HIGH,COVERED,,Power Plant,Power Plant,HIGHER_RELEVANCE,1585.8409937644155,0,0,1,Power Plant,,1585.8409937644155,40,Cropland,REAL_CDSE_SUCCESS,REAL_CDSE_SUCCESS,SUCCESS,2025-01-07T05:11:19.024000Z,2025-01-17T05:10:39.024000Z,SUCCESS,SUCCESS,0.4577851175608271,0.480487956701073,-0.0350681561274436,True,VERIFIED,Agricultural Burning,True,2026-09-06T17:19:14Z,phase_5_ml_handoff/final_model.joblib,5909bb546fc55aeffd37b7bb601e96718709fe685e987705b246bb2963279798,phase_4b_ground_truth_v1
FIRMS_TN_0599,599,2025-01-09,828,2025-01-09T08:00,D,9.52238,77.94103,N,VIIRS,n,2.4,340.27,297.21,43.06,1,0,1,1,0,2.4,0,1.4291768239391955,Agricultural Burning,0.674,0.1063,0.2197,0.674,MEDIUM,COVERED,,Other Industrial,Generic Industrial Building,GENERAL_CONTEXT,372.3540664421373,1,1,1,Power Plant,,4073.736289468884,20,Shrubland,MISSING_PRODUCT,CLOUD_REJECTED,MISSING_PRE,,2025-01-17T05:10:39.024000Z,,SUCCESS,,0.467552142731479,,False,UNREVIEWED,,False,2026-09-06T17:19:14Z,phase_5_ml_handoff/final_model.joblib,5909bb546fc55aeffd37b7bb601e96718709fe685e987705b246bb2963279798,phase_4b_ground_truth_v1
FIRMS_TN_0600,600,2025-01-09,1921,2025-01-09T19:00,N,13.16291,80.28133,N,VIIRS,n,1.65,300.03,287.66,12.369999999999948,0,0,23,4,1,29.58,0,-1.84824528336702,Industrial Thermal Activity,0.0507,0.771,0.1783,0.771,HIGH,FAILED_TILE,,Other Industrial,Industrial Area / Zone,GENERAL_CONTEXT,116687.91737992488,0,0,0,Mining & Quarry,,122340.76346560624,50,Built-up,CLOUD_REJECTED,REAL_CDSE_SUCCESS,INSUFFICIENT_VALID_DATA,2025-01-04T05:01:19.024000Z,2025-01-14T05:00:49.024000Z,SUCCESS,SUCCESS,0.1950279683148877,0.1759600806536755,,False,UNREVIEWED,,False,2026-09-06T17:19:14Z,phase_5_ml_handoff/final_model.joblib,5909bb546fc55aeffd37b7bb601e96718709fe685e987705b246bb2963279798,phase_4b_ground_truth_v1
FIRMS_TN_0601,601,2025-01-09,2101,2025-01-09T21:00,N,13.09289,79.98177,N,VIIRS,n,1.06,301.71,287.48,14.22999999999996,0,0,1,1,0,1.06,0,-1.0710961762767863,Agricultural Burning,0.3888,0.3683,0.2428,0.3888,LOW,FAILED_TILE,,Other Industrial,Industrial Area / Zone,GENERAL_CONTEXT,103190.15518352624,0,0,0,Mining & Quarry,,103525.40302174428,10,Tree cover,CLOUD_REJECTED,MISSING_PRODUCT,MISSING_POST,2025-01-04T05:01:19.024000Z,,SUCCESS,,0.437039609549085,,,False,UNREVIEWED,,False,2026-09-06T17:19:14Z,phase_5_ml_handoff/final_model.joblib,5909bb546fc55aeffd37b7bb601e96718709fe685e987705b246bb2963279798,phase_4b_ground_truth_v1
FIRMS_TN_0602,602,2025-01-09,2103,2025-01-09T21:00,N,11.18055,79.09982,N,VIIRS,n,0.89,299.91,286.79,13.120000000000005,0,0,20,6,1,18.59,0,-1.715791130488052,Industrial Thermal Activity,0.0774,0.9159,0.0067,0.9159,HIGH,COVERED,,Other Industrial,Substation & Electrical Infrastructure,CAUTION_LOWER_RELEVANCE,535.6821201531317,0,1,1,Power Plant,,823.6427920976852,50,Built-up,REAL_CDSE_SUCCESS,MISSING_PRODUCT,MISSING_POST,2025-01-04T05:01:19.024000Z,,SUCCESS,,0.4652754081656814,,,False,UNREVIEWED,,False,2026-09-06T17:19:14Z,phase_5_ml_handoff/final_model.joblib,5909bb546fc55aeffd37b7bb601e96718709fe685e987705b246bb2963279798,phase_4b_ground_truth_v1
FIRMS_TN_0603,603,2025-01-10,809,2025-01-10T08:00,D,11.33074,77.31197,N,VIIRS,n,1.4,330.12,297.92,32.19999999999999,1,0,1,1,0,1.4,0,0.7710396104487351,Agricultural Burning,0.6613,0.0527,0.2861,0.6613,MEDIUM,COVERED,Nambiyur,Other Industrial,Substation & Electrical Infrastructure,CAUTION_LOWER_RELEVANCE,2062.6236509596483,0,0,0,Manufacturing & Industrial Works,Malayappalayam EB Sub Station,5032.15220174796,10,Tree cover,REAL_CDSE_SUCCESS,REAL_CDSE_SUCCESS,SUCCESS,2025-01-07T05:11:19.024000Z,2025-01-12T05:11:51.024000Z,SUCCESS,SUCCESS,0.5070632152609431,0.4474653825964998,-0.0122594551051677,False,UNREVIEWED,,False,2026-09-06T17:19:14Z,phase_5_ml_handoff/final_model.joblib,5909bb546fc55aeffd37b7bb601e96718709fe685e987705b246bb2963279798,phase_4b_ground_truth_v1
FIRMS_TN_0604,604,2025-01-10,809,2025-01-10T08:00,D,11.15711,77.16776,N,VIIRS,n,2.44,333.56,298.92,34.639999999999986,1,0,1,1,0,2.44,0,0.9940930108829408,Natural / Wildfire / Other,0.2403,0.0118,0.7479,0.7479,MEDIUM,FAILED_TILE,,Other Industrial,Substation & Electrical Infrastructure,CAUTION_LOWER_RELEVANCE,10134.999251770334,0,0,0,Mining & Quarry,,14284.881121383503,30,Grassland,REAL_CDSE_SUCCESS,REAL_CDSE_SUCCESS,SUCCESS,2025-01-07T05:11:19.024000Z,2025-01-12T05:11:51.024000Z,SUCCESS,SUCCESS,0.4968698884757916,0.4601681106432976,-0.018024150193667,False,UNREVIEWED,,False,2026-09-06T17:19:14Z,phase_5_ml_handoff/final_model.joblib,5909bb546fc55aeffd37b7bb601e96718709fe685e987705b246bb2963279798,phase_4b_ground_truth_v1
FIRMS_TN_0605,605,2025-01-10,809,2025-01-10T08:00,D,9.182,78.58192,N,VIIRS,n,2.61,332.54,291.11,41.43000000000001,1,0,3,3,1,9.78,0,0.9279550840100088,Natural / Wildfire / Other,0.4373,0.06,0.5027,0.5027,MEDIUM,COVERED,,Other Industrial,Substation & Electrical Infrastructure,CAUTION_LOWER_RELEVANCE,5384.859007006112,0,0,0,Power Plant,,5487.138791340857,60,Bare/sparse vegetation,REAL_CDSE_SUCCESS,CLOUD_REJECTED,INSUFFICIENT_VALID_DATA,2025-01-04T05:01:19.024000Z,2025-01-17T05:10:39.024000Z,SUCCESS,SUCCESS,0.2621680300754377,0.1737323539923812,,False,UNREVIEWED,,False,2026-09-06T17:19:14Z,phase_5_ml_handoff/final_model.joblib,5909bb546fc55aeffd37b7bb601e96718709fe685e987705b246bb2963279798,phase_4b_ground_truth_v1
FIRMS_TN_0606,606,2025-01-10,809,2025-01-10T08:00,D,8.61673,77.20992,N,VIIRS,n,6.47,340.59,302.7,37.88999999999999,1,0,1,1,0,6.47,0,1.4499259774679585,Natural / Wildfire / Other,0.2708,0.0,0.7292,0.7292,MEDIUM,COVERED,"Generation Section, Kerala State Electricity Board Limited, Peppara",Power Plant,Power Plant,HIGHER_RELEVANCE,8006.100682837379,0,0,0,Power Plant,"Generation Section, Kerala State Electricity Board Limited, Peppara",8006.100682837379,30,Grassland,REAL_CDSE_SUCCESS,REAL_CDSE_SUCCESS,SUCCESS,2025-01-07T05:11:19.024000Z,2025-01-17T05:10:39.024000Z,SUCCESS,SUCCESS,0.6629318511614539,0.5211927359817795,-0.1563334804375513,True,VERIFIED,Natural/Forest Fire,True,2026-09-06T17:19:14Z,phase_5_ml_handoff/final_model.joblib,5909bb546fc55aeffd37b7bb601e96718709fe685e987705b246bb2963279798,phase_4b_ground_truth_v1
FIRMS_TN_0607,607,2025-01-10,2044,2025-01-10T20:00,N,10.92877,77.06388,N,VIIRS,n,0.65,302.48,289.08,13.400000000000034,0,0,11,3,1,6.7,0,-0.0551082674465778,Agricultural Burning,0.4647,0.3923,0.143,0.4647,LOW,FAILED_TILE,,Power Plant,Power Plant,HIGHER_RELEVANCE,20341.45132040782,0,0,0,Power Plant,,20341.45132040782,40,Cropland,CLOUD_REJECTED,REAL_CDSE_SUCCESS,INSUFFICIENT_VALID_DATA,2025-01-07T05:11:19.024000Z,2025-01-12T05:11:51.024000Z,SUCCESS,SUCCESS,0.4089697456176578,0.3424156187011689,,False,UNREVIEWED,,False,2026-09-06T17:19:14Z,phase_5_ml_handoff/final_model.joblib,5909bb546fc55aeffd37b7bb601e96718709fe685e987705b246bb2963279798,phase_4b_ground_truth_v1
FIRMS_TN_0608,608,2025-01-10,2044,2025-01-10T20:00,N,11.7456,77.78709,N,VIIRS,n,0.79,301.62,289.01,12.610000000000014,0,0,1,1,0,0.79,0,-1.0769318757067494,Agricultural Burning,0.7325,0.199,0.0685,0.7325,MEDIUM,COVERED,Lower Mettur Barrage I Power House,Power Plant,Power Plant,HIGHER_RELEVANCE,2181.9605852789414,0,0,0,Power Plant,Lower Mettur Barrage I Power House,2181.9605852789414,80,Permanent water bodies,REAL_CDSE_SUCCESS,CLOUD_REJECTED,INSUFFICIENT_VALID_DATA,2025-01-07T05:11:19.024000Z,2025-01-12T05:11:51.024000Z,SUCCESS,SUCCESS,0.4207114290017022,0.3144958434015998,,False,UNREVIEWED,,False,2026-09-06T17:19:14Z,phase_5_ml_handoff/final_model.joblib,5909bb546fc55aeffd37b7bb601e96718709fe685e987705b246bb2963279798,phase_4b_ground_truth_v1
FIRMS_TN_0609,609,2025-01-10,2044,2025-01-10T20:00,N,12.99132,79.90599,N,VIIRS,n,0.83,301.2,290.45,10.75,0,0,10,3,1,11.98,0,-0.7561488063359673,Industrial Thermal Activity,0.2291,0.5377,0.2331,0.5377,MEDIUM,FAILED_TILE,,Mining,Mining & Quarry,HIGHER_RELEVANCE,90787.63638155667,0,0,0,Mining & Quarry,,90787.63638155667,10,Tree cover,REAL_CDSE_SUCCESS,MISSING_PRODUCT,MISSING_POST,2025-01-04T05:01:19.024000Z,,SUCCESS,,0.5558574004078105,,,False,UNREVIEWED,,False,2026-09-06T17:19:14Z,phase_5_ml_handoff/final_model.joblib,5909bb546fc55aeffd37b7bb601e96718709fe685e987705b246bb2963279798,phase_4b_ground_truth_v1
FIRMS_TN_0610,610,2025-01-10,2044,2025-01-10T20:00,N,13.16101,80.28852,N,VIIRS,n,1.39,304.68,291.09,13.590000000000032,0,0,23,4,1,29.58,0,-0.4782970329262151,Industrial Thermal Activity,0.0607,0.771,0.1683,0.771,HIGH,FAILED_TILE,,Other Industrial,Industrial Area / Zone,GENERAL_CONTEXT,116732.42276668148,0,0,0,Mining & Quarry,,122516.8371827494,10,Tree cover,CLOUD_REJECTED,REAL_CDSE_SUCCESS,INSUFFICIENT_VALID_DATA,2025-01-04T05:01:19.024000Z,2025-01-14T05:00:49.024000Z,SUCCESS,SUCCESS,0.3455099329820382,0.3875897090224074,,False,UNREVIEWED,,False,2026-09-06T17:19:14Z,phase_5_ml_handoff/final_model.joblib,5909bb546fc55aeffd37b7bb601e96718709fe685e987705b246bb2963279798,phase_4b_ground_truth_v1
FIRMS_TN_0611,611,2025-01-10,2046,2025-01-10T20:00,N,9.31969,77.7392,N,VIIRS,n,1.29,308.59,289.39,19.19999999999999,0,0,1,1,0,1.29,0,-0.6249893754083748,Agricultural Burning,0.4602,0.32,0.2198,0.4602,LOW,FAILED_TILE,,Other Industrial,Industrial Area / Zone,GENERAL_CONTEXT,13480.712290164764,0,0,0,Mining & Quarry,,14147.959352934997,30,Grassland,REAL_CDSE_SUCCESS,CLOUD_REJECTED,INSUFFICIENT_VALID_DATA,2025-01-07T05:11:19.024000Z,2025-01-17T05:10:39.024000Z,SUCCESS,SUCCESS,0.5929936034367596,0.5014456596130652,,False,UNREVIEWED,,False,2026-09-06T17:19:14Z,phase_5_ml_handoff/final_model.joblib,5909bb546fc55aeffd37b7bb601e96718709fe685e987705b246bb2963279798,phase_4b_ground_truth_v1
FIRMS_TN_0612,612,2025-01-10,2046,2025-01-10T20:00,N,9.32282,77.73862,N,VIIRS,n,1.0,304.96,289.68,15.279999999999973,0,0,1,1,0,1.0,0,-0.8603625857502837,Agricultural Burning,0.4627,0.3383,0.199,0.4627,LOW,FAILED_TILE,,Other Industrial,Industrial Area / Zone,GENERAL_CONTEXT,13155.81393413661,0,0,0,Mining & Quarry,,13796.660429800397,20,Shrubland,REAL_CDSE_SUCCESS,CLOUD_REJECTED,INSUFFICIENT_VALID_DATA,2025-01-07T05:11:19.024000Z,2025-01-17T05:10:39.024000Z,SUCCESS,SUCCESS,0.6388429165543664,0.5202089121001525,,False,UNREVIEWED,,False,2026-09-06T17:19:14Z,phase_5_ml_handoff/final_model.joblib,5909bb546fc55aeffd37b7bb601e96718709fe685e987705b246bb2963279798,phase_4b_ground_truth_v1
FIRMS_TN_0613,613,2025-01-11,750,2025-01-11T07:00,D,9.56091,77.25191,N,VIIRS,n,14.13,345.93,289.92,56.00999999999999,1,0,2,1,0,18.82,1,1.7961774769791987,Agricultural Burning,0.5366,0.03,0.4334,0.5366,MEDIUM,COVERED,Suruliyar,Power Plant,Power Plant,HIGHER_RELEVANCE,6977.315033694434,0,0,0,Power Plant,Suruliyar,6977.315033694434,30,Grassland,REAL_CDSE_SUCCESS,REAL_CDSE_SUCCESS,SUCCESS,2025-01-07T05:11:19.024000Z,2025-01-17T05:10:39.024000Z,SUCCESS,SUCCESS,0.7561479780719604,0.6597831186869234,-0.0918543854155266,False,UNREVIEWED,,False,2026-09-06T17:19:14Z,phase_5_ml_handoff/final_model.joblib,5909bb546fc55aeffd37b7bb601e96718709fe685e987705b246bb2963279798,phase_4b_ground_truth_v1
FIRMS_TN_0614,614,2025-01-11,752,2025-01-11T07:00,D,12.0241,79.72982,N,VIIRS,n,3.78,334.81,295.48,39.329999999999984,1,0,1,1,0,3.78,0,1.0751443918546726,Agricultural Burning,0.6205,0.03,0.3495,0.6205,MEDIUM,COVERED,,Other Industrial,Industrial Area / Zone,GENERAL_CONTEXT,3163.182708893656,0,0,0,Power Plant,Solar Power Station,6996.561599172167,10,Tree cover,REAL_CDSE_SUCCESS,MISSING_PRODUCT,MISSING_POST,2025-01-04T05:01:19.024000Z,,SUCCESS,,0.6511946292009765,,,False,UNREVIEWED,,False,2026-09-06T17:19:14Z,phase_5_ml_handoff/final_model.joblib,5909bb546fc55aeffd37b7bb601e96718709fe685e987705b246bb2963279798,phase_4b_ground_truth_v1
FIRMS_TN_0615,615,2025-01-11,2025,2025-01-11T20:00,N,13.39263,80.10065,N,VIIRS,n,0.85,308.65,291.26,17.389999999999986,0,0,21,4,1,22.85,0,0.4530618269054767,Industrial Thermal Activity,0.1007,0.721,0.1783,0.721,MEDIUM,FAILED_TILE,,Other Industrial,Industrial Area / Zone,GENERAL_CONTEXT,137464.3778660218,0,0,0,Mining & Quarry,,139017.9863227927,20,Shrubland,REAL_CDSE_SUCCESS,CLOUD_REJECTED,MISSING_POST,2025-01-04T05:01:19.024000Z,2025-01-14T05:00:49.024000Z,SUCCESS,ALL_PIXELS_MASKED,0.4856332378870134,,,False,UNREVIEWED,,False,2026-09-06T17:19:14Z,phase_5_ml_handoff/final_model.joblib,5909bb546fc55aeffd37b7bb601e96718709fe685e987705b246bb2963279798,phase_4b_ground_truth_v1
FIRMS_TN_0616,616,2025-01-11,2025,2025-01-11T20:00,N,13.15952,80.286,N,VIIRS,n,0.56,306.37,291.33,15.04000000000002,0,0,15,3,1,31.96,0,-0.3107301069797292,Industrial Thermal Activity,0.3023,0.5393,0.1583,0.5393,MEDIUM,FAILED_TILE,,Other Industrial,Industrial Area / Zone,GENERAL_CONTEXT,116488.74887607186,0,0,0,Mining & Quarry,,122242.63084004298,50,Built-up,CLOUD_REJECTED,REAL_CDSE_SUCCESS,INSUFFICIENT_VALID_DATA,2025-01-04T05:01:19.024000Z,2025-01-14T05:00:49.024000Z,SUCCESS,SUCCESS,0.3184624237496662,0.3744326571198105,,False,UNREVIEWED,,False,2026-09-06T17:19:14Z,phase_5_ml_handoff/final_model.joblib,5909bb546fc55aeffd37b7bb601e96718709fe685e987705b246bb2963279798,phase_4b_ground_truth_v1
FIRMS_TN_0617,617,2025-01-11,2025,2025-01-11T20:00,N,12.99868,79.90742,N,VIIRS,n,1.85,322.45,290.6,31.84999999999997,0,0,10,3,1,11.98,0,1.1691042651520864,Industrial Thermal Activity,0.2023,0.4268,0.3709,0.4268,LOW,FAILED_TILE,,Mining,Mining & Quarry,HIGHER_RELEVANCE,91620.51701403188,0,0,0,Mining & Quarry,,91620.51701403188,30,Grassland,REAL_CDSE_SUCCESS,MISSING_PRODUCT,MISSING_POST,2025-01-04T05:01:19.024000Z,,SUCCESS,,0.5078066947096621,,,False,UNREVIEWED,,False,2026-09-06T17:19:14Z,phase_5_ml_handoff/final_model.joblib,5909bb546fc55aeffd37b7bb601e96718709fe685e987705b246bb2963279798,phase_4b_ground_truth_v1
FIRMS_TN_0618,618,2025-01-11,2025,2025-01-11T20:00,N,11.81719,77.91909,N,VIIRS,n,0.81,305.62,291.81,13.810000000000002,0,0,43,8,1,64.3,0,-0.4233579997138938,Industrial Thermal Activity,0.0451,0.9549,0.0,0.9549,HIGH,COVERED,,Other Industrial,Substation & Electrical Infrastructure,CAUTION_LOWER_RELEVANCE,55.980786116685,1,1,1,Steel / Metallurgy,JSW Steel Plant,315.86405458835577,50,Built-up,CLOUD_REJECTED,MISSING_PRODUCT,MISSING_POST,2025-01-07T05:11:19.024000Z,,SUCCESS,,0.4439338495746903,,,False,UNREVIEWED,,False,2026-09-06T17:19:14Z,phase_5_ml_handoff/final_model.joblib,5909bb546fc55aeffd37b7bb601e96718709fe685e987705b246bb2963279798,phase_4b_ground_truth_v1
FIRMS_TN_0619,619,2025-01-11,2025,2025-01-11T20:00,N,11.80929,77.92525,N,VIIRS,n,1.66,321.57,293.01,28.56,0,0,21,6,1,32.72,0,1.5850112778713596,Industrial Thermal Activity,0.0759,0.8891,0.035,0.8891,HIGH,COVERED,,Other Industrial,Substation & Electrical Infrastructure,CAUTION_LOWER_RELEVANCE,367.437102873922,1,1,1,Steel / Metallurgy,JSW Steel Plant,960.3875969956108,50,Built-up,CLOUD_REJECTED,MISSING_PRODUCT,MISSING_POST,2025-01-07T05:11:19.024000Z,,SUCCESS,,0.3809699563199323,,,False,UNREVIEWED,,False,2026-09-06T17:19:14Z,phase_5_ml_handoff/final_model.joblib,5909bb546fc55aeffd37b7bb601e96718709fe685e987705b246bb2963279798,phase_4b_ground_truth_v1
FIRMS_TN_0620,620,2025-01-11,2025,2025-01-11T20:00,N,11.80988,77.92161,N,VIIRS,n,1.57,304.33,292.49,11.839999999999977,0,0,21,6,1,32.72,0,-0.4125432284834554,Industrial Thermal Activity,0.0134,0.9866,0.0,0.9866,HIGH,COVERED,,Other Industrial,Substation & Electrical Infrastructure,CAUTION_LOWER_RELEVANCE,399.7762930175314,1,1,1,Steel / Metallurgy,JSW Steel Plant,632.3960195326256,50,Built-up,CLOUD_REJECTED,MISSING_PRODUCT,MISSING_POST,2025-01-07T05:11:19.024000Z,,SUCCESS,,0.3272079450987921,,,False,UNREVIEWED,,False,2026-09-06T17:19:14Z,phase_5_ml_handoff/final_model.joblib,5909bb546fc55aeffd37b7bb601e96718709fe685e987705b246bb2963279798,phase_4b_ground_truth_v1
FIRMS_TN_0621,621,2025-01-11,2025,2025-01-11T20:00,N,11.54756,77.44373,N,VIIRS,n,1.34,317.43,290.83,26.600000000000023,0,0,2,1,0,2.06,0,-0.0517940091762857,Agricultural Burning,0.503,0.2693,0.2277,0.503,MEDIUM,COVERED,,Other Industrial,Substation & Electrical Infrastructure,CAUTION_LOWER_RELEVANCE,2185.333952637886,0,0,0,Manufacturing & Industrial Works,Coirmedia,9831.879416315443,10,Tree cover,REAL_CDSE_SUCCESS,REAL_CDSE_SUCCESS,SUCCESS,2025-01-07T05:11:19.024000Z,2025-01-12T05:11:51.024000Z,SUCCESS,SUCCESS,0.6094095163810167,0.5729979155176586,-0.0162489996404406,False,UNREVIEWED,,False,2026-09-06T17:19:14Z,phase_5_ml_handoff/final_model.joblib,5909bb546fc55aeffd37b7bb601e96718709fe685e987705b246bb2963279798,phase_4b_ground_truth_v1
FIRMS_TN_0622,622,2025-01-11,2025,2025-01-11T20:00,N,11.54699,77.4473,N,VIIRS,n,0.72,303.58,290.52,13.060000000000002,0,0,2,1,0,2.06,0,-0.9498433103430752,Agricultural Burning,0.5913,0.2027,0.206,0.5913,MEDIUM,COVERED,,Other Industrial,Substation & Electrical Infrastructure,CAUTION_LOWER_RELEVANCE,1855.196262768793,0,0,1,Manufacturing & Industrial Works,Coirmedia,9674.606440289335,10,Tree cover,REAL_CDSE_SUCCESS,REAL_CDSE_SUCCESS,SUCCESS,2025-01-07T05:11:19.024000Z,2025-01-12T05:11:51.024000Z,SUCCESS,SUCCESS,0.6259976691956634,0.5927203177396884,-0.0115414006988175,False,UNREVIEWED,,False,2026-09-06T17:19:14Z,phase_5_ml_handoff/final_model.joblib,5909bb546fc55aeffd37b7bb601e96718709fe685e987705b246bb2963279798,phase_4b_ground_truth_v1
FIRMS_TN_0623,623,2025-01-11,2025,2025-01-11T20:00,N,11.18491,79.09974,N,VIIRS,n,0.6,303.72,290.75,12.970000000000027,0,0,20,6,1,18.59,0,-0.5249423815747585,Industrial Thermal Activity,0.1861,0.8139,0.0,0.8139,HIGH,COVERED,,Other Industrial,Substation & Electrical Infrastructure,CAUTION_LOWER_RELEVANCE,363.9377202729235,1,1,1,Power Plant,,578.2370605985802,50,Built-up,REAL_CDSE_SUCCESS,MISSING_PRODUCT,MISSING_POST,2025-01-04T05:01:19.024000Z,,SUCCESS,,0.4402854831011116,,,False,UNREVIEWED,,False,2026-09-06T17:19:14Z,phase_5_ml_handoff/final_model.joblib,5909bb546fc55aeffd37b7bb601e96718709fe685e987705b246bb2963279798,phase_4b_ground_truth_v1
FIRMS_TN_0624,624,2025-01-11,2025,2025-01-11T20:00,N,11.18139,79.09914,N,VIIRS,n,0.6,302.58,290.04,12.539999999999964,0,0,20,6,1,18.59,0,-0.8812593300685132,Industrial Thermal Activity,0.1961,0.8039,0.0,0.8039,HIGH,COVERED,,Other Industrial,Substation & Electrical Infrastructure,CAUTION_LOWER_RELEVANCE,416.7779194787963,1,1,1,Power Plant,,813.4536503242497,50,Built-up,REAL_CDSE_SUCCESS,MISSING_PRODUCT,MISSING_POST,2025-01-04T05:01:19.024000Z,,SUCCESS,,0.4507227761799573,,,False,UNREVIEWED,,False,2026-09-06T17:19:14Z,phase_5_ml_handoff/final_model.joblib,5909bb546fc55aeffd37b7bb601e96718709fe685e987705b246bb2963279798,phase_4b_ground_truth_v1
FIRMS_TN_0625,625,2025-01-11,2025,2025-01-11T20:00,N,11.43135,77.34455,N,VIIRS,n,1.19,304.69,289.38,15.310000000000002,0,0,2,1,0,2.18,0,-0.8778696840401765,Agricultural Burning,0.5169,0.3279,0.1552,0.5169,MEDIUM,COVERED,,Other Industrial,Substation & Electrical Infrastructure,CAUTION_LOWER_RELEVANCE,2809.197449211644,0,0,0,Manufacturing & Industrial Works,Coirmedia,13841.618412855309,10,Tree cover,REAL_CDSE_SUCCESS,REAL_CDSE_SUCCESS,SUCCESS,2025-01-07T05:11:19.024000Z,2025-01-12T05:11:51.024000Z,SUCCESS,SUCCESS,0.6443434448978458,0.6099239028248826,-0.0221561838062078,False,UNREVIEWED,,False,2026-09-06T17:19:14Z,phase_5_ml_handoff/final_model.joblib,5909bb546fc55aeffd37b7bb601e96718709fe685e987705b246bb2963279798,phase_4b_ground_truth_v1
FIRMS_TN_0626,626,2025-01-11,2025,2025-01-11T20:00,N,10.93856,78.05747,N,VIIRS,n,0.56,302.52,290.59,11.930000000000009,0,0,1,1,0,0.56,0,-1.018574881407104,Agricultural Burning,0.7748,0.119,0.1062,0.7748,HIGH,COVERED,,Other Industrial,Industrial Area / Zone,GENERAL_CONTEXT,1617.737341623469,0,0,1,Power Plant,,2833.847431565123,40,Cropland,REAL_CDSE_SUCCESS,REAL_CDSE_SUCCESS,SUCCESS,2025-01-07T05:11:19.024000Z,2025-01-22T05:11:51.025000Z,SUCCESS,SUCCESS,0.5277870811788489,0.586200869187083,0.0210095225363547,False,UNREVIEWED,,False,2026-09-06T17:19:14Z,phase_5_ml_handoff/final_model.joblib,5909bb546fc55aeffd37b7bb601e96718709fe685e987705b246bb2963279798,phase_4b_ground_truth_v1
FIRMS_TN_0627,627,2025-01-11,2025,2025-01-11T20:00,N,10.13546,77.27298,N,VIIRS,n,0.59,299.05,278.67,20.379999999999995,0,0,7,3,1,47.33,0,-1.425959681168666,Agricultural Burning,0.438,0.2667,0.2953,0.438,LOW,COVERED,,Mining,Mining & Quarry,HIGHER_RELEVANCE,14899.712486015644,0,0,0,Mining & Quarry,,14899.712486015644,10,Tree cover,REAL_CDSE_SUCCESS,REAL_CDSE_SUCCESS,SUCCESS,2025-01-07T05:11:19.024000Z,2025-01-17T05:10:39.024000Z,SUCCESS,SUCCESS,0.6306019753953666,0.5882639788685047,-0.0325270860290495,False,UNREVIEWED,,False,2026-09-06T17:19:14Z,phase_5_ml_handoff/final_model.joblib,5909bb546fc55aeffd37b7bb601e96718709fe685e987705b246bb2963279798,phase_4b_ground_truth_v1
FIRMS_TN_0628,628,2025-01-12,733,2025-01-12T07:00,D,11.37917,77.05492,N,VIIRS,n,3.97,343.89,293.35,50.53999999999997,1,0,1,1,0,3.97,0,1.6639016232333312,Agricultural Burning,0.539,0.0228,0.4382,0.539,MEDIUM,FAILED_TILE,,Power Plant,Power Plant,HIGHER_RELEVANCE,23944.535518872828,0,0,0,Power Plant,,23944.535518872828,10,Tree cover,REAL_CDSE_SUCCESS,REAL_CDSE_SUCCESS,SUCCESS,2025-01-07T05:11:19.024000Z,2025-01-22T05:11:51.025000Z,SUCCESS,SUCCESS,0.6250743221431041,0.5461017923356031,-0.1452510782390229,False,UNREVIEWED,,False,2026-09-06T17:19:14Z,phase_5_ml_handoff/final_model.joblib,5909bb546fc55aeffd37b7bb601e96718709fe685e987705b246bb2963279798,phase_4b_ground_truth_v1
FIRMS_TN_0629,629,2025-01-12,2006,2025-01-12T20:00,N,13.11165,79.79388,N,VIIRS,n,0.27,303.36,289.77,13.590000000000032,0,0,1,1,0,0.27,0,-0.9641083533940982,Agricultural Burning,0.6583,0.1412,0.2005,0.6583,MEDIUM,FAILED_TILE,,Mining,Mining & Quarry,HIGHER_RELEVANCE,102836.65599641373,0,0,0,Mining & Quarry,,102836.65599641373,50,Built-up,REAL_CDSE_SUCCESS,MISSING_PRODUCT,MISSING_POST,2025-01-04T05:01:19.024000Z,,SUCCESS,,0.5541218767524405,,,False,UNREVIEWED,,False,2026-09-06T17:19:14Z,phase_5_ml_handoff/final_model.joblib,5909bb546fc55aeffd37b7bb601e96718709fe685e987705b246bb2963279798,phase_4b_ground_truth_v1
FIRMS_TN_0630,630,2025-01-12,2006,2025-01-12T20:00,N,13.08312,79.98172,N,VIIRS,n,0.82,303.24,290.26,12.980000000000018,0,0,11,3,1,15.69,0,-0.4826337762020902,Industrial Thermal Activity,0.1832,0.6093,0.2074,0.6093,MEDIUM,FAILED_TILE,,Other Industrial,Industrial Area / Zone,GENERAL_CONTEXT,102104.31780744142,0,0,0,Mining & Quarry,,102467.9923037477,20,Shrubland,CLOUD_REJECTED,MISSING_PRODUCT,MISSING_POST,2025-01-04T05:01:19.024000Z,,SUCCESS,,0.3908501484305953,,,False,UNREVIEWED,,False,2026-09-06T17:19:14Z,phase_5_ml_handoff/final_model.joblib,5909bb546fc55aeffd37b7bb601e96718709fe685e987705b246bb2963279798,phase_4b_ground_truth_v1
FIRMS_TN_0631,631,2025-01-12,2006,2025-01-12T20:00,N,13.09624,79.75659,N,VIIRS,n,0.51,307.02,290.33,16.689999999999998,0,0,2,1,0,0.93,0,-0.7267899099088696,Agricultural Burning,0.6444,0.1412,0.2144,0.6444,MEDIUM,FAILED_TILE,,Mining,Mining & Quarry,HIGHER_RELEVANCE,101057.05693476864,0,0,0,Mining & Quarry,,101057.05693476864,20,Shrubland,CLOUD_REJECTED,MISSING_PRODUCT,MISSING_POST,2025-01-04T05:01:19.024000Z,,SUCCESS,,0.3406198794653935,,,False,UNREVIEWED,,False,2026-09-06T17:19:14Z,phase_5_ml_handoff/final_model.joblib,5909bb546fc55aeffd37b7bb601e96718709fe685e987705b246bb2963279798,phase_4b_ground_truth_v1
FIRMS_TN_0632,632,2025-01-12,2008,2025-01-12T20:00,N,11.81623,77.91869,N,VIIRS,n,0.52,299.48,287.58,11.900000000000034,0,0,43,8,1,64.3,0,-1.2071937576694434,Industrial Thermal Activity,0.2031,0.7969,0.0,0.7969,HIGH,COVERED,,Other Industrial,Substation & Electrical Infrastructure,CAUTION_LOWER_RELEVANCE,110.426293864994,1,1,1,Steel / Metallurgy,JSW Steel Plant,201.10470488028693,50,Built-up,CLOUD_REJECTED,REAL_CDSE_SUCCESS,INSUFFICIENT_VALID_DATA,2025-01-07T05:11:19.024000Z,2025-01-27T05:10:09.024000Z,SUCCESS,SUCCESS,0.4056094809450511,0.3868200132010531,,False,UNREVIEWED,,False,2026-09-06T17:19:14Z,phase_5_ml_handoff/final_model.joblib,5909bb546fc55aeffd37b7bb601e96718709fe685e987705b246bb2963279798,phase_4b_ground_truth_v1
