latitude,longitude,brightness,scan,track,acq_date,acq_time,satellite,instrument,confidence,version,bright_t31,frp,daynight,satellite_source,index_right,osm_id,osm_type,facility_type,name,operator,distance_to_facility_m,near_industrial_500m,near_industrial_1000m,near_industrial_2000m,near_industrial_5000m,distance_to_facility_km,industrial_facility_present,facility_type_code,day_of_year,month,year,hour,is_day,is_forest_fire_season,is_stubble_burning_season,brightness_difference,frp_brightness_ratio,log_frp,confidence_numeric,is_n20,is_suomi_npp,grid_lat,grid_lon,grid_id,grid_active_days,grid_detection_count,grid_total_frp,grid_brightness_mean,grid_brightness_std,grid_frp_mean,grid_frp_std,grid_n,brightness_zscore_local,frp_zscore_local,used_local_baseline,high_brightness_flag_local,high_frp_flag_local,persistent_location_flag,row_id,landcover_code,landcover_class,weak_label,predicted_class,predicted_class_confidence
11.65394,78.02792,311.1,0.4,0.6,2024-11-01,1940,N20,VIIRS,n,2.0NRT,287.43,1.16,N,VIIRS_N20,24,100024,node,Power Plant,Thermal Power Station #25,,18522.734247961016,0,0,0,0,18.522734247961015,1,1,306,11,2024,19,0,0,1,23.670000000000016,0.003728704596592735,0.7701082216960736,1.0,1,0,11.65,78.02,11.65_78.02,1,2,2.46,309.895,1.704127342659577,1.23,0.09899494936611673,2,-0.4622382024171344,-0.5061795768860088,0,0,0,0,0,10.0,Tree cover,Other/Unclassified,Other/Unclassified,0.6039379643353594
9.29417,79.06924,338.83,0.47,0.48,2024-11-02,826,N20,VIIRS,n,2.0NRT,289.06,5.15,D,VIIRS_N20,21,100021,node,Oil & Gas,Petroleum Refinery #22,,143928.1446296491,0,0,0,0,143.9281446296491,1,7,307,11,2024,8,1,0,1,49.76999999999998,0.015199362512174248,1.8164520818184267,1.0,1,0,9.290000000000001,79.06,9.29_79.06,1,2,10.56,337.935,1.2657211383238944,5.28,0.1838477631085022,2,1.3358056330597607,1.2420223292711734,0,0,0,0,1,10.0,Tree cover,Other/Unclassified,Other/Unclassified,0.467057400029955
10.26853,78.83812,331.76,0.4,0.37,2024-11-03,807,N20,VIIRS,n,2.0NRT,298.6,2.77,D,VIIRS_N20,3,100003,node,Oil & Gas,Petroleum Refinery #4,,57924.03804367205,0,0,0,0,57.92403804367205,1,7,308,11,2024,8,1,0,1,33.15999999999997,0.008349409211478177,1.3270750014599193,1.0,1,0,10.26,78.83,10.26_78.83,1,1,2.77,331.76,,2.77,,1,0.8773790222836463,0.1992352273528542,0,0,0,0,2,40.0,Cropland,Agricultural Burning,Agricultural Burning,0.9640556361564279
11.18232,79.09965,304.79,0.54,0.51,2024-11-03,2042,N20,VIIRS,n,2.0NRT,290.01,1.14,N,VIIRS_N20,12,100012,node,Power Plant,Thermal Power Station #13,,25675.295734245487,0,0,0,0,25.675295734245488,1,1,308,11,2024,20,0,0,1,14.78000000000003,0.003740280192919715,0.76080582903376,1.0,1,0,11.18,79.09,11.18_79.09,10,20,18.59,305.3995,3.199398751081369,0.9295,0.2404267040076872,20,-0.19050454395344216,0.8755267051919057,1,0,0,1,3,10.0,Tree cover,Other/Unclassified,Other/Unclassified,0.9649895527231055
13.20969,79.91416,333.19,0.4,0.37,2024-11-04,750,N20,VIIRS,n,2.0NRT,303.03,4.01,D,VIIRS_N20,17,100017,node,Warehouse/Depot,Logistics Hub #18,,122418.70781173729,0,0,0,0,122.41870781173729,1,4,309,11,2024,7,1,0,1,30.160000000000025,0.01203517512530388,1.6114359150967734,1.0,1,0,13.200000000000001,79.91,13.2_79.91,1,1,4.01,333.19,,4.01,,1,0.9701018021153079,0.7425360703691212,0,0,0,0,4,40.0,Cropland,Agricultural Burning,Agricultural Burning,0.9744576467087505
12.2742,79.54851,337.36,0.42,0.37,2024-11-04,750,N20,VIIRS,n,2.0NRT,298.09,5.64,D,VIIRS_N20,17,100017,node,Warehouse/Depot,Logistics Hub #18,,50182.50990692632,0,0,0,0,50.18250990692632,1,4,309,11,2024,7,1,0,1,39.27000000000004,0.016718046004268437,1.8931119634883424,1.0,1,0,12.27,79.54,12.27_79.54,1,1,5.64,337.36,,5.64,,1,1.240489209037006,1.456713791430827,0,0,0,0,5,40.0,Cropland,Agricultural Burning,Agricultural Burning,0.9953049566389376
12.2748,79.55231,338.19,0.42,0.37,2024-11-04,750,N20,VIIRS,n,2.0NRT,297.67,5.52,D,VIIRS_N20,17,100017,node,Warehouse/Depot,Logistics Hub #18,,50548.42166498003,0,0,0,0,50.548421664980026,1,4,309,11,2024,7,1,0,1,40.51999999999998,0.016322185753570476,1.8748743759385615,1.0,1,0,12.27,79.55,12.27_79.55,1,1,5.52,338.19,,5.52,,1,1.294307326002235,1.4041362904937689,0,0,0,0,6,40.0,Cropland,Agricultural Burning,Agricultural Burning,0.9923911808533624
11.18312,79.09965,309.46,0.43,0.38,2024-11-04,2025,N20,VIIRS,n,2.0NRT,293.88,1.23,N,VIIRS_N20,12,100012,node,Power Plant,Thermal Power Station #13,,25587.315621385544,0,0,0,0,25.587315621385542,1,1,309,11,2024,20,0,0,1,15.579999999999984,0.003974665546435727,0.8020015854720274,1.0,1,0,11.18,79.09,11.18_79.09,10,20,18.59,305.3995,3.199398751081369,0.9295,0.2404267040076872,20,1.2691447099638882,1.2498611634687304,1,0,0,1,7,10.0,Tree cover,Other/Unclassified,Other/Unclassified,0.9366351866030062
11.81736,77.91756,305.68,0.39,0.37,2024-11-04,2025,N20,VIIRS,n,2.0NRT,290.19,1.06,N,VIIRS_N20,15,100015,node,Oil & Gas,Petroleum Refinery #16,,14066.20495351418,0,0,0,0,14.06620495351418,1,7,309,11,2024,20,0,0,1,15.490000000000009,0.0034676786181627845,0.7227059828014898,1.0,1,0,11.81,77.91,11.81_77.91,20,43,64.3,308.93627906976747,7.833273664389497,1.4953488372093022,0.7060599894829163,43,-0.4156983668999956,-0.616589020329746,1,0,0,1,8,40.0,Cropland,Other/Unclassified,Other/Unclassified,0.8219969584219112
12.87509,79.88728,309.2,0.45,0.39,2024-11-04,2025,N20,VIIRS,n,2.0NRT,293.36,1.03,N,VIIRS_N20,17,100017,node,Warehouse/Depot,Logistics Hub #18,,97287.92210642954,0,0,0,0,97.28792210642955,1,4,309,11,2024,20,0,0,1,15.839999999999975,0.00333117723156533,0.708035793053696,1.0,1,0,12.870000000000001,79.88,12.87_79.88,2,4,3.84,310.74,13.360541406195594,0.96,0.6774953874381728,4,-0.5854363014941689,-0.5631385362344883,0,0,0,0,9,20.0,Shrubland,Other/Unclassified,Other/Unclassified,0.6155947967491235
13.06476,80.18575,306.06,0.46,0.39,2024-11-04,2025,N20,VIIRS,n,2.0NRT,293.85,2.09,N,VIIRS_N20,17,100017,node,Warehouse/Depot,Logistics Hub #18,,135972.093741403,0,0,0,0,135.972093741403,1,4,309,11,2024,20,0,0,1,12.20999999999998,0.00682872639351761,1.128171090909654,1.0,1,0,13.06,80.18,13.06_80.18,6,7,5.2,303.98285714285714,2.463112626236104,0.7428571428571429,0.5984901638209905,7,0.8432999916520072,2.2509022513288786,1,0,1,1,10,10.0,Tree cover,Other/Unclassified,Other/Unclassified,0.8352455576034651
9.29705,79.31593,329.73,0.59,0.53,2024-11-05,730,N20,VIIRS,n,2.0NRT,295.11,2.52,D,VIIRS_N20,5,100005,node,Warehouse/Depot,Logistics Hub #6,,138617.32373156992,0,0,0,0,138.6173237315699,1,4,310,11,2024,7,1,0,1,34.620000000000005,0.007642616686379765,1.2584609896100056,1.0,1,0,9.290000000000001,79.31,9.29_79.31,1,1,2.52,329.73,,2.52,,1,0.7457515795855557,0.08969876706731648,0,0,0,0,11,10.0,Tree cover,Other/Unclassified,Other/Unclassified,0.5427804559205364
13.2005,79.68807,331.87,0.48,0.48,2024-11-05,730,N20,VIIRS,n,2.0NRT,298.38,3.07,D,VIIRS_N20,17,100017,node,Warehouse/Depot,Logistics Hub #18,,105557.61660494178,0,0,0,0,105.55761660494178,1,4,310,11,2024,7,1,0,1,33.49000000000001,0.009250610178684424,1.4036429994545037,1.0,1,0,13.200000000000001,79.68,13.2_79.68,1,1,3.07,331.87,,3.07,,1,0.8845115438091596,0.33067897969549936,0,0,0,0,12,80.0,Permanent water bodies,Other/Unclassified,Agricultural Burning,0.8611231651971967
12.7964,79.38124,334.25,0.51,0.49,2024-11-05,730,N20,VIIRS,n,2.0NRT,294.0,2.81,D,VIIRS_N20,17,100017,node,Warehouse/Depot,Logistics Hub #18,,49681.2045931656,0,0,0,0,49.6812045931656,1,4,310,11,2024,7,1,0,1,40.25,0.008406881077038145,1.3376291891386096,1.0,1,0,12.790000000000001,79.38,12.79_79.38,1,1,2.81,334.25,,2.81,,1,1.0388333731793367,0.21676106099854026,0,0,0,0,13,40.0,Cropland,Agricultural Burning,Agricultural Burning,0.9725255637752255
11.71039,79.35712,331.85,0.53,0.5,2024-11-05,730,N20,VIIRS,n,2.0NRT,297.89,2.31,D,VIIRS_N20,12,100012,node,Power Plant,Thermal Power Station #13,,45563.73862879325,0,0,0,0,45.56373862879325,1,1,310,11,2024,7,1,0,1,33.960000000000036,0.006960976344734067,1.1969481893889715,1.0,1,0,11.71,79.35000000000001,11.71_79.35,1,1,2.31,331.85,,2.31,,1,0.883214721713613,-0.0023118595725351806,0,0,0,0,14,10.0,Tree cover,Other/Unclassified,Other/Unclassified,0.5674753854152151
10.65226,78.76717,336.8,0.61,0.53,2024-11-05,730,N20,VIIRS,n,2.0NRT,295.25,7.76,D,VIIRS_N20,20,100020,node,Chemical,Chemical Processing Unit #21,,31990.164356835707,0,0,0,0,31.990164356835706,1,9,310,11,2024,7,1,0,1,41.55000000000001,0.023040380047505936,2.1701959049483,1.0,1,0,10.65,78.76,10.65_78.76,1,1,7.76,336.8,,7.76,,1,1.2041781903616702,2.385582974652187,0,0,1,0,15,40.0,Cropland,Agricultural Burning,Agricultural Burning,0.9489515424791525
10.44508,79.01453,338.77,0.59,0.53,2024-11-05,730,N20,VIIRS,n,2.0NRT,296.08,4.65,D,VIIRS_N20,3,100003,node,Oil & Gas,Petroleum Refinery #4,,30504.303976393083,0,0,0,0,30.504303976393082,1,7,310,11,2024,7,1,0,1,42.69,0.013726126870738261,1.7316555451583497,1.0,1,0,10.44,79.01,10.44_79.01,2,2,8.72,334.015,6.724585489084061,4.36,0.4101219330881976,2,1.3319151667731175,1.022949408700098,0,0,0,0,16,10.0,Tree cover,Other/Unclassified,Other/Unclassified,0.47915582299670895
13.39262,80.10134,309.67,0.41,0.37,2024-11-05,2004,N20,VIIRS,n,2.0NRT,294.2,1.09,N,VIIRS_N20,17,100017,node,Warehouse/Depot,Logistics Hub #18,,151163.26265598112,0,0,0,0,151.16326265598113,1,4,310,11,2024,20,0,0,1,15.470000000000027,0.0035198759970290956,0.7371640659767197,1.0,1,0,13.39,80.10000000000001,13.39_80.1,10,21,22.85,306.8885714285714,3.8878326683568587,1.0880952380952382,0.5611026559161795,21,0.7154187972303154,0.003394676330041106,1,0,0,1,17,40.0,Cropland,Other/Unclassified,Other/Unclassified,0.7824055939812175
13.39318,80.0746,307.13,0.41,0.37,2024-11-05,2004,N20,VIIRS,n,2.0NRT,293.17,0.93,N,VIIRS_N20,17,100017,node,Warehouse/Depot,Logistics Hub #18,,149156.77478563105,0,0,0,0,149.15677478563106,1,4,310,11,2024,20,0,0,1,13.95999999999998,0.0030280337316445807,0.6575200029167941,1.0,1,0,13.39,80.07000000000001,13.39_80.07,3,5,2.66,306.43600000000004,1.9684714882365275,0.532,0.24863628053846043,5,0.35255781155442895,1.6007317964138994,1,0,0,1,18,40.0,Cropland,Other/Unclassified,Agricultural Burning,0.5472299352595749
13.16125,80.28574,306.53,0.4,0.37,2024-11-05,2004,N20,VIIRS,n,2.0NRT,294.31,2.17,N,VIIRS_N20,17,100017,node,Warehouse/Depot,Logistics Hub #18,,150857.21697287934,0,0,0,0,150.85721697287934,1,4,310,11,2024,20,0,0,1,12.21999999999997,0.007079241836035625,1.1537315878891892,1.0,1,0,13.16,80.28,13.16_80.28,13,23,29.58,306.30347826086955,3.394288797773065,1.286086956521739,0.5416619134280146,23,0.06673614198032769,1.6318537847422987,1,0,0,1,19,40.0,Cropland,Other/Unclassified,Other/Unclassified,0.8037118050637347
12.64997,77.90159,303.67,0.5,0.41,2024-11-05,2004,N20,VIIRS,n,2.0NRT,290.7,0.53,N,VIIRS_N20,6,100006,node,Power Plant,Thermal Power Station #7,,53766.67140419328,0,0,0,0,53.76667140419328,1,1,310,11,2024,20,0,0,1,12.970000000000027,0.0017453156386867323,0.4252677354043441,1.0,1,0,12.64,77.9,12.64_77.9,2,2,6.23,320.055,23.17188921948315,3.115,3.6557420587344507,2,-0.9440076109131085,-0.7822114568055637,0,0,0,0,20,40.0,Cropland,Agricultural Burning,Agricultural Burning,0.6353937828467612
12.65149,77.90409,307.14,0.5,0.41,2024-11-05,2004,N20,VIIRS,n,2.0NRT,290.66,0.73,N,VIIRS_N20,6,100006,node,Power Plant,Thermal Power Station #7,,53922.850305067026,0,0,0,0,53.92285030506702,1,1,310,11,2024,20,0,0,1,16.47999999999996,0.0023767662955004234,0.5481214085096876,1.0,1,0,12.65,77.9,12.65_77.9,3,4,4.51,305.81,6.968428804257114,1.1275,0.8083470789209298,4,-0.719008977335583,-0.6945822885771336,0,0,0,1,21,40.0,Cropland,Other/Unclassified,Agricultural Burning,0.5932797983887603
11.18193,79.09972,305.49,0.42,0.38,2024-11-05,2004,N20,VIIRS,n,2.0NRT,293.98,0.89,N,VIIRS_N20,12,100012,node,Power Plant,Thermal Power Station #13,,25719.14441609224,0,0,0,0,25.71914441609224,1,1,310,11,2024,20,0,0,1,11.509999999999991,0.002913352319224852,0.636576829071551,1.0,1,0,11.18,79.09,11.18_79.09,10,20,18.59,305.3995,3.199398751081369,0.9295,0.2404267040076872,20,0.02828656477078132,-0.16429123446593952,1,0,0,1,22,20.0,Shrubland,Other/Unclassified,Other/Unclassified,0.9579945218312156
10.44399,79.01185,329.26,0.65,0.73,2024-11-06,852,N20,VIIRS,n,2.0NRT,296.96,4.07,D,VIIRS_N20,3,100003,node,Oil & Gas,Petroleum Refinery #4,,30809.780323113257,0,0,0,0,30.809780323113255,1,7,311,11,2024,8,1,0,1,32.30000000000001,0.01236105205612586,1.623340817603092,1.0,1,0,10.44,79.01,10.44_79.01,2,2,8.72,334.015,6.724585489084061,4.36,0.4101219330881976,2,0.7152762603401828,0.7688248208376505,0,0,0,0,23,40.0,Cropland,Agricultural Burning,Agricultural Burning,0.7707750805991981
13.08217,79.97812,305.51,0.49,0.48,2024-11-06,1946,N20,VIIRS,n,2.0NRT,289.63,1.13,N,VIIRS_N20,17,100017,node,Warehouse/Depot,Logistics Hub #18,,118349.17516364552,0,0,0,0,118.34917516364551,1,4,311,11,2024,19,0,0,1,15.879999999999995,0.003698733265686884,0.7561219797213337,1.0,1,0,13.08,79.97,13.08_79.97,7,10,14.08,306.96,4.861099555541813,1.408,0.9192847461175697,10,-0.29828642335599587,-0.3024090208981297,1,0,0,1,24,40.0,Cropland,Other/Unclassified,Other/Unclassified,0.7764627814091988
13.08157,79.98259,306.65,0.49,0.48,2024-11-06,1946,N20,VIIRS,n,2.0NRT,289.54,1.15,N,VIIRS_N20,17,100017,node,Warehouse/Depot,Logistics Hub #18,,118695.16289794845,0,0,0,0,118.69516289794845,1,4,311,11,2024,19,0,0,1,17.109999999999957,0.0037502038154247513,0.7654678421395714,1.0,1,0,13.08,79.98,13.08_79.98,5,11,15.69,308.31363636363636,10.512393897421513,1.4263636363636363,2.15390934222995,11,-0.15825475908436454,-0.12830792408259678,1,0,0,1,25,10.0,Tree cover,Other/Unclassified,Other/Unclassified,0.96537484356602
12.11268,79.59145,332.93,0.53,0.42,2024-11-08,813,N20,VIIRS,n,2.0NRT,300.65,4.24,D,VIIRS_N20,17,100017,node,Warehouse/Depot,Logistics Hub #18,,62668.110632165764,0,0,0,0,62.668110632165764,1,4,313,11,2024,8,1,0,1,32.28000000000003,0.012735409845913556,1.6563214983329508,1.0,1,0,12.11,79.59,12.11_79.59,1,1,4.24,332.93,,4.24,,1,0.9532431148731882,0.843309613831816,0,0,0,0,26,20.0,Shrubland,Other/Unclassified,Other/Unclassified,0.4608995846844478
12.97006,79.91603,320.27,0.37,0.58,2024-11-08,2048,N20,VIIRS,n,2.0NRT,278.03,1.46,N,VIIRS_N20,17,100017,node,Warehouse/Depot,Logistics Hub #18,,105573.81929512243,0,0,0,0,105.57381929512243,1,4,313,11,2024,20,0,0,1,42.24000000000001,0.0045586536359946295,0.9001613499442714,1.0,1,0,12.97,79.91,12.97_79.91,2,2,2.61,310.315,14.07849601342414,1.305,0.21920310216782976,2,0.13235472839148724,-0.37473582454336346,0,0,0,0,27,10.0,Tree cover,Other/Unclassified,Other/Unclassified,0.5346766893657064
11.81808,77.91673,300.71,0.56,0.52,2024-11-08,2048,N20,VIIRS,n,2.0NRT,281.62,1.01,N,VIIRS_N20,15,100015,node,Oil & Gas,Petroleum Refinery #16,,14077.147475770791,0,0,0,0,14.077147475770792,1,7,313,11,2024,20,0,0,1,19.089999999999975,0.003358717701439926,0.6981347220709844,1.0,1,0,11.81,77.91,11.81_77.91,20,43,64.3,308.93627906976747,7.833273664389497,1.4953488372093022,0.7060599894829163,43,-1.0501712849845415,-0.6874045328141989,1,0,0,1,28,40.0,Cropland,Other/Unclassified,Other/Unclassified,0.8323591695575799
11.81653,77.91456,300.69,0.56,0.52,2024-11-08,2048,N20,VIIRS,n,2.0NRT,279.36,1.23,N,VIIRS_N20,15,100015,node,Oil & Gas,Petroleum Refinery #16,,13799.630813550903,0,0,0,0,13.799630813550902,1,7,313,11,2024,20,0,0,1,21.329999999999984,0.004090591639229772,0.8020015854720274,1.0,1,0,11.81,77.91,11.81_77.91,20,43,64.3,308.93627906976747,7.833273664389497,1.4953488372093022,0.7060599894829163,43,-1.052724495922505,-0.375816277882607,1,0,0,1,29,40.0,Cropland,Other/Unclassified,Other/Unclassified,0.8438723002630966
11.18483,79.0995,302.91,0.35,0.56,2024-11-08,2048,N20,VIIRS,n,2.0NRT,279.77,0.85,N,VIIRS_N20,12,100012,node,Power Plant,Thermal Power Station #13,,25397.206377131617,0,0,0,0,25.397206377131617,1,1,313,11,2024,20,0,0,1,23.140000000000043,0.0028061140272688254,0.6151856390902334,1.0,1,0,11.18,79.09,11.18_79.09,10,20,18.59,305.3995,3.199398751081369,0.9295,0.2404267040076872,20,-0.7781149502413648,-0.33066210481119496,1,0,0,1,30,10.0,Tree cover,Other/Unclassified,Other/Unclassified,0.9452381091929986
13.16331,80.28699,309.23,0.38,0.59,2024-11-08,2048,N20,VIIRS,n,2.0NRT,285.26,0.96,N,VIIRS_N20,17,100017,node,Warehouse/Depot,Logistics Hub #18,,151094.47500281638,0,0,0,0,151.09447500281638,1,4,313,11,2024,20,0,0,1,23.970000000000027,0.0031044853345406328,0.6729444732424258,1.0,1,0,13.16,80.28,13.16_80.28,13,23,29.58,306.30347826086955,3.394288797773065,1.286086956521739,0.5416619134280146,23,0.8621899648169318,-0.6020119717445762,1,0,0,1,31,30.0,Grassland,Other/Unclassified,Other/Unclassified,0.9489613097308113
13.08252,79.97832,310.31,0.37,0.58,2024-11-08,2048,N20,VIIRS,n,2.0NRT,286.86,0.91,N,VIIRS_N20,17,100017,node,Warehouse/Depot,Logistics Hub #18,,118390.07774157244,0,0,0,0,118.39007774157244,1,4,313,11,2024,20,0,0,1,23.44999999999999,0.002932551319648094,0.6471032420585384,1.0,1,0,13.08,79.97,13.08_79.97,7,10,14.08,306.96,4.861099555541813,1.408,0.9192847461175697,10,0.6891444953397248,-0.5417255122563617,1,0,0,1,32,10.0,Tree cover,Other/Unclassified,Other/Unclassified,0.9535309412809414
12.96966,79.91622,315.4,0.37,0.58,2024-11-08,2048,N20,VIIRS,n,2.0NRT,277.86,1.12,N,VIIRS_N20,17,100017,node,Warehouse/Depot,Logistics Hub #18,,105565.84336731947,0,0,0,0,105.56584336731947,1,4,313,11,2024,20,0,0,1,37.539999999999964,0.0035510462904248578,0.7514160886839212,1.0,1,0,12.96,79.91,12.96_79.91,2,5,3.6100000000000003,306.96,7.26333601040182,0.7220000000000001,0.3025227264190246,5,1.1620004895702303,1.3156036398030133,1,0,0,0,33,40.0,Cropland,Agricultural Burning,Agricultural Burning,0.9413126401995437
11.38716,78.70573,330.54,0.4,0.37,2024-11-09,756,N20,VIIRS,n,2.0NRT,279.55,2.52,D,VIIRS_N20,23,100023,node,Warehouse/Depot,Logistics Hub #24,,34375.571101395995,0,0,0,0,34.375571101396,1,4,314,11,2024,7,1,0,1,50.99000000000001,0.007623888182973316,1.2584609896100056,1.0,1,0,11.38,78.7,11.38_78.7,1,1,2.52,330.54,,2.52,,1,0.798272874455238,0.08969876706731648,0,0,0,0,34,40.0,Cropland,Agricultural Burning,Agricultural Burning,0.9508331609131188
11.39555,77.11979,341.93,0.46,0.39,2024-11-09,756,N20,VIIRS,n,2.0NRT,301.53,4.78,D,VIIRS_N20,14,100014,node,Chemical,Chemical Processing Unit #15,,60749.72066038582,0,0,0,0,60.74972066038582,1,9,314,11,2024,7,1,0,1,40.400000000000034,0.013979469482057732,1.7544036826842861,1.0,1,0,11.39,77.11,11.39_77.11,1,2,7.32,336.365,7.87009847460627,3.66,1.5839191898578666,2,1.536813057869657,1.0799083680485775,0,0,0,0,35,40.0,Cropland,Agricultural Burning,Agricultural Burning,0.8477713598156899
12.29479,78.40997,330.79,0.4,0.37,2024-11-09,756,N20,VIIRS,n,2.0NRT,293.83,2.87,D,VIIRS_N20,19,100019,node,Manufacturing,Textile Mill #20,,47332.69760352979,0,0,0,0,47.332697603529795,1,3,314,11,2024,7,1,0,1,36.960000000000036,0.008676199401432933,1.3532545070416904,1.0,1,0,12.290000000000001,78.4,12.29_78.4,1,1,2.87,330.79,,2.87,,1,0.8144831506495843,0.24304981146706933,0,0,0,0,36,30.0,Grassland,Other/Unclassified,Other/Unclassified,0.43248468750272406
12.76743,77.78644,334.85,0.42,0.38,2024-11-09,756,N20,VIIRS,n,2.0NRT,299.92,2.54,D,VIIRS_N20,6,100006,node,Power Plant,Thermal Power Station #7,,68384.36748203606,0,0,0,0,68.38436748203605,1,1,314,11,2024,7,1,0,1,34.93000000000001,0.007585486038524712,1.264126727145683,1.0,1,0,12.76,77.78,12.76_77.78,2,7,22.13,341.06142857142856,4.102866593701787,3.1614285714285715,1.1286928807464054,7,-1.5139240893095471,-0.5505736609392099,1,0,0,0,37,40.0,Cropland,Agricultural Burning,Agricultural Burning,0.9351484917297052
12.79986,77.9681,329.83,0.41,0.37,2024-11-09,756,N20,VIIRS,n,2.0NRT,302.07,2.37,D,VIIRS_N20,6,100006,node,Power Plant,Thermal Power Station #7,,70464.4356378183,0,0,0,0,70.4644356378183,1,1,314,11,2024,7,1,0,1,27.75999999999999,0.007185519813237123,1.2149127443642704,1.0,1,0,12.790000000000001,77.96000000000001,12.79_77.96,1,1,2.37,329.83,,2.37,,1,0.752235690063292,0.023976890895993894,0,0,0,0,38,10.0,Tree cover,Other/Unclassified,Other/Unclassified,0.5603928812690786
13.08321,79.9809,304.64,0.54,0.42,2024-11-09,2029,N20,VIIRS,n,2.0NRT,285.62,0.83,N,VIIRS_N20,17,100017,node,Warehouse/Depot,Logistics Hub #18,,118659.48227337518,0,0,0,0,118.65948227337518,1,4,314,11,2024,20,0,0,1,19.019999999999982,0.0027245273109243696,0.6043159668533294,1.0,1,0,13.08,79.98,13.08_79.98,5,11,15.69,308.31363636363636,10.512393897421513,1.4263636363636363,2.15390934222995,11,-0.34945764014202785,-0.276874994072972,1,0,0,1,39,40.0,Cropland,Other/Unclassified,Other/Unclassified,0.7711960202245316
12.65022,77.90694,301.68,0.43,0.38,2024-11-09,2029,N20,VIIRS,n,2.0NRT,283.78,0.72,N,VIIRS_N20,6,100006,node,Power Plant,Thermal Power Station #7,,53770.39427396158,0,0,0,0,53.77039427396158,1,1,314,11,2024,20,0,0,1,17.900000000000034,0.0023866348448687348,0.5423242908253617,1.0,1,0,12.65,77.9,12.65_77.9,3,4,4.51,305.81,6.968428804257114,1.1275,0.8083470789209298,4,-1.0730414094201062,-0.6989637469885551,0,0,0,1,40,30.0,Grassland,Other/Unclassified,Other/Unclassified,0.7121447588209527
12.65088,77.903,299.37,0.43,0.38,2024-11-09,2029,N20,VIIRS,n,2.0NRT,283.9,0.72,N,VIIRS_N20,6,100006,node,Power Plant,Thermal Power Station #7,,53860.409800111294,0,0,0,0,53.86040980011129,1,1,314,11,2024,20,0,0,1,15.470000000000027,0.0024050506062731737,0.5423242908253617,1.0,1,0,12.65,77.9,12.65_77.9,3,4,4.51,305.81,6.968428804257114,1.1275,0.8083470789209298,4,-1.2228243614558665,-0.6989637469885551,0,0,0,1,41,50.0,Built-up,Other/Unclassified,Agricultural Burning,0.5083321610235093
12.85108,79.90353,311.16,0.54,0.42,2024-11-09,2029,N20,VIIRS,n,2.0NRT,282.75,1.68,N,VIIRS_N20,17,100017,node,Warehouse/Depot,Logistics Hub #18,,97523.95123088152,0,0,0,0,97.52395123088152,1,4,314,11,2024,20,0,0,1,28.410000000000025,0.005399151561897415,0.9858167945227653,1.0,1,0,12.85,79.9,12.85_79.9,3,14,25.28,311.8492857142857,6.397096053060936,1.8057142857142858,1.1218166193601018,14,-0.10774978342804045,-0.11206313362160286,1,0,0,1,42,40.0,Cropland,Other/Unclassified,Other/Unclassified,0.7733712329752864
11.81658,77.91605,300.83,0.44,0.39,2024-11-09,2029,N20,VIIRS,n,2.0NRT,275.93,1.22,N,VIIRS_N20,15,100015,node,Oil & Gas,Petroleum Refinery #16,,13899.193914270805,0,0,0,0,13.899193914270805,1,7,314,11,2024,20,0,0,1,24.899999999999977,0.004055446597746235,0.7975071958841881,1.0,1,0,11.81,77.91,11.81_77.91,20,43,64.3,308.93627906976747,7.833273664389497,1.4953488372093022,0.7060599894829163,43,-1.034852019356745,-0.3899793803794976,1,0,0,1,43,40.0,Cropland,Other/Unclassified,Other/Unclassified,0.819578809683602
11.81173,77.92348,307.91,0.44,0.39,2024-11-09,2029,N20,VIIRS,n,2.0NRT,276.34,1.44,N,VIIRS_N20,15,100015,node,Oil & Gas,Petroleum Refinery #16,,13976.099787622723,0,0,0,0,13.976099787622722,1,7,314,11,2024,20,0,0,1,31.57000000000005,0.004676691240947029,0.8919980393051105,1.0,1,0,11.81,77.92,11.81_77.92,11,16,22.18,305.369375,5.143271940117515,1.38625,0.6826309398203395,16,0.4939705754586224,0.07873947233353697,1,0,0,1,44,10.0,Tree cover,Other/Unclassified,Other/Unclassified,0.8926564821052743
11.20356,77.56443,297.61,0.43,0.38,2024-11-09,2029,N20,VIIRS,n,2.0NRT,269.71,0.59,N,VIIRS_N20,18,100018,node,Power Plant,Thermal Power Station #19,,17713.077235686964,0,0,0,0,17.713077235686963,1,1,314,11,2024,20,0,0,1,27.900000000000034,0.0019824602667921102,0.4637340162321401,1.0,1,0,11.200000000000001,77.56,11.2_77.56,8,15,15.08,308.0466666666667,7.156664892319064,1.0053333333333334,0.4637712901030092,15,-1.4583142879678335,-0.8955563705573126,1,0,0,1,45,10.0,Tree cover,Other/Unclassified,Other/Unclassified,0.9143066891625073
11.17264,79.26752,332.76,0.43,0.46,2024-11-10,735,N20,VIIRS,n,2.0NRT,303.05,8.09,D,VIIRS_N20,0,100000,node,Power Plant,Thermal Power Station #1,,16932.70956293733,0,0,0,0,16.93270956293733,1,1,315,11,2024,7,1,0,1,29.70999999999998,0.024311816324077414,2.2071749081893874,1.0,1,0,11.17,79.26,11.17_79.26,1,1,8.09,332.76,,8.09,,1,0.9422201270610318,2.530171102229097,0,0,1,0,46,40.0,Cropland,Agricultural Burning,Agricultural Burning,0.8899569681418796
11.17331,79.27145,341.73,0.43,0.46,2024-11-10,735,N20,VIIRS,n,2.0NRT,303.22,10.13,D,VIIRS_N20,0,100000,node,Power Plant,Thermal Power Station #1,,16523.803581101438,0,0,0,0,16.523803581101436,1,1,315,11,2024,7,1,0,1,38.50999999999999,0.02964328563485793,2.4096441652874536,1.0,1,0,11.17,79.27,11.17_79.27,1,1,10.13,341.73,,10.13,,1,1.5238448369141808,3.423988618159085,0,0,1,0,47,40.0,Cropland,Agricultural Burning,Agricultural Burning,0.9745841200166332
9.28159,78.86513,334.38,0.5,0.49,2024-11-10,735,N20,VIIRS,n,2.0NRT,299.92,2.26,D,VIIRS_N20,21,100021,node,Oil & Gas,Petroleum Refinery #22,,151124.71963157313,0,0,0,0,151.12471963157313,1,7,315,11,2024,7,1,0,1,34.45999999999998,0.006758777438842035,1.1817271953786161,1.0,1,0,9.28,78.86,9.28_78.86,1,1,2.26,334.38,,2.26,,1,1.0472627168003965,-0.024219151629642843,0,0,0,0,48,10.0,Tree cover,Other/Unclassified,Other/Unclassified,0.5349151434815679
13.18365,79.56056,339.41,0.39,0.44,2024-11-10,737,N20,VIIRS,n,2.0NRT,300.13,5.94,D,VIIRS_N20,17,100017,node,Warehouse/Depot,Logistics Hub #18,,96399.35948821346,0,0,0,0,96.39935948821346,1,4,315,11,2024,7,1,0,1,39.28000000000003,0.017500957543973364,1.937301774518713,1.0,1,0,13.18,79.56,13.18_79.56,1,1,5.94,339.41,,5.94,,1,1.373413473830647,1.5881575437734727,0,0,0,0,49,10.0,Tree cover,Other/Unclassified,Agricultural Burning,0.46199324247729395
11.81621,77.91726,325.29,0.42,0.37,2024-11-10,2010,N20,VIIRS,n,2.0NRT,292.1,3.35,N,VIIRS_N20,15,100015,node,Oil & Gas,Petroleum Refinery #16,,13944.399054802661,0,0,0,0,13.94439905480266,1,7,315,11,2024,20,0,0,1,33.19,0.010298502874358264,1.4701758451005926,1.0,1,0,11.81,77.91,11.81_77.91,20,43,64.3,308.93627906976747,7.833273664389497,1.4953488372093022,0.7060599894829163,43,2.087724957775635,2.626761451458188,1,1,1,1,50,10.0,Tree cover,Other/Unclassified,Other/Unclassified,0.8545019658240527
11.81612,77.91793,329.91,0.42,0.37,2024-11-10,2010,N20,VIIRS,n,2.0NRT,292.9,3.93,N,VIIRS_N20,15,100015,node,Oil & Gas,Petroleum Refinery #16,,13980.12765551236,0,0,0,0,13.98012765551236,1,7,315,11,2024,20,0,0,1,37.01000000000005,0.011912339729017004,1.5953389880545987,1.0,1,0,11.81,77.91,11.81_77.91,20,43,64.3,308.93627906976747,7.833273664389497,1.4953488372093022,0.7060599894829163,43,2.677516684445773,3.448221396277839,1,1,1,1,51,20.0,Shrubland,Other/Unclassified,Other/Unclassified,0.8443181277217363
12.29693,79.69377,329.6,0.41,0.6,2024-11-11,718,N20,VIIRS,n,2.0NRT,289.95,1.67,D,VIIRS_N20,17,100017,node,Warehouse/Depot,Logistics Hub #18,,64642.10644990696,0,0,0,0,64.64210644990696,1,4,316,11,2024,7,1,0,1,39.650000000000034,0.005066747572815534,0.9820784724121582,1.0,1,0,12.290000000000001,79.69,12.29_79.69,1,1,1.67,329.6,,1.67,,1,0.7373222359644959,-0.2827251979035118,0,0,0,0,52,40.0,Cropland,Agricultural Burning,Agricultural Burning,0.8058961887388734
11.20259,77.5637,304.3,0.52,0.41,2024-11-14,2036,N20,VIIRS,n,2.0NRT,279.75,0.92,N,VIIRS_N20,18,100018,node,Power Plant,Thermal Power Station #19,,17714.76156635859,0,0,0,0,17.71476156635859,1,1,319,11,2024,20,0,0,1,24.55000000000001,0.0030233322379231023,0.6523251860396903,1.0,1,0,11.200000000000001,77.56,11.2_77.56,8,15,15.08,308.0466666666667,7.156664892319064,1.0053333333333334,0.4637712901030092,15,-0.5235213221577278,-0.18399874066025046,1,0,0,1,53,10.0,Tree cover,Other/Unclassified,Other/Unclassified,0.9398978190365318
11.81859,77.91496,300.99,0.53,0.42,2024-11-14,2036,N20,VIIRS,n,2.0NRT,286.54,0.79,N,VIIRS_N20,15,100015,node,Oil & Gas,Petroleum Refinery #16,,14010.913759881492,0,0,0,0,14.010913759881491,1,7,319,11,2024,20,0,0,1,14.449999999999989,0.0026246719160104987,0.5822156198526637,1.0,1,0,11.81,77.91,11.81_77.91,20,43,64.3,308.93627906976747,7.833273664389497,1.4953488372093022,0.7060599894829163,43,-1.0144263318530142,-0.9989927877457907,1,0,0,1,54,40.0,Cropland,Other/Unclassified,Other/Unclassified,0.8637352637589267
11.20184,77.56679,302.92,0.52,0.41,2024-11-14,2036,N20,VIIRS,n,2.0NRT,279.07,0.69,N,VIIRS_N20,18,100018,node,Power Plant,Thermal Power Station #19,,17392.541648495197,0,0,0,0,17.392541648495197,1,1,319,11,2024,20,0,0,1,23.850000000000023,0.002277829129803248,0.5247285289349821,1.0,1,0,11.200000000000001,77.56,11.2_77.56,8,15,15.08,308.0466666666667,7.156664892319064,1.0053333333333334,0.4637712901030092,15,-0.7163485707104845,-0.6799328463460818,1,0,0,1,55,10.0,Tree cover,Other/Unclassified,Other/Unclassified,0.9234622129759259
13.15905,80.2841,309.74,0.4,0.37,2024-11-15,2016,N20,VIIRS,n,2.0NRT,290.96,2.63,N,VIIRS_N20,17,100017,node,Warehouse/Depot,Logistics Hub #18,,150575.87071571502,0,0,0,0,150.575870715715,1,4,320,11,2024,20,0,0,1,18.78000000000003,0.008490992445276683,1.2892326482767593,1.0,1,0,13.15,80.28,13.15_80.28,10,15,31.96,308.05333333333334,5.417348675013171,2.130666666666667,1.6132906330437382,15,0.3113454141222628,0.3095123241317397,1,0,0,1,56,40.0,Cropland,Other/Unclassified,Other/Unclassified,0.7375905085149905
10.93138,77.06387,306.01,0.39,0.36,2024-11-15,2018,N20,VIIRS,n,2.0NRT,288.91,0.68,N,VIIRS_N20,18,100018,node,Power Plant,Thermal Power Station #19,,71788.52824563696,0,0,0,0,71.78852824563695,1,1,320,11,2024,20,0,0,1,17.099999999999966,0.002222149602954152,0.5187937934151675,1.0,1,0,10.93,77.06,10.93_77.06,6,7,5.66,302.8671428571428,2.8399983232724897,0.8085714285714286,0.48844749193844,7,1.1066404923914523,-0.2632246673254137,1,0,0,1,57,30.0,Grassland,Other/Unclassified,Other/Unclassified,0.8422122203404752
11.80968,77.92031,311.5,0.4,0.44,2024-11-16,1957,N20,VIIRS,n,2.0NRT,283.67,1.82,N,VIIRS_N20,15,100015,node,Oil & Gas,Petroleum Refinery #16,,13580.387652317977,0,0,0,0,13.580387652317977,1,7,321,11,2024,19,0,0,1,27.829999999999984,0.005842696629213483,1.0367368849500223,1.0,1,0,11.8,77.92,11.8_77.92,10,21,32.72,307.8904761904762,8.630552981235025,1.558095238095238,0.5164263650087885,21,0.41822625008754505,0.5071483170699563,1,0,0,1,58,10.0,Tree cover,Other/Unclassified,Other/Unclassified,0.953774426153311
10.9307,77.06355,305.42,0.44,0.46,2024-11-16,1957,N20,VIIRS,n,2.0NRT,288.29,0.94,N,VIIRS_N20,18,100018,node,Power Plant,Thermal Power Station #19,,71842.89915018287,0,0,0,0,71.84289915018287,1,1,321,11,2024,19,0,0,1,17.129999999999995,0.0030777290288782656,0.6626879730752367,1.0,1,0,10.93,77.06,10.93_77.06,6,7,5.66,302.8671428571428,2.8399983232724897,0.8085714285714286,0.48844749193844,7,0.8988938908652493,0.2690741043770894,1,0,0,1,59,40.0,Cropland,Other/Unclassified,Other/Unclassified,0.5290309794418372
11.81306,77.92103,297.2,0.42,0.61,2024-11-17,1940,N20,VIIRS,n,2.0NRT,282.33,0.71,N,VIIRS_N20,15,100015,node,Oil & Gas,Petroleum Refinery #16,,13920.058187329192,0,0,0,0,13.920058187329191,1,7,322,11,2024,19,0,0,1,14.870000000000005,0.002388963660834455,0.5364933705145685,1.0,1,0,11.81,77.92,11.81_77.92,11,16,22.18,305.369375,5.143271940117515,1.38625,0.6826309398203395,16,-1.588361474002354,-0.9906524309870589,1,0,0,1,60,40.0,Cropland,Other/Unclassified,Other/Unclassified,0.8290882654855671
13.25654,79.43639,334.69,0.44,0.38,2024-11-19,807,N20,VIIRS,n,2.0NRT,297.58,4.14,D,VIIRS_N20,17,100017,node,Warehouse/Depot,Logistics Hub #18,,97890.46651847668,0,0,0,0,97.89046651847667,1,4,324,11,2024,8,1,0,1,37.110000000000014,0.012369655502106426,1.6370530794670737,1.0,1,0,13.25,79.43,13.25_79.43,1,1,4.14,334.69,,4.14,,1,1.067363459281386,0.7994950297176008,0,0,0,0,61,40.0,Cropland,Agricultural Burning,Agricultural Burning,0.9778609656270624
13.32541,79.48901,332.04,0.44,0.39,2024-11-19,807,N20,VIIRS,n,2.0NRT,298.23,2.34,D,VIIRS_N20,17,100017,node,Warehouse/Depot,Logistics Hub #18,,107096.47300939361,0,0,0,0,107.0964730093936,1,4,324,11,2024,8,1,0,1,33.81,0.007047343693530899,1.205970806988609,1.0,1,0,13.32,79.48,13.32_79.48,1,1,2.34,332.04,,2.34,,1,0.8955345316213161,0.01083251566172926,0,0,0,0,62,20.0,Shrubland,Other/Unclassified,Other/Unclassified,0.5617695328687167
13.08208,79.97921,299.57,0.57,0.52,2024-11-19,2042,N20,VIIRS,n,2.0NRT,282.49,0.43,N,VIIRS_N20,17,100017,node,Warehouse/Depot,Logistics Hub #18,,118437.24671875713,0,0,0,0,118.43724671875714,1,4,324,11,2024,20,0,0,1,17.079999999999984,0.0014353907267082818,0.35767444427181594,1.0,1,0,13.08,79.97,13.08_79.97,7,10,14.08,306.96,4.861099555541813,1.408,0.9192847461175697,10,-1.5202321852419467,-1.0638705843106866,1,0,0,1,63,40.0,Cropland,Other/Unclassified,Other/Unclassified,0.7671778916906724
11.80911,77.92155,304.06,0.44,0.46,2024-11-19,2042,N20,VIIRS,n,2.0NRT,290.57,1.39,N,VIIRS_N20,15,100015,node,Oil & Gas,Petroleum Refinery #16,,13618.626972798218,0,0,0,0,13.618626972798218,1,7,324,11,2024,20,0,0,1,13.490000000000009,0.004571466157995132,0.8712933659434193,1.0,1,0,11.8,77.92,11.8_77.92,10,21,32.72,307.8904761904762,8.630552981235025,1.558095238095238,0.5164263650087885,21,-0.4438274347894742,-0.3254970107739899,1,0,0,1,64,40.0,Cropland,Other/Unclassified,Other/Unclassified,0.8634364833921356
11.81893,77.91513,309.46,0.44,0.46,2024-11-19,2042,N20,VIIRS,n,2.0NRT,289.97,1.7,N,VIIRS_N20,15,100015,node,Oil & Gas,Petroleum Refinery #16,,14052.369617480426,0,0,0,0,14.052369617480426,1,7,324,11,2024,20,0,0,1,19.489999999999952,0.005493440186130679,0.9932517730102833,1.0,1,0,11.81,77.91,11.81_77.91,20,43,64.3,308.93627906976747,7.833273664389497,1.4953488372093022,0.7060599894829163,43,0.06685850037556824,0.28984953947124836,1,0,0,1,65,40.0,Cropland,Other/Unclassified,Other/Unclassified,0.8369232719337231
13.44629,80.09775,307.03,0.45,0.39,2024-11-20,2023,N20,VIIRS,n,2.0NRT,287.04,0.72,N,VIIRS_N20,17,100017,node,Warehouse/Depot,Logistics Hub #18,,155143.3784377982,0,0,0,0,155.14337843779822,1,4,325,11,2024,20,0,0,1,19.989999999999952,0.0023450477152069833,0.5423242908253617,1.0,1,0,13.44,80.09,13.44_80.09,3,6,4.3,305.655,2.151871278678184,0.7166666666666667,0.22259080544053625,6,0.6389787407937395,0.014975161829960575,1,0,0,1,66,20.0,Shrubland,Other/Unclassified,Other/Unclassified,0.8240249706240838
13.39475,80.10127,298.46,0.45,0.39,2024-11-20,2023,N20,VIIRS,n,2.0NRT,284.69,0.18,N,VIIRS_N20,17,100017,node,Warehouse/Depot,Logistics Hub #18,,151324.3224323618,0,0,0,0,151.3243224323618,1,4,325,11,2024,20,0,0,1,13.769999999999982,0.0006030958922468673,0.16551443847757338,1.0,1,0,13.39,80.10000000000001,13.39_80.1,10,21,22.85,306.8885714285714,3.8878326683568587,1.0880952380952382,0.5611026559161795,21,-2.1679357491827624,-1.618411940347141,1,0,0,1,67,10.0,Tree cover,Other/Unclassified,Other/Unclassified,0.943229694998271
13.16029,80.28455,302.73,0.46,0.39,2024-11-20,2023,N20,VIIRS,n,2.0NRT,284.46,0.44,N,VIIRS_N20,17,100017,node,Warehouse/Depot,Logistics Hub #18,,150690.80535180806,0,0,0,0,150.69080535180805,1,4,325,11,2024,20,0,0,1,18.27000000000004,0.0014534403593961616,0.3646431135879093,1.0,1,0,13.16,80.28,13.16_80.28,13,23,29.58,306.30347826086955,3.394288797773065,1.286086956521739,0.5416619134280146,23,-1.0527914605304163,-1.5620203960199275,1,0,0,1,68,40.0,Cropland,Other/Unclassified,Other/Unclassified,0.8251157495195716
11.81179,77.92168,300.16,0.39,0.36,2024-11-20,2025,N20,VIIRS,n,2.0NRT,282.34,0.86,N,VIIRS_N20,15,100015,node,Oil & Gas,Petroleum Refinery #16,,13855.702054588412,0,0,0,0,13.855702054588411,1,7,325,11,2024,20,0,0,1,17.82000000000005,0.002865138592750533,0.6205764877251099,1.0,1,0,11.81,77.92,11.81_77.92,11,16,22.18,305.369375,5.143271940117515,1.38625,0.6826309398203395,16,-1.0128523361494552,-0.770914368660909,1,0,0,1,69,10.0,Tree cover,Other/Unclassified,Other/Unclassified,0.9474957638129138
11.81606,77.91496,307.45,0.49,0.4,2024-11-21,2004,N20,VIIRS,n,2.0NRT,288.83,2.09,N,VIIRS_N20,15,100015,node,Oil & Gas,Petroleum Refinery #16,,13782.802812661084,0,0,0,0,13.782802812661084,1,7,326,11,2024,20,0,0,1,18.620000000000005,0.006797853309481216,1.128171090909654,1.0,1,0,11.81,77.91,11.81_77.91,20,43,64.3,308.93627906976747,7.833273664389497,1.4953488372093022,0.7060599894829163,43,-0.18973919889001006,0.8422105368499793,1,0,0,1,70,40.0,Cropland,Other/Unclassified,Other/Unclassified,0.8358643477594918
13.06687,80.1871,304.0,0.41,0.37,2024-11-21,2004,N20,VIIRS,n,2.0NRT,292.92,0.46,N,VIIRS_N20,17,100017,node,Warehouse/Depot,Logistics Hub #18,,136218.69140032932,0,0,0,0,136.21869140032933,1,4,326,11,2024,20,0,0,1,11.079999999999984,0.0015131578947368421,0.3784364357202451,1.0,1,0,13.06,80.18,13.06_80.18,6,7,5.2,303.98285714285714,2.463112626236104,0.7428571428571429,0.5984901638209905,7,0.006959834869205265,-0.47261786401179007,1,0,0,1,71,10.0,Tree cover,Other/Unclassified,Other/Unclassified,0.866407428824862
13.16066,80.2851,313.65,0.4,0.37,2024-11-21,2004,N20,VIIRS,n,2.0NRT,292.77,1.11,N,VIIRS_N20,17,100017,node,Warehouse/Depot,Logistics Hub #18,,150763.34502773578,0,0,0,0,150.76334502773577,1,4,326,11,2024,20,0,0,1,20.879999999999995,0.003538976566236251,0.7466879474879752,1.0,1,0,13.16,80.28,13.16_80.28,13,23,29.58,306.30347826086955,3.394288797773065,1.286086956521739,0.5416619134280146,23,2.1643773340531163,-0.3250864647420708,1,1,0,1,72,10.0,Tree cover,Other/Unclassified,Other/Unclassified,0.9558996659658425
13.16213,80.28485,311.61,0.4,0.37,2024-11-21,2004,N20,VIIRS,n,2.0NRT,292.11,0.54,N,VIIRS_N20,17,100017,node,Warehouse/Depot,Logistics Hub #18,,150827.64949376436,0,0,0,0,150.82764949376437,1,4,326,11,2024,20,0,0,1,19.5,0.0017329354000192548,0.43178241642553783,1.0,1,0,13.16,80.28,13.16_80.28,13,23,29.58,306.30347826086955,3.394288797773065,1.286086956521739,0.5416619134280146,23,1.5633677790210363,-1.3774033913515904,1,0,0,1,73,20.0,Shrubland,Other/Unclassified,Other/Unclassified,0.9412825277863978
13.39214,80.09968,308.7,0.41,0.37,2024-11-21,2004,N20,VIIRS,n,2.0NRT,292.85,0.92,N,VIIRS_N20,17,100017,node,Warehouse/Depot,Logistics Hub #18,,150997.60386365835,0,0,0,0,150.99760386365836,1,4,326,11,2024,20,0,0,1,15.849999999999966,0.0029802397149335928,0.6523251860396903,1.0,1,0,13.39,80.09,13.39_80.09,2,4,2.53,303.8,3.271054875724356,0.6325,0.3505590772846521,4,-0.6178568538828616,-0.611334578760125,0,0,0,0,74,40.0,Cropland,Agricultural Burning,Agricultural Burning,0.93354312254967
13.31326,80.00461,338.93,0.48,0.64,2024-11-22,711,N20,VIIRS,n,2.0NRT,293.98,4.28,D,VIIRS_N20,17,100017,node,Warehouse/Depot,Logistics Hub #18,,137499.49994710492,0,0,0,0,137.49949994710494,1,4,327,11,2024,7,1,0,1,44.94999999999999,0.012627976278287552,1.6639260977181702,1.0,1,0,13.31,80.0,13.31_80.0,1,3,17.740000000000002,337.65333333333336,4.950053871760722,5.913333333333334,2.829016319029166,3,1.3422897435375007,0.8608354474775021,0,0,0,0,75,20.0,Shrubland,Other/Unclassified,Other/Unclassified,0.5610665572432576
13.31909,80.0034,332.19,0.48,0.64,2024-11-22,711,N20,VIIRS,n,2.0NRT,293.99,4.28,D,VIIRS_N20,17,100017,node,Warehouse/Depot,Logistics Hub #18,,137867.2798509457,0,0,0,0,137.8672798509457,1,4,327,11,2024,7,1,0,1,38.19999999999999,0.012884192781239652,1.6639260977181702,1.0,1,0,13.31,80.0,13.31_80.0,1,3,17.740000000000002,337.65333333333336,4.950053871760722,5.913333333333334,2.829016319029166,3,0.9052606973379225,0.8608354474775021,0,0,0,0,76,10.0,Tree cover,Other/Unclassified,Other/Unclassified,0.5942899210806022
13.3172,80.0006,341.84,0.48,0.64,2024-11-22,711,N20,VIIRS,n,2.0NRT,294.78,9.18,D,VIIRS_N20,17,100017,node,Warehouse/Depot,Logistics Hub #18,,137504.29451869612,0,0,0,0,137.50429451869613,1,4,327,11,2024,7,1,0,1,47.06,0.02685466885092441,2.3204250111223765,1.0,1,0,13.31,80.0,13.31_80.0,1,3,17.740000000000002,337.65333333333336,4.950053871760722,5.913333333333334,2.829016319029166,3,1.5309773584396904,3.0077500690740413,0,0,1,0,77,10.0,Tree cover,Other/Unclassified,Other/Unclassified,0.5811489240638295
13.16057,80.27849,306.96,0.49,0.65,2024-11-23,1925,N20,VIIRS,n,2.0NRT,285.23,1.42,N,VIIRS_N20,17,100017,node,Warehouse/Depot,Logistics Hub #18,,150150.5307389756,0,0,0,0,150.1505307389756,1,4,328,11,2024,19,0,0,1,21.72999999999996,0.0046260099035704974,0.883767540168595,1.0,1,0,13.16,80.27,13.16_80.27,5,5,7.75,304.332,2.8267950049481714,1.55,0.3914715826212677,5,0.9296747713929718,-0.3320802984715487,1,0,0,1,78,10.0,Tree cover,Other/Unclassified,Other/Unclassified,0.8256248750475653
12.86026,79.90279,305.01,0.52,0.67,2024-11-23,1925,N20,VIIRS,n,2.0NRT,290.01,1.17,N,VIIRS_N20,17,100017,node,Warehouse/Depot,Logistics Hub #18,,97942.31281816268,0,0,0,0,97.94231281816268,1,4,328,11,2024,19,0,0,1,15.0,0.0038359398052522867,0.7747271675523681,1.0,1,0,12.86,79.9,12.86_79.9,1,1,1.17,305.01,,1.17,,1,-0.8571205305114137,-0.5017981184745872,0,0,0,0,79,10.0,Tree cover,Other/Unclassified,Other/Unclassified,0.5514001331821545
11.79451,77.72559,328.6,0.42,0.38,2024-11-24,813,N20,VIIRS,n,2.0NRT,280.78,2.14,D,VIIRS_N20,10,100010,node,Industrial Works,Steel Foundry #11,,9765.130621833914,0,0,0,0,9.765130621833913,1,2,329,11,2024,8,1,0,1,47.82000000000005,0.006512477175897748,1.144222799920162,1.0,1,0,11.790000000000001,77.72,11.79_77.72,1,1,2.14,328.6,,2.14,,1,0.6724811311871105,-0.0767966525667008,0,0,0,0,80,10.0,Tree cover,Other/Unclassified,Other/Unclassified,0.5459485127340239
11.53918,79.05564,304.73,0.5,0.41,2024-11-25,2029,N20,VIIRS,n,2.0NRT,281.42,0.7,N,VIIRS_N20,12,100012,node,Power Plant,Thermal Power Station #13,,14173.097179597042,0,0,0,0,14.173097179597042,1,1,330,11,2024,20,0,0,1,23.310000000000002,0.0022971154792767365,0.5306282510621704,1.0,1,0,11.53,79.05,11.53_79.05,1,1,0.7,304.73,,0.7,,1,-0.8752760398490799,-0.7077266638113981,0,0,0,0,81,40.0,Cropland,Agricultural Burning,Agricultural Burning,0.9281131951921179
13.39221,80.07728,306.79,0.48,0.4,2024-12-02,1957,N20,VIIRS,n,2.0NRT,290.19,0.59,N,VIIRS_N20,17,100017,node,Warehouse/Depot,Logistics Hub #18,,149284.25620419043,0,0,0,0,149.28425620419043,1,4,337,12,2024,19,0,0,0,16.600000000000023,0.001923139606897226,0.4637340162321401,1.0,1,0,13.39,80.07000000000001,13.39_80.07,3,5,2.66,306.43600000000004,1.9684714882365275,0.532,0.24863628053846043,5,0.17983496439520139,0.23327247284423636,1,0,0,1,82,10.0,Tree cover,Other/Unclassified,Other/Unclassified,0.9729688797232654
9.03133,77.63218,332.93,0.38,0.59,2024-12-03,843,N20,VIIRS,n,2.0NRT,296.24,2.41,D,VIIRS_N20,2,100002,node,Chemical,Chemical Processing Unit #3,,198082.92713149358,0,0,0,0,198.08292713149356,1,9,338,12,2024,8,1,0,0,36.69,0.007238758898266903,1.2267122912954254,1.0,1,0,9.03,77.63,9.03_77.63,1,1,2.41,332.93,,2.41,,1,0.9532431148731882,0.04150272454167995,0,0,0,0,83,40.0,Cropland,Other/Unclassified,Other/Unclassified,0.7745385394658189
13.08149,79.97901,315.32,0.63,0.54,2024-12-03,1938,N20,VIIRS,n,2.0NRT,275.63,3.09,N,VIIRS_N20,17,100017,node,Warehouse/Depot,Logistics Hub #18,,118380.17361187836,0,0,0,0,118.38017361187836,1,4,338,12,2024,19,0,0,0,39.69,0.009799568692122288,1.4085449700547104,1.0,1,0,13.08,79.97,13.08_79.97,7,10,14.08,306.96,4.861099555541813,1.408,0.9192847461175697,10,1.7197755167283788,1.8296833566570292,1,0,0,1,84,10.0,Tree cover,Other/Unclassified,Other/Unclassified,0.9550432134256797
13.08649,79.97971,303.22,0.63,0.54,2024-12-03,1938,N20,VIIRS,n,2.0NRT,279.65,2.97,N,VIIRS_N20,17,100017,node,Warehouse/Depot,Logistics Hub #18,,118778.46639780697,0,0,0,0,118.77846639780697,1,4,338,12,2024,19,0,0,0,23.57000000000005,0.009794868412373854,1.3787660946990992,1.0,1,0,13.08,79.97,13.08_79.97,7,10,14.08,306.96,4.861099555541813,1.408,0.9192847461175697,10,-0.7693732574837373,1.6991470886434485,1,0,0,1,85,10.0,Tree cover,Other/Unclassified,Other/Unclassified,0.96883082634085
13.1657,80.27771,302.88,0.64,0.72,2024-12-04,1919,N20,VIIRS,n,2.0NRT,286.77,1.2,N,VIIRS_N20,17,100017,node,Warehouse/Depot,Logistics Hub #18,,150385.42410377008,0,0,0,0,150.38542410377008,1,4,339,12,2024,19,0,0,0,16.110000000000014,0.003961965134706815,0.7884573603642702,1.0,1,0,13.16,80.27,13.16_80.27,5,5,7.75,304.332,2.8267950049481714,1.55,0.3914715826212677,5,-0.5136559239203199,-0.8940623420387844,1,0,0,1,86,40.0,Cropland,Other/Unclassified,Other/Unclassified,0.9163819334406501
11.18143,79.0966,300.15,0.56,0.69,2024-12-04,2059,N20,VIIRS,n,2.0NRT,283.25,1.08,N,VIIRS_N20,12,100012,node,Power Plant,Thermal Power Station #13,,25733.76425833941,0,0,0,0,25.733764258339413,1,1,339,12,2024,20,0,0,0,16.899999999999977,0.0035982008995502253,0.7323678937132266,1.0,1,0,11.18,79.09,11.18_79.09,10,20,18.59,305.3995,3.199398751081369,0.9295,0.2404267040076872,20,-1.640777036068332,0.6259703996740233,1,0,0,1,87,40.0,Cropland,Other/Unclassified,Other/Unclassified,0.9721480213806191
11.81185,77.92299,301.56,0.45,0.63,2024-12-04,2059,N20,VIIRS,n,2.0NRT,287.41,1.18,N,VIIRS_N20,15,100015,node,Oil & Gas,Petroleum Refinery #16,,13951.962780623138,0,0,0,0,13.951962780623138,1,7,339,12,2024,20,0,0,0,14.149999999999977,0.003912985807136225,0.7793248768009976,1.0,1,0,11.81,77.92,11.81_77.92,11,16,22.18,305.369375,5.143271940117515,1.38625,0.6826309398203395,16,-0.740652068246065,-0.3021398356984561,1,0,0,1,88,40.0,Cropland,Other/Unclassified,Other/Unclassified,0.9925332562174667
10.93044,77.06243,298.53,0.41,0.61,2024-12-04,2059,N20,VIIRS,n,2.0NRT,282.48,1.57,N,VIIRS_N20,18,100018,node,Power Plant,Thermal Power Station #19,,71968.54054830853,0,0,0,0,71.96854054830854,1,1,339,12,2024,20,0,0,0,16.049999999999955,0.005259102937728202,0.9439058989071284,1.0,1,0,10.93,77.06,10.93_77.06,6,7,5.66,302.8671428571428,2.8399983232724897,0.8085714285714286,0.48844749193844,7,-1.5271638795001903,1.5588749742716168,1,0,0,1,89,40.0,Cropland,Other/Unclassified,Other/Unclassified,0.9174505269030567
8.46327,78.09595,335.56,0.38,0.36,2024-12-05,805,N20,VIIRS,n,2.0NRT,298.98,4.51,D,VIIRS_N20,20,100020,node,Chemical,Chemical Processing Unit #21,,256268.67554482768,0,0,0,0,256.26867554482766,1,9,340,12,2024,8,1,0,0,36.579999999999984,0.013440219334843247,1.706564623164823,1.0,1,0,8.46,78.09,8.46_78.09,1,1,4.51,335.56,,4.51,,1,1.1237752204377116,0.9616089909401966,0,0,0,0,90,20.0,Shrubland,Other/Unclassified,Other/Unclassified,0.9523238249205991
9.78928,78.08914,332.05,0.39,0.36,2024-12-05,807,N20,VIIRS,n,2.0NRT,298.1,2.17,D,VIIRS_N20,20,100020,node,Chemical,Chemical Processing Unit #21,,114528.76073692626,0,0,0,0,114.52876073692626,1,9,340,12,2024,8,1,0,0,33.94999999999999,0.006535160367414546,1.1537315878891892,1.0,1,0,9.78,78.08,9.78_78.08,1,1,2.17,332.05,,2.17,,1,0.8961829426690894,-0.06365227733243636,0,0,0,0,91,10.0,Tree cover,Other/Unclassified,Other/Unclassified,0.9846551459293396
11.81644,77.91484,314.01,0.43,0.46,2024-12-05,2042,N20,VIIRS,n,2.0NRT,291.14,1.67,N,VIIRS_N20,15,100015,node,Oil & Gas,Petroleum Refinery #16,,13809.307318058449,0,0,0,0,13.80930731805845,1,7,340,12,2024,20,0,0,0,22.870000000000005,0.0053183019649055766,0.9820784724121582,1.0,1,0,11.81,77.91,11.81_77.91,20,43,64.3,308.93627906976747,7.833273664389497,1.4953488372093022,0.7060599894829163,43,0.6477139887628267,0.2473602319805767,1,0,0,1,92,40.0,Cropland,Other/Unclassified,Other/Unclassified,0.9940350877192983
13.08348,79.98227,338.59,0.56,0.52,2024-12-05,2042,N20,VIIRS,n,2.0NRT,291.76,7.89,N,VIIRS_N20,17,100017,node,Warehouse/Depot,Logistics Hub #18,,118796.08290421839,0,0,0,0,118.7960829042184,1,4,340,12,2024,20,0,0,0,46.829999999999984,0.023302519271094835,2.1849270495258133,1.0,1,0,13.08,79.98,13.08_79.98,5,11,15.69,308.31363636363636,10.512393897421513,1.4263636363636363,2.15390934222995,11,2.8800636593145374,3.000885987589681,1,1,1,1,93,40.0,Cropland,Other/Unclassified,Other/Unclassified,0.88779528485385
11.2042,77.56649,311.38,0.42,0.45,2024-12-05,2042,N20,VIIRS,n,2.0NRT,290.66,0.98,N,VIIRS_N20,18,100018,node,Power Plant,Thermal Power Station #19,,17573.983872540364,0,0,0,0,17.573983872540364,1,1,340,12,2024,20,0,0,0,20.71999999999997,0.0031472798509859334,0.6830968447064438,1.0,1,0,11.200000000000001,77.56,11.2_77.56,8,15,15.08,308.0466666666667,7.156664892319064,1.0053333333333334,0.4637712901030092,15,0.46576630085206805,-0.05462462613351204,1,0,0,1,94,40.0,Cropland,Other/Unclassified,Other/Unclassified,0.9766458103300207
11.30839,78.23434,340.17,0.49,0.41,2024-12-06,748,N20,VIIRS,n,2.0NRT,299.79,13.94,D,VIIRS_N20,9,100009,node,Oil & Gas,Petroleum Refinery #10,,17698.781981925662,0,0,0,0,17.698781981925663,1,7,341,12,2024,7,1,0,0,40.379999999999995,0.04097951024487756,2.7040421797046714,1.0,1,0,11.3,78.23,11.3_78.23,1,1,13.94,340.17,,13.94,,1,1.4226927134614593,5.093324272910679,0,0,1,0,95,10.0,Tree cover,Other/Unclassified,Other/Unclassified,0.9066814637935728
11.55684,78.93368,334.28,0.45,0.39,2024-12-06,748,N20,VIIRS,n,2.0NRT,297.82,3.68,D,VIIRS_N20,4,100004,node,Industrial Works,Steel Foundry #5,,16226.498472798694,0,0,0,0,16.226498472798696,1,2,341,12,2024,7,1,0,0,36.45999999999998,0.011008735192054567,1.5432981099295553,1.0,1,0,11.55,78.93,11.55_78.93,1,1,3.68,334.28,,3.68,,1,1.0407786063226563,0.5979479427922115,0,0,0,0,96,40.0,Cropland,Other/Unclassified,Other/Unclassified,0.7202372506407008
11.18291,79.10018,304.45,0.43,0.38,2024-12-06,2023,N20,VIIRS,n,2.0NRT,281.86,0.66,N,VIIRS_N20,12,100012,node,Power Plant,Thermal Power Station #13,,25617.739560055932,0,0,0,0,25.61773956005593,1,1,341,12,2024,20,0,0,0,22.589999999999975,0.0021678436524880935,0.5068176023684519,1.0,1,0,11.18,79.10000000000001,11.18_79.1,5,8,8.73,306.94,2.5630673587938055,1.09125,0.32502472433427504,8,-0.971492220622644,-1.3268221390951063,1,0,0,1,97,10.0,Tree cover,Other/Unclassified,Other/Unclassified,0.9818216444619242
11.8087,77.92446,305.36,0.39,0.36,2024-12-06,2023,N20,VIIRS,n,2.0NRT,293.0,1.04,N,VIIRS_N20,15,100015,node,Oil & Gas,Petroleum Refinery #16,,13791.330305839934,0,0,0,0,13.791330305839935,1,7,341,12,2024,20,0,0,0,12.360000000000014,0.0034058160859313596,0.712949807856125,1.0,1,0,11.8,77.92,11.8_77.92,10,21,32.72,307.8904761904762,8.630552981235025,1.558095238095238,0.5164263650087885,21,-0.2931997747975205,-1.0032315799492946,1,0,0,1,98,10.0,Tree cover,Other/Unclassified,Other/Unclassified,1.0
11.80927,77.92089,305.07,0.39,0.36,2024-12-06,2023,N20,VIIRS,n,2.0NRT,292.28,1.0,N,VIIRS_N20,15,100015,node,Oil & Gas,Petroleum Refinery #16,,13585.897481137794,0,0,0,0,13.585897481137794,1,7,341,12,2024,20,0,0,0,12.79000000000002,0.003277936211361327,0.6931471805599453,1.0,1,0,11.8,77.92,11.8_77.92,10,21,32.72,307.8904761904762,8.630552981235025,1.558095238095238,0.5164263650087885,21,-0.3268013297188046,-1.0806869592836152,1,0,0,1,99,40.0,Cropland,Other/Unclassified,Other/Unclassified,0.985413916845405
11.81649,77.91842,315.16,0.39,0.36,2024-12-06,2023,N20,VIIRS,n,2.0NRT,289.77,1.29,N,VIIRS_N20,15,100015,node,Oil & Gas,Petroleum Refinery #16,,14044.978229647508,0,0,0,0,14.044978229647509,1,7,341,12,2024,20,0,0,0,25.390000000000043,0.004093159030333799,0.8285518175661483,1.0,1,0,11.81,77.91,11.81_77.91,20,43,64.3,308.93627906976747,7.833273664389497,1.4953488372093022,0.7060599894829163,43,0.7945236176958741,-0.2908376629012637,1,0,0,1,100,10.0,Tree cover,Other/Unclassified,Other/Unclassified,0.9942424242424241
13.16047,80.28578,309.56,0.46,0.39,2024-12-06,2023,N20,VIIRS,n,2.0NRT,292.99,2.07,N,VIIRS_N20,17,100017,node,Warehouse/Depot,Logistics Hub #18,,150814.62538277998,0,0,0,0,150.81462538277998,1,4,341,12,2024,20,0,0,0,16.569999999999993,0.006686910453546969,1.1216775615991057,1.0,1,0,13.16,80.28,13.16_80.28,13,23,29.58,306.30347826086955,3.394288797773065,1.286086956521739,0.5416619134280146,23,0.9594120987191771,1.4472367800739616,1,0,0,1,101,10.0,Tree cover,Other/Unclassified,Other/Unclassified,0.9970588235294118
10.92305,77.06053,302.27,0.39,0.36,2024-12-06,2025,N20,VIIRS,n,2.0NRT,290.32,0.37,N,VIIRS_N20,18,100018,node,Power Plant,Thermal Power Station #19,,72397.54106498972,0,0,0,0,72.39754106498972,1,1,341,12,2024,20,0,0,0,11.949999999999989,0.00122407119462732,0.31481073984003355,1.0,1,0,10.92,77.06,10.92_77.06,7,11,6.7,302.6445454545455,2.985857878856131,0.6090909090909091,0.1987689384916338,11,-0.12543981319331865,-1.2028585095098876,1,0,0,1,102,40.0,Cropland,Other/Unclassified,Other/Unclassified,0.9651540374155049
9.69524,78.25095,330.05,0.35,0.57,2024-12-07,730,N20,VIIRS,n,2.0NRT,295.34,2.53,D,VIIRS_N20,20,100020,node,Chemical,Chemical Processing Unit #21,,119092.63484026892,0,0,0,0,119.09263484026891,1,9,342,12,2024,7,1,0,0,34.710000000000036,0.007665505226480835,1.2612978709452054,1.0,1,0,9.69,78.25,9.69_78.25,1,1,2.53,330.05,,2.53,,1,0.7665007331143185,0.0940802254787379,0,0,0,0,103,20.0,Shrubland,Other/Unclassified,Other/Unclassified,0.9298793365463034
11.41806,77.40839,330.35,0.38,0.58,2024-12-07,730,N20,VIIRS,n,2.0NRT,290.46,2.7,D,VIIRS_N20,14,100014,node,Chemical,Chemical Processing Unit #15,,35738.204138723275,0,0,0,0,35.738204138723276,1,9,342,12,2024,7,1,0,0,39.89000000000004,0.008173149689723021,1.308332819650179,1.0,1,0,11.41,77.4,11.41_77.4,1,1,2.7,330.35,,2.7,,1,0.7859530645475349,0.16856501847290373,0,0,0,0,104,10.0,Tree cover,Other/Unclassified,Other/Unclassified,0.9249876712984332
10.9318,77.06347,300.96,0.54,0.42,2024-12-07,2004,N20,VIIRS,n,2.0NRT,290.39,1.32,N,VIIRS_N20,18,100018,node,Power Plant,Thermal Power Station #19,,71817.80726733229,0,0,0,0,71.81780726733228,1,1,342,12,2024,20,0,0,0,10.569999999999993,0.004385964912280702,0.8415671856782186,1.0,1,0,10.93,77.06,10.93_77.06,6,7,5.66,302.8671428571428,2.8399983232724897,0.8085714285714286,0.48844749193844,7,-0.6715295715193489,1.0470492322499791,1,0,0,1,105,40.0,Cropland,Other/Unclassified,Other/Unclassified,0.9338406738304286
11.81816,77.91727,305.01,0.49,0.41,2024-12-07,2004,N20,VIIRS,n,2.0NRT,291.78,1.06,N,VIIRS_N20,15,100015,node,Oil & Gas,Petroleum Refinery #16,,14118.933889138796,0,0,0,0,14.118933889138797,1,7,342,12,2024,20,0,0,0,13.230000000000018,0.0034752958919379694,0.7227059828014898,1.0,1,0,11.81,77.91,11.81_77.91,20,43,64.3,308.93627906976747,7.833273664389497,1.4953488372093022,0.7060599894829163,43,-0.5012309333218575,-0.616589020329746,1,0,0,1,106,30.0,Grassland,Other/Unclassified,Other/Unclassified,1.0
12.85547,79.90582,308.12,0.41,0.37,2024-12-07,2004,N20,VIIRS,n,2.0NRT,289.52,0.96,N,VIIRS_N20,17,100017,node,Warehouse/Depot,Logistics Hub #18,,97975.57372152983,0,0,0,0,97.97557372152983,1,4,342,12,2024,20,0,0,0,18.600000000000023,0.0031156692197844994,0.6729444732424258,1.0,1,0,12.85,79.9,12.85_79.9,3,14,25.28,311.8492857142857,6.397096053060936,1.8057142857142858,1.1218166193601018,14,-0.5829654085780513,-0.7538792625453274,1,0,0,1,107,20.0,Shrubland,Other/Unclassified,Other/Unclassified,0.9971794871794873
12.96963,79.91547,305.64,0.42,0.37,2024-12-07,2004,N20,VIIRS,n,2.0NRT,293.62,0.51,N,VIIRS_N20,17,100017,node,Warehouse/Depot,Logistics Hub #18,,105496.57277601302,0,0,0,0,105.49657277601302,1,4,342,12,2024,20,0,0,0,12.019999999999982,0.001668629760502552,0.412109650826833,1.0,1,0,12.96,79.91,12.96_79.91,2,5,3.6100000000000003,306.96,7.26333601040182,0.7220000000000001,0.3025227264190246,5,-0.18173467372425314,-0.7007737980860275,1,0,0,0,108,40.0,Cropland,Other/Unclassified,Other/Unclassified,0.8011467543005609
13.15946,80.28299,320.44,0.41,0.37,2024-12-07,2004,N20,VIIRS,n,2.0NRT,290.65,2.59,N,VIIRS_N20,17,100017,node,Warehouse/Depot,Logistics Hub #18,,150498.07787581597,0,0,0,0,150.49807787581597,1,4,342,12,2024,20,0,0,0,29.79000000000002,0.008082636374984397,1.2781522025001875,1.0,1,0,13.15,80.28,13.15_80.28,10,15,31.96,308.05333333333334,5.417348675013171,2.130666666666667,1.6132906330437382,15,2.286481341656773,0.28471827947499145,1,1,0,1,109,10.0,Tree cover,Other/Unclassified,Other/Unclassified,0.9806972050853628
13.4469,80.09521,308.77,0.41,0.37,2024-12-07,2004,N20,VIIRS,n,2.0NRT,291.18,0.84,N,VIIRS_N20,17,100017,node,Warehouse/Depot,Logistics Hub #18,,155002.19985732035,0,0,0,0,155.00219985732033,1,4,342,12,2024,20,0,0,0,17.589999999999975,0.002720471548401723,0.6097655716208943,1.0,1,0,13.44,80.09,13.44_80.09,3,6,4.3,305.655,2.151871278678184,0.7166666666666667,0.22259080544053625,6,1.447577292780003,0.5540809877085467,1,0,0,1,110,40.0,Cropland,Other/Unclassified,Other/Unclassified,0.8825698573191623
12.70293,77.96101,302.2,0.34,0.56,2024-12-08,1944,N20,VIIRS,n,2.0NRT,288.83,0.41,N,VIIRS_N20,6,100006,node,Power Plant,Thermal Power Station #7,,59704.25190838715,0,0,0,0,59.70425190838715,1,1,343,12,2024,19,0,0,0,13.370000000000005,0.001356717405691595,0.3435897043900769,1.0,1,0,12.700000000000001,77.96000000000001,12.7_77.96,1,1,0.41,302.2,,0.41,,1,-1.0393240349358668,-0.8347889577426219,0,0,0,0,111,40.0,Cropland,Other/Unclassified,Other/Unclassified,0.8141122953491193
11.17625,79.08495,303.1,0.54,0.51,2024-12-08,1946,N20,VIIRS,n,2.0NRT,291.37,1.05,N,VIIRS_N20,12,100012,node,Power Plant,Thermal Power Station #13,,26195.763231447538,0,0,0,0,26.195763231447536,1,1,343,12,2024,19,0,0,0,11.730000000000018,0.0034642032332563508,0.7178397931503169,1.0,1,0,11.17,79.08,11.17_79.08,1,3,2.13,302.91333333333336,2.4553275409470974,0.71,0.32186953878862173,3,-0.9809670406362178,-0.5543756194116453,0,0,0,0,112,40.0,Cropland,Other/Unclassified,Other/Unclassified,0.7998079409249277
9.76998,77.95444,332.5,0.5,0.49,2024-12-09,832,N20,VIIRS,n,2.0NRT,294.85,3.26,D,VIIRS_N20,2,100002,node,Chemical,Chemical Processing Unit #3,,116410.20966962815,0,0,0,0,116.41020966962814,1,9,344,12,2024,8,1,0,0,37.64999999999998,0.009804511278195488,1.449269160281279,1.0,1,0,9.76,77.95,9.76_77.95,1,2,5.13,332.235,0.3747665940288509,2.565,0.9828784258493009,2,0.9253614398189122,0.41392668951250805,0,0,0,0,113,30.0,Grassland,Other/Unclassified,Other/Unclassified,0.9655982375206696
13.08267,79.97949,301.59,0.52,0.67,2024-12-09,1925,N20,VIIRS,n,2.0NRT,287.87,0.53,N,VIIRS_N20,17,100017,node,Warehouse/Depot,Logistics Hub #18,,118501.24238094877,0,0,0,0,118.50124238094877,1,4,344,12,2024,19,0,0,0,13.71999999999997,0.0017573526973706027,0.4252677354043441,1.0,1,0,13.08,79.97,13.08_79.97,7,10,14.08,306.96,4.861099555541813,1.408,0.9192847461175697,10,-1.1046883402908358,-0.9550903609660354,1,0,0,1,114,40.0,Cropland,Other/Unclassified,Other/Unclassified,0.9769768652400231
13.15994,80.28136,310.49,0.5,0.66,2024-12-09,1925,N20,VIIRS,n,2.0NRT,285.55,1.1,N,VIIRS_N20,17,100017,node,Warehouse/Depot,Logistics Hub #18,,150376.7156415914,0,0,0,0,150.3767156415914,1,4,344,12,2024,19,0,0,0,24.939999999999998,0.003542787207317466,0.7419373447293773,1.0,1,0,13.15,80.28,13.15_80.28,10,15,31.96,308.05333333333334,5.417348675013171,2.130666666666667,1.6132906330437382,15,0.44978952119243887,-0.6388598839888784,1,0,0,1,115,40.0,Cropland,Other/Unclassified,Other/Unclassified,0.9800834748160726
13.16152,80.27855,306.73,0.5,0.66,2024-12-09,1925,N20,VIIRS,n,2.0NRT,285.68,2.19,N,VIIRS_N20,17,100017,node,Warehouse/Depot,Logistics Hub #18,,150212.6567839527,0,0,0,0,150.2126567839527,1,4,344,12,2024,19,0,0,0,21.05000000000001,0.007139829817755028,1.1600209167967532,1.0,1,0,13.16,80.27,13.16_80.27,5,5,7.75,304.332,2.8267950049481714,1.55,0.3914715826212677,5,0.848310541019932,1.6348568540137767,1,0,0,1,116,30.0,Grassland,Other/Unclassified,Other/Unclassified,0.9799981704119635
13.0032,79.90566,303.25,0.53,0.67,2024-12-09,1925,N20,VIIRS,n,2.0NRT,287.22,0.48,N,VIIRS_N20,17,100017,node,Warehouse/Depot,Logistics Hub #18,,106781.34614211263,0,0,0,0,106.78134614211262,1,4,344,12,2024,19,0,0,0,16.029999999999973,0.0015828524319868094,0.3920420877760237,1.0,1,0,13.0,79.9,13.0_79.9,2,2,1.31,303.235,0.021213203435577133,0.655,0.24748737341529156,2,-0.9712408749196114,-0.8041187488626713,0,0,0,0,117,30.0,Grassland,Other/Unclassified,Other/Unclassified,0.9462957779712167
13.16194,80.28547,301.16,0.78,0.78,2024-12-09,2105,N20,VIIRS,n,2.0NRT,284.89,2.19,N,VIIRS_N20,17,100017,node,Warehouse/Depot,Logistics Hub #18,,150873.35527989213,0,0,0,0,150.87335527989214,1,4,344,12,2024,21,0,0,0,16.27000000000004,0.007271882056049939,1.1600209167967532,1.0,1,0,13.16,80.28,13.16_80.28,13,23,29.58,306.30347826086955,3.394288797773065,1.286086956521739,0.5416619134280146,23,-1.515333127883543,1.668777185675966,1,0,0,1,118,40.0,Cropland,Other/Unclassified,Other/Unclassified,0.9731789787273658
11.5004,77.66466,330.01,0.42,0.37,2024-12-10,813,N20,VIIRS,n,2.0NRT,299.13,1.56,D,VIIRS_N20,14,100014,node,Chemical,Chemical Processing Unit #15,,21864.51756067629,0,0,0,0,21.86451756067629,1,9,345,12,2024,8,1,0,0,30.879999999999995,0.004727129480924821,0.9400072584914712,1.0,1,0,11.5,77.66,11.5_77.66,1,1,1.56,330.01,,1.56,,1,0.7639070889232218,-0.33092124042914833,0,0,0,0,119,20.0,Shrubland,Other/Unclassified,Other/Unclassified,0.9480902189131826
10.2006,77.91628,332.12,0.41,0.37,2024-12-10,813,N20,VIIRS,n,2.0NRT,294.92,2.99,D,VIIRS_N20,2,100002,node,Chemical,Chemical Processing Unit #3,,68644.58632410265,0,0,0,0,68.64458632410265,1,9,345,12,2024,8,1,0,0,37.19999999999999,0.009002770083102494,1.3837912309017721,1.0,1,0,10.200000000000001,77.91,10.2_77.91,1,1,2.99,332.12,,2.99,,1,0.900721820003506,0.2956273124041275,0,0,0,0,120,40.0,Cropland,Other/Unclassified,Other/Unclassified,0.7580323318929748
10.07669,77.4958,343.83,0.4,0.37,2024-12-10,813,N20,VIIRS,n,2.0NRT,299.02,12.14,D,VIIRS_N20,2,100002,node,Chemical,Chemical Processing Unit #3,,88455.01508536655,0,0,0,0,88.45501508536655,1,9,345,12,2024,8,1,0,0,44.81,0.03530814646773115,2.5756610130564646,1.0,1,0,10.07,77.49,10.07_77.49,1,1,12.14,343.83,,12.14,,1,1.660011156946688,4.304661758854808,0,0,1,0,121,40.0,Cropland,Other/Unclassified,Other/Unclassified,0.7384889090210637
9.84554,78.02377,339.41,0.42,0.37,2024-12-10,813,N20,VIIRS,n,2.0NRT,297.28,6.79,D,VIIRS_N20,2,100002,node,Chemical,Chemical Processing Unit #3,,109486.34194266512,0,0,0,0,109.48634194266512,1,9,345,12,2024,8,1,0,0,42.13000000000005,0.02000530332046787,2.052840859882657,1.0,1,0,9.84,78.02,9.84_78.02,1,2,9.7,337.36,2.899137802864861,4.85,2.7435743110038042,2,1.373413473830647,1.9605815087443008,0,0,0,0,122,10.0,Tree cover,Other/Unclassified,Other/Unclassified,0.9249737509124111
9.67397,77.88118,336.45,0.41,0.37,2024-12-10,813,N20,VIIRS,n,2.0NRT,296.73,3.0,D,VIIRS_N20,2,100002,node,Chemical,Chemical Processing Unit #3,,126210.34865338879,0,0,0,0,126.21034865338879,1,9,345,12,2024,8,1,0,0,39.71999999999997,0.008916629514043692,1.3862943611198906,1.0,1,0,9.67,77.88,9.67_77.88,1,1,3.0,336.45,,3.0,,1,1.1814838036895838,0.3000087708155489,0,0,0,0,123,40.0,Cropland,Other/Unclassified,Other/Unclassified,0.7540815960366787
11.81672,77.91647,309.14,0.55,0.51,2024-12-10,2048,N20,VIIRS,n,2.0NRT,290.04,1.76,N,VIIRS_N20,15,100015,node,Oil & Gas,Petroleum Refinery #16,,13938.72168331302,0,0,0,0,13.938721683313021,1,7,345,12,2024,20,0,0,0,19.099999999999966,0.005693213430808048,1.0152306797290584,1.0,1,0,11.81,77.91,11.81_77.91,20,43,64.3,308.93627906976747,7.833273664389497,1.4953488372093022,0.7060599894829163,43,0.02600712536811368,0.37482815445259166,1,0,0,1,124,40.0,Cropland,Other/Unclassified,Other/Unclassified,1.0
12.65014,77.90301,315.05,0.53,0.5,2024-12-10,2048,N20,VIIRS,n,2.0NRT,287.51,2.34,N,VIIRS_N20,6,100006,node,Power Plant,Thermal Power Station #7,,53778.50806485321,0,0,0,0,53.778508064853206,1,1,345,12,2024,20,0,0,0,27.54000000000002,0.007427392477384541,1.205970806988609,1.0,1,0,12.65,77.9,12.65_77.9,3,4,4.51,305.81,6.968428804257114,1.1275,0.8083470789209298,4,-0.20611583854646273,0.01083251566172926,0,0,0,1,125,40.0,Cropland,Other/Unclassified,Other/Unclassified,0.8665076687807521
13.06451,80.18615,299.81,0.38,0.43,2024-12-13,1951,N20,VIIRS,n,2.0NRT,287.68,0.59,N,VIIRS_N20,17,100017,node,Warehouse/Depot,Logistics Hub #18,,135995.1437462996,0,0,0,0,135.99514374629962,1,4,348,12,2024,19,0,0,0,12.129999999999995,0.001967913011573997,0.4637340162321401,1.0,1,0,13.06,80.18,13.06_80.18,6,7,5.2,303.98285714285714,2.463112626236104,0.7428571428571429,0.5984901638209905,7,-1.6941398044123162,-0.25540460327909875,1,0,0,1,126,40.0,Cropland,Other/Unclassified,Other/Unclassified,0.9354439588530723
13.16292,80.28403,306.34,0.57,0.43,2024-12-13,1951,N20,VIIRS,n,2.0NRT,291.65,0.8,N,VIIRS_N20,17,100017,node,Warehouse/Depot,Logistics Hub #18,,150799.27715314156,0,0,0,0,150.79927715314156,1,4,348,12,2024,19,0,0,0,14.689999999999998,0.0026114774433635833,0.5877866649021191,1.0,1,0,13.16,80.28,13.16_80.28,13,23,29.58,306.30347826086955,3.394288797773065,1.286086956521739,0.5416619134280146,23,0.010759761854790502,-0.8973991792139149,1,0,0,1,127,10.0,Tree cover,Other/Unclassified,Other/Unclassified,1.0
13.16121,80.28536,306.24,0.57,0.43,2024-12-13,1951,N20,VIIRS,n,2.0NRT,291.2,1.63,N,VIIRS_N20,17,100017,node,Warehouse/Depot,Logistics Hub #18,,150819.89655474885,0,0,0,0,150.81989655474885,1,4,348,12,2024,19,0,0,0,15.04000000000002,0.005322622779519331,0.9669838461896731,1.0,1,0,13.16,80.28,13.16_80.28,13,23,29.58,306.30347826086955,3.394288797773065,1.286086956521739,0.5416619134280146,23,-0.018701490842850957,0.63492195953328,1,0,0,1,128,40.0,Cropland,Other/Unclassified,Other/Unclassified,0.9949874686716792
13.39247,80.09898,301.98,0.39,0.44,2024-12-13,1951,N20,VIIRS,n,2.0NRT,288.82,0.25,N,VIIRS_N20,17,100017,node,Warehouse/Depot,Logistics Hub #18,,150969.38966755068,0,0,0,0,150.96938966755067,1,4,348,12,2024,19,0,0,0,13.160000000000025,0.0008278693953241936,0.22314355131420976,1.0,1,0,13.39,80.09,13.39_80.09,2,4,2.53,303.8,3.271054875724356,0.6325,0.3505590772846521,4,-1.0535890779868897,-0.904892292325366,0,0,0,0,129,40.0,Cropland,Other/Unclassified,Other/Unclassified,0.8096324956689386
13.16315,80.27982,304.87,0.39,0.59,2024-12-14,1932,N20,VIIRS,n,2.0NRT,292.17,1.31,N,VIIRS_N20,17,100017,node,Warehouse/Depot,Logistics Hub #18,,150426.44074565227,0,0,0,0,150.4264407456523,1,4,349,12,2024,19,0,0,0,12.699999999999989,0.004296913438514777,0.8372475245337022,1.0,1,0,13.16,80.27,13.16_80.27,5,5,7.75,304.332,2.8267950049481714,1.55,0.3914715826212677,5,0.1903215475682769,-0.6130713202551663,1,0,0,1,130,10.0,Tree cover,Other/Unclassified,Other/Unclassified,0.9804660738871265
13.16219,80.28056,304.72,0.39,0.59,2024-12-14,1932,N20,VIIRS,n,2.0NRT,292.0,0.92,N,VIIRS_N20,17,100017,node,Warehouse/Depot,Logistics Hub #18,,150437.11881253368,0,0,0,0,150.43711881253367,1,4,349,12,2024,19,0,0,0,12.720000000000027,0.0030191651352060906,0.6523251860396903,1.0,1,0,13.16,80.28,13.16_80.28,13,23,29.58,306.30347826086955,3.394288797773065,1.286086956521739,0.5416619134280146,23,-0.4665125318471485,-0.6758587736119108,1,0,0,1,131,10.0,Tree cover,Other/Unclassified,Other/Unclassified,0.997857142857143
12.62623,77.90338,312.78,0.56,0.69,2024-12-14,1932,N20,VIIRS,n,2.0NRT,286.16,1.72,N,VIIRS_N20,6,100006,node,Power Plant,Thermal Power Station #7,,51132.03381814623,0,0,0,0,51.132033818146226,1,1,349,12,2024,19,0,0,0,26.619999999999948,0.005499072830743654,1.000631880307906,1.0,1,0,12.620000000000001,77.9,12.62_77.9,1,1,1.72,312.78,,1.72,,1,-0.35330514639113014,-0.26081790584640424,0,0,0,0,132,10.0,Tree cover,Other/Unclassified,Other/Unclassified,0.9479412813546613
11.20735,77.56242,298.91,0.71,0.75,2024-12-14,2114,N20,VIIRS,n,2.0NRT,288.66,0.72,N,VIIRS_N20,18,100018,node,Power Plant,Thermal Power Station #19,,18138.935047095714,0,0,0,0,18.138935047095714,1,1,349,12,2024,21,0,0,0,10.25,0.002408751798200127,0.5423242908253617,1.0,1,0,11.200000000000001,77.56,11.2_77.56,8,15,15.08,308.0466666666667,7.156664892319064,1.0053333333333334,0.4637712901030092,15,-1.2766654306355243,-0.6152457890827124,1,0,0,1,133,40.0,Cropland,Other/Unclassified,Other/Unclassified,0.9801655566655567
11.80848,77.92314,328.29,0.51,0.41,2024-12-15,820,N20,VIIRS,n,2.0NRT,299.57,3.13,D,VIIRS_N20,15,100015,node,Oil & Gas,Petroleum Refinery #16,,13678.328592774342,0,0,0,0,13.678328592774342,1,7,350,12,2024,8,1,0,0,28.720000000000027,0.009534253251698193,1.4182774069729414,1.0,1,0,11.8,77.92,11.8_77.92,10,21,32.72,307.8904761904762,8.630552981235025,1.558095238095238,0.5164263650087885,21,2.3636404125989934,3.043811990268954,1,1,1,1,134,10.0,Tree cover,Other/Unclassified,Other/Unclassified,0.9611560004323159
11.20535,77.56535,320.14,0.34,0.56,2024-12-15,2053,N20,VIIRS,n,2.0NRT,290.65,1.42,N,VIIRS_N20,18,100018,node,Power Plant,Thermal Power Station #19,,17749.963927168577,0,0,0,0,17.749963927168576,1,1,350,12,2024,20,0,0,0,29.49000000000001,0.0044355594427437995,0.883767540168595,1.0,1,0,11.200000000000001,77.56,11.2_77.56,8,15,15.08,308.0466666666667,7.156664892319064,1.0053333333333334,0.4637712901030092,15,1.6898001394913085,0.8941188803959038,1,0,0,1,135,30.0,Grassland,Other/Unclassified,Other/Unclassified,0.9948611111111112
11.18495,79.09976,306.14,0.43,0.62,2024-12-15,2053,N20,VIIRS,n,2.0NRT,289.92,1.19,N,VIIRS_N20,12,100012,node,Power Plant,Thermal Power Station #13,,25387.60322591018,0,0,0,0,25.38760322591018,1,1,350,12,2024,20,0,0,0,16.21999999999997,0.0038871104723329198,0.7839015438284094,1.0,1,0,11.18,79.09,11.18_79.09,10,20,18.59,305.3995,3.199398751081369,0.9295,0.2404267040076872,20,0.23144973715755646,1.083490293123475,1,0,0,1,136,10.0,Tree cover,Other/Unclassified,Other/Unclassified,0.997857142857143
11.81657,77.91467,307.92,0.35,0.57,2024-12-15,2053,N20,VIIRS,n,2.0NRT,290.06,1.45,N,VIIRS_N20,15,100015,node,Oil & Gas,Petroleum Refinery #16,,13810.209853397808,0,0,0,0,13.810209853397808,1,7,350,12,2024,20,0,0,0,17.860000000000014,0.004709015328656793,0.8960880245566356,1.0,1,0,11.81,77.91,11.81_77.91,20,43,64.3,308.93627906976747,7.833273664389497,1.4953488372093022,0.7060599894829163,43,-0.1297387418478064,-0.06422802295101517,1,0,0,1,137,40.0,Cropland,Other/Unclassified,Other/Unclassified,0.9973684210526316
11.48131,77.4594,342.79,0.4,0.37,2024-12-16,802,N20,VIIRS,n,2.0NRT,300.67,8.59,D,VIIRS_N20,14,100014,node,Chemical,Chemical Processing Unit #15,,26825.81827053273,0,0,0,0,26.825818270532732,1,9,351,12,2024,8,1,0,0,42.120000000000005,0.02505907406867178,2.2607208888953467,1.0,1,0,11.48,77.45,11.48_77.45,1,1,8.59,342.79,,8.59,,1,1.5925764079782094,2.749244022800172,0,0,1,0,138,40.0,Cropland,Other/Unclassified,Other/Unclassified,0.7210990459693813
12.76216,77.78831,337.56,0.39,0.36,2024-12-16,802,N20,VIIRS,n,2.0NRT,302.01,1.43,D,VIIRS_N20,6,100006,node,Power Plant,Thermal Power Station #7,,67770.55730796604,0,0,0,0,67.77055730796604,1,1,351,12,2024,8,1,0,0,35.55000000000001,0.004236283919895722,0.8878912573524571,1.0,1,0,12.76,77.78,12.76_77.78,2,7,22.13,341.06142857142856,4.102866593701787,3.1614285714285715,1.1286928807464054,7,-0.8534102904548546,-1.5340121311685573,1,0,0,0,139,40.0,Cropland,Other/Unclassified,Other/Unclassified,0.7539729630272198
12.76547,77.78778,344.81,0.39,0.36,2024-12-16,802,N20,VIIRS,n,2.0NRT,304.2,4.32,D,VIIRS_N20,6,100006,node,Power Plant,Thermal Power Station #7,,68140.72955063698,0,0,0,0,68.14072955063699,1,1,351,12,2024,8,1,0,0,40.610000000000014,0.01252863896058699,1.6714733033535532,1.0,1,0,12.76,77.78,12.76_77.78,2,7,22.13,341.06142857142856,4.102866593701787,3.1614285714285715,1.1286928807464054,7,0.9136469205032844,1.026471813842987,1,0,0,0,140,10.0,Tree cover,Other/Unclassified,Other/Unclassified,0.9218518102462341
11.81888,77.91548,305.13,0.52,0.42,2024-12-16,2036,N20,VIIRS,n,2.0NRT,286.45,1.19,N,VIIRS_N20,15,100015,node,Oil & Gas,Petroleum Refinery #16,,14069.841671506303,0,0,0,0,14.069841671506303,1,7,351,12,2024,20,0,0,0,18.680000000000007,0.0038999770589584768,0.7839015438284094,1.0,1,0,11.81,77.91,11.81_77.91,20,43,64.3,308.93627906976747,7.833273664389497,1.4953488372093022,0.7060599894829163,43,-0.48591166769406113,-0.43246868787016923,1,0,0,1,141,40.0,Cropland,Other/Unclassified,Other/Unclassified,0.9918691891017867
11.20212,77.56716,318.27,0.51,0.41,2024-12-16,2036,N20,VIIRS,n,2.0NRT,289.9,1.93,N,VIIRS_N20,18,100018,node,Power Plant,Thermal Power Station #19,,17378.203389007274,0,0,0,0,17.378203389007275,1,1,351,12,2024,20,0,0,0,28.370000000000005,0.00606403368209382,1.0750024230289759,1.0,1,0,11.200000000000001,77.56,11.2_77.56,8,15,15.08,308.0466666666667,7.156664892319064,1.0053333333333334,0.4637712901030092,15,1.4285052447132962,1.9937988538731815,1,0,0,1,142,10.0,Tree cover,Other/Unclassified,Other/Unclassified,0.9948611111111112
11.8174,77.91515,305.75,0.39,0.36,2024-12-17,2016,N20,VIIRS,n,2.0NRT,288.28,0.97,N,VIIRS_N20,15,100015,node,Oil & Gas,Petroleum Refinery #16,,13915.414289206425,0,0,0,0,13.915414289206424,1,7,352,12,2024,20,0,0,0,17.470000000000027,0.0031725265739983646,0.6780335427498971,1.0,1,0,11.81,77.91,11.81_77.91,20,43,64.3,308.93627906976747,7.833273664389497,1.4953488372093022,0.7060599894829163,43,-0.40676212861711564,-0.744056942801761,1,0,0,1,143,40.0,Cropland,Other/Unclassified,Other/Unclassified,0.9913130396524223
11.20251,77.56435,305.83,0.39,0.36,2024-12-17,2016,N20,VIIRS,n,2.0NRT,290.08,0.41,N,VIIRS_N20,18,100018,node,Power Plant,Thermal Power Station #19,,17651.932138096006,0,0,0,0,17.651932138096008,1,1,352,12,2024,20,0,0,0,15.75,0.0013406140666383285,0.3435897043900769,1.0,1,0,11.200000000000001,77.56,11.2_77.56,8,15,15.08,308.0466666666667,7.156664892319064,1.0053333333333334,0.4637712901030092,15,-0.30973459006663123,-1.2836787141375283,1,0,0,1,144,40.0,Cropland,Other/Unclassified,Other/Unclassified,0.9866007957559682
10.93045,77.06244,305.56,0.4,0.37,2024-12-17,2016,N20,VIIRS,n,2.0NRT,289.32,0.45,N,VIIRS_N20,18,100018,node,Power Plant,Thermal Power Station #19,,71967.18428549009,0,0,0,0,71.96718428549009,1,1,352,12,2024,20,0,0,0,16.24000000000001,0.0014727058515512502,0.37156355643248307,1.0,1,0,10.93,77.06,10.93_77.06,6,7,5.66,302.8671428571428,2.8399983232724897,0.8085714285714286,0.48844749193844,7,0.9481896946172269,-0.7341043499853206,1,0,0,1,145,30.0,Grassland,Other/Unclassified,Other/Unclassified,0.9863578088578089
10.92989,77.06603,301.1,0.4,0.37,2024-12-17,2016,N20,VIIRS,n,2.0NRT,289.01,0.49,N,VIIRS_N20,18,100018,node,Power Plant,Thermal Power Station #19,,71607.19866456008,0,0,0,0,71.60719866456009,1,1,352,12,2024,20,0,0,0,12.090000000000032,0.001627366323480571,0.3987761199573678,1.0,1,0,10.92,77.06,10.92_77.06,7,11,6.7,302.6445454545455,2.985857878856131,0.6090909090909091,0.1987689384916338,11,-0.5172869966393643,-0.5991424515049251,1,0,0,1,146,,Unknown,Other/Unclassified,Other/Unclassified,0.9945868945868945
10.00933,78.04446,308.01,0.57,0.43,2024-12-18,1957,N20,VIIRS,n,2.0NRT,290.73,1.93,N,VIIRS_N20,2,100002,node,Chemical,Chemical Processing Unit #3,,92445.43143624508,0,0,0,0,92.44543143624509,1,9,353,12,2024,19,0,0,0,17.279999999999973,0.006266030323690789,1.0750024230289759,1.0,1,0,10.0,78.04,10.0_78.04,1,1,1.93,308.01,,1.93,,1,-0.6625972161792574,-0.16880727920655256,0,0,0,0,147,,Unknown,Other/Unclassified,Other/Unclassified,0.9643708021262873
12.64918,77.90309,336.44,0.43,0.62,2024-12-19,1938,N20,VIIRS,n,2.0NRT,285.87,5.7,N,VIIRS_N20,6,100006,node,Power Plant,Thermal Power Station #7,,53671.93907959992,0,0,0,0,53.67193907959992,1,1,354,12,2024,19,0,0,0,50.56999999999999,0.016942099631435028,1.9021075263969205,1.0,1,0,12.64,77.9,12.64_77.9,2,2,6.23,320.055,23.17188921948315,3.115,3.6557420587344507,2,1.1808353926418105,1.4830025418993564,0,0,0,0,148,,Unknown,Other/Unclassified,Other/Unclassified,0.9220319756418214
12.64964,77.89924,319.44,0.43,0.62,2024-12-19,1938,N20,VIIRS,n,2.0NRT,286.18,5.29,N,VIIRS_N20,6,100006,node,Power Plant,Thermal Power Station #7,,53742.68683045664,0,0,0,0,53.74268683045664,1,1,354,12,2024,19,0,0,0,33.25999999999999,0.01656023040320561,1.8389610707123492,1.0,1,0,12.64,77.89,12.64_77.89,1,1,5.29,319.44,,5.29,,1,0.07853661142625838,1.3033627470310745,0,0,0,0,149,,Unknown,Other/Unclassified,Other/Unclassified,0.9142985385389086
11.44375,77.46748,351.63,0.39,0.44,2024-12-20,826,N20,VIIRS,n,2.0NRT,299.93,6.68,D,VIIRS_N20,14,100014,node,Chemical,Chemical Processing Unit #15,,29988.331781385372,0,0,0,0,29.988331781385373,1,9,355,12,2024,8,1,0,0,51.69999999999999,0.01899724141853653,2.038619547159581,1.0,1,0,11.44,77.46000000000001,11.44_77.46,1,2,16.54,353.31,2.3758787847868095,8.27,2.248599564173221,2,2.165771774210295,1.912385466218664,0,1,0,0,150,,Unknown,Other/Unclassified,Other/Unclassified,0.9344855636731764
11.44777,77.46694,354.99,0.39,0.44,2024-12-20,826,N20,VIIRS,n,2.0NRT,300.5,9.86,D,VIIRS_N20,14,100014,node,Chemical,Chemical Processing Unit #15,,29620.404251045475,0,0,0,0,29.620404251045475,1,9,355,12,2024,8,1,0,0,54.49000000000001,0.02777543029381109,2.3850863145057892,1.0,1,0,11.44,77.46000000000001,11.44_77.46,1,2,16.54,353.31,2.3758787847868095,8.27,2.248599564173221,2,2.383637886262311,3.3056892410507035,0,1,1,0,151,,Unknown,Other/Unclassified,Other/Unclassified,0.9321778713654841
11.2123,77.60321,332.67,0.39,0.44,2024-12-20,826,N20,VIIRS,n,2.0NRT,300.34,1.68,D,VIIRS_N20,18,100018,node,Power Plant,Thermal Power Station #19,,15217.229246907878,0,0,0,0,15.217229246907879,1,1,355,12,2024,8,1,0,0,32.33000000000004,0.005050049598701416,0.9858167945227653,1.0,1,0,11.21,77.60000000000001,11.21_77.6,1,1,1.68,332.67,,1.68,,1,0.9363844276310687,-0.2783437394920903,0,0,0,0,152,,Unknown,Other/Unclassified,Other/Unclassified,0.965718312034016
12.97122,79.91327,300.36,0.67,0.73,2024-12-20,1919,N20,VIIRS,n,2.0NRT,283.71,1.15,N,VIIRS_N20,17,100017,node,Warehouse/Depot,Logistics Hub #18,,105398.8870631067,0,0,0,0,105.3988870631067,1,4,355,12,2024,19,0,0,0,16.650000000000034,0.003828738846717272,0.7654678421395714,1.0,1,0,12.97,79.91,12.97_79.91,2,2,2.61,310.315,14.07849601342414,1.305,0.21920310216782976,2,-1.1586316677262545,-0.5105610352974302,0,0,0,0,153,,Unknown,Other/Unclassified,Other/Unclassified,0.9441562149323399
11.52357,77.66821,330.52,0.39,0.36,2024-12-21,807,N20,VIIRS,n,2.0NRT,300.76,1.34,D,VIIRS_N20,14,100014,node,Chemical,Chemical Processing Unit #15,,19650.43974698189,0,0,0,0,19.650439746981892,1,9,356,12,2024,8,1,0,0,29.75999999999999,0.004054217596514584,0.8501509293696101,1.0,1,0,11.52,77.66,11.52_77.66,1,1,1.34,330.52,,1.34,,1,0.7969760523596878,-0.4273133254804215,0,0,0,0,154,,Unknown,Other/Unclassified,Other/Unclassified,0.9681278774718173
11.47827,77.61415,334.49,0.39,0.36,2024-12-21,807,N20,VIIRS,n,2.0NRT,300.19,1.9,D,VIIRS_N20,14,100014,node,Chemical,Chemical Processing Unit #15,,22980.33512996685,0,0,0,0,22.98033512996685,1,9,356,12,2024,8,1,0,0,34.30000000000001,0.0056802893957965854,1.0647107369924282,1.0,1,0,11.47,77.61,11.47_77.61,1,1,1.9,334.49,,1.9,,1,1.0543952383259096,-0.1819516544408171,0,0,0,0,155,,Unknown,Other/Unclassified,Other/Unclassified,0.9689075006232046
11.47069,77.67638,332.89,0.39,0.36,2024-12-21,807,N20,VIIRS,n,2.0NRT,300.91,1.67,D,VIIRS_N20,24,100024,node,Power Plant,Thermal Power Station #25,,25100.018231094924,0,0,0,0,25.100018231094925,1,1,356,12,2024,8,1,0,0,31.97999999999996,0.005016672173991409,0.9820784724121582,1.0,1,0,11.47,77.67,11.47_77.67,1,1,1.67,332.89,,1.67,,1,0.9506494706820915,-0.2827251979035118,0,0,0,0,156,,Unknown,Other/Unclassified,Other/Unclassified,0.9648924573331612
11.10388,77.42687,333.35,0.38,0.36,2024-12-21,807,N20,VIIRS,n,2.0NRT,297.89,2.59,D,VIIRS_N20,18,100018,node,Power Plant,Thermal Power Station #19,,29352.973263253873,0,0,0,0,29.352973263253872,1,1,356,12,2024,8,1,0,0,35.460000000000036,0.007769611519424028,1.2781522025001875,1.0,1,0,11.1,77.42,11.1_77.42,1,1,2.59,333.35,,2.59,,1,0.9804763788796912,0.12036897594726698,0,0,0,0,157,,Unknown,Other/Unclassified,Other/Unclassified,0.9519124663202755
10.74081,77.85687,332.06,0.39,0.36,2024-12-21,807,N20,VIIRS,n,2.0NRT,297.42,0.91,D,VIIRS_N20,2,100002,node,Chemical,Chemical Processing Unit #3,,9289.98226294138,0,0,0,0,9.289982262941379,1,9,356,12,2024,8,1,0,0,34.639999999999986,0.002740468590013853,0.6471032420585384,1.0,1,0,10.74,77.85000000000001,10.74_77.85,1,1,0.91,332.06,,0.91,,1,0.8968313537168626,-0.6157160371715463,0,0,0,0,158,,Unknown,Other/Unclassified,Other/Unclassified,0.9729828186105358
9.91195,77.92106,334.42,0.39,0.36,2024-12-21,807,N20,VIIRS,n,2.0NRT,300.24,2.18,D,VIIRS_N20,2,100002,node,Chemical,Chemical Processing Unit #3,,100355.06668957247,0,0,0,0,100.35506668957247,1,9,356,12,2024,8,1,0,0,34.18000000000001,0.006518748878655583,1.1568811967920856,1.0,1,0,9.91,77.92,9.91_77.92,1,1,2.18,334.42,,2.18,,1,1.049856360991493,-0.059270818921014747,0,0,0,0,159,,Unknown,Other/Unclassified,Other/Unclassified,0.9747685513478423
13.39486,80.10213,304.54,0.57,0.52,2024-12-21,2042,N20,VIIRS,n,2.0NRT,293.31,1.21,N,VIIRS_N20,17,100017,node,Warehouse/Depot,Logistics Hub #18,,151399.2731678472,0,0,0,0,151.39927316784718,1,4,356,12,2024,20,0,0,0,11.230000000000018,0.003973205490247586,0.7929925155296614,1.0,1,0,13.39,80.10000000000001,13.39_80.1,10,21,22.85,306.8885714285714,3.8878326683568587,1.0880952380952382,0.5611026559161795,21,-0.604082435873969,0.21725928512263631,1,0,0,1,160,,Unknown,Other/Unclassified,Other/Unclassified,0.9968518518518518
8.57614,77.6655,340.7,0.39,0.44,2024-12-22,748,N20,VIIRS,n,2.0NRT,296.14,5.01,D,VIIRS_N20,2,100002,node,Chemical,Chemical Processing Unit #3,,248003.14187090116,0,0,0,0,248.00314187090117,1,9,357,12,2024,7,1,0,0,44.56,0.014705019078368065,1.7934247485471162,1.0,1,0,8.57,77.66,8.57_77.66,1,1,5.01,340.7,,5.01,,1,1.4570584989934718,1.180681911511272,0,0,0,0,161,,Unknown,Other/Unclassified,Other/Unclassified,0.9463225753650019
8.84257,78.11455,330.01,0.54,0.42,2024-12-22,748,N20,VIIRS,n,2.0NRT,296.08,2.62,D,VIIRS_N20,20,100020,node,Chemical,Chemical Processing Unit #21,,214584.23728873258,0,0,0,0,214.58423728873257,1,9,357,12,2024,7,1,0,0,33.93000000000001,0.007939153358989122,1.2864740258376797,1.0,1,0,8.84,78.11,8.84_78.11,1,1,2.62,330.01,,2.62,,1,0.7639070889232218,0.13351335118153163,0,0,0,0,162,,Unknown,Other/Unclassified,Other/Unclassified,0.9451446943602906
13.39196,80.10265,307.16,0.45,0.39,2024-12-22,2023,N20,VIIRS,n,2.0NRT,294.31,0.85,N,VIIRS_N20,17,100017,node,Warehouse/Depot,Logistics Hub #18,,151212.95511480083,0,0,0,0,151.21295511480082,1,4,357,12,2024,20,0,0,0,12.850000000000023,0.0027672874072144807,0.6151856390902334,1.0,1,0,13.39,80.10000000000001,13.39_80.1,10,21,22.85,306.8885714285714,3.8878326683568587,1.0880952380952382,0.5611026559161795,21,0.06981488005843532,-0.4243345412551499,1,0,0,1,163,,Unknown,Other/Unclassified,Other/Unclassified,0.9968518518518518
13.39257,80.10049,308.37,0.45,0.39,2024-12-22,2023,N20,VIIRS,n,2.0NRT,293.81,0.96,N,VIIRS_N20,17,100017,node,Warehouse/Depot,Logistics Hub #18,,151093.7280903787,0,0,0,0,151.09372809037868,1,4,357,12,2024,20,0,0,0,14.560000000000002,0.0031131433018776146,0.6729444732424258,1.0,1,0,13.39,80.10000000000001,13.39_80.1,10,21,22.85,306.8885714285714,3.8878326683568587,1.0880952380952382,0.5611026559161795,21,0.3810422664241582,-0.2282919831952708,1,0,0,1,164,,Unknown,Other/Unclassified,Other/Unclassified,0.9939106753812635
13.39311,80.07539,308.79,0.45,0.39,2024-12-22,2023,N20,VIIRS,n,2.0NRT,293.14,0.47,N,VIIRS_N20,17,100017,node,Warehouse/Depot,Logistics Hub #18,,149211.39226787077,0,0,0,0,149.21139226787076,1,4,357,12,2024,20,0,0,0,15.650000000000034,0.0015220700152207,0.3852624007906449,1.0,1,0,13.39,80.07000000000001,13.39_80.07,3,5,2.66,306.43600000000004,1.9684714882365275,0.532,0.24863628053846043,5,1.1958517123907324,-0.24936022959211518,1,0,0,1,165,,Unknown,Other/Unclassified,Other/Unclassified,0.9889382222715555
11.8156,77.91853,305.09,0.39,0.36,2024-12-22,2023,N20,VIIRS,n,2.0NRT,290.81,1.64,N,VIIRS_N20,15,100015,node,Oil & Gas,Petroleum Refinery #16,,13973.60988908835,0,0,0,0,13.97360988908835,1,7,357,12,2024,20,0,0,0,14.279999999999973,0.005375462978137599,0.9707789171582248,1.0,1,0,11.81,77.91,11.81_77.91,20,43,64.3,308.93627906976747,7.833273664389497,1.4953488372093022,0.7060599894829163,43,-0.49101808956999565,0.20487092448990502,1,0,0,1,166,,Unknown,Other/Unclassified,Other/Unclassified,0.9973684210526316
11.81169,77.92155,305.45,0.39,0.36,2024-12-22,2023,N20,VIIRS,n,2.0NRT,292.43,2.08,N,VIIRS_N20,15,100015,node,Oil & Gas,Petroleum Refinery #16,,13838.146139553153,0,0,0,0,13.838146139553153,1,7,357,12,2024,20,0,0,0,13.019999999999982,0.006809625143231299,1.1249295969854831,1.0,1,0,11.81,77.92,11.81_77.92,11,16,22.18,305.369375,5.143271940117515,1.38625,0.6826309398203395,16,0.01567581899979327,1.016288538258443,1,0,0,1,167,,Unknown,Other/Unclassified,Other/Unclassified,0.9973684210526316
12.05193,79.74717,333.88,0.5,0.49,2024-12-23,730,N20,VIIRS,n,2.0NRT,300.46,3.25,D,VIIRS_N20,17,100017,node,Warehouse/Depot,Logistics Hub #18,,80606.4089223262,0,0,0,0,80.6064089223262,1,4,358,12,2024,7,1,0,0,33.420000000000016,0.009734036180663711,1.4469189829363254,1.0,1,0,12.05,79.74,12.05_79.74,1,1,3.25,333.88,,3.25,,1,1.0148421644117036,0.4095452311010866,0,0,0,0,168,,Unknown,Other/Unclassified,Other/Unclassified,0.9346452911146684
11.57135,79.6544,339.36,0.52,0.5,2024-12-23,730,N20,VIIRS,n,2.0NRT,297.47,7.97,D,VIIRS_N20,0,100000,node,Power Plant,Thermal Power Station #1,,45207.416145435694,0,0,0,0,45.207416145435694,1,1,358,12,2024,7,1,0,0,41.889999999999986,0.023485384252710982,2.1938856760707046,1.0,1,0,11.57,79.65,11.57_79.65,1,1,7.97,339.36,,7.97,,1,1.370171418591777,2.4775936012920385,0,0,1,0,169,,Unknown,Other/Unclassified,Other/Unclassified,0.9081804289824181
10.92947,77.06361,302.8,0.53,0.42,2024-12-23,2004,N20,VIIRS,n,2.0NRT,291.48,0.87,N,VIIRS_N20,18,100018,node,Power Plant,Thermal Power Station #19,,71874.28511655214,0,0,0,0,71.87428511655214,1,1,358,12,2024,20,0,0,0,11.319999999999993,0.0028731836195508586,0.6259384308664953,1.0,1,0,10.92,77.06,10.92_77.06,7,11,6.7,302.6445454545455,2.985857878856131,0.6090909090909091,0.1987689384916338,11,0.05206361178653007,1.3126250655107894,1,0,0,1,170,,Unknown,Other/Unclassified,Other/Unclassified,0.9911025641025639
11.8166,77.91568,304.41,0.49,0.4,2024-12-23,2004,N20,VIIRS,n,2.0NRT,293.06,2.52,N,VIIRS_N20,15,100015,node,Oil & Gas,Petroleum Refinery #16,,13877.264858687793,0,0,0,0,13.877264858687793,1,7,358,12,2024,20,0,0,0,11.350000000000023,0.008278308859761505,1.2584609896100056,1.0,1,0,11.81,77.91,11.81_77.91,20,43,64.3,308.93627906976747,7.833273664389497,1.4953488372093022,0.7060599894829163,43,-0.5778272614608321,1.4512239442162727,1,0,0,1,171,,Unknown,Other/Unclassified,Other/Unclassified,0.9812209936606221
13.16163,80.28162,307.96,0.47,0.48,2024-12-24,1944,N20,VIIRS,n,2.0NRT,290.23,1.34,N,VIIRS_N20,17,100017,node,Warehouse/Depot,Logistics Hub #18,,150501.11624427434,0,0,0,0,150.50111624427433,1,4,359,12,2024,19,0,0,0,17.72999999999996,0.004351214443434213,0.8501509293696101,1.0,1,0,13.16,80.28,13.16_80.28,13,23,29.58,306.30347826086955,3.394288797773065,1.286086956521739,0.5416619134280146,23,0.4880320555567463,0.09953264599510371,1,0,0,1,172,,Unknown,Other/Unclassified,Other/Unclassified,1.0
13.06699,80.18574,302.18,0.48,0.48,2024-12-24,1944,N20,VIIRS,n,2.0NRT,289.22,0.39,N,VIIRS_N20,17,100017,node,Warehouse/Depot,Logistics Hub #18,,136098.74622369342,0,0,0,0,136.0987462236934,1,4,359,12,2024,19,0,0,0,12.95999999999998,0.001290621483883778,0.3293037471426004,1.0,1,0,13.06,80.18,13.06_80.18,6,7,5.2,303.98285714285714,2.463112626236104,0.7428571428571429,0.5984901638209905,7,-0.7319426337447229,-0.5895788505601623,1,0,0,1,173,,Unknown,Other/Unclassified,Other/Unclassified,0.9948433048433049
12.6561,77.75505,304.65,0.34,0.56,2024-12-24,1946,N20,VIIRS,n,2.0NRT,288.07,0.42,N,VIIRS_N20,6,100006,node,Power Plant,Thermal Power Station #7,,57430.60653431182,0,0,0,0,57.43060653431182,1,1,359,12,2024,19,0,0,0,16.579999999999984,0.00137863121614968,0.3506568716131694,1.0,1,0,12.65,77.75,12.65_77.75,1,1,0.42,304.65,,0.42,,1,-0.8804633282312733,-0.8304074993312004,0,0,0,0,174,,Unknown,Other/Unclassified,Other/Unclassified,0.9269350952815866
9.8559,77.33848,332.5,0.46,0.47,2024-12-25,832,N20,VIIRS,n,2.0NRT,302.53,3.09,D,VIIRS_N20,2,100002,node,Chemical,Chemical Processing Unit #3,,117858.60658716867,0,0,0,0,117.85860658716868,1,9,360,12,2024,8,1,0,0,29.970000000000027,0.009293233082706766,1.4085449700547104,1.0,1,0,9.85,77.33,9.85_77.33,1,2,6.35,334.38,2.6587214972614124,3.175,0.12020815280171303,2,0.9253614398189122,0.3394418965183424,0,0,0,0,175,,Unknown,Other/Unclassified,Other/Unclassified,0.9504820759045077
10.76445,78.79064,338.28,0.41,0.37,2024-12-27,754,N20,VIIRS,n,2.0NRT,294.36,4.52,D,VIIRS_N20,22,100022,node,Industrial Works,Steel Foundry #23,,28298.351269809296,0,0,0,0,28.298351269809295,1,2,362,12,2024,7,1,0,0,43.91999999999996,0.01336171219108431,1.7083778602890038,1.0,1,0,10.76,78.79,10.76_78.79,1,1,4.52,338.28,,4.52,,1,1.3001430254321982,0.965990449351618,0,0,0,0,176,,Unknown,Other/Unclassified,Other/Unclassified,0.9228958102439166
10.64623,79.0605,344.72,0.4,0.37,2024-12-27,754,N20,VIIRS,n,2.0NRT,297.12,9.95,D,VIIRS_N20,3,100003,node,Oil & Gas,Petroleum Refinery #4,,19137.101404115092,0,0,0,0,19.137101404115093,1,7,362,12,2024,7,1,0,0,47.60000000000002,0.028864005569737755,2.3933394562625097,1.0,1,0,10.64,79.06,10.64_79.06,1,1,9.95,344.72,,9.95,,1,1.7177197401985638,3.3451223667534973,0,0,1,0,177,,Unknown,Other/Unclassified,Other/Unclassified,0.9160657379107037
13.08411,79.97797,304.58,0.54,0.42,2024-12-27,2027,N20,VIIRS,n,2.0NRT,292.75,0.94,N,VIIRS_N20,17,100017,node,Warehouse/Depot,Logistics Hub #18,,118467.34606466696,0,0,0,0,118.46734606466696,1,4,362,12,2024,20,0,0,0,11.829999999999984,0.003086217085823101,0.6626879730752367,1.0,1,0,13.08,79.97,13.08_79.97,7,10,14.08,306.96,4.861099555541813,1.408,0.9192847461175697,10,-0.4896011638532927,-0.5090914452529666,1,0,0,1,178,,Unknown,Other/Unclassified,Other/Unclassified,1.0
13.39336,80.10159,305.88,0.54,0.42,2024-12-27,2027,N20,VIIRS,n,2.0NRT,293.58,1.53,N,VIIRS_N20,17,100017,node,Warehouse/Depot,Logistics Hub #18,,151240.37276928092,0,0,0,0,151.24037276928092,1,4,362,12,2024,20,0,0,0,12.300000000000011,0.005001961553550412,0.9282193027394289,1.0,1,0,13.39,80.10000000000001,13.39_80.1,10,21,22.85,306.8885714285714,3.8878326683568587,1.0880952380952382,0.5611026559161795,21,-0.25941739642763184,0.7875649085695575,1,0,0,1,179,,Unknown,Other/Unclassified,Other/Unclassified,0.9968518518518518
11.81603,77.91521,303.31,0.44,0.38,2024-12-27,2029,N20,VIIRS,n,2.0NRT,290.52,0.95,N,VIIRS_N20,15,100015,node,Oil & Gas,Petroleum Refinery #16,,13796.084876106474,0,0,0,0,13.796084876106473,1,7,362,12,2024,20,0,0,0,12.79000000000002,0.003132109063334542,0.6678293725756554,1.0,1,0,11.81,77.91,11.81_77.91,20,43,64.3,308.93627906976747,7.833273664389497,1.4953488372093022,0.7060599894829163,43,-0.7182538630489631,-0.7723831477955422,1,0,0,1,180,,Unknown,Other/Unclassified,Other/Unclassified,1.0
11.8112,77.9226,304.57,0.44,0.38,2024-12-27,2029,N20,VIIRS,n,2.0NRT,292.3,1.36,N,VIIRS_N20,15,100015,node,Oil & Gas,Petroleum Refinery #16,,13869.463424101563,0,0,0,0,13.869463424101562,1,7,362,12,2024,20,0,0,0,12.269999999999982,0.004465311750993204,0.8586616190375187,1.0,1,0,11.81,77.92,11.81_77.92,11,16,22.18,305.369375,5.143271940117515,1.38625,0.6826309398203395,16,-0.1554214922537682,-0.038454160907076054,1,0,0,1,181,,Unknown,Other/Unclassified,Other/Unclassified,1.0
8.65828,78.11434,333.53,0.58,0.52,2024-12-28,737,N20,VIIRS,n,2.0NRT,293.5,6.71,D,VIIRS_N20,20,100020,node,Chemical,Chemical Processing Unit #21,,234649.5589595869,0,0,0,0,234.6495589595869,1,9,363,12,2024,7,1,0,0,40.02999999999997,0.02011813030312116,2.0425181875752383,1.0,1,0,8.65,78.11,8.65_78.11,2,2,12.23,334.35,1.1596551211459483,6.115,0.8414570696119921,2,0.9921477777396174,1.9255298414529287,0,0,0,0,182,,Unknown,Other/Unclassified,Other/Unclassified,0.9286498142642384
12.99904,79.90917,323.67,0.38,0.36,2024-12-28,2010,N20,VIIRS,n,2.0NRT,293.42,1.42,N,VIIRS_N20,17,100017,node,Warehouse/Depot,Logistics Hub #18,,106817.18220019607,0,0,0,0,106.81718220019607,1,4,363,12,2024,20,0,0,0,30.25,0.004387184478017734,0.883767540168595,1.0,1,0,12.99,79.9,12.99_79.9,2,10,11.98,309.546,11.037509984895436,1.198,0.9935995169080952,10,1.2796364414916384,0.22343006032332266,1,0,0,0,183,,Unknown,Other/Unclassified,Other/Unclassified,0.9616838624338626
11.80998,77.9227,306.04,0.42,0.37,2024-12-28,2010,N20,VIIRS,n,2.0NRT,294.45,1.43,N,VIIRS_N20,15,100015,node,Oil & Gas,Petroleum Refinery #16,,13773.178751687887,0,0,0,0,13.773178751687887,1,7,363,12,2024,20,0,0,0,11.590000000000032,0.004672591818062998,0.8878912573524571,1.0,1,0,11.8,77.92,11.8_77.92,10,21,32.72,307.8904761904762,8.630552981235025,1.558095238095238,0.5164263650087885,21,-0.21440992187865238,-0.2480416314396693,1,0,0,1,184,,Unknown,Other/Unclassified,Other/Unclassified,0.9971794871794873
11.36158,79.23222,304.49,0.39,0.36,2024-12-28,2010,N20,VIIRS,n,2.0NRT,293.35,0.55,N,VIIRS_N20,12,100012,node,Power Plant,Thermal Power Station #13,,18570.552760831702,0,0,0,0,18.570552760831703,1,1,363,12,2024,20,0,0,0,11.139999999999986,0.00180629905744031,0.4382549309311553,1.0,1,0,11.36,79.23,11.36_79.23,1,2,1.15,304.56,0.098994949366107,0.575,0.03535533905932737,2,-0.890837904995653,-0.7734485399827207,0,0,0,0,185,,Unknown,Other/Unclassified,Other/Unclassified,0.9586404949444166
13.19071,80.22569,304.05,0.38,0.36,2024-12-28,2010,N20,VIIRS,n,2.0NRT,293.31,1.75,N,VIIRS_N20,17,100017,node,Warehouse/Depot,Logistics Hub #18,,147216.99884725618,0,0,0,0,147.21699884725618,1,4,363,12,2024,20,0,0,0,10.740000000000009,0.00575563229731952,1.0116009116784799,1.0,1,0,13.19,80.22,13.19_80.22,1,1,1.75,304.05,,1.75,,1,-0.9193679910977024,-0.2476735306121397,0,0,0,0,186,,Unknown,Other/Unclassified,Other/Unclassified,0.9564004596385919
11.818,77.91617,309.86,0.42,0.37,2024-12-28,2010,N20,VIIRS,n,2.0NRT,292.31,1.51,N,VIIRS_N20,15,100015,node,Oil & Gas,Petroleum Refinery #16,,14034.215357297753,0,0,0,0,14.034215357297754,1,7,363,12,2024,20,0,0,0,17.55000000000001,0.004873168527722197,0.9202827531436926,1.0,1,0,11.81,77.91,11.81_77.91,20,43,64.3,308.93627906976747,7.833273664389497,1.4953488372093022,0.7060599894829163,43,0.1179227191348919,0.02075059203032815,1,0,0,1,187,,Unknown,Other/Unclassified,Other/Unclassified,0.9971794871794873
13.39401,80.10009,312.26,0.38,0.36,2024-12-28,2010,N20,VIIRS,n,2.0NRT,293.73,1.64,N,VIIRS_N20,17,100017,node,Warehouse/Depot,Logistics Hub #18,,151175.43838209,0,0,0,0,151.17543838209002,1,4,363,12,2024,20,0,0,0,18.529999999999973,0.005252033561775444,0.9707789171582248,1.0,1,0,13.39,80.10000000000001,13.39_80.1,10,21,22.85,306.8885714285714,3.8878326683568587,1.0880952380952382,0.5611026559161795,21,1.38159973168257,0.9836074666294364,1,0,0,1,188,,Unknown,Other/Unclassified,Other/Unclassified,0.9939106753812635
13.16097,80.28578,304.34,0.38,0.36,2024-12-28,2010,N20,VIIRS,n,2.0NRT,293.33,2.17,N,VIIRS_N20,17,100017,node,Warehouse/Depot,Logistics Hub #18,,150844.28176534368,0,0,0,0,150.84428176534368,1,4,363,12,2024,20,0,0,0,11.009999999999991,0.007130183347571795,1.1537315878891892,1.0,1,0,13.16,80.28,13.16_80.28,13,23,29.58,306.30347826086955,3.394288797773065,1.286086956521739,0.5416619134280146,23,-0.5784652920982396,1.6318537847422987,1,0,0,1,189,,Unknown,Other/Unclassified,Other/Unclassified,0.9973684210526316
13.06441,80.18712,304.75,0.38,0.36,2024-12-28,2010,N20,VIIRS,n,2.0NRT,292.87,0.56,N,VIIRS_N20,17,100017,node,Warehouse/Depot,Logistics Hub #18,,136079.98445404466,0,0,0,0,136.07998445404468,1,4,363,12,2024,20,0,0,0,11.879999999999995,0.0018375717801476623,0.44468582126144574,1.0,1,0,13.06,80.18,13.06_80.18,6,7,5.2,303.98285714285714,2.463112626236104,0.7428571428571429,0.5984901638209905,7,0.31145261039692407,-0.30553074037125816,1,0,0,1,190,,Unknown,Other/Unclassified,Other/Unclassified,0.9948433048433049
11.10632,79.16979,304.27,0.39,0.36,2024-12-28,2010,N20,VIIRS,n,2.0NRT,293.12,0.4,N,VIIRS_N20,0,100000,node,Power Plant,Thermal Power Station #1,,29892.86258933095,0,0,0,0,29.89286258933095,1,1,363,12,2024,20,0,0,0,11.149999999999977,0.001314621881881224,0.33647223662121295,1.0,1,0,11.1,79.16,11.1_79.16,1,1,0.4,304.27,,0.4,,1,-0.9051029480466795,-0.8391704161540434,0,0,0,0,191,,Unknown,Other/Unclassified,Other/Unclassified,0.953114761418683
11.18189,79.09865,310.19,0.39,0.36,2024-12-28,2010,N20,VIIRS,n,2.0NRT,293.11,0.8,N,VIIRS_N20,12,100012,node,Power Plant,Thermal Power Station #13,,25709.168179308483,0,0,0,0,25.70916817930848,1,1,363,12,2024,20,0,0,0,17.079999999999984,0.002579064444372804,0.5877866649021191,1.0,1,0,11.18,79.09,11.18_79.09,10,20,18.59,305.3995,3.199398751081369,0.9295,0.2404267040076872,20,1.4973125804905878,-0.5386256927427638,1,0,0,1,192,,Unknown,Other/Unclassified,Other/Unclassified,1.0
13.42006,80.09048,299.51,0.39,0.44,2024-12-29,1953,N20,VIIRS,n,2.0NRT,286.91,1.07,N,VIIRS_N20,17,100017,node,Warehouse/Depot,Logistics Hub #18,,152497.28415565085,0,0,0,0,152.49728415565085,1,4,364,12,2024,19,0,0,0,12.599999999999966,0.00357250175286301,0.7275486072772778,1.0,1,0,13.42,80.09,13.42_80.09,1,1,1.07,299.51,,1.07,,1,-1.2137466067870335,-0.5456127025888022,0,0,0,0,193,,Unknown,Other/Unclassified,Other/Unclassified,0.9525910930219497
13.00249,79.90515,303.22,0.4,0.6,2024-12-30,1932,N20,VIIRS,n,2.0NRT,287.44,0.83,N,VIIRS_N20,17,100017,node,Warehouse/Depot,Logistics Hub #18,,106689.95762817988,0,0,0,0,106.68995762817988,1,4,365,12,2024,19,0,0,0,15.78000000000003,0.002737286458676868,0.6043159668533294,1.0,1,0,13.0,79.9,13.0_79.9,2,2,1.31,303.235,0.021213203435577133,0.655,0.24748737341529156,2,-0.9731861080629313,-0.6507677044629184,0,0,0,0,194,,Unknown,Other/Unclassified,Other/Unclassified,0.9434235048195317
11.4404,77.99475,331.85,0.51,0.41,2024-12-31,820,N20,VIIRS,n,2.0NRT,292.7,3.43,D,VIIRS_N20,9,100009,node,Oil & Gas,Petroleum Refinery #10,,12789.420144286329,0,0,0,0,12.789420144286328,1,7,366,12,2024,8,1,0,0,39.150000000000034,0.010335995178544524,1.4883995840570443,1.0,1,0,11.44,77.99,11.44_77.99,1,1,3.43,331.85,,3.43,,1,0.883214721713613,0.4884114825066738,0,0,0,0,195,,Unknown,Other/Unclassified,Other/Unclassified,0.9600224259594968
11.68432,79.29988,337.24,0.41,0.45,2024-12-31,820,N20,VIIRS,n,2.0NRT,296.3,2.41,D,VIIRS_N20,12,100012,node,Power Plant,Thermal Power Station #13,,39243.57798040096,0,0,0,0,39.24357798040096,1,1,366,12,2024,8,1,0,0,40.94,0.007146245996916143,1.2267122912954254,1.0,1,0,11.68,79.29,11.68_79.29,1,1,2.41,337.24,,2.41,,1,1.2327082764637196,0.04150272454167995,0,0,0,0,196,,Unknown,Other/Unclassified,Other/Unclassified,0.9633983140225788
12.26136,77.4773,348.28,0.49,0.4,2024-12-31,820,N20,VIIRS,n,2.0NRT,303.57,10.24,D,VIIRS_N20,6,100006,node,Power Plant,Thermal Power Station #7,,49871.619501675035,0,0,0,0,49.871619501675035,1,1,366,12,2024,8,1,0,0,44.70999999999998,0.02940163087171242,2.419478844465545,1.0,1,0,12.26,77.47,12.26_77.47,1,2,13.370000000000001,342.99,7.4811897449536815,6.6850000000000005,5.0275292142363535,2,1.9485540732060522,3.472184660684721,0,0,1,0,197,,Unknown,Other/Unclassified,Other/Unclassified,0.9294002130895708
12.24911,77.47062,331.21,0.49,0.4,2024-12-31,820,N20,VIIRS,l,2.0NRT,302.87,3.31,D,VIIRS_N20,6,100006,node,Power Plant,Thermal Power Station #7,,50314.51306899363,0,0,0,0,50.31451306899363,1,1,366,12,2024,8,1,0,0,28.339999999999975,0.009993659611726699,1.4609379041156565,0.0,1,0,12.24,77.47,12.24_77.47,1,2,6.91,330.635,0.8131727983645135,3.455,0.2050609665440988,2,0.8417164146560836,0.43583398156961567,0,0,0,0,198,,Unknown,Other/Unclassified,Other/Unclassified,0.9427910949917526
13.15986,80.28521,306.51,0.49,0.65,2024-12-31,2053,N20,VIIRS,n,2.0NRT,292.53,1.12,N,VIIRS_N20,17,100017,node,Warehouse/Depot,Logistics Hub #18,,150726.01699415754,0,0,0,0,150.72601699415753,1,4,366,12,2024,20,0,0,0,13.980000000000018,0.0036540406512022452,0.7514160886839212,1.0,1,0,13.15,80.28,13.15_80.28,10,15,31.96,308.05333333333334,5.417348675013171,2.130666666666667,1.6132906330437382,15,-0.2848872069932989,-0.6264628616605044,1,0,0,1,199,,Unknown,Other/Unclassified,Other/Unclassified,0.997857142857143
11.78081,77.7215,306.42,0.35,0.56,2024-12-31,2053,N20,VIIRS,n,2.0NRT,290.2,0.76,N,VIIRS_N20,10,100010,node,Industrial Works,Steel Foundry #11,,8904.010782028501,0,0,0,0,8.904010782028502,1,2,366,12,2024,20,0,0,0,16.220000000000027,0.002480255857972717,0.5653138090500605,1.0,1,0,11.78,77.72,11.78_77.72,1,1,0.76,306.42,,0.76,,1,-0.7656945727752986,-0.6814379133428691,0,0,0,0,200,,Unknown,Other/Unclassified,Other/Unclassified,0.9270053254129847
11.77863,77.72128,304.69,0.35,0.56,2024-12-31,2053,N20,VIIRS,n,2.0NRT,290.68,0.68,N,VIIRS_N20,10,100010,node,Industrial Works,Steel Foundry #11,,8751.598106427888,0,0,0,0,8.751598106427888,1,2,366,12,2024,20,0,0,0,14.009999999999991,0.0022317765597820735,0.5187937934151675,1.0,1,0,11.77,77.72,11.77_77.72,1,2,1.4300000000000002,304.46500000000003,0.3181980515339584,0.7150000000000001,0.04949747468305825,2,-0.8778696840401765,-0.7164895806342411,0,0,0,0,201,,Unknown,Other/Unclassified,Other/Unclassified,0.9456535746579608
11.184,79.09882,303.23,0.44,0.62,2024-12-31,2053,N20,VIIRS,n,2.0NRT,291.34,0.44,N,VIIRS_N20,12,100012,node,Power Plant,Thermal Power Station #13,,25479.271665159828,0,0,0,0,25.47927166515983,1,1,366,12,2024,20,0,0,0,11.890000000000043,0.001451043762160736,0.3646431135879093,1.0,1,0,11.18,79.09,11.18_79.09,10,20,18.59,305.3995,3.199398751081369,0.9295,0.2404267040076872,20,-0.6780961576817203,-2.0359635258500615,1,0,0,1,202,,Unknown,Other/Unclassified,Other/Unclassified,0.997857142857143
10.9299,77.06393,302.8,0.32,0.55,2024-12-31,2055,N20,VIIRS,n,2.0NRT,289.27,0.51,N,VIIRS_N20,18,100018,node,Power Plant,Thermal Power Station #19,,71827.46519068214,0,0,0,0,71.82746519068213,1,1,366,12,2024,20,0,0,0,13.53000000000003,0.0016842800528401585,0.412109650826833,1.0,1,0,10.92,77.06,10.92_77.06,7,11,6.7,302.6445454545455,2.985857878856131,0.6090909090909091,0.1987689384916338,11,0.05206361178653007,-0.4985231085040979,1,0,0,1,203,,Unknown,Other/Unclassified,Other/Unclassified,0.9974074074074074
10.93015,77.06202,301.78,0.32,0.55,2024-12-31,2055,N20,VIIRS,n,2.0NRT,289.94,0.41,N,VIIRS_N20,18,100018,node,Power Plant,Thermal Power Station #19,,72020.48566798879,0,0,0,0,72.0204856679888,1,1,366,12,2024,20,0,0,0,11.839999999999975,0.001358605606733382,0.3435897043900769,1.0,1,0,10.93,77.06,10.93_77.06,6,7,5.66,302.8671428571428,2.8399983232724897,0.8085714285714286,0.48844749193844,7,-0.3827970066863109,-0.8159964687087826,1,0,0,1,204,,Unknown,Other/Unclassified,Other/Unclassified,0.9949358974358974
8.98492,77.60124,341.7,0.41,0.37,2025-01-01,800,N20,VIIRS,n,2.0NRT,303.02,8.35,D,VIIRS_N20,2,100002,node,Chemical,Chemical Processing Unit #3,,203550.09166591062,0,0,0,0,203.55009166591063,1,9,1,1,2025,8,1,0,0,38.68000000000001,0.0244366403277729,2.2353763433005955,1.0,1,0,8.98,77.60000000000001,8.98_77.6,1,1,8.35,341.7,,8.35,,1,1.5218996037708572,2.6440890209260557,0,0,1,0,205,,Unknown,Other/Unclassified,Other/Unclassified,0.9036677151943536
9.00014,77.61005,330.68,0.4,0.37,2025-01-01,800,N20,VIIRS,n,2.0NRT,299.15,2.68,D,VIIRS_N20,2,100002,node,Chemical,Chemical Processing Unit #3,,201768.74038872935,0,0,0,0,201.76874038872936,1,9,1,1,2025,8,1,0,0,31.53000000000003,0.008104511914842143,1.3029127521808397,1.0,1,0,9.0,77.61,9.0_77.61,1,1,2.68,330.68,,2.68,,1,0.8073506291240711,0.1598021016500607,0,0,0,0,206,,Unknown,Other/Unclassified,Other/Unclassified,0.9598985963075342
12.76551,77.78887,344.2,0.39,0.36,2025-01-01,802,N20,VIIRS,n,2.0NRT,304.08,4.8,D,VIIRS_N20,6,100006,node,Power Plant,Thermal Power Station #7,,68119.2600615646,0,0,0,0,68.11926006156459,1,1,1,1,2025,8,1,0,0,40.120000000000005,0.013945380592678676,1.7578579175523736,1.0,1,0,12.76,77.78,12.76_77.78,2,7,22.13,341.06142857142856,4.102866593701787,3.1614285714285715,1.1286928807464054,7,0.7649703827536998,1.4517425036718934,1,0,0,0,207,,Unknown,Other/Unclassified,Other/Unclassified,0.9030157223002391
12.76221,77.7894,342.74,0.39,0.36,2025-01-01,802,N20,VIIRS,n,2.0NRT,303.09,2.68,D,VIIRS_N20,6,100006,node,Power Plant,Thermal Power Station #7,,67750.12747738525,0,0,0,0,67.75012747738525,1,1,1,1,2025,8,1,0,0,39.650000000000034,0.007819338273910252,1.3029127521808397,1.0,1,0,12.76,77.78,12.76_77.78,2,7,22.13,341.06142857142856,4.102866593701787,3.1614285714285715,1.1286928807464054,7,0.4091216202711002,-0.4265363764057786,1,0,0,0,208,,Unknown,Other/Unclassified,Other/Unclassified,0.9125716839219109
9.27809,78.04165,330.24,0.39,0.36,2025-01-01,802,N20,VIIRS,n,2.0NRT,298.26,1.58,D,VIIRS_N20,20,100020,node,Chemical,Chemical Processing Unit #21,,169648.85166217116,0,0,0,0,169.64885166217115,1,9,1,1,2025,8,1,0,0,31.980000000000018,0.004784399224806201,0.9477893989335261,1.0,1,0,9.27,78.04,9.27_78.04,1,1,1.58,330.24,,1.58,,1,0.7788205430220216,-0.3221583236063053,0,0,0,0,209,,Unknown,Other/Unclassified,Other/Unclassified,0.9788675954592363
9.95182,77.59099,334.88,0.4,0.37,2025-01-01,802,N20,VIIRS,n,2.0NRT,302.88,2.79,D,VIIRS_N20,2,100002,node,Chemical,Chemical Processing Unit #3,,98245.58509748167,0,0,0,0,98.24558509748167,1,9,1,1,2025,8,1,0,0,32.0,0.008331342570473006,1.332366019094335,1.0,1,0,9.950000000000001,77.59,9.95_77.59,1,1,2.79,334.88,,2.79,,1,1.0796832691890892,0.20799814417569723,0,0,0,0,210,,Unknown,Other/Unclassified,Other/Unclassified,0.9604640505936559
10.33826,78.88723,333.68,0.38,0.36,2025-01-01,802,N20,VIIRS,n,2.0NRT,299.81,3.52,D,VIIRS_N20,3,100003,node,Oil & Gas,Petroleum Refinery #4,,48807.42023412053,0,0,0,0,48.80742023412053,1,7,1,1,2025,8,1,0,0,33.870000000000005,0.010549029009829777,1.5085119938441398,1.0,1,0,10.33,78.88,10.33_78.88,1,1,3.52,333.68,,3.52,,1,1.0018739434562274,0.5278446082094673,0,0,0,0,211,,Unknown,Other/Unclassified,Other/Unclassified,0.9731739898989898
10.69594,77.54763,332.04,0.4,0.37,2025-01-01,802,N20,VIIRS,n,2.0NRT,302.19,1.55,D,VIIRS_N20,2,100002,node,Chemical,Chemical Processing Unit #3,,31659.294751076515,0,0,0,0,31.659294751076516,1,9,1,1,2025,8,1,0,0,29.850000000000023,0.004668112275629442,0.9360933591703349,1.0,1,0,10.69,77.54,10.69_77.54,1,1,1.55,332.04,,1.55,,1,0.8955345316213161,-0.33530269884056985,0,0,0,0,212,,Unknown,Other/Unclassified,Other/Unclassified,0.9842039627039626
10.94611,79.13213,336.33,0.38,0.36,2025-01-01,802,N20,VIIRS,n,2.0NRT,300.28,2.79,D,VIIRS_N20,22,100022,node,Industrial Works,Steel Foundry #23,,34547.67097793091,0,0,0,0,34.547670977930906,1,2,1,1,2025,8,1,0,0,36.05000000000001,0.008295424137008296,1.332366019094335,1.0,1,0,10.94,79.13,10.94_79.13,1,1,2.79,336.33,,2.79,,1,1.1737028711162973,0.20799814417569723,0,0,0,0,213,,Unknown,Other/Unclassified,Other/Unclassified,0.9709275501788659
11.25105,77.11478,334.75,0.4,0.37,2025-01-01,802,N20,VIIRS,n,2.0NRT,304.6,1.99,D,VIIRS_N20,18,100018,node,Power Plant,Thermal Power Station #19,,65351.29198016965,0,0,0,0,65.35129198016965,1,1,1,1,2025,8,1,0,0,30.149999999999977,0.005944734876773712,1.095273387402595,1.0,1,0,11.25,77.11,11.25_77.11,1,1,1.99,334.75,,1.99,,1,1.0712539255680293,-0.14251852873802348,0,0,0,0,214,,Unknown,Other/Unclassified,Other/Unclassified,0.9811829051796157
11.94915,78.9861,330.37,0.39,0.36,2025-01-01,802,N20,VIIRS,n,2.0NRT,300.24,3.36,D,VIIRS_N20,4,100004,node,Industrial Works,Steel Foundry #5,,28412.09446527373,0,0,0,0,28.412094465273732,1,2,1,1,2025,8,1,0,0,30.129999999999995,0.010170414989254471,1.4724720573609429,1.0,1,0,11.94,78.98,11.94_78.98,1,2,6.34,329.84000000000003,0.749533188057762,3.17,0.268700576850888,2,0.7872498866430815,0.4577412736267232,0,0,0,0,215,,Unknown,Other/Unclassified,Other/Unclassified,0.9704744152046783
11.70016,77.97418,332.68,0.39,0.36,2025-01-01,802,N20,VIIRS,n,2.0NRT,302.89,1.69,D,VIIRS_N20,15,100015,node,Oil & Gas,Petroleum Refinery #16,,14619.821421757679,0,0,0,0,14.61982142175768,1,7,1,1,2025,8,1,0,0,29.79000000000002,0.005079956715161716,0.9895411936137477,1.0,1,0,11.700000000000001,77.97,11.7_77.97,1,1,1.69,332.68,,1.69,,1,0.9370328386788419,-0.2739622810806688,0,0,0,0,216,,Unknown,Other/Unclassified,Other/Unclassified,0.9851415852665851
11.88465,79.34978,337.29,0.39,0.36,2025-01-01,802,N20,VIIRS,n,2.0NRT,301.5,3.68,D,VIIRS_N20,4,100004,node,Industrial Works,Steel Foundry #5,,51496.245702121145,0,0,0,0,51.49624570212114,1,2,1,1,2025,8,1,0,0,35.79000000000002,0.010910492454564321,1.5432981099295553,1.0,1,0,11.88,79.34,11.88_79.34,1,1,3.68,337.29,,3.68,,1,1.2359503317025895,0.5979479427922115,0,0,0,0,217,,Unknown,Other/Unclassified,Other/Unclassified,0.9746673861942436
11.5132,78.5043,331.55,0.38,0.36,2025-01-01,802,N20,VIIRS,n,2.0NRT,303.06,10.79,D,VIIRS_N20,19,100019,node,Manufacturing,Textile Mill #20,,41615.45989855391,0,0,0,0,41.615459898553915,1,3,1,1,2025,8,1,0,0,28.49000000000001,0.03254411099381692,2.4672517145492794,1.0,1,0,11.51,78.5,11.51_78.5,1,1,10.79,331.55,,10.79,,1,0.8637623902803967,3.7131648733129037,0,0,1,0,218,,Unknown,Other/Unclassified,Other/Unclassified,0.9321704420736929
11.35749,77.60499,331.35,0.39,0.36,2025-01-01,802,N20,VIIRS,n,2.0NRT,300.22,2.28,D,VIIRS_N20,18,100018,node,Power Plant,Thermal Power Station #19,,29199.193209707544,0,0,0,0,29.199193209707545,1,1,1,1,2025,8,1,0,0,31.129999999999995,0.006880941602535082,1.1878434223960523,1.0,1,0,11.35,77.60000000000001,11.35_77.6,1,1,2.28,331.35,,2.28,,1,0.8507941693249204,-0.015456234806799815,0,0,0,0,219,,Unknown,Other/Unclassified,Other/Unclassified,0.9794339829274039
11.81757,77.91451,302.01,0.53,0.42,2025-01-01,2036,N20,VIIRS,n,2.0NRT,291.5,1.33,N,VIIRS_N20,15,100015,node,Oil & Gas,Petroleum Refinery #16,,13890.339623153639,0,0,0,0,13.89033962315364,1,7,1,1,2025,20,0,0,0,10.509999999999991,0.004403827687824907,0.8458682675776092,1.0,1,0,11.81,77.91,11.81_77.91,8,43,64.3,308.93627906976747,7.833273664389497,1.4953488372093022,0.7060599894829163,43,-0.8842125740167522,-0.23418525291370149,1,0,0,1,220,,Unknown,Other/Unclassified,Other/Unclassified,1.0
11.18145,79.09953,307.52,0.42,0.45,2025-01-01,2036,N20,VIIRS,n,2.0NRT,290.33,1.23,N,VIIRS_N20,12,100012,node,Power Plant,Thermal Power Station #13,,25769.348112427706,0,0,0,0,25.769348112427707,1,1,1,1,2025,20,0,0,0,17.189999999999998,0.0039997398543184185,0.8020015854720274,1.0,1,0,11.18,79.09,11.18_79.09,6,20,18.59,305.3995,3.199398751081369,0.9295,0.2404267040076872,20,0.6627807800710311,1.2498611634687304,1,0,0,1,221,,Unknown,Other/Unclassified,Other/Unclassified,0.9981481481481482
11.81676,77.91927,308.7,0.53,0.42,2025-01-01,2036,N20,VIIRS,n,2.0NRT,291.7,1.33,N,VIIRS_N20,15,100015,node,Oil & Gas,Petroleum Refinery #16,,14124.705061554865,0,0,0,0,14.124705061554865,1,7,1,1,2025,20,0,0,0,17.0,0.004308390022675738,0.8458682675776092,1.0,1,0,11.81,77.91,11.81_77.91,8,43,64.3,308.93627906976747,7.833273664389497,1.4953488372093022,0.7060599894829163,43,-0.03016351526713726,-0.23418525291370149,1,0,0,1,222,,Unknown,Other/Unclassified,Other/Unclassified,1.0
11.35407,77.32398,301.85,0.5,0.41,2025-01-01,2036,N20,VIIRS,n,2.0NRT,290.64,0.5,N,VIIRS_N20,14,100014,node,Chemical,Chemical Processing Unit #15,,46920.22328898582,0,0,0,0,46.920223288985824,1,9,1,1,2025,20,0,0,0,11.210000000000036,0.0016564518800728837,0.4054651081081644,1.0,1,0,11.35,77.32000000000001,11.35_77.32,1,1,0.5,301.85,,0.5,,1,-1.0620184216079496,-0.7953558320398283,0,0,0,0,223,,Unknown,Other/Unclassified,Other/Unclassified,0.9914097007223942
11.18356,79.10158,307.96,0.42,0.45,2025-01-01,2036,N20,VIIRS,n,2.0NRT,290.43,1.27,N,VIIRS_N20,12,100012,node,Power Plant,Thermal Power Station #13,,25566.316314127944,0,0,0,0,25.566316314127945,1,1,1,1,2025,20,0,0,0,17.529999999999973,0.0041239121963891415,0.8197798314933114,1.0,1,0,11.18,79.10000000000001,11.18_79.1,3,8,8.73,306.94,2.5630673587938055,1.09125,0.32502472433427504,8,0.3979606686887854,0.5499581620017395,1,0,0,1,224,,Unknown,Other/Unclassified,Other/Unclassified,0.9948433048433049
11.49499,77.31486,308.42,0.49,0.41,2025-01-01,2036,N20,VIIRS,n,2.0NRT,290.58,1.25,N,VIIRS_N20,14,100014,node,Chemical,Chemical Processing Unit #15,,36903.735963752566,0,0,0,0,36.90373596375257,1,9,1,1,2025,20,0,0,0,17.840000000000032,0.004052914856364697,0.8109302162163288,1.0,1,0,11.49,77.31,11.49_77.31,1,2,2.52,309.95000000000005,2.1637467504308168,1.26,0.014142135623730963,2,-0.6360123632205278,-0.4667464511832151,0,0,0,0,225,,Unknown,Other/Unclassified,Other/Unclassified,0.9773124989046041
11.49306,77.31637,311.48,0.49,0.41,2025-01-01,2036,N20,VIIRS,n,2.0NRT,290.51,1.27,N,VIIRS_N20,14,100014,node,Chemical,Chemical Processing Unit #15,,36890.97165205652,0,0,0,0,36.89097165205652,1,9,1,1,2025,20,0,0,0,20.970000000000027,0.004077308334403493,0.8197798314933114,1.0,1,0,11.49,77.31,11.49_77.31,1,2,2.52,309.95000000000005,2.1637467504308168,1.26,0.014142135623730963,2,-0.43759858260172824,-0.4579835343603721,0,0,0,0,226,,Unknown,Other/Unclassified,Other/Unclassified,0.9777023624523624
13.0309,79.92147,301.8,0.45,0.47,2025-01-01,2036,N20,VIIRS,n,2.0NRT,284.17,0.61,N,VIIRS_N20,17,100017,node,Warehouse/Depot,Logistics Hub #18,,109998.2006337333,0,0,0,0,109.9982006337333,1,4,1,1,2025,20,0,0,0,17.629999999999995,0.0020212060967528165,0.4762341789963716,1.0,1,0,13.030000000000001,79.92,13.03_79.92,1,2,0.95,305.03999999999996,4.582051942088821,0.475,0.1909188309203678,2,-1.0652604768468195,-0.7471597895141917,0,0,0,0,227,,Unknown,Other/Unclassified,Other/Unclassified,0.9786234129361066
13.39424,80.09948,302.39,0.45,0.47,2025-01-01,2036,N20,VIIRS,n,2.0NRT,288.04,0.94,N,VIIRS_N20,17,100017,node,Warehouse/Depot,Logistics Hub #18,,151146.39775116133,0,0,0,0,151.14639775116135,1,4,1,1,2025,20,0,0,0,14.349999999999966,0.0031085684050398492,0.6626879730752367,1.0,1,0,13.39,80.09,13.39_80.09,2,4,2.53,303.8,3.271054875724356,0.6325,0.3505590772846521,4,-1.0270042250281637,-0.602571661937282,0,0,0,0,228,,Unknown,Other/Unclassified,Other/Unclassified,0.9585257700289668
11.00075,78.41774,331.64,0.39,0.44,2025-01-02,741,N20,VIIRS,n,2.0NRT,300.45,1.61,D,VIIRS_N20,13,100013,node,Manufacturing,Textile Mill #14,,16524.411445040776,0,0,0,0,16.524411445040776,1,3,2,1,2025,7,1,0,0,31.189999999999998,0.004854661681341214,0.959350221334602,1.0,1,0,11.0,78.41,11.0_78.41,1,1,1.61,331.64,,1.61,,1,0.8695980897103598,-0.30901394837204077,0,0,0,0,229,,Unknown,Other/Unclassified,Other/Unclassified,0.9831034763448556
12.76237,78.00354,330.67,0.39,0.44,2025-01-02,743,N20,VIIRS,n,2.0NRT,302.73,2.5,D,VIIRS_N20,6,100006,node,Power Plant,Thermal Power Station #7,,66710.01910108686,0,0,0,0,66.71001910108686,1,1,2,1,2025,7,1,0,0,27.939999999999998,0.007560407657180875,1.252762968495368,1.0,1,0,12.76,78.0,12.76_78.0,1,1,2.5,330.67,,2.5,,1,0.8067022180762978,0.08093585024447346,0,0,0,0,230,,Unknown,Other/Unclassified,Other/Unclassified,0.9668823182663122
13.16646,79.46835,330.02,0.48,0.4,2025-01-02,743,N20,VIIRS,n,2.0NRT,296.27,3.63,D,VIIRS_N20,17,100017,node,Warehouse/Depot,Logistics Hub #18,,90050.38435933112,0,0,0,0,90.05038435933112,1,4,2,1,2025,7,1,0,0,33.75,0.010999333373734925,1.5325568680981427,1.0,1,0,13.16,79.46000000000001,13.16_79.46,1,1,3.63,330.02,,3.63,,1,0.7645554999709951,0.5760406507351039,0,0,0,0,231,,Unknown,Other/Unclassified,Other/Unclassified,0.9557580777347511
13.14527,79.34011,333.58,0.49,0.4,2025-01-02,743,N20,VIIRS,n,2.0NRT,294.47,4.12,D,VIIRS_N20,17,100017,node,Warehouse/Depot,Logistics Hub #18,,82809.83000729058,0,0,0,0,82.80983000729059,1,4,2,1,2025,7,1,0,0,39.10999999999996,0.012350860363331136,1.6331544390514163,1.0,1,0,13.14,79.34,13.14_79.34,1,1,4.12,333.58,,4.12,,1,0.9953898329784874,0.790732112894758,0,0,0,0,232,,Unknown,Other/Unclassified,Other/Unclassified,0.9355397320259573
11.74678,78.1469,297.54,0.38,0.36,2025-01-02,2016,N20,VIIRS,n,2.0NRT,283.03,0.48,N,VIIRS_N20,19,100019,node,Manufacturing,Textile Mill #20,,28812.098636860952,0,0,0,0,28.812098636860952,1,3,2,1,2025,20,0,0,0,14.510000000000048,0.0016132284734825567,0.3920420877760237,1.0,1,0,11.74,78.14,11.74_78.14,1,1,0.48,297.54,,0.48,,1,-1.3414835831984808,-0.8041187488626713,0,0,0,0,233,,Unknown,Other/Unclassified,Other/Unclassified,0.9748693140095939
13.16005,80.28485,310.98,0.4,0.37,2025-01-02,2016,N20,VIIRS,n,2.0NRT,282.87,1.28,N,VIIRS_N20,17,100017,node,Warehouse/Depot,Logistics Hub #18,,150704.1635660922,0,0,0,0,150.7041635660922,1,4,2,1,2025,20,0,0,0,28.110000000000014,0.004116020322850344,0.8241754429663494,1.0,1,0,13.16,80.28,13.16_80.28,4,23,29.58,306.30347826086955,3.394288797773065,1.286086956521739,0.5416619134280146,23,1.3777618870258332,-0.01123755680589845,1,0,0,1,234,,Unknown,Other/Unclassified,Other/Unclassified,0.9892275540551403
12.968,79.91467,295.6,0.4,0.37,2025-01-02,2016,N20,VIIRS,n,2.0NRT,271.1,0.42,N,VIIRS_N20,17,100017,node,Warehouse/Depot,Logistics Hub #18,,105322.64606312035,0,0,0,0,105.32264606312035,1,4,2,1,2025,20,0,0,0,24.5,0.0014208389715832203,0.3506568716131694,1.0,1,0,12.96,79.91,12.96_79.91,2,5,3.6100000000000003,306.96,7.26333601040182,0.7220000000000001,0.3025227264190246,5,-1.5640196162935747,-0.9982721085942466,1,0,0,0,235,,Unknown,Other/Unclassified,Other/Unclassified,0.9288271222033376
11.81654,77.9172,317.27,0.39,0.36,2025-01-02,2016,N20,VIIRS,n,2.0NRT,287.46,1.84,N,VIIRS_N20,15,100015,node,Oil & Gas,Petroleum Refinery #16,,13969.851340868665,0,0,0,0,13.969851340868665,1,7,2,1,2025,20,0,0,0,29.810000000000002,0.005799476786333408,1.0438040521731147,1.0,1,0,11.81,77.91,11.81_77.91,8,43,64.3,308.93627906976747,7.833273664389497,1.4953488372093022,0.7060599894829163,43,1.0638873716512778,0.4881329744277161,1,0,0,1,236,,Unknown,Other/Unclassified,Other/Unclassified,0.9946969696969696
11.80883,77.92317,307.07,0.39,0.36,2025-01-02,2016,N20,VIIRS,n,2.0NRT,288.45,1.63,N,VIIRS_N20,15,100015,node,Oil & Gas,Petroleum Refinery #16,,13709.776883806173,0,0,0,0,13.709776883806173,1,7,2,1,2025,20,0,0,0,18.620000000000005,0.005308235907122154,0.9669838461896731,1.0,1,0,11.8,77.92,11.8_77.92,6,21,32.72,307.8904761904762,8.630552981235025,1.558095238095238,0.5164263650087885,21,-0.09506646819272407,0.1392352652319334,1,0,0,1,237,,Unknown,Other/Unclassified,Other/Unclassified,0.9975757575757576
11.18149,79.09891,311.23,0.39,0.36,2025-01-02,2018,N20,VIIRS,n,2.0NRT,293.51,1.34,N,VIIRS_N20,12,100012,node,Power Plant,Thermal Power Station #13,,25756.623071569014,0,0,0,0,25.756623071569013,1,1,2,1,2025,20,0,0,0,17.720000000000027,0.004305497542010732,0.8501509293696101,1.0,1,0,11.18,79.09,11.18_79.09,6,20,18.59,305.3995,3.199398751081369,0.9295,0.2404267040076872,20,1.822373656309446,1.7073810569181829,1,0,0,1,238,,Unknown,Other/Unclassified,Other/Unclassified,0.9957239057239057
11.00624,76.89335,303.46,0.4,0.37,2025-01-02,2018,N20,VIIRS,n,2.0NRT,282.83,0.36,N,VIIRS_N20,18,100018,node,Power Plant,Thermal Power Station #19,,88402.27557618602,0,0,0,0,88.40227557618601,1,1,2,1,2025,20,0,0,0,20.629999999999995,0.0011863178013576748,0.3074846997479606,1.0,1,0,11.0,76.89,11.0_76.89,1,1,0.36,303.46,,0.36,,1,-0.9576242429163618,-0.8566962497997295,0,0,0,0,239,,Unknown,Other/Unclassified,Other/Unclassified,0.9534844447222476
8.20461,77.64593,337.12,0.52,0.67,2025-01-03,722,N20,VIIRS,n,2.0NRT,289.89,3.94,D,VIIRS_N20,2,100002,node,Chemical,Chemical Processing Unit #3,,289174.96632324817,0,0,0,0,289.17496632324816,1,9,3,1,2025,7,1,0,0,47.23000000000002,0.011687233032747983,1.597365331199831,1.0,1,0,8.2,77.64,8.2_77.64,1,1,3.94,337.12,,3.94,,1,1.2249273438904331,0.7118658614891707,0,0,0,0,240,,Unknown,Other/Unclassified,Other/Unclassified,0.9402343492918942
10.74361,77.07713,345.56,0.51,0.66,2025-01-03,724,N20,VIIRS,n,2.0NRT,295.75,11.51,D,VIIRS_N20,18,100018,node,Power Plant,Thermal Power Station #19,,78791.7918590571,0,0,0,0,78.7917918590571,1,1,3,1,2025,7,1,0,0,49.81,0.033308253270054405,2.5265283244788197,1.0,1,0,10.74,77.07000000000001,10.74_77.07,1,3,37.94,353.26,11.928101273882623,12.646666666666667,2.188842921119132,3,1.7721862682115659,4.028629878935253,0,0,1,0,241,,Unknown,Other/Unclassified,Other/Unclassified,0.9509144785616015
10.74274,77.0725,347.22,0.51,0.66,2025-01-03,724,N20,VIIRS,n,2.0NRT,296.97,11.26,D,VIIRS_N20,18,100018,node,Power Plant,Thermal Power Station #19,,79275.88126649731,0,0,0,0,79.27588126649731,1,1,3,1,2025,7,1,0,0,50.25,0.032429007545648286,2.506341930508065,1.0,1,0,10.74,77.07000000000001,10.74_77.07,1,3,37.94,353.26,11.928101273882623,12.646666666666667,2.188842921119132,3,1.8798225021420272,3.919093418649715,0,0,1,0,242,,Unknown,Other/Unclassified,Other/Unclassified,0.9504144785616013
10.74473,77.07406,367.0,0.51,0.66,2025-01-03,724,N20,VIIRS,h,2.0NRT,298.07,15.17,D,VIIRS_N20,18,100018,node,Power Plant,Thermal Power Station #19,,79016.54365009653,0,0,0,0,79.01654365009652,1,1,3,1,2025,7,1,0,0,68.93,0.04133514986376022,2.783157673589016,2.0,1,0,10.74,77.07000000000001,10.74_77.07,1,3,37.94,353.26,11.928101273882623,12.646666666666667,2.188842921119132,3,3.1623795546387092,5.632243657515525,0,1,1,0,243,,Unknown,Other/Unclassified,Other/Unclassified,0.9441810362958063
12.22936,79.20753,334.43,0.34,0.56,2025-01-03,724,N20,VIIRS,n,2.0NRT,295.7,3.78,D,VIIRS_N20,17,100017,node,Warehouse/Depot,Logistics Hub #18,,24471.059403065366,0,0,0,0,24.471059403065368,1,4,3,1,2025,7,1,0,0,38.73000000000002,0.011302813742786232,1.5644405465033644,1.0,1,0,12.22,79.2,12.22_79.2,1,1,3.78,334.43,,3.78,,1,1.0505047720392664,0.6417625269064265,0,0,0,0,244,,Unknown,Other/Unclassified,Other/Unclassified,0.9560912575393752
12.2317,79.20523,335.81,0.34,0.56,2025-01-03,724,N20,VIIRS,n,2.0NRT,296.21,4.25,D,VIIRS_N20,17,100017,node,Warehouse/Depot,Logistics Hub #18,,24132.722140541555,0,0,0,0,24.132722140541556,1,4,3,1,2025,7,1,0,0,39.60000000000002,0.012655966171346893,1.6582280766035324,1.0,1,0,12.23,79.2,12.23_79.2,1,1,4.25,335.81,,4.25,,1,1.139985496632058,0.8476910722432375,0,0,0,0,245,,Unknown,Other/Unclassified,Other/Unclassified,0.9382142132873309
11.90528,78.9305,354.59,0.36,0.58,2025-01-03,724,N20,VIIRS,n,2.0NRT,297.33,5.28,D,VIIRS_N20,4,100004,node,Industrial Works,Steel Foundry #5,,22557.92501621806,0,0,0,0,22.55792501621806,1,2,3,1,2025,7,1,0,0,57.25999999999999,0.014890436842550554,1.8373699804801074,1.0,1,0,11.9,78.93,11.9_78.93,1,1,5.28,354.59,,5.28,,1,2.3577014443513544,1.298981288619653,0,1,0,0,246,,Unknown,Other/Unclassified,Other/Unclassified,0.9472781267120622
11.43129,77.46838,305.46,0.42,0.45,2025-01-03,1957,N20,VIIRS,n,2.0NRT,290.08,0.8,N,VIIRS_N20,14,100014,node,Chemical,Chemical Processing Unit #15,,31178.903802959718,0,0,0,0,31.178903802959717,1,9,3,1,2025,19,0,0,0,15.379999999999995,0.0026190008511752768,0.5877866649021191,1.0,1,0,11.43,77.46000000000001,11.43_77.46,1,1,0.8,305.46,,0.8,,1,-0.827942033361591,-0.663912079697183,0,0,0,0,247,,Unknown,Other/Unclassified,Other/Unclassified,0.9707420596832363
11.80808,77.92257,302.59,0.4,0.44,2025-01-03,1957,N20,VIIRS,n,2.0NRT,290.75,2.1,N,VIIRS_N20,15,100015,node,Oil & Gas,Petroleum Refinery #16,,13604.158376991945,0,0,0,0,13.604158376991945,1,7,3,1,2025,19,0,0,0,11.839999999999975,0.00694008394196768,1.1314021114911006,1.0,1,0,11.8,77.92,11.8_77.92,6,21,32.72,307.8904761904762,8.630552981235025,1.558095238095238,0.5164263650087885,21,-0.6141525580111465,1.0493359724102003,1,0,0,1,248,,Unknown,Other/Unclassified,Other/Unclassified,0.9915266702108806
11.81264,77.91956,313.87,0.4,0.44,2025-01-03,1957,N20,VIIRS,n,2.0NRT,292.32,1.48,N,VIIRS_N20,15,100015,node,Oil & Gas,Petroleum Refinery #16,,13783.646261106249,0,0,0,0,13.783646261106249,1,7,3,1,2025,19,0,0,0,21.55000000000001,0.00471532800203906,0.9082585601768908,1.0,1,0,11.81,77.91,11.81_77.91,8,43,64.3,308.93627906976747,7.833273664389497,1.4953488372093022,0.7060599894829163,43,0.6298415121970667,-0.02173871546034351,1,0,0,1,249,,Unknown,Other/Unclassified,Other/Unclassified,1.0
12.32897,78.5715,304.39,0.56,0.43,2025-01-03,1957,N20,VIIRS,n,2.0NRT,289.04,0.93,N,VIIRS_N20,1,100001,node,Manufacturing,Textile Mill #2,,42700.31314358351,0,0,0,0,42.70031314358351,1,3,3,1,2025,19,0,0,0,15.349999999999966,0.0030552909096882293,0.6575200029167941,1.0,1,0,12.32,78.57000000000001,12.32_78.57,1,1,0.93,304.39,,0.93,,1,-0.897322015473393,-0.6069531203487033,0,0,0,0,250,,Unknown,Other/Unclassified,Other/Unclassified,0.9736927814760632
12.85007,79.90411,320.56,0.48,0.4,2025-01-03,1957,N20,VIIRS,n,2.0NRT,292.54,2.44,N,VIIRS_N20,17,100017,node,Warehouse/Depot,Logistics Hub #18,,97526.24576426762,0,0,0,0,97.52624576426761,1,4,3,1,2025,19,0,0,0,28.019999999999982,0.007611679560768654,1.235471471385307,1.0,1,0,12.85,79.9,12.85_79.9,3,14,25.28,311.8492857142857,6.397096053060936,1.8057142857142858,1.1218166193601018,14,1.3616669522331641,0.5654094469089953,1,0,0,1,251,,Unknown,Other/Unclassified,Other/Unclassified,0.9900088821853525
11.90245,79.34005,331.11,0.72,0.75,2025-01-04,707,N20,VIIRS,n,2.0NRT,294.23,7.06,D,VIIRS_N20,4,100004,node,Industrial Works,Steel Foundry #5,,51340.68416947781,0,0,0,0,51.34068416947781,1,2,4,1,2025,7,1,0,0,36.879999999999995,0.021322219202077858,2.0869135565185366,1.0,1,0,11.9,79.34,11.9_79.34,1,2,13.48,331.435,0.45961940777123983,6.74,0.45254833995939053,2,0.8352323041783473,2.0788808858526813,0,0,1,0,252,,Unknown,Other/Unclassified,Other/Unclassified,0.9367046541512227
11.90354,79.34016,331.76,0.72,0.75,2025-01-04,707,N20,VIIRS,n,2.0NRT,293.62,6.42,D,VIIRS_N20,4,100004,node,Industrial Works,Steel Foundry #5,,51403.77883885143,0,0,0,0,51.40377883885143,1,2,4,1,2025,7,1,0,0,38.139999999999986,0.01935133831685556,2.004179057179289,1.0,1,0,11.9,79.34,11.9_79.34,1,2,13.48,331.435,0.45961940777123983,6.74,0.45254833995939053,2,0.8773790222836463,1.798467547521705,0,0,0,0,253,,Unknown,Other/Unclassified,Other/Unclassified,0.9416801443473014
11.51105,76.51912,330.32,0.52,0.42,2025-01-05,826,N20,VIIRS,n,2.0NRT,298.62,2.66,D,VIIRS_N20,14,100014,node,Chemical,Chemical Processing Unit #15,,118703.16235452912,0,0,0,0,118.70316235452913,1,9,5,1,2025,8,1,0,0,31.69999999999999,0.008052797287478809,1.297463147413275,1.0,1,0,11.51,76.51,11.51_76.51,1,1,2.66,330.32,,2.66,,1,0.7840078314042115,0.15103918482721768,0,0,0,0,254,,Unknown,Other/Unclassified,Other/Unclassified,0.9592348536174756
11.55031,78.6932,334.16,0.48,0.48,2025-01-05,826,N20,VIIRS,n,2.0NRT,303.21,3.0,D,VIIRS_N20,4,100004,node,Industrial Works,Steel Foundry #5,,29606.285765098786,0,0,0,0,29.606285765098786,1,2,5,1,2025,8,1,0,0,30.950000000000045,0.008977735216662676,1.3862943611198906,1.0,1,0,11.55,78.69,11.55_78.69,1,1,3.0,334.16,,3.0,,1,1.0329976737493736,0.3000087708155489,0,0,0,0,255,,Unknown,Other/Unclassified,Other/Unclassified,0.967784907045791
10.13353,77.27407,340.17,0.56,0.43,2025-01-05,826,N20,VIIRS,n,2.0NRT,306.16,16.84,D,VIIRS_N20,2,100002,node,Chemical,Chemical Processing Unit #3,,95450.31485245314,0,0,0,0,95.45031485245315,1,9,5,1,2025,8,1,0,0,34.00999999999999,0.049504659434988385,2.8814431271518632,1.0,1,0,10.13,77.27,10.13_77.27,3,7,47.33,326.6671428571429,19.36740794417753,6.761428571428572,6.0897274940986446,7,0.6971948534246949,1.6550118931164395,1,0,0,1,256,,Unknown,Other/Unclassified,Other/Unclassified,0.8993315654145763
8.16496,77.5927,336.52,0.55,0.42,2025-01-05,826,N20,VIIRS,n,2.0NRT,301.11,3.19,D,VIIRS_N20,2,100002,node,Chemical,Chemical Processing Unit #3,,293969.90458990936,0,0,0,0,293.96990458990933,1,9,5,1,2025,8,1,0,0,35.40999999999997,0.009479377154403898,1.4327007339340463,1.0,1,0,8.16,77.59,8.16_77.59,1,2,6.609999999999999,336.53999999999996,0.028284271247496467,3.3049999999999997,0.16263455967290608,2,1.1860226810240002,0.3832564806325575,0,0,0,0,257,,Unknown,Other/Unclassified,Other/Unclassified,0.9610861149299617
12.85438,79.90437,324.72,0.66,0.73,2025-01-05,1919,N20,VIIRS,n,2.0NRT,290.82,5.28,N,VIIRS_N20,17,100017,node,Warehouse/Depot,Logistics Hub #18,,97779.05810406554,0,0,0,0,97.77905810406554,1,4,5,1,2025,19,0,0,0,33.900000000000034,0.016260162601626015,1.8373699804801074,1.0,1,0,12.85,79.9,12.85_79.9,3,14,25.28,311.8492857142857,6.397096053060936,1.8057142857142858,1.1218166193601018,14,2.0119620182279156,3.0970175109970204,1,1,1,1,258,,Unknown,Other/Unclassified,Other/Unclassified,0.9711959193340772
10.13427,77.27188,312.06,0.45,0.63,2025-01-05,2101,N20,VIIRS,n,2.0NRT,278.03,1.19,N,VIIRS_N20,2,100002,node,Chemical,Chemical Processing Unit #3,,95534.15145562543,0,0,0,0,95.53415145562542,1,9,5,1,2025,21,0,0,0,34.03000000000003,0.0038133692238672048,0.7839015438284094,1.0,1,0,10.13,77.27,10.13_77.27,3,7,47.33,326.6671428571429,19.36740794417753,6.761428571428572,6.0897274940986446,7,-0.7542125874172166,-0.9148896361664229,1,0,0,1,259,,Unknown,Other/Unclassified,Other/Unclassified,0.9511766817534938
12.27398,77.48555,334.22,0.39,0.36,2025-01-06,807,N20,VIIRS,n,2.0NRT,301.69,3.72,D,VIIRS_N20,6,100006,node,Power Plant,Thermal Power Station #7,,49316.91849192339,0,0,0,0,49.31691849192339,1,1,6,1,2025,8,1,0,0,32.53000000000003,0.011130393154209802,1.551808799597464,1.0,1,0,12.27,77.48,12.27_77.48,1,2,7.44,336.845,3.7123106012293743,3.72,0.0,2,1.0368881400360168,0.6154737764378976,0,0,0,0,260,,Unknown,Other/Unclassified,Other/Unclassified,0.9781139306599831
12.2745,77.48907,339.47,0.39,0.36,2025-01-06,807,N20,VIIRS,n,2.0NRT,302.55,3.72,D,VIIRS_N20,6,100006,node,Power Plant,Thermal Power Station #7,,48959.6516213012,0,0,0,0,48.9596516213012,1,1,6,1,2025,8,1,0,0,36.920000000000016,0.010958258461719739,1.551808799597464,1.0,1,0,12.27,77.48,12.27_77.48,1,2,7.44,336.845,3.7123106012293743,3.72,0.0,2,1.3773039401172902,0.6154737764378976,0,0,0,0,261,,Unknown,Other/Unclassified,Other/Unclassified,0.9704771815158811
12.0115,78.97699,342.16,0.42,0.37,2025-01-06,807,N20,VIIRS,n,2.0NRT,296.99,3.84,D,VIIRS_N20,1,100001,node,Manufacturing,Textile Mill #2,,30963.164847107324,0,0,0,0,30.963164847107326,1,3,6,1,2025,8,1,0,0,45.170000000000016,0.01122281973345803,1.5769147207285403,1.0,1,0,12.01,78.97,12.01_78.97,1,2,11.370000000000001,340.06,2.9698484809835315,5.6850000000000005,2.6092240225783603,2,1.551726511968457,0.6680512773749556,0,0,0,0,262,,Unknown,Other/Unclassified,Other/Unclassified,0.9656699550449552
12.08129,79.76902,332.47,0.45,0.39,2025-01-06,807,N20,VIIRS,n,2.0NRT,300.52,4.09,D,VIIRS_N20,17,100017,node,Warehouse/Depot,Logistics Hub #18,,81037.66596066074,0,0,0,0,81.03766596066075,1,4,6,1,2025,8,1,0,0,31.950000000000045,0.012301861822119288,1.6272778305624314,1.0,1,0,12.08,79.76,12.08_79.76,1,1,4.09,332.47,,4.09,,1,0.9234162066755923,0.7775877376604933,0,0,0,0,263,,Unknown,Other/Unclassified,Other/Unclassified,0.9273579655879735
11.74525,78.10697,333.75,0.39,0.36,2025-01-06,807,N20,VIIRS,n,2.0NRT,300.18,2.82,D,VIIRS_N20,15,100015,node,Oil & Gas,Petroleum Refinery #16,,29205.735325922535,0,0,0,0,29.205735325922536,1,7,6,1,2025,8,1,0,0,33.56999999999999,0.008449438202247191,1.3402504226184837,1.0,1,0,11.74,78.10000000000001,11.74_78.1,1,1,2.82,333.75,,2.82,,1,1.006412820790644,0.22114251940996166,0,0,0,0,264,,Unknown,Other/Unclassified,Other/Unclassified,0.9676274311945364
10.73405,78.8576,334.65,0.4,0.37,2025-01-06,807,N20,VIIRS,n,2.0NRT,303.19,3.26,D,VIIRS_N20,22,100022,node,Industrial Works,Steel Foundry #23,,31617.79055677036,0,0,0,0,31.61779055677036,1,2,6,1,2025,8,1,0,0,31.45999999999998,0.009741520992081278,1.449269160281279,1.0,1,0,10.73,78.85000000000001,10.73_78.85,1,1,3.26,334.65,,3.26,,1,1.0647698150902893,0.41392668951250805,0,0,0,0,265,,Unknown,Other/Unclassified,Other/Unclassified,0.977029664438875
10.65434,78.90324,337.8,0.4,0.37,2025-01-06,807,N20,VIIRS,n,2.0NRT,295.47,3.05,D,VIIRS_N20,3,100003,node,Oil & Gas,Petroleum Refinery #4,,36332.59497574967,0,0,0,0,36.33259497574967,1,7,6,1,2025,8,1,0,0,42.329999999999984,0.009029011249259917,1.3987168811184478,1.0,1,0,10.65,78.9,10.65_78.9,1,2,7.76,335.41499999999996,3.372899346259839,3.88,1.1737972567696688,2,1.2690192951390555,0.32191606287265634,0,0,0,0,266,,Unknown,Other/Unclassified,Other/Unclassified,0.9645588901838901
10.13398,77.27408,340.05,0.38,0.36,2025-01-06,807,N20,VIIRS,n,2.0NRT,303.76,8.57,D,VIIRS_N20,2,100002,node,Chemical,Chemical Processing Unit #3,,95410.43756343362,0,0,0,0,95.41043756343362,1,9,6,1,2025,8,1,0,0,36.29000000000002,0.025202176150566094,2.258633205464863,1.0,1,0,10.13,77.27,10.13_77.27,3,7,47.33,326.6671428571429,19.36740794417753,6.761428571428572,6.0897274940986446,7,0.690998877156426,0.2969872511247927,1,0,0,1,267,,Unknown,Other/Unclassified,Other/Unclassified,0.9041077215863561
9.18335,78.58079,334.68,0.39,0.36,2025-01-06,807,N20,VIIRS,n,2.0NRT,301.85,3.38,D,VIIRS_N20,20,100020,node,Chemical,Chemical Processing Unit #21,,173165.40020006942,0,0,0,0,173.16540020006943,1,9,6,1,2025,8,1,0,0,32.829999999999984,0.010099199235090235,1.4770487243883548,1.0,1,0,9.18,78.58,9.18_78.58,3,3,9.78,333.43333333333334,1.112894124943307,3.26,0.5990826320300063,3,1.0667150482336127,0.4665041904495662,0,0,0,1,268,,Unknown,Other/Unclassified,Other/Unclassified,0.9677612133881487
8.66208,78.00376,331.58,0.38,0.36,2025-01-06,807,N20,VIIRS,n,2.0NRT,300.9,2.81,D,VIIRS_N20,20,100020,node,Chemical,Chemical Processing Unit #21,,236667.7093797053,0,0,0,0,236.66770937970531,1,9,6,1,2025,8,1,0,0,30.680000000000007,0.00847457627118644,1.3376291891386096,1.0,1,0,8.66,78.0,8.66_78.0,1,1,2.81,331.58,,2.81,,1,0.8657076234237165,0.21676106099854026,0,0,0,0,269,,Unknown,Other/Unclassified,Other/Unclassified,0.9625589580010632
8.26385,77.14684,332.48,0.39,0.36,2025-01-06,807,N20,VIIRS,n,2.0NRT,304.61,3.29,D,VIIRS_N20,2,100002,node,Chemical,Chemical Processing Unit #3,,291299.3727829526,0,0,0,0,291.2993727829526,1,9,6,1,2025,8,1,0,0,27.870000000000005,0.009895332050048123,1.4562867329399256,1.0,1,0,8.26,77.14,8.26_77.14,1,1,3.29,332.48,,3.29,,1,0.9240646177233656,0.42707106474677264,0,0,0,0,270,,Unknown,Other/Unclassified,Other/Unclassified,0.9683191919191917
11.81821,77.91634,315.54,0.44,0.46,2025-01-06,2042,N20,VIIRS,n,2.0NRT,291.65,1.47,N,VIIRS_N20,15,100015,node,Oil & Gas,Petroleum Refinery #16,,14063.917138077368,0,0,0,0,14.063917138077368,1,7,6,1,2025,20,0,0,0,23.890000000000043,0.004658680357482411,0.9042181506398859,1.0,1,0,11.81,77.91,11.81_77.91,8,43,64.3,308.93627906976747,7.833273664389497,1.4953488372093022,0.7060599894829163,43,0.8430346255172269,-0.03590181795723406,1,0,0,1,271,,Unknown,Other/Unclassified,Other/Unclassified,1.0
11.81328,77.91955,304.19,0.44,0.46,2025-01-06,2042,N20,VIIRS,n,2.0NRT,290.77,1.47,N,VIIRS_N20,15,100015,node,Oil & Gas,Petroleum Refinery #16,,13838.552305961186,0,0,0,0,13.838552305961185,1,7,6,1,2025,20,0,0,0,13.420000000000016,0.004832505999539762,0.9042181506398859,1.0,1,0,11.81,77.91,11.81_77.91,8,43,64.3,308.93627906976747,7.833273664389497,1.4953488372093022,0.7060599894829163,43,-0.6059125817784612,-0.03590181795723406,1,0,0,1,272,,Unknown,Other/Unclassified,Other/Unclassified,1.0
11.81797,77.91679,314.09,0.44,0.46,2025-01-06,2042,N20,VIIRS,n,2.0NRT,291.39,2.03,N,VIIRS_N20,15,100015,node,Oil & Gas,Petroleum Refinery #16,,14071.1286511642,0,0,0,0,14.0711286511642,1,7,6,1,2025,20,0,0,0,22.69999999999999,0.006463115667483842,1.1085626195212777,1.0,1,0,11.81,77.91,11.81_77.91,8,43,64.3,308.93627906976747,7.833273664389497,1.4953488372093022,0.7060599894829163,43,0.6579268325146885,0.757231921868636,1,0,0,1,273,,Unknown,Other/Unclassified,Other/Unclassified,0.994158249158249
11.81306,77.92001,306.63,0.44,0.46,2025-01-06,2042,N20,VIIRS,n,2.0NRT,291.19,1.54,N,VIIRS_N20,15,100015,node,Oil & Gas,Petroleum Refinery #16,,13850.582762490947,0,0,0,0,13.850582762490948,1,7,6,1,2025,20,0,0,0,15.439999999999998,0.005022339627564165,0.9321640810304452,1.0,1,0,11.81,77.92,11.81_77.92,3,16,22.18,305.369375,5.143271940117515,1.38625,0.6826309398203395,16,0.24510175908979867,0.22523151388430365,1,0,0,1,274,,Unknown,Other/Unclassified,Other/Unclassified,1.0
11.77549,76.99091,309.64,0.39,0.44,2025-01-06,2042,N20,VIIRS,n,2.0NRT,287.04,0.59,N,VIIRS_N20,14,100014,node,Chemical,Chemical Processing Unit #15,,66409.78173780313,0,0,0,0,66.40978173780313,1,9,6,1,2025,20,0,0,0,22.599999999999966,0.001905438573827671,0.4637340162321401,1.0,1,0,11.77,76.99,11.77_76.99,1,2,1.65,311.14,2.1213203435596424,0.825,0.33234018715767744,2,-0.5569062153921195,-0.7559227063370347,0,0,0,0,275,,Unknown,Other/Unclassified,Other/Unclassified,0.9847179915600968
10.92894,77.5596,299.88,0.43,0.46,2025-01-06,2042,N20,VIIRS,n,2.0NRT,288.46,0.35,N,VIIRS_N20,18,100018,node,Power Plant,Thermal Power Station #19,,24870.11023227512,0,0,0,0,24.87011023227512,1,1,6,1,2025,20,0,0,0,11.420000000000016,0.0011671335200746965,0.3001045924503381,1.0,1,0,10.92,77.55,10.92_77.55,1,1,0.35,299.88,,0.35,,1,-1.1897553980194007,-0.8610777082111509,0,0,0,0,276,,Unknown,Other/Unclassified,Other/Unclassified,0.9811664341850103
9.77955,77.90776,307.42,0.47,0.48,2025-01-06,2042,N20,VIIRS,n,2.0NRT,289.65,1.11,N,VIIRS_N20,2,100002,node,Chemical,Chemical Processing Unit #3,,114777.4251831232,0,0,0,0,114.7774251831232,1,9,6,1,2025,20,0,0,0,17.77000000000004,0.003610695465486956,0.7466879474879752,1.0,1,0,9.77,77.9,9.77_77.9,1,1,1.11,307.42,,1.11,,1,-0.7008534679979131,-0.5280868689431162,0,0,0,0,277,,Unknown,Other/Unclassified,Other/Unclassified,0.9800528631155566
8.85111,78.11459,330.62,0.53,0.42,2025-01-07,748,N20,VIIRS,n,2.0NRT,296.45,3.16,D,VIIRS_N20,20,100020,node,Chemical,Chemical Processing Unit #21,,213655.33838508377,0,0,0,0,213.65533838508378,1,9,7,1,2025,7,1,0,0,34.170000000000016,0.009557800496037747,1.425515074273172,1.0,1,0,8.85,78.11,8.85_78.11,1,1,3.16,330.62,,3.16,,1,0.8034601628374278,0.3701121053982931,0,0,0,0,278,,Unknown,Other/Unclassified,Other/Unclassified,0.9534356968376575
8.31969,77.4026,335.66,0.4,0.44,2025-01-07,748,N20,VIIRS,n,2.0NRT,296.77,2.28,D,VIIRS_N20,2,100002,node,Chemical,Chemical Processing Unit #3,,279477.12416625494,0,0,0,0,279.47712416625495,1,9,7,1,2025,7,1,0,0,38.89000000000004,0.006792587737591609,1.1878434223960523,1.0,1,0,8.31,77.4,8.31_77.4,1,1,2.28,335.66,,2.28,,1,1.1302593309154516,-0.015456234806799815,0,0,0,0,279,,Unknown,Other/Unclassified,Other/Unclassified,0.9610263928730277
8.22996,77.46539,333.8,0.4,0.44,2025-01-07,748,N20,VIIRS,n,2.0NRT,299.25,1.65,D,VIIRS_N20,2,100002,node,Chemical,Chemical Processing Unit #3,,288298.2298316822,0,0,0,0,288.29822983168225,1,9,7,1,2025,7,1,0,0,34.55000000000001,0.004943079688436189,0.9745596399981308,1.0,1,0,8.22,77.46000000000001,8.22_77.46,1,1,1.65,333.8,,1.65,,1,1.0096548760295139,-0.29148811472635483,0,0,0,0,280,,Unknown,Other/Unclassified,Other/Unclassified,0.9826205017867422
9.3789,77.40843,331.02,0.38,0.43,2025-01-07,748,N20,VIIRS,n,2.0NRT,297.46,1.49,D,VIIRS_N20,2,100002,node,Chemical,Chemical Processing Unit #3,,164673.6204863222,0,0,0,0,164.67362048632222,1,9,7,1,2025,7,1,0,0,33.56,0.004501238595855235,0.9122827104766162,1.0,1,0,9.370000000000001,77.4,9.37_77.4,1,1,1.49,331.02,,1.49,,1,0.8293966047483805,-0.3615914493090989,0,0,0,0,281,,Unknown,Other/Unclassified,Other/Unclassified,0.970978246536554
11.19525,77.8558,330.86,0.51,0.41,2025-01-07,750,N20,VIIRS,n,2.0NRT,297.22,3.59,D,VIIRS_N20,18,100018,node,Power Plant,Thermal Power Station #19,,19957.904366833704,0,0,0,0,19.957904366833702,1,1,7,1,2025,7,1,0,0,33.639999999999986,0.010850510790062261,1.5238800240724537,1.0,1,0,11.19,77.85000000000001,11.19_77.85,1,4,14.09,337.0675,8.008551159021641,3.5225,0.9377055330255157,4,0.8190220279840009,0.5585148170894179,0,0,0,0,282,,Unknown,Other/Unclassified,Other/Unclassified,0.9475507809184277
11.19609,77.85741,332.68,0.51,0.41,2025-01-07,750,N20,VIIRS,n,2.0NRT,297.65,3.07,D,VIIRS_N20,18,100018,node,Power Plant,Thermal Power Station #19,,20156.929256149757,0,0,0,0,20.156929256149756,1,1,7,1,2025,7,1,0,0,35.03000000000003,0.009228087050619213,1.4036429994545037,1.0,1,0,11.19,77.85000000000001,11.19_77.85,1,4,14.09,337.0675,8.008551159021641,3.5225,0.9377055330255157,4,0.9370328386788419,0.33067897969549936,0,0,0,0,283,,Unknown,Other/Unclassified,Other/Unclassified,0.9559687597261126
11.83409,78.91941,331.81,0.45,0.39,2025-01-07,750,N20,VIIRS,n,2.0NRT,297.18,2.85,D,VIIRS_N20,4,100004,node,Industrial Works,Steel Foundry #5,,14617.866574953616,0,0,0,0,14.617866574953617,1,2,7,1,2025,7,1,0,0,34.629999999999995,0.008589252885687593,1.3480731482996928,1.0,1,0,11.83,78.91,11.83_78.91,1,1,2.85,331.81,,2.85,,1,0.8806210775225163,0.2342868946442263,0,0,0,0,284,,Unknown,Other/Unclassified,Other/Unclassified,0.9615361590617488
12.03704,79.81008,332.96,0.41,0.37,2025-01-07,750,N20,VIIRS,n,2.0NRT,297.63,4.51,D,VIIRS_N20,17,100017,node,Warehouse/Depot,Logistics Hub #18,,87354.01471452812,0,0,0,0,87.35401471452812,1,4,7,1,2025,7,1,0,0,35.329999999999984,0.01354517059106199,1.706564623164823,1.0,1,0,12.030000000000001,79.81,12.03_79.81,2,2,17.85,336.06,4.384062043356627,8.925,6.243752877877214,2,0.9551883480165081,0.9616089909401966,0,0,0,0,285,,Unknown,Other/Unclassified,Other/Unclassified,0.929871174304998
12.56889,77.66099,333.41,0.5,0.41,2025-01-07,750,N20,VIIRS,n,2.0NRT,300.56,3.88,D,VIIRS_N20,6,100006,node,Power Plant,Thermal Power Station #7,,53141.55398357635,0,0,0,0,53.14155398357635,1,1,7,1,2025,7,1,0,0,32.85000000000002,0.011637323415614407,1.5851452198650557,1.0,1,0,12.56,77.66,12.56_77.66,1,1,3.88,333.41,,3.88,,1,0.9843668451663344,0.6855771110206417,0,0,0,0,286,,Unknown,Other/Unclassified,Other/Unclassified,0.9566100177312598
12.73532,77.78838,330.28,0.49,0.4,2025-01-07,750,N20,VIIRS,n,2.0NRT,298.86,1.51,D,VIIRS_N20,6,100006,node,Power Plant,Thermal Power Station #7,,64872.72893458329,0,0,0,0,64.8727289345833,1,1,7,1,2025,7,1,0,0,31.41999999999996,0.0045718784062008,0.9202827531436926,1.0,1,0,12.73,77.78,12.73_77.78,1,2,6.319999999999999,337.71,10.507606768432106,3.1599999999999997,2.3334523779156062,2,0.7814141872131147,-0.3528285324862559,0,0,0,0,287,,Unknown,Other/Unclassified,Other/Unclassified,0.9620883694473955
13.1301,79.42122,339.6,0.42,0.37,2025-01-07,750,N20,VIIRS,n,2.0NRT,301.22,7.93,D,VIIRS_N20,17,100017,node,Warehouse/Depot,Logistics Hub #18,,84271.12839081013,0,0,0,0,84.27112839081013,1,4,7,1,2025,7,1,0,0,38.379999999999995,0.0233510011778563,2.189416394888408,1.0,1,0,13.13,79.42,13.13_79.42,1,1,7.93,339.6,,7.93,,1,1.38573328373835,2.4600677676463527,0,0,1,0,288,,Unknown,Other/Unclassified,Other/Unclassified,0.9033305222946607
13.27669,79.65884,339.67,0.41,0.37,2025-01-07,750,N20,VIIRS,n,2.0NRT,300.88,2.73,D,VIIRS_N20,17,100017,node,Warehouse/Depot,Logistics Hub #18,,110763.07794449848,0,0,0,0,110.76307794449848,1,4,7,1,2025,7,1,0,0,38.79000000000002,0.008037212588689021,1.3164082336557241,1.0,1,0,13.27,79.65,13.27_79.65,1,1,2.73,339.67,,2.73,,1,1.3902721610727666,0.18170939370716815,0,0,0,0,289,,Unknown,Other/Unclassified,Other/Unclassified,0.946996553779029
13.39254,80.10291,308.94,0.45,0.39,2025-01-07,2023,N20,VIIRS,n,2.0NRT,293.93,1.01,N,VIIRS_N20,17,100017,node,Warehouse/Depot,Logistics Hub #18,,151278.3116108012,0,0,0,0,151.2783116108012,1,4,7,1,2025,20,0,0,0,15.009999999999991,0.003269243218747977,0.6981347220709844,1.0,1,0,13.39,80.10000000000001,13.39_80.1,4,21,22.85,306.8885714285714,3.8878326683568587,1.0880952380952382,0.5611026559161795,21,0.5276535145468548,-0.1391817295316893,1,0,0,1,290,,Unknown,Other/Unclassified,Other/Unclassified,0.9946345811051693
12.96668,79.9149,309.15,0.45,0.39,2025-01-07,2023,N20,VIIRS,n,2.0NRT,292.53,0.6,N,VIIRS_N20,17,100017,node,Warehouse/Depot,Logistics Hub #18,,105260.8430153407,0,0,0,0,105.2608430153407,1,4,7,1,2025,20,0,0,0,16.620000000000005,0.001940805434255216,0.4700036292457356,1.0,1,0,12.96,79.91,12.96_79.91,2,5,3.6100000000000003,306.96,7.26333601040182,0.7220000000000001,0.3025227264190246,5,0.3015143450425121,-0.40327548757780846,1,0,0,0,291,,Unknown,Other/Unclassified,Other/Unclassified,0.9719813469139554
10.93249,77.06418,301.81,0.39,0.36,2025-01-07,2025,N20,VIIRS,n,2.0NRT,291.07,0.29,N,VIIRS_N20,18,100018,node,Power Plant,Thermal Power Station #19,,71722.22462246053,0,0,0,0,71.72222462246053,1,1,7,1,2025,20,0,0,0,10.740000000000009,0.0009608694211590072,0.2546422183735807,1.0,1,0,10.93,77.06,10.93_77.06,1,7,5.66,302.8671428571428,2.8399983232724897,0.8085714285714286,0.48844749193844,7,-0.37223362016801853,-1.061672824879169,1,0,0,0,292,,Unknown,Other/Unclassified,Other/Unclassified,0.9788508439273145
10.92919,77.06364,308.07,0.39,0.36,2025-01-07,2025,N20,VIIRS,n,2.0NRT,291.43,0.73,N,VIIRS_N20,18,100018,node,Power Plant,Thermal Power Station #19,,71879.74787118516,0,0,0,0,71.87974787118516,1,1,7,1,2025,20,0,0,0,16.639999999999986,0.0023695913266465413,0.5481214085096876,1.0,1,0,10.92,77.06,10.92_77.06,3,11,6.7,302.6445454545455,2.985857878856131,0.6090909090909091,0.1987689384916338,11,1.8170504979068083,0.6082896645049998,1,0,0,1,293,,Unknown,Other/Unclassified,Other/Unclassified,0.9949831649831651
12.69209,77.94728,300.0,0.39,0.36,2025-01-07,2025,N20,VIIRS,n,2.0NRT,288.55,0.36,N,VIIRS_N20,6,100006,node,Power Plant,Thermal Power Station #7,,58424.41120929365,0,0,0,0,58.42441120929365,1,1,7,1,2025,20,0,0,0,11.449999999999989,0.0012,0.3074846997479606,1.0,1,0,12.69,77.94,12.69_77.94,1,2,0.88,299.36,0.9050966799187615,0.44,0.11313708498984763,2,-1.181974465446114,-0.8566962497997295,0,0,0,0,294,,Unknown,Other/Unclassified,Other/Unclassified,0.9813919243810885
11.81625,77.91691,327.38,0.39,0.36,2025-01-07,2025,N20,VIIRS,n,2.0NRT,293.31,2.43,N,VIIRS_N20,15,100015,node,Oil & Gas,Petroleum Refinery #16,,13925.229238521275,0,0,0,0,13.925229238521275,1,7,7,1,2025,20,0,0,0,34.06999999999999,0.007422567047467775,1.2325602611778486,1.0,1,0,11.81,77.91,11.81_77.91,8,43,64.3,308.93627906976747,7.833273664389497,1.4953488372093022,0.7060599894829163,43,2.354535500793075,1.323756021744258,1,1,0,1,295,,Unknown,Other/Unclassified,Other/Unclassified,0.9783520644009773
11.18222,79.09943,308.16,0.43,0.38,2025-01-07,2025,N20,VIIRS,n,2.0NRT,292.09,1.04,N,VIIRS_N20,12,100012,node,Power Plant,Thermal Power Station #13,,25683.297896042517,0,0,0,0,25.683297896042518,1,1,7,1,2025,20,0,0,0,16.07000000000005,0.0033748701973001036,0.712949807856125,1.0,1,0,11.18,79.09,11.18_79.09,6,20,18.59,305.3995,3.199398751081369,0.9295,0.2404267040076872,20,0.8628183651903379,0.45959952932876796,1,0,0,1,296,,Unknown,Other/Unclassified,Other/Unclassified,0.9975757575757576
12.03586,79.81428,339.16,0.49,0.49,2025-01-08,730,N20,VIIRS,n,2.0NRT,296.26,13.34,D,VIIRS_N20,17,100017,node,Warehouse/Depot,Logistics Hub #18,,87816.61782447736,0,0,0,0,87.81661782447736,1,4,8,1,2025,7,1,0,0,42.900000000000034,0.03933246845146833,2.663052835171474,1.0,1,0,12.030000000000001,79.81,12.03_79.81,2,2,17.85,336.06,4.384062043356627,8.925,6.243752877877214,2,1.3572031976363006,4.830436768225389,0,0,1,0,297,,Unknown,Other/Unclassified,Other/Unclassified,0.9355782922352189
11.49851,77.90342,332.3,0.34,0.56,2025-01-08,730,N20,VIIRS,n,2.0NRT,297.83,1.85,D,VIIRS_N20,24,100024,node,Power Plant,Thermal Power Station #25,,11133.446141288858,0,0,0,0,11.133446141288857,1,1,8,1,2025,7,1,0,0,34.47000000000003,0.005567258501354198,1.0473189942805592,1.0,1,0,11.49,77.9,11.49_77.9,1,1,1.85,332.3,,1.85,,1,0.9123932188634357,-0.20385894649792458,0,0,0,0,298,,Unknown,Other/Unclassified,Other/Unclassified,0.9773949743205641
11.09697,79.0728,330.98,0.57,0.52,2025-01-08,730,N20,VIIRS,n,2.0NRT,293.46,4.14,D,VIIRS_N20,22,100022,node,Industrial Works,Steel Foundry #23,,28515.03611945834,0,0,0,0,28.515036119458337,1,2,8,1,2025,7,1,0,0,37.52000000000004,0.012508308659133481,1.6370530794670737,1.0,1,0,11.09,79.07000000000001,11.09_79.07,1,1,4.14,330.98,,4.14,,1,0.8268029605572874,0.7994950297176008,0,0,0,0,299,,Unknown,Other/Unclassified,Other/Unclassified,0.9138467082479623
9.97193,77.53833,335.02,0.38,0.59,2025-01-08,730,N20,VIIRS,n,2.0NRT,295.7,5.18,D,VIIRS_N20,2,100002,node,Chemical,Chemical Processing Unit #3,,97701.77123944975,0,0,0,0,97.70177123944976,1,9,8,1,2025,7,1,0,0,39.31999999999999,0.015461763476807354,1.8213182714695995,1.0,1,0,9.97,77.53,9.97_77.53,1,1,5.18,335.02,,5.18,,1,1.0887610238579222,1.2551667045054378,0,0,0,0,300,,Unknown,Other/Unclassified,Other/Unclassified,0.9141111255857756
12.99833,79.90717,302.68,0.41,0.37,2025-01-08,2004,N20,VIIRS,n,2.0NRT,291.63,0.35,N,VIIRS_N20,17,100017,node,Warehouse/Depot,Logistics Hub #18,,106594.82532458659,0,0,0,0,106.5948253245866,1,4,8,1,2025,20,0,0,0,11.050000000000011,0.001156336725254394,0.3001045924503381,1.0,1,0,12.99,79.9,12.99_79.9,3,10,11.98,309.546,11.037509984895436,1.198,0.9935995169080952,10,-0.6220605924158564,-0.8534625727665659,1,0,0,1,301,,Unknown,Other/Unclassified,Other/Unclassified,0.9919261131025837
12.87515,79.88918,301.59,0.41,0.37,2025-01-08,2004,N20,VIIRS,n,2.0NRT,291.27,0.4,N,VIIRS_N20,17,100017,node,Warehouse/Depot,Logistics Hub #18,,97469.94562794824,0,0,0,0,97.46994562794823,1,4,8,1,2025,20,0,0,0,10.319999999999993,0.001326303922543851,0.33647223662121295,1.0,1,0,12.870000000000001,79.88,12.87_79.88,1,4,3.84,310.74,13.360541406195594,0.96,0.6774953874381728,4,-1.0788771088500728,-0.8391704161540434,0,0,0,0,302,,Unknown,Other/Unclassified,Other/Unclassified,0.9782542545074515
12.87471,79.8894,302.08,0.41,0.37,2025-01-08,2004,N20,VIIRS,n,2.0NRT,291.51,0.52,N,VIIRS_N20,17,100017,node,Warehouse/Depot,Logistics Hub #18,,97466.06786779895,0,0,0,0,97.46606786779896,1,4,8,1,2025,20,0,0,0,10.569999999999993,0.001721398305084746,0.41871033485818504,1.0,1,0,12.870000000000001,79.88,12.87_79.88,1,4,3.84,310.74,13.360541406195594,0.96,0.6774953874381728,4,-1.0471049675091535,-0.7865929152169853,0,0,0,0,303,,Unknown,Other/Unclassified,Other/Unclassified,0.9782542545074515
12.85482,79.90556,314.02,0.41,0.37,2025-01-08,2004,N20,VIIRS,n,2.0NRT,290.84,1.66,N,VIIRS_N20,17,100017,node,Warehouse/Depot,Logistics Hub #18,,97916.20467403902,0,0,0,0,97.91620467403902,1,4,8,1,2025,20,0,0,0,23.180000000000007,0.0052862874976116175,0.9783261227936076,1.0,1,0,12.85,79.9,12.85_79.9,3,14,25.28,311.8492857142857,6.397096053060936,1.8057142857142858,1.1218166193601018,14,0.3393280744433417,-0.12989135942503968,1,0,0,1,304,,Unknown,Other/Unclassified,Other/Unclassified,0.9923310023310024
12.70463,77.80582,301.35,0.5,0.41,2025-01-08,2004,N20,VIIRS,n,2.0NRT,286.74,1.06,N,VIIRS_N20,6,100006,node,Power Plant,Thermal Power Station #7,,61141.0388279671,0,0,0,0,61.1410388279671,1,1,8,1,2025,20,0,0,0,14.610000000000014,0.00351750456280073,0.7227059828014898,1.0,1,0,12.700000000000001,77.8,12.7_77.8,1,2,2.05,299.255,2.9627774131716125,1.025,0.04949747468305829,2,-1.0944389739966423,-0.5499941610002238,0,0,0,0,305,,Unknown,Other/Unclassified,Other/Unclassified,0.9717482174688058
11.8722,79.22449,304.37,0.43,0.38,2025-01-08,2004,N20,VIIRS,n,2.0NRT,290.15,0.67,N,VIIRS_N20,4,100004,node,Industrial Works,Steel Foundry #5,,38586.45929461029,0,0,0,0,38.58645929461029,1,2,8,1,2025,20,0,0,0,14.220000000000027,0.002201268193317344,0.5128236264286639,1.0,1,0,11.870000000000001,79.22,11.87_79.22,1,2,1.1300000000000001,302.11,3.196122650963182,0.5650000000000001,0.148492424049175,2,-0.8986188375689395,-0.7208710390456626,0,0,0,0,306,,Unknown,Other/Unclassified,Other/Unclassified,0.9736380707928697
11.81092,77.92183,321.69,0.48,0.4,2025-01-08,2004,N20,VIIRS,n,2.0NRT,293.12,3.02,N,VIIRS_N20,15,100015,node,Oil & Gas,Petroleum Refinery #16,,13791.874337816782,0,0,0,0,13.791874337816783,1,7,8,1,2025,20,0,0,0,28.569999999999993,0.009387920047250458,1.3912819026309295,1.0,1,0,11.81,77.92,11.81_77.92,3,16,22.18,305.369375,5.143271940117515,1.38625,0.6826309398203395,16,3.173198926679173,2.3933137288356487,1,1,1,1,307,,Unknown,Other/Unclassified,Other/Unclassified,0.9813285644667221
11.6535,78.02995,308.69,0.48,0.4,2025-01-08,2004,N20,VIIRS,n,2.0NRT,290.95,1.3,N,VIIRS_N20,24,100024,node,Power Plant,Thermal Power Station #25,,18712.126232353803,0,0,0,0,18.712126232353803,1,1,8,1,2025,20,0,0,0,17.74000000000001,0.0042113447147623835,0.832909122935104,1.0,1,0,11.65,78.02,11.65_78.02,1,2,2.46,309.895,1.704127342659577,1.23,0.09899494936611673,2,-0.6185052649306348,-0.44483915912610755,0,0,0,0,308,,Unknown,Other/Unclassified,Other/Unclassified,0.971669641761747
11.18334,79.0993,303.54,0.42,0.38,2025-01-08,2004,N20,VIIRS,n,2.0NRT,291.18,0.7,N,VIIRS_N20,12,100012,node,Power Plant,Thermal Power Station #13,,25558.34365684369,0,0,0,0,25.55834365684369,1,1,8,1,2025,20,0,0,0,12.360000000000014,0.0023061211043025626,0.5306282510621704,1.0,1,0,11.18,79.09,11.18_79.09,6,20,18.59,305.3995,3.199398751081369,0.9295,0.2404267040076872,20,-0.5812029523895619,-0.9545528686059024,1,0,0,1,309,,Unknown,Other/Unclassified,Other/Unclassified,0.9975757575757576
10.49672,77.46429,300.18,0.49,0.41,2025-01-08,2004,N20,VIIRS,n,2.0NRT,288.84,0.45,N,VIIRS_N20,2,100002,node,Chemical,Chemical Processing Unit #3,,51643.8630012249,0,0,0,0,51.6438630012249,1,9,8,1,2025,20,0,0,0,11.340000000000032,0.0014991005396761943,0.37156355643248307,1.0,1,0,10.49,77.46000000000001,10.49_77.46,1,2,1.04,301.65,2.078893936688468,0.52,0.09899494936611661,2,-1.1703030665861842,-0.8172631240969358,0,0,0,0,310,,Unknown,Other/Unclassified,Other/Unclassified,0.9914097007223942
10.75285,78.90936,303.48,0.43,0.38,2025-01-08,2004,N20,VIIRS,n,2.0NRT,291.06,0.58,N,VIIRS_N20,22,100022,node,Industrial Works,Steel Foundry #23,,30753.047881799783,0,0,0,0,30.753047881799784,1,2,8,1,2025,20,0,0,0,12.420000000000016,0.0019111638328720177,0.4574248470388754,1.0,1,0,10.75,78.9,10.75_78.9,1,1,0.58,303.48,,0.58,,1,-0.9563274208208116,-0.7603041647484562,0,0,0,0,311,,Unknown,Other/Unclassified,Other/Unclassified,0.9745969423306887
11.17813,79.08661,305.27,0.42,0.38,2025-01-08,2004,N20,VIIRS,n,2.0NRT,291.03,0.67,N,VIIRS_N20,12,100012,node,Power Plant,Thermal Power Station #13,,25999.586140269454,0,0,0,0,25.999586140269454,1,1,8,1,2025,20,0,0,0,14.240000000000009,0.0021947783928980905,0.5128236264286639,1.0,1,0,11.17,79.08,11.17_79.08,1,3,2.13,302.91333333333336,2.4553275409470974,0.71,0.32186953878862173,3,-0.8402618432692941,-0.7208710390456626,0,0,0,0,312,,Unknown,Other/Unclassified,Other/Unclassified,0.9656955381792844
13.39291,80.10188,309.06,0.41,0.37,2025-01-08,2004,N20,VIIRS,n,2.0NRT,293.45,1.19,N,VIIRS_N20,17,100017,node,Warehouse/Depot,Logistics Hub #18,,151227.61644249057,0,0,0,0,151.22761644249059,1,4,8,1,2025,20,0,0,0,15.610000000000014,0.0038503850385038503,0.7839015438284094,1.0,1,0,13.39,80.10000000000001,13.39_80.1,4,21,22.85,306.8885714285714,3.8878326683568587,1.0880952380952382,0.5611026559161795,21,0.5585190404674242,0.18161518365720372,1,0,0,1,313,,Unknown,Other/Unclassified,Other/Unclassified,0.9918140682846566
13.39286,80.0788,306.07,0.41,0.37,2025-01-08,2004,N20,VIIRS,n,2.0NRT,292.05,0.29,N,VIIRS_N20,17,100017,node,Warehouse/Depot,Logistics Hub #18,,149451.61228213838,0,0,0,0,149.45161228213837,1,4,8,1,2025,20,0,0,0,14.019999999999982,0.0009474956709249518,0.2546422183735807,1.0,1,0,13.39,80.07000000000001,13.39_80.07,2,5,2.66,306.43600000000004,1.9684714882365275,0.532,0.24863628053846043,5,-0.18593106488320368,-0.9733092832466425,1,0,0,0,314,,Unknown,Other/Unclassified,Other/Unclassified,0.9654328420419213
13.1593,80.28298,306.74,0.4,0.37,2025-01-08,2004,N20,VIIRS,n,2.0NRT,292.96,0.61,N,VIIRS_N20,17,100017,node,Warehouse/Depot,Logistics Hub #18,,150487.66428343178,0,0,0,0,150.48766428343177,1,4,8,1,2025,20,0,0,0,13.78000000000003,0.0019886548868748776,0.4762341789963716,1.0,1,0,13.15,80.28,13.15_80.28,3,15,31.96,308.05333333333334,5.417348675013171,2.130666666666667,1.6132906330437382,15,-0.24243101415844154,-0.9425869310340439,1,0,0,1,315,,Unknown,Other/Unclassified,Other/Unclassified,0.9947552447552448
13.06491,80.18908,307.27,0.4,0.37,2025-01-08,2004,N20,VIIRS,n,2.0NRT,293.31,0.52,N,VIIRS_N20,17,100017,node,Warehouse/Depot,Logistics Hub #18,,136291.52098350727,0,0,0,0,136.29152098350727,1,4,8,1,2025,20,0,0,0,13.95999999999998,0.0016923227129234876,0.41871033485818504,1.0,1,0,13.06,80.18,13.06_80.18,1,7,5.2,303.98285714285714,2.463112626236104,0.7428571428571429,0.5984901638209905,7,1.3345483361700519,-0.372365589827471,1,0,0,0,316,,Unknown,Other/Unclassified,Other/Unclassified,0.9767622914122914
13.08191,79.98158,304.94,0.41,0.37,2025-01-08,2004,N20,VIIRS,n,2.0NRT,291.92,0.78,N,VIIRS_N20,17,100017,node,Warehouse/Depot,Logistics Hub #18,,118630.65944483834,0,0,0,0,118.63065944483834,1,4,8,1,2025,20,0,0,0,13.019999999999982,0.002557880238735489,0.5766133643039938,1.0,1,0,13.08,79.98,13.08_79.98,3,11,15.69,308.31363636363636,10.512393897421513,1.4263636363636363,2.15390934222995,11,-0.32091989670058435,-0.3000885987589681,1,0,0,1,317,,Unknown,Other/Unclassified,Other/Unclassified,0.9947552447552448
9.85275,78.15184,303.28,0.58,0.52,2025-01-09,1946,N20,VIIRS,n,2.0NRT,288.27,0.87,N,VIIRS_N20,20,100020,node,Chemical,Chemical Processing Unit #21,,105462.30463096479,0,0,0,0,105.4623046309648,1,9,9,1,2025,19,0,0,0,15.009999999999991,0.0028686362437351626,0.6259384308664953,1.0,1,0,9.85,78.15,9.85_78.15,1,1,0.87,303.28,,0.87,,1,-0.9692956417762916,-0.6332418708172324,0,0,0,0,318,,Unknown,Other/Unclassified,Other/Unclassified,0.9713999569974804
11.81362,77.9201,303.56,0.32,0.55,2025-01-09,1946,N20,VIIRS,n,2.0NRT,289.48,0.8,N,VIIRS_N20,15,100015,node,Oil & Gas,Petroleum Refinery #16,,13905.268733618077,0,0,0,0,13.905268733618078,1,7,9,1,2025,19,0,0,0,14.079999999999984,0.002635393332454869,0.5877866649021191,1.0,1,0,11.81,77.92,11.81_77.92,3,16,22.18,305.369375,5.143271940117515,1.38625,0.6826309398203395,16,-0.3517945426697869,-0.8588095935913689,1,0,0,1,319,,Unknown,Other/Unclassified,Other/Unclassified,1.0
13.41907,80.08904,301.93,0.48,0.48,2025-01-09,1946,N20,VIIRS,n,2.0NRT,290.01,0.65,N,VIIRS_N20,17,100017,node,Warehouse/Depot,Logistics Hub #18,,152309.43904017447,0,0,0,0,152.30943904017448,1,4,9,1,2025,19,0,0,0,11.920000000000016,0.002152816878084324,0.5007752879124893,1.0,1,0,13.41,80.08,13.41_80.08,1,1,0.65,301.93,,0.65,,1,-1.0568311332257598,-0.7296339558685057,0,0,0,0,320,,Unknown,Other/Unclassified,Other/Unclassified,0.9767761088240966
13.39514,80.0994,302.13,0.48,0.48,2025-01-09,1946,N20,VIIRS,n,2.0NRT,290.01,0.42,N,VIIRS_N20,17,100017,node,Warehouse/Depot,Logistics Hub #18,,151210.67289099732,0,0,0,0,151.21067289099733,1,4,9,1,2025,19,0,0,0,12.120000000000005,0.0013901300764571542,0.3506568716131694,1.0,1,0,13.39,80.09,13.39_80.09,2,4,2.53,303.8,3.271054875724356,0.6325,0.3505590772846521,4,-1.0438629122702834,-0.8304074993312004,0,0,0,0,321,,Unknown,Other/Unclassified,Other/Unclassified,0.9720511857896768
13.16071,80.28396,303.31,0.47,0.47,2025-01-09,1946,N20,VIIRS,n,2.0NRT,290.23,1.38,N,VIIRS_N20,17,100017,node,Warehouse/Depot,Logistics Hub #18,,150661.47755333016,0,0,0,0,150.66147755333014,1,4,9,1,2025,19,0,0,0,13.079999999999984,0.004549800534107019,0.8671004876833833,1.0,1,0,13.16,80.28,13.16_80.28,4,23,29.58,306.30347826086955,3.394288797773065,1.286086956521739,0.5416619134280146,23,-0.8819161948840422,0.17337944786243806,1,0,0,1,322,,Unknown,Other/Unclassified,Other/Unclassified,1.0
13.08376,79.97999,308.81,0.49,0.48,2025-01-09,1946,N20,VIIRS,n,2.0NRT,289.48,1.17,N,VIIRS_N20,17,100017,node,Warehouse/Depot,Logistics Hub #18,,118618.00357058561,0,0,0,0,118.61800357058561,1,4,9,1,2025,19,0,0,0,19.329999999999984,0.003788737411353259,0.7747271675523681,1.0,1,0,13.08,79.97,13.08_79.97,1,10,14.08,306.96,4.861099555541813,1.408,0.9192847461175697,10,0.38057233324731277,-0.2588969315602693,1,0,0,0,323,,Unknown,Other/Unclassified,Other/Unclassified,0.9832363654863654
10.93198,77.55813,299.79,0.33,0.55,2025-01-09,1946,N20,VIIRS,n,2.0NRT,287.83,0.28,N,VIIRS_N20,18,100018,node,Power Plant,Thermal Power Station #19,,24698.21237293604,0,0,0,0,24.698212372936037,1,1,9,1,2025,19,0,0,0,11.960000000000036,0.0009339871243203576,0.2468600779315258,1.0,1,0,10.93,77.55,10.93_77.55,1,1,0.28,299.79,,0.28,,1,-1.1955910974493635,-0.8917479170911013,0,0,0,0,324,,Unknown,Other/Unclassified,Other/Unclassified,0.9776337903582487
11.37769,77.35635,332.0,0.49,0.49,2025-01-10,834,N20,VIIRS,n,2.0NRT,296.18,1.71,D,VIIRS_N20,14,100014,node,Chemical,Chemical Processing Unit #15,,42685.240529756644,0,0,0,0,42.68524052975664,1,9,10,1,2025,8,1,0,0,35.81999999999999,0.005150602409638554,0.9969486348916096,1.0,1,0,11.370000000000001,77.35000000000001,11.37_77.35,1,1,1.71,332.0,,1.71,,1,0.8929408874302194,-0.26519936425782575,0,0,0,0,325,,Unknown,Other/Unclassified,Other/Unclassified,0.9797606837606836
13.19121,80.2813,300.58,0.49,0.65,2025-01-10,1925,N20,VIIRS,n,2.0NRT,284.85,0.57,N,VIIRS_N20,17,100017,node,Warehouse/Depot,Logistics Hub #18,,152257.78789862542,0,0,0,0,152.25778789862542,1,4,10,1,2025,19,0,0,0,15.729999999999961,0.0018963337547408343,0.4510756193602166,1.0,1,0,13.19,80.28,13.19_80.28,1,1,0.57,300.58,,0.57,,1,-1.1443666246752315,-0.7646856231598778,0,0,0,0,326,,Unknown,Other/Unclassified,Other/Unclassified,0.9741647115068169
13.16068,80.2821,304.75,0.49,0.65,2025-01-10,1925,N20,VIIRS,n,2.0NRT,289.54,1.19,N,VIIRS_N20,17,100017,node,Warehouse/Depot,Logistics Hub #18,,150488.71260001158,0,0,0,0,150.48871260001158,1,4,10,1,2025,19,0,0,0,15.20999999999998,0.0039048400328137818,0.7839015438284094,1.0,1,0,13.16,80.28,13.16_80.28,4,23,29.58,306.30347826086955,3.394288797773065,1.286086956521739,0.5416619134280146,23,-0.4576741560378611,-0.17739286100740168,1,0,0,1,327,,Unknown,Other/Unclassified,Other/Unclassified,0.997857142857143
12.99741,79.90338,303.22,0.51,0.66,2025-01-10,1925,N20,VIIRS,n,2.0NRT,286.82,0.66,N,VIIRS_N20,17,100017,node,Warehouse/Depot,Logistics Hub #18,,106201.40372943445,0,0,0,0,106.20140372943445,1,4,10,1,2025,19,0,0,0,16.400000000000034,0.0021766374249719673,0.5068176023684519,1.0,1,0,12.99,79.9,12.99_79.9,3,10,11.98,309.546,11.037509984895436,1.198,0.9935995169080952,10,-0.5731365143639229,-0.5414656416844486,1,0,0,1,328,,Unknown,Other/Unclassified,Other/Unclassified,0.997857142857143
12.99128,79.90255,298.08,0.51,0.66,2025-01-10,1925,N20,VIIRS,n,2.0NRT,284.76,0.66,N,VIIRS_N20,17,100017,node,Warehouse/Depot,Logistics Hub #18,,105728.45256146978,0,0,0,0,105.72845256146978,1,4,10,1,2025,19,0,0,0,13.319999999999993,0.0022141706924315623,0.5068176023684519,1.0,1,0,12.99,79.9,12.99_79.9,3,10,11.98,309.546,11.037509984895436,1.198,0.9935995169080952,10,-1.0388212573026843,-0.5414656416844486,1,0,0,1,329,,Unknown,Other/Unclassified,Other/Unclassified,0.997857142857143
9.55959,77.2526,339.39,0.4,0.37,2025-01-11,813,N20,VIIRS,n,2.0NRT,294.53,4.69,D,VIIRS_N20,2,100002,node,Chemical,Chemical Processing Unit #3,,151570.64691480173,0,0,0,0,151.57064691480173,1,9,11,1,2025,8,1,0,0,44.860000000000014,0.013818910398067123,1.7387102481382397,1.0,1,0,9.55,77.25,9.55_77.25,1,1,4.69,339.39,,4.69,,1,1.3721166517350967,1.0404752423457841,0,0,0,0,330,,Unknown,Other/Unclassified,Other/Unclassified,0.9358854551150603
9.56013,77.25623,332.2,0.4,0.37,2025-01-11,813,N20,VIIRS,n,2.0NRT,291.71,4.69,D,VIIRS_N20,2,100002,node,Chemical,Chemical Processing Unit #3,,151355.5291303002,0,0,0,0,151.3555291303002,1,9,11,1,2025,8,1,0,0,40.49000000000001,0.01411800120409392,1.7387102481382397,1.0,1,0,9.56,77.25,9.56_77.25,1,2,18.82,339.065,9.70857610569131,9.41,6.675088014401009,2,0.9059091083856957,1.0404752423457841,0,0,0,0,331,,Unknown,Other/Unclassified,Other/Unclassified,0.9152501801303272
8.13922,77.58295,333.34,0.4,0.37,2025-01-11,813,N20,VIIRS,n,2.0NRT,299.79,2.61,D,VIIRS_N20,2,100002,node,Chemical,Chemical Processing Unit #3,,296896.95161503606,0,0,0,0,296.8969516150361,1,9,11,1,2025,8,1,0,0,33.549999999999955,0.007829843403131937,1.2837077723447896,1.0,1,0,8.13,77.58,8.13_77.58,1,1,2.61,333.34,,2.61,,1,0.9798279678319143,0.12913189277011,0,0,0,0,332,,Unknown,Other/Unclassified,Other/Unclassified,0.967927013556619
12.99835,79.90646,306.38,0.36,0.58,2025-01-11,2048,N20,VIIRS,n,2.0NRT,285.89,1.02,N,VIIRS_N20,17,100017,node,Warehouse/Depot,Logistics Hub #18,,106533.6729018756,0,0,0,0,106.5336729018756,1,4,11,1,2025,20,0,0,0,20.49000000000001,0.003329199033879496,0.7030975114131134,1.0,1,0,12.99,79.9,12.99_79.9,3,10,11.98,309.546,11.037509984895436,1.198,0.9935995169080952,10,-0.28684005761558456,-0.17914662494392533,1,0,0,1,333,,Unknown,Other/Unclassified,Other/Unclassified,0.997857142857143
11.81491,77.91808,302.41,0.56,0.52,2025-01-11,2048,N20,VIIRS,n,2.0NRT,290.83,1.9,N,VIIRS_N20,15,100015,node,Oil & Gas,Petroleum Refinery #16,,13883.091380509792,0,0,0,0,13.883091380509791,1,7,11,1,2025,20,0,0,0,11.580000000000041,0.006282861016500776,1.0647107369924282,1.0,1,0,11.81,77.91,11.81_77.91,8,43,64.3,308.93627906976747,7.833273664389497,1.4953488372093022,0.7060599894829163,43,-0.8331483552574286,0.573111589409059,1,0,0,1,334,,Unknown,Other/Unclassified,Other/Unclassified,0.9971212121212121
11.18388,79.0989,307.19,0.35,0.56,2025-01-11,2048,N20,VIIRS,n,2.0NRT,287.45,0.81,N,VIIRS_N20,12,100012,node,Power Plant,Thermal Power Station #13,,25493.545364823323,0,0,0,0,25.493545364823323,1,1,11,1,2025,20,0,0,0,19.74000000000001,0.0026368045834825353,0.5933268452777344,1.0,1,0,11.18,79.09,11.18_79.09,6,20,18.59,305.3995,3.199398751081369,0.9295,0.2404267040076872,20,0.5596364002439006,-0.49703297515644995,1,0,0,1,335,,Unknown,Other/Unclassified,Other/Unclassified,1.0
11.43351,77.34338,312.45,0.52,0.5,2025-01-11,2048,N20,VIIRS,n,2.0NRT,288.97,0.99,N,VIIRS_N20,14,100014,node,Chemical,Chemical Processing Unit #15,,38924.75032075665,0,0,0,0,38.92475032075665,1,9,11,1,2025,20,0,0,0,23.47999999999996,0.003168506961113778,0.688134638736401,1.0,1,0,11.43,77.34,11.43_77.34,1,2,2.1799999999999997,308.57,5.487148622007602,1.0899999999999999,0.14142135623730956,2,-0.3747027109676663,-0.5806643698801743,0,0,0,0,336,,Unknown,Other/Unclassified,Other/Unclassified,0.9804232368938252
12.99838,79.90594,304.46,0.36,0.58,2025-01-11,2048,N20,VIIRS,n,2.0NRT,285.68,0.86,N,VIIRS_N20,17,100017,node,Warehouse/Depot,Logistics Hub #18,,106489.90232087293,0,0,0,0,106.48990232087293,1,4,11,1,2025,20,0,0,0,18.779999999999973,0.002824673191880707,0.6205764877251099,1.0,1,0,12.99,79.9,12.99_79.9,3,10,11.98,309.546,11.037509984895436,1.198,0.9935995169080952,10,-0.46079233513356543,-0.3401772990508246,1,0,0,1,337,,Unknown,Other/Unclassified,Other/Unclassified,0.997857142857143
13.3941,80.10033,301.71,0.37,0.58,2025-01-11,2048,N20,VIIRS,n,2.0NRT,286.62,0.74,N,VIIRS_N20,17,100017,node,Warehouse/Depot,Logistics Hub #18,,151200.98702837553,0,0,0,0,151.20098702837552,1,4,11,1,2025,20,0,0,0,15.089999999999975,0.002452686354446323,0.5538851132264376,1.0,1,0,13.39,80.10000000000001,13.39_80.1,4,21,22.85,306.8885714285714,3.8878326683568587,1.0880952380952382,0.5611026559161795,21,-1.3319944221673767,-0.620377099315029,1,0,0,1,338,,Unknown,Other/Unclassified,Other/Unclassified,0.9928095238095238
13.30202,79.47368,302.13,0.5,0.41,2025-01-12,2029,N20,VIIRS,n,2.0NRT,289.58,0.71,N,VIIRS_N20,17,100017,node,Warehouse/Depot,Logistics Hub #18,,104066.02017985303,0,0,0,0,104.06602017985303,1,4,12,1,2025,20,0,0,0,12.550000000000011,0.0023499817959156655,0.5364933705145685,1.0,1,0,13.3,79.47,13.3_79.47,1,1,0.71,302.13,,0.71,,1,-1.0438629122702834,-0.7033452053999766,0,0,0,0,339,,Unknown,Other/Unclassified,Other/Unclassified,0.9705617117660462
13.0976,79.75738,301.04,0.53,0.42,2025-01-12,2029,N20,VIIRS,n,2.0NRT,285.58,0.42,N,VIIRS_N20,17,100017,node,Warehouse/Depot,Logistics Hub #18,,101604.03013602602,0,0,0,0,101.60403013602603,1,4,12,1,2025,20,0,0,0,15.460000000000036,0.001395163433430773,0.3506568716131694,1.0,1,0,13.09,79.75,13.09_79.75,1,2,0.9299999999999999,304.03,4.228498551495547,0.46499999999999997,0.06363961030678932,2,-1.1145397164776318,-0.8304074993312004,0,0,0,0,340,,Unknown,Other/Unclassified,Other/Unclassified,0.9777882481009418
8.90227,77.86367,332.77,0.47,0.4,2024-11-01,820,N,VIIRS,n,2.0NRT,297.62,4.54,D,VIIRS_SUOMI_NPP,2,100002,node,Chemical,Chemical Processing Unit #3,,211478.36208996997,0,0,0,0,211.47836208996998,1,9,306,11,2024,8,1,0,1,35.14999999999998,0.01364305676593443,1.7119945007591924,1.0,0,1,8.9,77.86,8.9_77.86,1,1,4.54,332.77,,4.54,,1,0.942868538108805,0.9747533661744613,0,0,0,0,341,,Unknown,Possible Agricultural Burning,Possible Agricultural Burning,0.9572873448074597
10.46357,77.84547,330.32,0.49,0.4,2024-11-01,822,N,VIIRS,n,2.0NRT,294.18,3.68,D,VIIRS_SUOMI_NPP,2,100002,node,Chemical,Chemical Processing Unit #3,,38748.824809689504,0,0,0,0,38.7488248096895,1,9,306,11,2024,8,1,0,1,36.139999999999986,0.011140712036812788,1.5432981099295553,1.0,0,1,10.46,77.84,10.46_77.84,1,1,3.68,330.32,,3.68,,1,0.7840078314042115,0.5979479427922115,0,0,0,0,342,,Unknown,Possible Agricultural Burning,Possible Agricultural Burning,0.990142939065075
13.15854,80.28359,310.97,0.79,0.78,2024-11-01,1913,N,VIIRS,n,2.0NRT,284.86,5.59,N,VIIRS_SUOMI_NPP,17,100017,node,Warehouse/Depot,Logistics Hub #18,,150498.71525911428,0,0,0,0,150.49871525911428,1,4,306,11,2024,19,0,0,1,26.110000000000014,0.01797601054764125,1.8855533485144158,1.0,0,1,13.15,80.28,13.15_80.28,10,15,31.96,308.05333333333334,5.417348675013171,2.130666666666667,1.6132906330437382,15,0.5383937497173549,2.1442716287311057,1,0,1,1,343,,Unknown,Other/Unclassified,Other/Unclassified,0.8521607649249807
13.15899,80.28084,315.11,0.79,0.78,2024-11-01,1913,N,VIIRS,n,2.0NRT,285.01,5.64,N,VIIRS_SUOMI_NPP,17,100017,node,Warehouse/Depot,Logistics Hub #18,,150272.47361878847,0,0,0,0,150.27247361878847,1,4,306,11,2024,19,0,0,1,30.100000000000023,0.017898511630859062,1.8931119634883424,1.0,0,1,13.15,80.28,13.15_80.28,10,15,31.96,308.05333333333334,5.417348675013171,2.130666666666667,1.6132906330437382,15,1.3026052207447243,2.1752641845520406,1,0,1,1,344,,Unknown,Other/Unclassified,Other/Unclassified,0.8023768266410426
11.18414,79.10126,303.51,0.43,0.62,2024-11-01,2055,N,VIIRS,n,2.0NRT,287.46,0.58,N,VIIRS_SUOMI_NPP,12,100012,node,Power Plant,Thermal Power Station #13,,25497.932792766514,0,0,0,0,25.497932792766516,1,1,306,11,2024,20,0,0,1,16.05000000000001,0.001910974926691048,0.4574248470388754,1.0,0,1,11.18,79.10000000000001,11.18_79.1,5,8,8.73,306.94,2.5630673587938055,1.09125,0.32502472433427504,8,-1.3382402878456479,-1.5729572605504305,1,0,0,1,345,,Unknown,Other/Unclassified,Other/Unclassified,0.8553647429947415
11.80874,77.9237,298.62,0.35,0.57,2024-11-01,2055,N,VIIRS,n,2.0NRT,287.21,1.85,N,VIIRS_SUOMI_NPP,15,100015,node,Oil & Gas,Petroleum Refinery #16,,13740.109064572112,0,0,0,0,13.740109064572112,1,7,306,11,2024,20,0,0,1,11.410000000000025,0.006195164423012525,1.0473189942805592,1.0,0,1,11.8,77.92,11.8_77.92,10,21,32.72,307.8904761904762,8.630552981235025,1.558095238095238,0.5164263650087885,21,-1.0741462581404129,0.5652398515706969,1,0,0,1,346,,Unknown,Other/Unclassified,Other/Unclassified,0.9213572180863181
9.29491,79.06944,337.04,0.38,0.36,2024-11-02,801,N,VIIRS,n,2.0NRT,295.45,5.41,D,VIIRS_SUOMI_NPP,21,100021,node,Oil & Gas,Petroleum Refinery #22,,143843.44309536833,0,0,0,0,143.84344309536834,1,7,307,11,2024,8,1,0,1,41.59000000000003,0.016051507239496794,1.8578592709325787,1.0,0,1,9.290000000000001,79.06,9.29_79.06,1,2,10.56,337.935,1.2657211383238944,5.28,0.1838477631085022,2,1.2197400555082432,1.3559402479681326,0,0,0,0,347,,Unknown,Possible Agricultural Burning,Possible Agricultural Burning,0.9308222479646082
10.63004,77.4669,336.59,0.4,0.37,2024-11-02,801,N,VIIRS,n,2.0NRT,296.66,3.01,D,VIIRS_SUOMI_NPP,2,100002,node,Chemical,Chemical Processing Unit #3,,42808.473360445365,0,0,0,0,42.80847336044536,1,9,307,11,2024,8,1,0,1,39.92999999999995,0.008942630500014854,1.3887912413184778,1.0,0,1,10.63,77.46000000000001,10.63_77.46,1,1,3.01,336.59,,3.01,,1,1.1905615583584168,0.3043902292269703,0,0,0,0,348,,Unknown,Possible Agricultural Burning,Possible Agricultural Burning,0.9784877376419646
10.79266,78.01292,330.23,0.39,0.36,2024-11-02,801,N,VIIRS,n,2.0NRT,294.31,1.9,D,VIIRS_SUOMI_NPP,7,100007,node,Manufacturing,Textile Mill #8,,17818.310922515953,0,0,0,0,17.818310922515952,1,3,307,11,2024,8,1,0,1,35.920000000000016,0.0057535656966356775,1.0647107369924282,1.0,0,1,10.790000000000001,78.01,10.79_78.01,1,1,1.9,330.23,,1.9,,1,0.7781721319742484,-0.1819516544408171,0,0,0,0,349,,Unknown,Possible Agricultural Burning,Possible Agricultural Burning,0.9841488514761786
11.68599,79.03794,333.44,0.38,0.36,2024-11-02,801,N,VIIRS,n,2.0NRT,298.07,3.0,D,VIIRS_SUOMI_NPP,4,100004,node,Industrial Works,Steel Foundry #5,,13425.363485395523,0,0,0,0,13.425363485395522,1,2,307,11,2024,8,1,0,1,35.370000000000005,0.008997120921305182,1.3862943611198906,1.0,0,1,11.68,79.03,11.68_79.03,1,1,3.0,333.44,,3.0,,1,0.9863120783096543,0.3000087708155489,0,0,0,0,350,,Unknown,Possible Agricultural Burning,Possible Agricultural Burning,0.8836769550522333
13.39204,80.10352,305.79,0.44,0.46,2024-11-02,2036,N,VIIRS,n,2.0NRT,291.23,2.97,N,VIIRS_SUOMI_NPP,17,100017,node,Warehouse/Depot,Logistics Hub #18,,151286.4631351523,0,0,0,0,151.2864631351523,1,4,307,11,2024,20,0,0,1,14.560000000000002,0.009712547826940057,1.3787660946990992,1.0,0,1,13.39,80.10000000000001,13.39_80.1,10,21,22.85,306.8885714285714,3.8878326683568587,1.0880952380952382,0.5611026559161795,21,-0.28256654086805144,3.353940214080703,1,0,1,1,351,,Unknown,Other/Unclassified,Other/Unclassified,0.8718029423926226
11.18124,79.09919,306.97,0.42,0.45,2024-11-02,2038,N,VIIRS,n,2.0NRT,289.17,1.04,N,VIIRS_SUOMI_NPP,12,100012,node,Power Plant,Thermal Power Station #13,,25787.86404867591,0,0,0,0,25.78786404867591,1,1,307,11,2024,20,0,0,1,17.80000000000001,0.003387953220184383,0.712949807856125,1.0,0,1,11.18,79.09,11.18_79.09,10,20,18.59,305.3995,3.199398751081369,0.9295,0.2404267040076872,20,0.49087348035915274,0.45959952932876796,1,0,0,1,352,,Unknown,Other/Unclassified,Other/Unclassified,0.9542295930839791
11.808,77.92326,306.08,0.52,0.42,2024-11-02,2038,N,VIIRS,n,2.0NRT,289.32,1.92,N,VIIRS_SUOMI_NPP,15,100015,node,Oil & Gas,Petroleum Refinery #16,,13646.808454556956,0,0,0,0,13.646808454556956,1,7,307,11,2024,20,0,0,1,16.75999999999999,0.006272869837950863,1.0715836162801904,1.0,0,1,11.8,77.92,11.8_77.92,10,21,32.72,307.8904761904762,8.630552981235025,1.558095238095238,0.5164263650087885,21,-0.20977522464813497,0.7007867654057576,1,0,0,1,353,,Unknown,Other/Unclassified,Other/Unclassified,0.9252716063296538
11.81181,77.92392,303.38,0.52,0.42,2024-11-02,2038,N,VIIRS,n,2.0NRT,289.52,1.33,N,VIIRS_SUOMI_NPP,15,100015,node,Oil & Gas,Petroleum Refinery #16,,14013.797910296085,0,0,0,0,14.013797910296086,1,7,307,11,2024,20,0,0,1,13.860000000000014,0.004383940932164283,0.8458682675776092,1.0,0,1,11.81,77.92,11.81_77.92,11,16,22.18,305.369375,5.143271940117515,1.38625,0.6826309398203395,16,-0.38679171997165324,-0.08240177337230606,1,0,0,1,354,,Unknown,Other/Unclassified,Other/Unclassified,0.9496007853377801
11.18253,79.10263,304.44,0.42,0.45,2024-11-02,2038,N,VIIRS,n,2.0NRT,289.59,1.26,N,VIIRS_SUOMI_NPP,12,100012,node,Power Plant,Thermal Power Station #13,,25695.018932211595,0,0,0,0,25.695018932211596,1,1,307,11,2024,20,0,0,1,14.850000000000023,0.004138746551044541,0.8153648132841945,1.0,0,1,11.18,79.10000000000001,11.18_79.1,5,8,8.73,306.94,2.5630673587938055,1.09125,0.32502472433427504,8,-0.9753937958058638,0.519191271819824,1,0,0,1,355,,Unknown,Other/Unclassified,Other/Unclassified,0.8494069788606465
12.91178,79.89191,344.15,0.47,0.39,2024-11-03,743,N,VIIRS,n,2.0NRT,294.93,8.03,D,VIIRS_SUOMI_NPP,17,100017,node,Warehouse/Depot,Logistics Hub #18,,99830.11876272007,0,0,0,0,99.83011876272008,1,4,308,11,2024,7,1,0,1,49.21999999999997,0.023332849048380067,2.200552367428894,1.0,0,1,12.91,79.89,12.91_79.89,1,1,8.03,344.15,,8.03,,1,1.6807603104754507,2.5038823517605677,0,0,1,0,356,,Unknown,Possible Agricultural Burning,Possible Agricultural Burning,0.7872042103027045
11.39463,77.1191,330.8,0.38,0.59,2024-11-09,733,N,VIIRS,n,2.0NRT,297.71,2.54,D,VIIRS_SUOMI_NPP,14,100014,node,Chemical,Chemical Processing Unit #15,,60867.442767565255,0,0,0,0,60.86744276756526,1,9,314,11,2024,7,1,0,1,33.09000000000003,0.0076783555018137845,1.264126727145683,1.0,0,1,11.39,77.11,11.39_77.11,1,2,7.32,336.365,7.87009847460627,3.66,1.5839191898578666,2,0.8151315616973577,0.09846168389015951,0,0,0,0,357,,Unknown,Possible Agricultural Burning,Possible Agricultural Burning,0.9637098514551942
11.14266,76.89446,330.38,0.4,0.6,2024-11-09,733,N,VIIRS,n,2.0NRT,288.88,2.44,D,VIIRS_SUOMI_NPP,18,100018,node,Power Plant,Thermal Power Station #19,,87601.16014782501,0,0,0,0,87.60116014782501,1,1,314,11,2024,7,1,0,1,41.5,0.00738543495368969,1.235471471385307,1.0,0,1,11.14,76.89,11.14_76.89,1,1,2.44,330.38,,2.44,,1,0.7878982976908547,0.05464709977594439,0,0,0,0,358,,Unknown,Possible Agricultural Burning,Possible Agricultural Burning,0.9047706854783646
13.12178,79.84028,342.92,0.47,0.48,2024-11-09,733,N,VIIRS,n,2.0NRT,273.1,5.33,D,VIIRS_SUOMI_NPP,17,100017,node,Warehouse/Depot,Logistics Hub #18,,109852.58621316263,0,0,0,0,109.85258621316264,1,4,314,11,2024,7,1,0,1,69.82,0.015542983786305843,1.8453002361560848,1.0,0,1,13.120000000000001,79.84,13.12_79.84,1,1,5.33,342.92,,5.33,,1,1.6010057515992693,1.3208885806767605,0,0,0,0,359,,Unknown,Possible Agricultural Burning,Possible Agricultural Burning,0.794005972518721
13.08049,79.98437,308.65,0.41,0.37,2024-11-09,2004,N,VIIRS,n,2.0NRT,290.05,0.63,N,VIIRS_SUOMI_NPP,17,100017,node,Warehouse/Depot,Logistics Hub #18,,118776.76636600113,0,0,0,0,118.77676636600113,1,4,314,11,2024,20,0,0,1,18.599999999999966,0.0020411469301798153,0.48858001481867097,1.0,0,1,13.08,79.98,13.08_79.98,5,11,15.69,308.31363636363636,10.512393897421513,1.4263636363636363,2.15390934222995,11,0.031996863858584884,-0.3697294128169565,1,0,0,1,360,,Unknown,Other/Unclassified,Other/Unclassified,0.9405088012052923
13.08105,79.98058,305.95,0.41,0.37,2024-11-09,2004,N,VIIRS,n,2.0NRT,290.08,1.14,N,VIIRS_SUOMI_NPP,17,100017,node,Warehouse/Depot,Logistics Hub #18,,118486.26458328188,0,0,0,0,118.48626458328188,1,4,314,11,2024,20,0,0,1,15.870000000000005,0.0037260990357901617,0.76080582903376,1.0,0,1,13.08,79.98,13.08_79.98,5,11,15.69,308.31363636363636,10.512393897421513,1.4263636363636363,2.15390934222995,11,-0.22484282711439574,-0.132950645019796,1,0,0,1,361,,Unknown,Other/Unclassified,Other/Unclassified,0.9378644767188629
13.39108,80.10101,306.27,0.41,0.37,2024-11-09,2004,N,VIIRS,n,2.0NRT,289.74,0.89,N,VIIRS_SUOMI_NPP,17,100017,node,Warehouse/Depot,Logistics Hub #18,,151017.52492054892,0,0,0,0,151.01752492054894,1,4,314,11,2024,20,0,0,1,16.529999999999973,0.0029059326737845693,0.636576829071551,1.0,0,1,13.39,80.10000000000001,13.39_80.1,10,21,22.85,306.8885714285714,3.8878326683568587,1.0880952380952382,0.5611026559161795,21,-0.15910443718578907,-0.3530463383242847,1,0,0,1,362,,Unknown,Other/Unclassified,Other/Unclassified,0.9526167614711475
12.85254,79.90463,306.22,0.41,0.37,2024-11-09,2006,N,VIIRS,n,2.0NRT,286.95,1.24,N,VIIRS_SUOMI_NPP,17,100017,node,Warehouse/Depot,Logistics Hub #18,,97706.43286509319,0,0,0,0,97.70643286509319,1,4,314,11,2024,20,0,0,1,19.27000000000004,0.004049376265430083,0.8064758658669484,1.0,0,1,12.85,79.9,12.85_79.9,3,14,25.28,311.8492857142857,6.397096053060936,1.8057142857142858,1.1218166193601018,14,-0.8799751742968027,-0.5042841012972124,1,0,0,1,363,,Unknown,Other/Unclassified,Other/Unclassified,0.8928681100674618
12.85171,79.90358,316.68,0.41,0.37,2024-11-09,2006,N,VIIRS,n,2.0NRT,287.26,1.35,N,VIIRS_SUOMI_NPP,17,100017,node,Warehouse/Depot,Logistics Hub #18,,97562.02639378274,0,0,0,0,97.56202639378274,1,4,314,11,2024,20,0,0,1,29.420000000000016,0.004262978400909436,0.8544153281560676,1.0,0,1,12.85,79.9,12.85_79.9,3,14,25.28,311.8492857142857,6.397096053060936,1.8057142857142858,1.1218166193601018,14,0.7551417464496023,-0.4062288593783098,1,0,0,1,364,,Unknown,Other/Unclassified,Other/Unclassified,0.8809387032170023
12.84911,79.9041,318.43,0.41,0.37,2024-11-09,2006,N,VIIRS,n,2.0NRT,287.42,1.24,N,VIIRS_SUOMI_NPP,17,100017,node,Warehouse/Depot,Logistics Hub #18,,97474.7599605737,0,0,0,0,97.4747599605737,1,4,314,11,2024,20,0,0,1,31.00999999999999,0.0038941054548880445,0.8064758658669484,1.0,0,1,12.84,79.9,12.84_79.9,1,2,2.3,314.445,5.635641046056803,1.15,0.12727922061357844,2,0.013047095601099698,-0.47112790959463663,0,0,0,0,365,,Unknown,Possible Agricultural Burning,Possible Agricultural Burning,0.9469309332503472
11.20334,77.56705,298.97,0.5,0.41,2024-11-09,2006,N,VIIRS,n,2.0NRT,271.9,0.53,N,VIIRS_SUOMI_NPP,18,100018,node,Power Plant,Thermal Power Station #19,,17468.061695180695,0,0,0,0,17.468061695180694,1,1,314,11,2024,20,0,0,1,27.07000000000005,0.0017727531190420442,0.4252677354043441,1.0,0,1,11.200000000000001,77.56,11.2_77.56,8,15,15.08,308.0466666666667,7.156664892319064,1.0053333333333334,0.4637712901030092,15,-1.2682816372201866,-1.024930485084051,1,0,0,1,366,,Unknown,Other/Unclassified,Other/Unclassified,0.8986536385106632
12.71976,79.57167,331.94,0.51,0.66,2024-11-10,711,N,VIIRS,n,2.0NRT,294.12,5.91,D,VIIRS_SUOMI_NPP,17,100017,node,Warehouse/Depot,Logistics Hub #18,,58976.684045027825,0,0,0,0,58.976684045027824,1,4,315,11,2024,7,1,0,1,37.81999999999999,0.017804422485991445,1.9329696377795786,1.0,0,1,12.71,79.57000000000001,12.71_79.57,1,1,5.91,331.94,,5.91,,1,0.8890504211435761,1.575013168539208,0,0,0,0,367,,Unknown,Possible Agricultural Burning,Possible Agricultural Burning,0.8989630430202153
12.18344,79.5451,331.26,0.53,0.67,2024-11-10,711,N,VIIRS,n,2.0NRT,292.68,6.93,D,VIIRS_SUOMI_NPP,17,100017,node,Warehouse/Depot,Logistics Hub #18,,54184.88042274996,0,0,0,0,54.184880422749956,1,4,315,11,2024,7,1,0,1,38.579999999999984,0.0209201231660931,2.0706530356467567,1.0,0,1,12.18,79.54,12.18_79.54,1,1,6.93,331.26,,6.93,,1,0.8449584698949536,2.0219219265042017,0,0,1,0,368,,Unknown,Possible Agricultural Burning,Possible Agricultural Burning,0.9369476797342635
11.69097,79.10184,329.39,0.58,0.69,2024-11-10,711,N,VIIRS,n,2.0NRT,296.46,3.5,D,VIIRS_SUOMI_NPP,4,100004,node,Industrial Works,Steel Foundry #5,,20323.16218426724,0,0,0,0,20.32316218426724,1,2,315,11,2024,7,1,0,1,32.93000000000001,0.01062570205531437,1.5040773967762742,1.0,0,1,11.69,79.10000000000001,11.69_79.1,1,1,3.5,329.39,,3.5,,1,0.7237056039612426,0.5190816913866243,0,0,0,0,369,,Unknown,Possible Agricultural Burning,Possible Agricultural Burning,0.9761942333182979
11.81698,77.91642,302.6,0.33,0.55,2024-11-10,1946,N,VIIRS,n,2.0NRT,287.53,1.23,N,VIIRS_SUOMI_NPP,15,100015,node,Oil & Gas,Petroleum Refinery #16,,13958.751844250446,0,0,0,0,13.958751844250447,1,7,315,11,2024,19,0,0,1,15.07000000000005,0.004064771976206212,0.8020015854720274,1.0,0,1,11.81,77.91,11.81_77.91,20,43,64.3,308.93627906976747,7.833273664389497,1.4953488372093022,0.7060599894829163,43,-0.8088928513467523,-0.375816277882607,1,0,0,1,370,,Unknown,Other/Unclassified,Other/Unclassified,0.9460561404644738
10.23154,78.85571,330.48,0.58,0.52,2024-11-11,834,N,VIIRS,n,2.0NRT,295.37,2.1,D,VIIRS_SUOMI_NPP,3,100003,node,Oil & Gas,Petroleum Refinery #4,,59371.68407842701,0,0,0,0,59.37168407842701,1,7,316,11,2024,8,1,0,1,35.110000000000014,0.00635439360929557,1.1314021114911006,1.0,0,1,10.23,78.85000000000001,10.23_78.85,1,1,2.1,330.48,,2.1,,1,0.7943824081685947,-0.09432248621238684,0,0,0,0,371,,Unknown,Possible Agricultural Burning,Possible Agricultural Burning,0.9926776899944694
8.63081,77.77,334.89,0.4,0.37,2024-11-12,813,N,VIIRS,n,2.0NRT,301.83,2.7,D,VIIRS_SUOMI_NPP,2,100002,node,Chemical,Chemical Processing Unit #3,,241484.46133373727,0,0,0,0,241.48446133373727,1,9,317,11,2024,8,1,0,1,33.06,0.00806234883095942,1.308332819650179,1.0,0,1,8.63,77.76,8.63_77.76,1,2,4.36,334.27,0.8768124086713254,2.18,0.7353910524340097,2,1.0803316802368623,0.16856501847290373,0,0,0,0,372,,Unknown,Possible Agricultural Burning,Possible Agricultural Burning,0.9553500832106507
8.63009,77.76981,333.65,0.4,0.37,2024-11-12,813,N,VIIRS,n,2.0NRT,301.28,1.66,D,VIIRS_SUOMI_NPP,2,100002,node,Chemical,Chemical Processing Unit #3,,241564.51949958928,0,0,0,0,241.5645194995893,1,9,317,11,2024,8,1,0,1,32.370000000000005,0.004975273490184325,0.9783261227936076,1.0,0,1,8.63,77.76,8.63_77.76,1,2,4.36,334.27,0.8768124086713254,2.18,0.7353910524340097,2,0.9999287103129039,-0.2871066563149333,0,0,0,0,373,,Unknown,Possible Agricultural Burning,Possible Agricultural Burning,0.869812615582508
9.9609,77.73166,325.51,0.45,0.39,2024-11-13,756,N,VIIRS,n,2.0NRT,285.28,2.23,D,VIIRS_SUOMI_NPP,2,100002,node,Chemical,Chemical Processing Unit #3,,94624.67680089813,0,0,0,0,94.62467680089813,1,9,318,11,2024,7,1,0,1,40.23000000000002,0.006850787994224448,1.172482137234565,1.0,0,1,9.96,77.73,9.96_77.73,1,1,2.23,325.51,,2.23,,1,0.47212211742498744,-0.03736352686390728,0,0,0,0,374,,Unknown,Possible Agricultural Burning,Possible Agricultural Burning,0.9694894475994169
8.89287,77.77798,330.4,0.46,0.39,2024-11-13,756,N,VIIRS,n,2.0NRT,294.64,2.75,D,VIIRS_SUOMI_NPP,2,100002,node,Chemical,Chemical Processing Unit #3,,212467.8740145726,0,0,0,0,212.4678740145726,1,9,318,11,2024,7,1,0,1,35.75999999999999,0.008323244552058112,1.3217558399823195,1.0,0,1,8.89,77.77,8.89_77.77,1,1,2.75,330.4,,2.75,,1,0.7891951197864012,0.19047231053001118,0,0,0,0,375,,Unknown,Possible Agricultural Burning,Possible Agricultural Burning,0.9888994828215683
8.61749,77.78497,330.76,0.46,0.39,2024-11-13,756,N,VIIRS,n,2.0NRT,297.79,3.08,D,VIIRS_SUOMI_NPP,2,100002,node,Chemical,Chemical Processing Unit #3,,242934.38965895417,0,0,0,0,242.93438965895416,1,9,318,11,2024,7,1,0,1,32.96999999999997,0.009311887773612287,1.4060969884160703,1.0,0,1,8.61,77.78,8.61_77.78,1,1,3.08,330.76,,3.08,,1,0.8125379175062609,0.335060438106921,0,0,0,0,376,,Unknown,Possible Agricultural Burning,Possible Agricultural Burning,0.9892075042829908
13.1593,80.28202,306.01,0.57,0.43,2024-11-15,1953,N,VIIRS,n,2.0NRT,287.72,2.5,N,VIIRS_SUOMI_NPP,17,100017,node,Warehouse/Depot,Logistics Hub #18,,150399.37787096106,0,0,0,0,150.39937787096108,1,4,320,11,2024,19,0,0,1,18.289999999999964,0.008169667657919676,1.252762968495368,1.0,0,1,13.15,80.28,13.15_80.28,10,15,31.96,308.05333333333334,5.417348675013171,2.130666666666667,1.6132906330437382,15,-0.37718327837341625,0.22893167899730812,1,0,0,1,377,,Unknown,Other/Unclassified,Other/Unclassified,0.8928214395373817
11.18377,79.1026,307.39,0.43,0.62,2024-11-17,2055,N,VIIRS,n,2.0NRT,288.18,1.04,N,VIIRS_SUOMI_NPP,12,100012,node,Power Plant,Thermal Power Station #13,,25558.427825352013,0,0,0,0,25.558427825352013,1,1,322,11,2024,20,0,0,1,19.20999999999998,0.003383324115943915,0.712949807856125,1.0,0,1,11.18,79.10000000000001,11.18_79.1,5,8,8.73,306.94,2.5630673587938055,1.09125,0.32502472433427504,8,0.17557088324505107,-0.157680312182317,1,0,0,1,378,,Unknown,Other/Unclassified,Other/Unclassified,0.8633530121573526
12.87528,79.8847,330.09,0.4,0.37,2024-11-18,802,N,VIIRS,n,2.0NRT,297.49,1.89,D,VIIRS_SUOMI_NPP,17,100017,node,Warehouse/Depot,Logistics Hub #18,,97056.15111116896,0,0,0,0,97.05615111116896,1,4,323,11,2024,8,1,0,1,32.599999999999966,0.005725711169680996,1.0612565021243408,1.0,0,1,12.870000000000001,79.88,12.87_79.88,2,4,3.84,310.74,13.360541406195594,0.96,0.6774953874381728,4,0.7690943773054116,-0.1863331128522386,0,0,0,0,379,,Unknown,Possible Agricultural Burning,Possible Agricultural Burning,0.9731887013469428
11.91846,79.64741,305.71,0.44,0.46,2024-11-18,2036,N,VIIRS,n,2.0NRT,291.32,1.05,N,VIIRS_SUOMI_NPP,0,100000,node,Power Plant,Thermal Power Station #1,,78962.70970490061,0,0,0,0,78.96270970490062,1,1,323,11,2024,20,0,0,1,14.389999999999986,0.0034346275882372185,0.7178397931503169,1.0,0,1,11.91,79.64,11.91_79.64,1,1,1.05,305.71,,1.05,,1,-0.8117317571672447,-0.5543756194116453,0,0,0,0,380,,Unknown,Possible Agricultural Burning,Possible Agricultural Burning,0.9292812718588188
11.81552,77.91557,301.63,0.52,0.41,2024-11-18,2036,N,VIIRS,n,2.0NRT,289.73,0.62,N,VIIRS_SUOMI_NPP,15,100015,node,Oil & Gas,Petroleum Refinery #16,,13773.536115236764,0,0,0,0,13.773536115236764,1,7,323,11,2024,20,0,0,1,11.899999999999977,0.0020554984583761563,0.4824261492442927,1.0,0,1,11.81,77.91,11.81_77.91,20,43,64.3,308.93627906976747,7.833273664389497,1.4953488372093022,0.7060599894829163,43,-0.932723581838105,-1.23976553019293,1,0,0,1,381,,Unknown,Other/Unclassified,Other/Unclassified,0.9283411754043076
11.81103,77.92401,306.19,0.39,0.36,2024-11-19,2018,N,VIIRS,n,2.0NRT,291.28,0.9,N,VIIRS_SUOMI_NPP,15,100015,node,Oil & Gas,Petroleum Refinery #16,,13954.298781805412,0,0,0,0,13.954298781805411,1,7,324,11,2024,20,0,0,1,14.910000000000025,0.002939351383128123,0.6418538861723948,1.0,0,1,11.81,77.92,11.81_77.92,11,16,22.18,305.369375,5.143271940117515,1.38625,0.6826309398203395,16,0.15955310346301793,-0.7123175520406023,1,0,0,1,382,,Unknown,Other/Unclassified,Other/Unclassified,0.9383210338499555
11.81158,77.92048,305.82,0.39,0.36,2024-11-19,2018,N,VIIRS,n,2.0NRT,290.75,0.71,N,VIIRS_SUOMI_NPP,15,100015,node,Oil & Gas,Petroleum Refinery #16,,13754.905006122783,0,0,0,0,13.754905006122783,1,7,324,11,2024,20,0,0,1,15.069999999999993,0.0023216271009090313,0.5364933705145685,1.0,0,1,11.81,77.92,11.81_77.92,11,16,22.18,305.369375,5.143271940117515,1.38625,0.6826309398203395,16,0.0876144612314056,-0.9906524309870589,1,0,0,1,383,,Unknown,Other/Unclassified,Other/Unclassified,0.9416384941674159
11.81545,77.91749,304.77,0.39,0.36,2024-11-19,2018,N,VIIRS,n,2.0NRT,290.92,0.71,N,VIIRS_SUOMI_NPP,15,100015,node,Oil & Gas,Petroleum Refinery #16,,13891.991932717794,0,0,0,0,13.891991932717794,1,7,324,11,2024,20,0,0,1,13.849999999999966,0.002329625619319487,0.5364933705145685,1.0,0,1,11.81,77.91,11.81_77.91,20,43,64.3,308.93627906976747,7.833273664389497,1.4953488372093022,0.7060599894829163,43,-0.5318694645774502,-1.1122976077209152,1,0,0,1,384,,Unknown,Other/Unclassified,Other/Unclassified,0.9381821449610667
13.0831,79.98327,311.39,0.39,0.36,2024-11-19,2018,N,VIIRS,n,2.0NRT,285.11,0.57,N,VIIRS_SUOMI_NPP,17,100017,node,Warehouse/Depot,Logistics Hub #18,,118856.95268443896,0,0,0,0,118.85695268443897,1,4,324,11,2024,20,0,0,1,26.279999999999973,0.0018305019429011849,0.4510756193602166,1.0,0,1,13.08,79.98,13.08_79.98,5,11,15.69,308.31363636363636,10.512393897421513,1.4263636363636363,2.15390934222995,11,0.29264158729042644,-0.3975857384401518,1,0,0,1,385,,Unknown,Other/Unclassified,Other/Unclassified,0.9336625824086093
13.42058,80.08909,303.21,0.48,0.4,2024-11-20,1957,N,VIIRS,n,2.0NRT,288.8,0.37,N,VIIRS_SUOMI_NPP,17,100017,node,Warehouse/Depot,Logistics Hub #18,,152433.54818481873,0,0,0,0,152.43354818481873,1,4,325,11,2024,19,0,0,1,14.409999999999968,0.0012202763761089675,0.31481073984003355,1.0,0,1,13.42,80.08,13.42_80.08,2,2,0.78,303.16499999999996,0.0636396103067515,0.39,0.028284271247461867,2,-0.9738345191107082,-0.8523147913883079,0,0,0,0,386,,Unknown,Possible Agricultural Burning,Possible Agricultural Burning,0.9242513322602371
13.44849,80.09657,305.03,0.48,0.4,2024-11-20,1957,N,VIIRS,n,2.0NRT,291.34,0.7,N,VIIRS_SUOMI_NPP,17,100017,node,Warehouse/Depot,Logistics Hub #18,,155231.93957198394,0,0,0,0,155.23193957198393,1,4,325,11,2024,19,0,0,1,13.689999999999998,0.002294856243648166,0.5306282510621704,1.0,0,1,13.44,80.09,13.44_80.09,3,6,4.3,305.655,2.151871278678184,0.7166666666666667,0.22259080544053625,6,-0.29044488217897246,-0.07487580914980388,1,0,0,1,387,,Unknown,Other/Unclassified,Other/Unclassified,0.7377968627894327
13.16111,80.28606,304.89,0.47,0.4,2024-11-20,1957,N,VIIRS,n,2.0NRT,288.34,0.52,N,VIIRS_SUOMI_NPP,17,100017,node,Warehouse/Depot,Logistics Hub #18,,150878.3417159444,0,0,0,0,150.8783417159444,1,4,325,11,2024,19,0,0,1,16.55000000000001,0.0017055331431007905,0.41871033485818504,1.0,0,1,13.16,80.28,13.16_80.28,13,23,29.58,306.30347826086955,3.394288797773065,1.286086956521739,0.5416619134280146,23,-0.416428402261153,-1.4143267922852578,1,0,0,1,388,,Unknown,Other/Unclassified,Other/Unclassified,0.9289723698433969
13.39223,80.103,304.51,0.48,0.4,2024-11-20,1957,N,VIIRS,n,2.0NRT,290.32,0.67,N,VIIRS_SUOMI_NPP,17,100017,node,Warehouse/Depot,Logistics Hub #18,,151261.0785392043,0,0,0,0,151.26107853920428,1,4,325,11,2024,19,0,0,1,14.189999999999998,0.0022002561492233427,0.5128236264286639,1.0,0,1,13.39,80.10000000000001,13.39_80.1,10,21,22.85,306.8885714285714,3.8878326683568587,1.0880952380952382,0.5611026559161795,21,-0.6117988173541187,-0.7451314544440429,1,0,0,1,389,,Unknown,Other/Unclassified,Other/Unclassified,0.9193721077760294
13.15981,80.28191,310.67,0.61,0.53,2024-11-21,1940,N,VIIRS,n,2.0NRT,291.23,2.41,N,VIIRS_SUOMI_NPP,17,100017,node,Warehouse/Depot,Logistics Hub #18,,150419.550004741,0,0,0,0,150.419550004741,1,4,326,11,2024,19,0,0,1,19.439999999999998,0.007757427495413139,1.2267122912954254,1.0,0,1,13.15,80.28,13.15_80.28,10,15,31.96,308.05333333333334,5.417348675013171,2.130666666666667,1.6132906330437382,15,0.48301610688928237,0.17314507851962477,1,0,0,1,390,,Unknown,Other/Unclassified,Other/Unclassified,0.8944258979874282
11.6506,78.03009,304.25,0.41,0.61,2024-11-21,1940,N,VIIRS,n,2.0NRT,291.67,0.63,N,VIIRS_SUOMI_NPP,24,100024,node,Power Plant,Thermal Power Station #25,,18614.86554305316,0,0,0,0,18.614865543053163,1,1,326,11,2024,19,0,0,1,12.579999999999984,0.0020706655710764172,0.48858001481867097,1.0,0,1,11.65,78.03,11.65_78.03,1,1,0.63,304.25,,0.63,,1,-0.906399770142226,-0.7383968726913487,0,0,0,0,391,,Unknown,Possible Agricultural Burning,Possible Agricultural Burning,0.9312877112222838
10.87733,78.95669,340.87,0.47,0.48,2024-11-22,828,N,VIIRS,n,2.0NRT,296.12,3.84,D,VIIRS_SUOMI_NPP,22,100022,node,Industrial Works,Steel Foundry #23,,21197.147139277444,0,0,0,0,21.197147139277444,1,2,327,11,2024,8,1,0,1,44.75,0.011265291753454396,1.5769147207285403,1.0,0,1,10.870000000000001,78.95,10.87_78.95,1,1,3.84,340.87,,3.84,,1,1.4680814868056284,0.6680512773749556,0,0,0,0,392,,Unknown,Possible Agricultural Burning,Possible Agricultural Burning,0.963166662707837
11.38068,77.52322,330.94,0.39,0.44,2024-11-22,828,N,VIIRS,n,2.0NRT,299.71,1.97,D,VIIRS_SUOMI_NPP,14,100014,node,Chemical,Chemical Processing Unit #15,,34511.98592535496,0,0,0,0,34.511985925354956,1,9,327,11,2024,8,1,0,1,31.230000000000018,0.005952740678068532,1.0885619528146082,1.0,0,1,11.38,77.52,11.38_77.52,1,1,1.97,330.94,,1.97,,1,0.8242093163661907,-0.1512814455608665,0,0,0,0,393,,Unknown,Possible Agricultural Burning,Possible Agricultural Burning,0.8923736854106648
12.06948,78.48637,334.62,0.46,0.47,2024-11-22,828,N,VIIRS,n,2.0NRT,299.29,3.58,D,VIIRS_SUOMI_NPP,19,100019,node,Manufacturing,Textile Mill #20,,25091.59955177367,0,0,0,0,25.09159955177367,1,3,327,11,2024,8,1,0,1,35.329999999999984,0.010698703006395313,1.5216989981260935,1.0,0,1,12.06,78.48,12.06_78.48,1,1,3.58,334.62,,3.58,,1,1.0628245819469695,0.5541333586779964,0,0,0,0,394,,Unknown,Possible Agricultural Burning,Possible Agricultural Burning,0.9698204384629162
10.12921,77.86756,326.04,0.39,0.36,2024-11-23,807,N,VIIRS,n,2.0NRT,291.39,1.78,D,VIIRS_SUOMI_NPP,2,100002,node,Chemical,Chemical Processing Unit #3,,75833.14050589358,0,0,0,0,75.83314050589358,1,9,328,11,2024,8,1,0,1,34.650000000000034,0.005459452827873881,1.0224509277025458,1.0,0,1,10.120000000000001,77.86,10.12_77.86,1,2,3.56,326.08500000000004,0.0636396103067515,1.78,0.0,2,0.5064879029570036,-0.23452915537787516,0,0,0,0,395,,Unknown,Possible Agricultural Burning,Possible Agricultural Burning,0.9972032413397222
10.12589,77.86807,326.13,0.39,0.36,2024-11-23,807,N,VIIRS,n,2.0NRT,291.92,1.78,D,VIIRS_SUOMI_NPP,2,100002,node,Chemical,Chemical Processing Unit #3,,76203.97793023332,0,0,0,0,76.20397793023332,1,9,328,11,2024,8,1,0,1,34.20999999999998,0.005457946217765922,1.0224509277025458,1.0,0,1,10.120000000000001,77.86,10.12_77.86,1,2,3.56,326.08500000000004,0.0636396103067515,1.78,0.0,2,0.5123236023869667,-0.23452915537787516,0,0,0,0,396,,Unknown,Possible Agricultural Burning,Possible Agricultural Burning,0.9962384977499785
12.85529,79.90582,314.61,0.55,0.51,2024-11-23,2042,N,VIIRS,n,2.0NRT,291.78,2.23,N,VIIRS_SUOMI_NPP,17,100017,node,Warehouse/Depot,Logistics Hub #18,,97966.01458433845,0,0,0,0,97.96601458433845,1,4,328,11,2024,20,0,0,1,22.83000000000004,0.0070881408728266735,1.172482137234565,1.0,0,1,12.85,79.9,12.85_79.9,3,14,25.28,311.8492857142857,6.397096053060936,1.8057142857142858,1.1218166193601018,14,0.4315574227454863,0.37821307597290904,1,0,0,1,397,,Unknown,Other/Unclassified,Other/Unclassified,0.8851509814788161
10.92857,77.0635,303.75,0.39,0.44,2024-11-23,2044,N,VIIRS,n,2.0NRT,289.3,0.83,N,VIIRS_SUOMI_NPP,18,100018,node,Power Plant,Thermal Power Station #19,,71913.56418268205,0,0,0,0,71.91356418268205,1,1,328,11,2024,20,0,0,1,14.449999999999989,0.0027325102880658434,0.6043159668533294,1.0,0,1,10.92,77.06,10.92_77.06,7,11,6.7,302.6445454545455,2.985857878856131,0.6090909090909091,0.1987689384916338,11,0.3702301282598223,1.111386379509135,1,0,0,1,398,,Unknown,Other/Unclassified,Other/Unclassified,0.8583476628544884
13.16088,80.28236,305.07,0.38,0.59,2024-12-02,1934,N,VIIRS,n,2.0NRT,287.3,0.83,N,VIIRS_SUOMI_NPP,17,100017,node,Warehouse/Depot,Logistics Hub #18,,150524.4970057152,0,0,0,0,150.5244970057152,1,4,337,12,2024,19,0,0,0,17.769999999999982,0.0027206870554299014,0.6043159668533294,1.0,0,1,13.16,80.28,13.16_80.28,13,23,29.58,306.30347826086955,3.394288797773065,1.286086956521739,0.5416619134280146,23,-0.3633981474053783,-0.842014077813414,1,0,0,1,399,,Unknown,Other/Unclassified,Other/Unclassified,0.9966666666666667
8.25705,77.52367,334.92,0.45,0.39,2024-12-03,820,N,VIIRS,n,2.0NRT,296.25,4.22,D,VIIRS_SUOMI_NPP,2,100002,node,Chemical,Chemical Processing Unit #3,,284549.4558777698,0,0,0,0,284.5494558777698,1,9,338,12,2024,8,1,0,0,38.670000000000016,0.012600023886301204,1.6524974018945473,1.0,0,1,8.25,77.52,8.25_77.52,1,1,4.22,334.92,,4.22,,1,1.082276913380186,0.8345466970089729,0,0,0,0,400,,Unknown,Other/Unclassified,Other/Unclassified,0.9413737062024734
8.26062,77.52313,346.33,0.45,0.39,2024-12-03,820,N,VIIRS,n,2.0NRT,296.87,4.22,D,VIIRS_SUOMI_NPP,2,100002,node,Chemical,Chemical Processing Unit #3,,284163.35903457395,0,0,0,0,284.16335903457394,1,9,338,12,2024,8,1,0,0,49.45999999999998,0.012184910345624116,1.6524974018945473,1.0,0,1,8.26,77.52,8.26_77.52,2,2,8.36,342.34000000000003,5.642712113868642,4.18,0.05656854249492385,2,1.8221139188901514,0.8345466970089729,0,0,0,0,401,,Unknown,Other/Unclassified,Other/Unclassified,0.9449095038947979
8.62227,77.64931,335.64,0.46,0.39,2024-12-03,822,N,VIIRS,n,2.0NRT,299.54,3.28,D,VIIRS_SUOMI_NPP,2,100002,node,Chemical,Chemical Processing Unit #3,,243031.01558970514,0,0,0,0,243.03101558970513,1,9,338,12,2024,8,1,0,0,36.099999999999966,0.009772375163866047,1.4539530095937052,1.0,0,1,8.620000000000001,77.64,8.62_77.64,1,1,3.28,335.64,,3.28,,1,1.1289625088199013,0.4226896063353511,0,0,0,0,402,,Unknown,Other/Unclassified,Other/Unclassified,0.9455071666962281
13.08326,79.98197,305.17,0.46,0.63,2024-12-03,2055,N,VIIRS,n,2.0NRT,266.68,0.5,N,VIIRS_SUOMI_NPP,17,100017,node,Warehouse/Depot,Logistics Hub #18,,118755.32333012181,0,0,0,0,118.75532333012181,1,4,338,12,2024,20,0,0,0,38.49000000000001,0.0016384310384375922,0.4054651081081644,1.0,0,1,13.08,79.98,13.08_79.98,5,11,15.69,308.31363636363636,10.512393897421513,1.4263636363636363,2.15390934222995,11,-0.2990409600621434,-0.4300847850005464,1,0,0,1,403,,Unknown,Other/Unclassified,Other/Unclassified,0.9680397244065239
13.08462,79.98254,299.33,0.46,0.63,2024-12-03,2055,N,VIIRS,n,2.0NRT,266.66,0.64,N,VIIRS_SUOMI_NPP,17,100017,node,Warehouse/Depot,Logistics Hub #18,,118896.28489966552,0,0,0,0,118.89628489966552,1,4,338,12,2024,20,0,0,0,32.66999999999996,0.0021381084421875523,0.49469624183610705,1.0,0,1,13.08,79.98,13.08_79.98,5,11,15.69,308.31363636363636,10.512393897421513,1.4263636363636363,2.15390934222995,11,-0.8545756990555587,-0.36508669187975723,1,0,0,1,404,,Unknown,Other/Unclassified,Other/Unclassified,0.9655943597872462
13.07881,79.98133,296.25,0.46,0.63,2024-12-03,2055,N,VIIRS,n,2.0NRT,266.74,0.5,N,VIIRS_SUOMI_NPP,17,100017,node,Warehouse/Depot,Logistics Hub #18,,118400.59104019255,0,0,0,0,118.40059104019255,1,4,338,12,2024,20,0,0,0,29.50999999999999,0.0016877637130801688,0.4054651081081644,1.0,0,1,13.07,79.98,13.07_79.98,1,1,0.5,296.25,,0.5,,1,-1.4251286083613093,-0.7953558320398283,0,0,0,0,405,,Unknown,Other/Unclassified,Other/Unclassified,0.8736902198185003
8.26011,77.52467,338.35,0.41,0.37,2024-12-04,802,N,VIIRS,n,2.0NRT,296.7,4.14,D,VIIRS_SUOMI_NPP,2,100002,node,Chemical,Chemical Processing Unit #3,,284200.7844397191,0,0,0,0,284.2007844397191,1,9,339,12,2024,8,1,0,0,41.650000000000034,0.012235850450716712,1.6370530794670737,1.0,0,1,8.26,77.52,8.26_77.52,2,2,8.36,342.34000000000003,5.642712113868642,4.18,0.05656854249492385,2,1.3046819027666183,0.7994950297176008,0,0,0,0,406,,Unknown,Other/Unclassified,Other/Unclassified,0.9339175091315703
11.17877,77.88016,333.86,0.39,0.36,2024-12-04,802,N,VIIRS,n,2.0NRT,298.16,4.49,D,VIIRS_SUOMI_NPP,18,100018,node,Power Plant,Thermal Power Station #19,,21620.26969803554,0,0,0,0,21.62026969803554,1,1,339,12,2024,8,1,0,0,35.69999999999999,0.01344875097346193,1.7029282555214393,1.0,0,1,11.17,77.88,11.17_77.88,1,1,4.49,333.86,,4.49,,1,1.0135453423161571,0.9528460741173538,0,0,0,0,407,,Unknown,Other/Unclassified,Other/Unclassified,0.9108891733773982
9.76264,78.47953,342.24,0.39,0.36,2024-12-04,802,N,VIIRS,n,2.0NRT,301.83,3.98,D,VIIRS_SUOMI_NPP,20,100020,node,Chemical,Chemical Processing Unit #21,,108715.15977033965,0,0,0,0,108.71515977033965,1,9,339,12,2024,8,1,0,0,40.410000000000025,0.011629266012155212,1.6054298910365616,1.0,0,1,9.76,78.47,9.76_78.47,1,1,3.98,342.24,,3.98,,1,1.5569138003506466,0.7293916951348568,0,0,0,0,408,,Unknown,Other/Unclassified,Other/Unclassified,0.9461437173937177
9.60918,78.14217,332.79,0.39,0.36,2024-12-04,802,N,VIIRS,n,2.0NRT,297.52,2.97,D,VIIRS_SUOMI_NPP,20,100020,node,Chemical,Chemical Processing Unit #21,,131361.91797346727,0,0,0,0,131.36191797346726,1,9,339,12,2024,8,1,0,0,35.27000000000004,0.008924547011628954,1.3787660946990992,1.0,0,1,9.6,78.14,9.6_78.14,1,1,2.97,332.79,,2.97,,1,0.9441653602043553,0.28686439558128446,0,0,0,0,409,,Unknown,Other/Unclassified,Other/Unclassified,0.9434239118447844
11.81566,77.91788,307.28,0.53,0.42,2024-12-04,2038,N,VIIRS,n,2.0NRT,290.13,0.99,N,VIIRS_SUOMI_NPP,15,100015,node,Oil & Gas,Petroleum Refinery #16,,13936.13848867039,0,0,0,0,13.936138488670391,1,7,339,12,2024,20,0,0,0,17.149999999999977,0.0032218172350950277,0.688134638736401,1.0,0,1,11.81,77.91,11.81_77.91,20,43,64.3,308.93627906976747,7.833273664389497,1.4953488372093022,0.7060599894829163,43,-0.2114414918627228,-0.71573073780798,1,0,0,1,410,,Unknown,Other/Unclassified,Other/Unclassified,0.9970666666666667
11.18365,79.10008,310.69,0.42,0.45,2024-12-04,2038,N,VIIRS,n,2.0NRT,289.49,1.34,N,VIIRS_SUOMI_NPP,12,100012,node,Power Plant,Thermal Power Station #13,,25534.987097419085,0,0,0,0,25.534987097419084,1,1,339,12,2024,20,0,0,0,21.19999999999999,0.004312980784705012,0.8501509293696101,1.0,0,1,11.18,79.10000000000001,11.18_79.1,5,8,8.73,306.94,2.5630673587938055,1.09125,0.32502472433427504,8,1.4630906937087957,0.7653263932751483,1,0,0,1,411,,Unknown,Other/Unclassified,Other/Unclassified,0.9874415861915861
11.18443,79.09995,306.67,0.42,0.45,2024-12-04,2038,N,VIIRS,n,2.0NRT,289.26,0.79,N,VIIRS_SUOMI_NPP,12,100012,node,Power Plant,Thermal Power Station #13,,25447.41865125652,0,0,0,0,25.44741865125652,1,1,339,12,2024,20,0,0,0,17.410000000000025,0.0025760589558809143,0.5822156198526637,1.0,0,1,11.18,79.09,11.18_79.09,10,20,18.59,305.3995,3.199398751081369,0.9295,0.2404267040076872,20,0.3971058623344805,-0.5802184103290777,1,0,0,1,412,,Unknown,Other/Unclassified,Other/Unclassified,0.9970666666666667
12.9988,79.9073,304.31,0.44,0.46,2024-12-04,2038,N,VIIRS,n,2.0NRT,289.69,0.59,N,VIIRS_SUOMI_NPP,17,100017,node,Warehouse/Depot,Logistics Hub #18,,106636.96280234847,0,0,0,0,106.63696280234846,1,4,339,12,2024,20,0,0,0,14.620000000000005,0.0019388123952548387,0.4637340162321401,1.0,0,1,12.99,79.9,12.99_79.9,2,10,11.98,309.546,11.037509984895436,1.198,0.9935995169080952,10,-0.4743823568146555,-0.6119165616062171,1,0,0,0,413,,Unknown,Other/Unclassified,Other/Unclassified,0.9655137880495936
13.10752,80.18994,328.97,0.45,0.39,2024-12-05,743,N,VIIRS,n,2.0NRT,296.31,2.67,D,VIIRS_SUOMI_NPP,17,100017,node,Warehouse/Depot,Logistics Hub #18,,138859.1537867433,0,0,0,0,138.8591537867433,1,4,340,12,2024,7,1,0,0,32.660000000000025,0.008116241602577741,1.3001916620664788,1.0,0,1,13.1,80.18,13.1_80.18,1,1,2.67,328.97,,2.67,,1,0.6964723399547433,0.15542064323863908,0,0,0,0,414,,Unknown,Other/Unclassified,Other/Unclassified,0.8751797700639533
10.92776,77.06435,302.54,0.39,0.36,2024-12-05,2018,N,VIIRS,n,2.0NRT,290.47,0.65,N,VIIRS_SUOMI_NPP,18,100018,node,Power Plant,Thermal Power Station #19,,71849.4156441119,0,0,0,0,71.8494156441119,1,1,340,12,2024,20,0,0,0,12.069999999999993,0.0021484762345474976,0.5007752879124893,1.0,0,1,10.92,77.06,10.92_77.06,7,11,6.7,302.6445454545455,2.985857878856131,0.6090909090909091,0.1987689384916338,11,-0.03501354009036895,0.20581229250169167,1,0,0,1,415,,Unknown,Other/Unclassified,Other/Unclassified,0.9951282051282052
13.16137,80.28695,310.58,0.4,0.37,2024-12-05,2018,N,VIIRS,n,2.0NRT,293.33,1.58,N,VIIRS_SUOMI_NPP,17,100017,node,Warehouse/Depot,Logistics Hub #18,,150975.63118787858,0,0,0,0,150.97563118787858,1,4,340,12,2024,20,0,0,0,17.25,0.00508725610148754,0.9477893989335261,1.0,0,1,13.16,80.28,13.16_80.28,13,23,29.58,306.30347826086955,3.394288797773065,1.286086956521739,0.5416619134280146,23,1.259916876235217,0.5426134571991119,1,0,0,1,416,,Unknown,Other/Unclassified,Other/Unclassified,0.9947685185185184
11.81004,77.92374,305.19,0.39,0.36,2024-12-05,2018,N,VIIRS,n,2.0NRT,293.73,1.22,N,VIIRS_SUOMI_NPP,15,100015,node,Oil & Gas,Petroleum Refinery #16,,13851.86307157475,0,0,0,0,13.85186307157475,1,7,340,12,2024,20,0,0,0,11.45999999999998,0.00399750974802582,0.7975071958841881,1.0,0,1,11.81,77.92,11.81_77.92,11,16,22.18,305.369375,5.143271940117515,1.38625,0.6826309398203395,16,-0.034875659325121114,-0.2435430190781494,1,0,0,1,417,,Unknown,Other/Unclassified,Other/Unclassified,0.994006734006734
13.39089,80.10269,312.44,0.4,0.37,2024-12-05,2018,N,VIIRS,n,2.0NRT,293.89,1.08,N,VIIRS_SUOMI_NPP,17,100017,node,Warehouse/Depot,Logistics Hub #18,,151132.5839885367,0,0,0,0,151.1325839885367,1,4,340,12,2024,20,0,0,0,18.55000000000001,0.00345666367942645,0.7323678937132266,1.0,0,1,13.39,80.10000000000001,13.39_80.1,10,21,22.85,306.8885714285714,3.8878326683568587,1.0880952380952382,0.5611026559161795,21,1.427898020563424,-0.014427374402675195,1,0,0,1,418,,Unknown,Other/Unclassified,Other/Unclassified,0.9917382154882155
12.99843,79.91005,304.56,0.4,0.37,2024-12-05,2018,N,VIIRS,n,2.0NRT,292.33,0.47,N,VIIRS_SUOMI_NPP,17,100017,node,Warehouse/Depot,Logistics Hub #18,,106854.8974899915,0,0,0,0,106.8548974899915,1,4,340,12,2024,20,0,0,0,12.230000000000018,0.0015432098765432098,0.3852624007906449,1.0,0,1,12.99,79.91,12.99_79.91,1,1,0.47,304.56,,0.47,,1,-0.8862990276612364,-0.8085002072740928,0,0,0,0,419,,Unknown,Other/Unclassified,Other/Unclassified,0.8988150666265712
11.81712,77.91738,304.73,0.39,0.36,2024-12-05,2018,N,VIIRS,n,2.0NRT,292.57,0.8,N,VIIRS_SUOMI_NPP,15,100015,node,Oil & Gas,Petroleum Refinery #16,,14033.16747755997,0,0,0,0,14.033167477559969,1,7,340,12,2024,20,0,0,0,12.160000000000025,0.0026252748334591276,0.5877866649021191,1.0,0,1,11.81,77.91,11.81_77.91,20,43,64.3,308.93627906976747,7.833273664389497,1.4953488372093022,0.7060599894829163,43,-0.5369758864533776,-0.9848296852489001,1,0,0,1,420,,Unknown,Other/Unclassified,Other/Unclassified,0.9970370370370369
11.20239,77.56619,307.98,0.39,0.36,2024-12-05,2018,N,VIIRS,n,2.0NRT,291.76,0.8,N,VIIRS_SUOMI_NPP,18,100018,node,Power Plant,Thermal Power Station #19,,17481.387652219953,0,0,0,0,17.481387652219954,1,1,340,12,2024,20,0,0,0,16.220000000000027,0.0025975712708617444,0.5877866649021191,1.0,0,1,11.200000000000001,77.56,11.2_77.56,8,15,15.08,308.0466666666667,7.156664892319064,1.0053333333333334,0.4637712901030092,15,-0.009315326017040885,-0.4427469697137275,1,0,0,1,421,,Unknown,Other/Unclassified,Other/Unclassified,0.9970370370370369
13.44818,80.09667,306.39,0.4,0.37,2024-12-05,2018,N,VIIRS,n,2.0NRT,293.39,0.99,N,VIIRS_SUOMI_NPP,17,100017,node,Warehouse/Depot,Logistics Hub #18,,155214.4737758443,0,0,0,0,155.21447377584428,1,4,340,12,2024,20,0,0,0,13.0,0.003231175952217762,0.688134638736401,1.0,0,1,13.44,80.09,13.44_80.09,3,6,4.3,305.655,2.151871278678184,0.7166666666666667,0.22259080544053625,6,0.341563181442478,1.2279632700567797,1,0,0,1,422,,Unknown,Other/Unclassified,Other/Unclassified,0.9776156743819787
11.81182,77.91952,311.1,0.4,0.44,2024-12-06,1959,N,VIIRS,n,2.0NRT,287.29,1.54,N,VIIRS_SUOMI_NPP,15,100015,node,Oil & Gas,Petroleum Refinery #16,,13709.913626752274,0,0,0,0,13.709913626752273,1,7,341,12,2024,19,0,0,0,23.810000000000002,0.004950176792028286,0.9321640810304452,1.0,0,1,11.81,77.91,11.81_77.91,20,43,64.3,308.93627906976747,7.833273664389497,1.4953488372093022,0.7060599894829163,43,0.2762217972887829,0.06323989952099981,1,0,0,1,423,,Unknown,Other/Unclassified,Other/Unclassified,1.0
13.03769,79.97076,306.07,0.47,0.4,2024-12-06,1959,N,VIIRS,n,2.0NRT,292.06,1.04,N,VIIRS_SUOMI_NPP,17,100017,node,Warehouse/Depot,Logistics Hub #18,,114761.52345089446,0,0,0,0,114.76152345089446,1,4,341,12,2024,19,0,0,0,14.009999999999991,0.003397915509523965,0.712949807856125,1.0,0,1,13.030000000000001,79.97,13.03_79.97,1,1,1.04,306.07,,1.04,,1,-0.788388959447385,-0.5587570778230668,0,0,0,0,424,,Unknown,Other/Unclassified,Other/Unclassified,0.8837582513467168
13.08081,79.97988,310.25,0.47,0.4,2024-12-06,1959,N,VIIRS,n,2.0NRT,292.14,1.5,N,VIIRS_SUOMI_NPP,17,100017,node,Warehouse/Depot,Logistics Hub #18,,118409.56212997896,0,0,0,0,118.40956212997897,1,4,341,12,2024,19,0,0,0,18.110000000000014,0.004834810636583401,0.9162907318741551,1.0,0,1,13.08,79.97,13.08_79.97,7,10,14.08,306.96,4.861099555541813,1.408,0.9192847461175697,10,0.6768016088560278,0.10007780547707898,1,0,0,1,425,,Unknown,Other/Unclassified,Other/Unclassified,1.0
13.15958,80.28446,308.83,0.46,0.39,2024-12-06,1959,N,VIIRS,n,2.0NRT,292.85,2.63,N,VIIRS_SUOMI_NPP,17,100017,node,Warehouse/Depot,Logistics Hub #18,,150640.41388124702,0,0,0,0,150.640413881247,1,4,341,12,2024,19,0,0,0,15.979999999999961,0.008516012045461905,1.2892326482767593,1.0,0,1,13.15,80.28,13.15_80.28,10,15,31.96,308.05333333333334,5.417348675013171,2.130666666666667,1.6132906330437382,15,0.14336656421044452,0.3095123241317397,1,0,0,1,426,,Unknown,Other/Unclassified,Other/Unclassified,0.9846329365079366
8.73038,78.15974,330.68,0.42,0.61,2024-12-07,845,N,VIIRS,n,2.0NRT,292.66,1.53,D,VIIRS_SUOMI_NPP,20,100020,node,Chemical,Chemical Processing Unit #21,,225943.60670635756,0,0,0,0,225.94360670635757,1,9,342,12,2024,8,1,0,0,38.01999999999998,0.004626829563324059,0.9282193027394289,1.0,0,1,8.73,78.15,8.73_78.15,1,2,2.44,331.925,1.7606958851545098,1.22,0.4384062043356594,2,0.8073506291240711,-0.34406561566341287,0,0,0,0,427,,Unknown,Other/Unclassified,Other/Unclassified,0.9117885731266281
8.73359,78.15977,333.17,0.42,0.61,2024-12-07,845,N,VIIRS,n,2.0NRT,292.74,0.91,D,VIIRS_SUOMI_NPP,20,100020,node,Chemical,Chemical Processing Unit #21,,225592.2106119365,0,0,0,0,225.59221061193648,1,9,342,12,2024,8,1,0,0,40.43000000000001,0.002731338355794339,0.6471032420585384,1.0,0,1,8.73,78.15,8.73_78.15,1,2,2.44,331.925,1.7606958851545098,1.22,0.4384062043356594,2,0.9688049800197613,-0.6157160371715463,0,0,0,0,428,,Unknown,Other/Unclassified,Other/Unclassified,0.9558290683784236
8.65521,78.08772,332.6,0.41,0.61,2024-12-07,845,N,VIIRS,n,2.0NRT,292.56,2.74,D,VIIRS_SUOMI_NPP,20,100020,node,Chemical,Chemical Processing Unit #21,,235512.9823650083,0,0,0,0,235.5129823650083,1,9,342,12,2024,8,1,0,0,40.04000000000002,0.008238123872519543,1.3190856114264407,1.0,0,1,8.65,78.08,8.65_78.08,1,1,2.74,332.6,,2.74,,1,0.9318455502966522,0.18609085211858978,0,0,0,0,429,,Unknown,Other/Unclassified,Other/Unclassified,0.9432859417710557
11.81017,77.92149,306.17,0.41,0.61,2024-12-07,1940,N,VIIRS,n,2.0NRT,290.04,1.05,N,VIIRS_SUOMI_NPP,15,100015,node,Oil & Gas,Petroleum Refinery #16,,13704.329892390026,0,0,0,0,13.704329892390026,1,7,342,12,2024,19,0,0,0,16.129999999999995,0.0034294672894143777,0.7178397931503169,1.0,0,1,11.81,77.92,11.81_77.92,11,16,22.18,305.369375,5.143271940117515,1.38625,0.6826309398203395,16,0.15566452820725868,-0.4925794897144525,1,0,0,1,430,,Unknown,Other/Unclassified,Other/Unclassified,0.9970666666666667
11.3754,78.20809,334.7,0.44,0.46,2024-12-08,828,N,VIIRS,n,2.0NRT,295.72,2.31,D,VIIRS_SUOMI_NPP,9,100009,node,Oil & Gas,Petroleum Refinery #10,,13786.15652962368,0,0,0,0,13.78615652962368,1,7,343,12,2024,8,1,0,0,38.97999999999996,0.006901703017627727,1.1969481893889715,1.0,0,1,11.370000000000001,78.2,11.37_78.2,1,1,2.31,334.7,,2.31,,1,1.0680118703291592,-0.0023118595725351806,0,0,0,0,431,,Unknown,Other/Unclassified,Other/Unclassified,0.9338946784456322
11.46885,77.43934,330.31,0.39,0.44,2024-12-08,828,N,VIIRS,n,2.0NRT,300.01,2.26,D,VIIRS_SUOMI_NPP,14,100014,node,Chemical,Chemical Processing Unit #15,,29192.93148505579,0,0,0,0,29.19293148505579,1,9,343,12,2024,8,1,0,0,30.30000000000001,0.006842057461172837,1.1817271953786161,1.0,0,1,11.46,77.43,11.46_77.43,1,1,2.26,330.31,,2.26,,1,0.7833594203564382,-0.024219151629642843,0,0,0,0,432,,Unknown,Other/Unclassified,Other/Unclassified,0.8934681227641753
11.69407,78.08384,340.55,0.44,0.46,2024-12-08,828,N,VIIRS,n,2.0NRT,297.42,3.76,D,VIIRS_SUOMI_NPP,24,100024,node,Power Plant,Thermal Power Station #25,,25891.63475905924,0,0,0,0,25.89163475905924,1,1,343,12,2024,8,1,0,0,43.129999999999995,0.011040963147849067,1.5602476682433286,1.0,0,1,11.69,78.08,11.69_78.08,1,1,3.76,340.55,,3.76,,1,1.4473323332768655,0.6329996100835835,0,0,0,0,433,,Unknown,Other/Unclassified,Other/Unclassified,0.9130783422332337
13.16068,80.27818,300.22,0.61,0.71,2024-12-08,1921,N,VIIRS,n,2.0NRT,282.8,1.63,N,VIIRS_SUOMI_NPP,17,100017,node,Warehouse/Depot,Logistics Hub #18,,150128.62005231815,0,0,0,0,150.12862005231815,1,4,343,12,2024,19,0,0,0,17.420000000000016,0.005429351808673638,0.9669838461896731,1.0,0,1,13.16,80.27,13.16_80.27,5,5,7.75,304.332,2.8267950049481714,1.55,0.3914715826212677,5,-1.4546509360608406,0.20435710675172172,1,0,0,1,434,,Unknown,Other/Unclassified,Other/Unclassified,0.9803738512949038
11.80894,77.92698,302.66,0.45,0.63,2024-12-08,2101,N,VIIRS,n,2.0NRT,289.21,1.01,N,VIIRS_SUOMI_NPP,15,100015,node,Oil & Gas,Petroleum Refinery #16,,13993.957055472043,0,0,0,0,13.993957055472043,1,7,343,12,2024,21,0,0,0,13.450000000000045,0.0033370779092050484,0.6981347220709844,1.0,0,1,11.8,77.92,11.8_77.92,10,21,32.72,307.8904761904762,8.630552981235025,1.558095238095238,0.5164263650087885,21,-0.6060418378577279,-1.061323114450035,1,0,0,1,435,,Unknown,Other/Unclassified,Other/Unclassified,0.9970666666666667
13.15905,80.28837,305.27,0.61,0.71,2024-12-08,2101,N,VIIRS,n,2.0NRT,286.56,1.01,N,VIIRS_SUOMI_NPP,17,100017,node,Warehouse/Depot,Logistics Hub #18,,150968.96341822777,0,0,0,0,150.96896341822776,1,4,343,12,2024,21,0,0,0,18.70999999999998,0.0033085465325777184,0.6981347220709844,1.0,0,1,13.15,80.28,13.15_80.28,10,15,31.96,308.05333333333334,5.417348675013171,2.130666666666667,1.6132906330437382,15,-0.5137814640159917,-0.6946464844665619,1,0,0,1,436,,Unknown,Other/Unclassified,Other/Unclassified,0.9968518518518518
9.76258,78.48173,335.57,0.39,0.36,2024-12-09,807,N,VIIRS,n,2.0NRT,297.47,3.11,D,VIIRS_SUOMI_NPP,20,100020,node,Chemical,Chemical Processing Unit #21,,108719.56105664071,0,0,0,0,108.71956105664071,1,9,344,12,2024,8,1,0,0,38.099999999999966,0.009267812974938165,1.413423028508143,1.0,0,1,9.76,78.48,9.76_78.48,1,1,3.11,335.57,,3.11,,1,1.124423631485485,0.3482048133411854,0,0,0,0,437,,Unknown,Other/Unclassified,Other/Unclassified,0.9444998175638788
9.76732,77.95178,331.97,0.39,0.36,2024-12-09,807,N,VIIRS,n,2.0NRT,298.41,1.87,D,VIIRS_SUOMI_NPP,2,100002,node,Chemical,Chemical Processing Unit #3,,116663.22225421526,0,0,0,0,116.66322225421526,1,9,344,12,2024,8,1,0,0,33.56,0.005633039130041871,1.0543120297715298,1.0,0,1,9.76,77.95,9.76_77.95,1,2,5.13,332.235,0.3747665940288509,2.565,0.9828784258493009,2,0.8909956542868996,-0.19509602967508155,0,0,0,0,438,,Unknown,Other/Unclassified,Other/Unclassified,0.9474511915776098
9.50536,78.25312,331.32,0.39,0.36,2024-12-09,807,N,VIIRS,n,2.0NRT,298.1,1.25,D,VIIRS_SUOMI_NPP,20,100020,node,Chemical,Chemical Processing Unit #21,,139637.80624903966,0,0,0,0,139.63780624903964,1,9,344,12,2024,8,1,0,0,33.21999999999997,0.00377278763732947,0.8109302162163288,1.0,0,1,9.5,78.25,9.5_78.25,1,1,1.25,331.32,,1.25,,1,0.8488489361815968,-0.4667464511832151,0,0,0,0,439,,Unknown,Other/Unclassified,Other/Unclassified,0.9326011880715961
9.77065,77.95128,334.36,0.39,0.36,2024-12-09,807,N,VIIRS,n,2.0NRT,299.3,1.87,D,VIIRS_SUOMI_NPP,2,100002,node,Chemical,Chemical Processing Unit #3,,116290.55324514414,0,0,0,0,116.29055324514414,1,9,344,12,2024,8,1,0,0,35.06,0.005592774255293696,1.0543120297715298,1.0,0,1,9.77,77.95,9.77_77.95,1,1,1.87,334.36,,1.87,,1,1.0459658947048498,-0.19509602967508155,0,0,0,0,440,,Unknown,Other/Unclassified,Other/Unclassified,0.9607059961985566
9.85353,79.09533,332.44,0.41,0.37,2024-12-09,807,N,VIIRS,n,2.0NRT,295.33,3.85,D,VIIRS_SUOMI_NPP,21,100021,node,Oil & Gas,Petroleum Refinery #22,,82994.99105363019,0,0,0,0,82.99499105363019,1,7,344,12,2024,8,1,0,0,37.110000000000014,0.01158103717964144,1.5789787049493917,1.0,0,1,9.85,79.09,9.85_79.09,1,1,3.85,332.44,,3.85,,1,0.9214709735322688,0.6724327357863772,0,0,0,0,441,,Unknown,Other/Unclassified,Other/Unclassified,0.9267164016952452
9.21547,77.83137,330.4,0.38,0.36,2024-12-09,807,N,VIIRS,n,2.0NRT,298.1,2.46,D,VIIRS_SUOMI_NPP,2,100002,node,Chemical,Chemical Processing Unit #3,,176744.2746412969,0,0,0,0,176.74427464129693,1,9,344,12,2024,8,1,0,0,32.299999999999955,0.007445520581113802,1.2412685890696329,1.0,0,1,9.21,77.83,9.21_77.83,1,1,2.46,330.4,,2.46,,1,0.7891951197864012,0.06341001659878741,0,0,0,0,442,,Unknown,Other/Unclassified,Other/Unclassified,0.8930394592510419
10.50258,78.95891,334.1,0.41,0.37,2024-12-09,809,N,VIIRS,n,2.0NRT,298.17,4.84,D,VIIRS_SUOMI_NPP,3,100003,node,Oil & Gas,Petroleum Refinery #4,,32525.522707388383,0,0,0,0,32.52552270738838,1,7,344,12,2024,8,1,0,0,35.93000000000001,0.014486680634540556,1.7647307968401356,1.0,0,1,10.5,78.95,10.5_78.95,1,1,4.84,334.1,,4.84,,1,1.0291072074627303,1.1061971185171064,0,0,0,0,443,,Unknown,Other/Unclassified,Other/Unclassified,0.9248202866447183
10.97892,78.83411,337.29,0.41,0.37,2024-12-09,809,N,VIIRS,n,2.0NRT,298.51,3.16,D,VIIRS_SUOMI_NPP,22,100022,node,Industrial Works,Steel Foundry #23,,4395.235520254286,0,0,0,1,4.395235520254285,1,2,344,12,2024,8,1,0,0,38.78000000000003,0.009368792433810667,1.425515074273172,1.0,0,1,10.97,78.83,10.97_78.83,1,1,3.16,337.29,,3.16,,1,1.2359503317025895,0.3701121053982931,0,0,0,0,444,,Unknown,Other/Unclassified,Other/Unclassified,0.9155731132192325
11.20422,77.5667,303.12,0.43,0.46,2024-12-09,2044,N,VIIRS,n,2.0NRT,289.36,0.49,N,VIIRS_SUOMI_NPP,18,100018,node,Power Plant,Thermal Power Station #19,,17556.92227962287,0,0,0,0,17.55692227962287,1,1,344,12,2024,20,0,0,0,13.759999999999991,0.0016165215096331485,0.3987761199573678,1.0,0,1,11.200000000000001,77.56,11.2_77.56,8,15,15.08,308.0466666666667,7.156664892319064,1.0053333333333334,0.4637712901030092,15,-0.6884025926593619,-1.1111798947685434,1,0,0,1,445,,Unknown,Other/Unclassified,Other/Unclassified,0.9942095238095238
10.49913,78.96156,335.39,0.46,0.39,2024-12-10,750,N,VIIRS,n,2.0NRT,277.87,5.45,D,VIIRS_SUOMI_NPP,3,100003,node,Oil & Gas,Petroleum Refinery #4,,32409.107925525077,0,0,0,0,32.40910792552508,1,7,345,12,2024,7,1,0,0,57.51999999999998,0.016249739109693195,1.864080130807681,1.0,0,1,10.49,78.96000000000001,10.49_78.96,1,1,5.45,335.39,,5.45,,1,1.112752232625555,1.3734660816138187,0,0,0,0,446,,Unknown,Other/Unclassified,Other/Unclassified,0.8926243960875593
9.84898,78.026,335.31,0.52,0.41,2024-12-10,750,N,VIIRS,n,2.0NRT,297.84,2.91,D,VIIRS_SUOMI_NPP,2,100002,node,Chemical,Chemical Processing Unit #3,,109166.56580515084,0,0,0,0,109.16656580515084,1,9,345,12,2024,7,1,0,0,37.47000000000003,0.008678536279860429,1.3635373739972745,1.0,0,1,9.84,78.02,9.84_78.02,1,2,9.7,337.36,2.899137802864861,4.85,2.7435743110038042,2,1.1075649442433653,0.2605756451127554,0,0,0,0,447,,Unknown,Other/Unclassified,Other/Unclassified,0.9349560182832374
9.31199,77.68814,333.89,0.55,0.43,2024-12-10,750,N,VIIRS,n,2.0NRT,296.36,5.7,D,VIIRS_SUOMI_NPP,2,100002,node,Chemical,Chemical Processing Unit #3,,166592.66724353263,0,0,0,0,166.59266724353265,1,9,345,12,2024,7,1,0,0,37.52999999999997,0.017071490610680164,1.9021075263969205,1.0,0,1,9.31,77.68,9.31_77.68,1,1,5.7,333.89,,5.7,,1,1.015490575459477,1.4830025418993564,0,0,0,0,448,,Unknown,Other/Unclassified,Other/Unclassified,0.9257123009410679
13.2788,79.43861,326.97,0.41,0.37,2024-12-10,752,N,VIIRS,n,2.0NRT,287.48,2.29,D,VIIRS_SUOMI_NPP,17,100017,node,Warehouse/Depot,Logistics Hub #18,,100285.25860537568,0,0,0,0,100.28525860537569,1,4,345,12,2024,7,1,0,0,39.49000000000001,0.007003700645319142,1.1908875647772805,1.0,0,1,13.27,79.43,13.27_79.43,1,1,2.29,326.97,,2.29,,1,0.5667901303999725,-0.011074776395378206,0,0,0,0,449,,Unknown,Other/Unclassified,Other/Unclassified,0.8717790910509696
13.15948,80.28324,297.25,0.48,0.65,2024-12-13,1927,N,VIIRS,n,2.0NRT,284.29,1.06,N,VIIRS_SUOMI_NPP,17,100017,node,Warehouse/Depot,Logistics Hub #18,,150522.2578316138,0,0,0,0,150.52225783161379,1,4,348,12,2024,19,0,0,0,12.95999999999998,0.003566021867115223,0.7227059828014898,1.0,0,1,13.15,80.28,13.15_80.28,10,15,31.96,308.05333333333334,5.417348675013171,2.130666666666667,1.6132906330437382,15,-1.9942104489530712,-0.6636539286456267,1,0,0,1,450,,Unknown,Other/Unclassified,Other/Unclassified,0.9887542087542086
13.16246,80.29005,301.72,0.77,0.77,2024-12-13,2108,N,VIIRS,n,2.0NRT,287.45,1.32,N,VIIRS_SUOMI_NPP,17,100017,node,Warehouse/Depot,Logistics Hub #18,,151325.46961677328,0,0,0,0,151.3254696167733,1,4,348,12,2024,21,0,0,0,14.270000000000039,0.004374917141720801,0.8415671856782186,1.0,0,1,13.16,80.29,13.16_80.29,1,2,2.41,301.655,0.09192388155426806,1.205,0.1626345596729059,2,-1.0704477652290094,-0.4360762423032645,0,0,0,0,451,,Unknown,Other/Unclassified,Other/Unclassified,0.9262361834072362
13.16009,80.29156,301.59,0.77,0.78,2024-12-13,2108,N,VIIRS,n,2.0NRT,288.03,1.09,N,VIIRS_SUOMI_NPP,17,100017,node,Warehouse/Depot,Logistics Hub #18,,151324.29841685097,0,0,0,0,151.32429841685098,1,4,348,12,2024,21,0,0,0,13.560000000000002,0.003614178188931994,0.7371640659767197,1.0,0,1,13.16,80.29,13.16_80.29,1,2,2.41,301.655,0.09192388155426806,1.205,0.1626345596729059,2,-1.0788771088500728,-0.5368497857659592,0,0,0,0,452,,Unknown,Other/Unclassified,Other/Unclassified,0.9263328645039173
11.20285,77.56692,312.78,0.54,0.51,2024-12-14,2050,N,VIIRS,n,2.0NRT,290.62,1.52,N,VIIRS_SUOMI_NPP,18,100018,node,Power Plant,Thermal Power Station #19,,17447.21106782674,0,0,0,0,17.447211067826743,1,1,349,12,2024,20,0,0,0,22.159999999999968,0.004859645757401369,0.9242589015233319,1.0,0,1,11.200000000000001,77.56,11.2_77.56,8,15,15.08,308.0466666666667,7.156664892319064,1.0053333333333334,0.4637712901030092,15,0.6613881472099346,1.109742404607135,1,0,0,1,453,,Unknown,Other/Unclassified,Other/Unclassified,0.9950256410256411
11.076,79.56938,307.17,0.37,0.58,2024-12-14,2050,N,VIIRS,n,2.0NRT,291.68,0.43,N,VIIRS_SUOMI_NPP,0,100000,node,Power Plant,Thermal Power Station #1,,26583.954912236542,0,0,0,0,26.583954912236543,1,1,349,12,2024,20,0,0,0,15.490000000000009,0.0013998762900022787,0.35767444427181594,1.0,0,1,11.07,79.56,11.07_79.56,1,1,0.43,307.17,,0.43,,1,-0.7170637441922595,-0.8260260409197788,0,0,0,0,454,,Unknown,Other/Unclassified,Other/Unclassified,0.8901177815467031
11.1806,79.09951,301.39,0.34,0.56,2024-12-14,2050,N,VIIRS,n,2.0NRT,291.11,0.87,N,VIIRS_SUOMI_NPP,12,100012,node,Power Plant,Thermal Power Station #13,,25862.573245569216,0,0,0,0,25.862573245569216,1,1,349,12,2024,20,0,0,0,10.279999999999973,0.0028866253027638607,0.6259384308664953,1.0,0,1,11.18,79.09,11.18_79.09,10,20,18.59,305.3995,3.199398751081369,0.9295,0.2404267040076872,20,-1.2532042148996985,-0.24747666963856724,1,0,0,1,455,,Unknown,Other/Unclassified,Other/Unclassified,0.9970370370370369
13.42046,80.08818,303.12,0.36,0.58,2024-12-14,2050,N,VIIRS,n,2.0NRT,291.06,0.41,N,VIIRS_SUOMI_NPP,17,100017,node,Warehouse/Depot,Logistics Hub #18,,152355.17889934307,0,0,0,0,152.35517889934306,1,4,349,12,2024,20,0,0,0,12.060000000000002,0.0013525996305093692,0.3435897043900769,1.0,0,1,13.42,80.08,13.42_80.08,2,2,0.78,303.16499999999996,0.0636396103067515,0.39,0.028284271247461867,2,-0.9796702185406713,-0.8347889577426219,0,0,0,0,456,,Unknown,Other/Unclassified,Other/Unclassified,0.8913672142128026
9.35392,78.38164,341.17,0.42,0.38,2024-12-15,756,N,VIIRS,n,2.0NRT,299.02,3.2,D,VIIRS_SUOMI_NPP,20,100020,node,Chemical,Chemical Processing Unit #21,,154432.94348703063,0,0,0,0,154.43294348703063,1,9,350,12,2024,7,1,0,0,42.150000000000034,0.00937948823167336,1.4350845252893227,1.0,0,1,9.35,78.38,9.35_78.38,1,1,3.2,341.17,,3.2,,1,1.4875338182388447,0.38763793904397914,0,0,0,0,457,,Unknown,Other/Unclassified,Other/Unclassified,0.9441025378283637
9.81162,78.69306,342.33,0.41,0.37,2024-12-15,756,N,VIIRS,n,2.0NRT,295.71,2.19,D,VIIRS_SUOMI_NPP,20,100020,node,Chemical,Chemical Processing Unit #21,,105662.04282605031,0,0,0,0,105.66204282605031,1,9,350,12,2024,7,1,0,0,46.620000000000005,0.006397335903952327,1.1600209167967532,1.0,0,1,9.81,78.69,9.81_78.69,1,2,5.92,344.17999999999995,2.616295090390238,2.96,1.0889444430272832,2,1.5627494997806097,-0.05488936050959333,0,0,0,0,458,,Unknown,Other/Unclassified,Other/Unclassified,0.9495035384005971
9.81504,78.69252,346.03,0.41,0.37,2024-12-15,756,N,VIIRS,n,2.0NRT,296.15,3.73,D,VIIRS_SUOMI_NPP,20,100020,node,Chemical,Chemical Processing Unit #21,,105279.15622835484,0,0,0,0,105.27915622835484,1,9,350,12,2024,7,1,0,0,49.879999999999995,0.010779412189694536,1.5539252025038417,1.0,0,1,9.81,78.69,9.81_78.69,1,2,5.92,344.17999999999995,2.616295090390238,2.96,1.0889444430272832,2,1.8026615874569352,0.619855234849319,0,0,0,0,459,,Unknown,Other/Unclassified,Other/Unclassified,0.9505827957445606
11.20301,77.5686,309.22,0.43,0.38,2024-12-15,2031,N,VIIRS,n,2.0NRT,291.37,1.15,N,VIIRS_SUOMI_NPP,18,100018,node,Power Plant,Thermal Power Station #19,,17310.452626545495,0,0,0,0,17.310452626545494,1,1,350,12,2024,20,0,0,0,17.850000000000023,0.003719034991268352,0.7654678421395714,1.0,0,1,11.200000000000001,77.56,11.2_77.56,8,15,15.08,308.0466666666667,7.156664892319064,1.0053333333333334,0.4637712901030092,15,0.1639497378999307,0.31193536502558034,1,0,0,1,460,,Unknown,Other/Unclassified,Other/Unclassified,0.9969696969696971
11.20368,77.56465,314.26,0.43,0.38,2024-12-15,2031,N,VIIRS,n,2.0NRT,291.55,1.58,N,VIIRS_SUOMI_NPP,18,100018,node,Power Plant,Thermal Power Station #19,,17701.499357701836,0,0,0,0,17.701499357701834,1,1,350,12,2024,20,0,0,0,22.70999999999998,0.005027684083243175,0.9477893989335261,1.0,0,1,11.200000000000001,77.56,11.2_77.56,8,15,15.08,308.0466666666667,7.156664892319064,1.0053333333333334,0.4637712901030092,15,0.8681883847882564,1.2391165191338736,1,0,0,1,461,,Unknown,Other/Unclassified,Other/Unclassified,0.9929423076923077
13.11503,79.75854,331.87,0.56,0.43,2024-12-16,737,N,VIIRS,n,2.0NRT,297.93,3.36,D,VIIRS_SUOMI_NPP,17,100017,node,Warehouse/Depot,Logistics Hub #18,,103102.47614574028,0,0,0,0,103.10247614574028,1,4,351,12,2024,7,1,0,0,33.94,0.010124446319341911,1.4724720573609429,1.0,0,1,13.11,79.75,13.11_79.75,1,2,7.459999999999999,332.735,1.22329473145274,3.7299999999999995,0.5232590180780452,2,0.8845115438091596,0.4577412736267232,0,0,0,0,462,,Unknown,Other/Unclassified,Other/Unclassified,0.9219963592295884
13.1139,79.75702,333.6,0.56,0.43,2024-12-16,737,N,VIIRS,n,2.0NRT,298.88,4.1,D,VIIRS_SUOMI_NPP,17,100017,node,Warehouse/Depot,Logistics Hub #18,,102898.21200176768,0,0,0,0,102.89821200176767,1,4,351,12,2024,7,1,0,0,34.72000000000003,0.012290167865707432,1.62924053973028,1.0,0,1,13.11,79.75,13.11_79.75,1,2,7.459999999999999,332.735,1.22329473145274,3.7299999999999995,0.5232590180780452,2,0.9966866550740375,0.7819691960719147,0,0,0,0,463,,Unknown,Other/Unclassified,Other/Unclassified,0.9228895673830906
11.20311,77.5677,315.01,0.42,0.38,2024-12-16,2012,N,VIIRS,n,2.0NRT,289.58,1.35,N,VIIRS_SUOMI_NPP,18,100018,node,Power Plant,Thermal Power Station #19,,17395.873981828514,0,0,0,0,17.395873981828515,1,1,351,12,2024,20,0,0,0,25.430000000000007,0.004285578235611568,0.8544153281560676,1.0,0,1,11.200000000000001,77.56,11.2_77.56,8,15,15.08,308.0466666666667,7.156664892319064,1.0053333333333334,0.4637712901030092,15,0.9729858024799724,0.7431824134480426,1,0,0,1,464,,Unknown,Other/Unclassified,Other/Unclassified,0.9926923076923078
11.81663,77.91622,309.91,0.41,0.37,2024-12-16,2012,N,VIIRS,n,2.0NRT,290.86,0.91,N,VIIRS_SUOMI_NPP,15,100015,node,Oil & Gas,Petroleum Refinery #16,,13914.590282852647,0,0,0,0,13.914590282852647,1,7,351,12,2024,20,0,0,0,19.05000000000001,0.0029363363557161756,0.6471032420585384,1.0,0,1,11.81,77.91,11.81_77.91,20,43,64.3,308.93627906976747,7.833273664389497,1.4953488372093022,0.7060599894829163,43,0.12430574647980827,-0.8290355577831042,1,0,0,1,465,,Unknown,Other/Unclassified,Other/Unclassified,0.9946127946127945
11.80862,77.92271,306.26,0.41,0.37,2024-12-16,2012,N,VIIRS,n,2.0NRT,292.37,1.54,N,VIIRS_SUOMI_NPP,15,100015,node,Oil & Gas,Petroleum Refinery #16,,13659.406823855243,0,0,0,0,13.659406823855242,1,7,351,12,2024,20,0,0,0,13.889999999999986,0.0050284072356821,0.9321640810304452,1.0,0,1,11.8,77.92,11.8_77.92,10,21,32.72,307.8904761904762,8.630552981235025,1.558095238095238,0.5164263650087885,21,-0.18891908711078695,-0.03503933827028757,1,0,0,1,466,,Unknown,Other/Unclassified,Other/Unclassified,0.9970370370370369
10.92926,77.06384,295.61,0.44,0.38,2024-12-16,2014,N,VIIRS,n,2.0NRT,281.52,0.34,N,VIIRS_SUOMI_NPP,18,100018,node,Power Plant,Thermal Power Station #19,,71856.58876086326,0,0,0,0,71.85658876086326,1,1,351,12,2024,20,0,0,0,14.090000000000032,0.0011501640675213964,0.29266961396282,1.0,0,1,10.92,77.06,10.92_77.06,7,11,6.7,302.6445454545455,2.985857878856131,0.6090909090909091,0.1987689384916338,11,-2.355954549732415,-1.353787524011128,1,0,0,1,467,,Unknown,Other/Unclassified,Other/Unclassified,0.9729235782972356
8.65877,78.11285,335.17,0.49,0.4,2024-12-19,822,N,VIIRS,n,2.0NRT,295.75,5.52,D,VIIRS_SUOMI_NPP,20,100020,node,Chemical,Chemical Processing Unit #21,,234624.85354046334,0,0,0,0,234.62485354046333,1,9,354,12,2024,8,1,0,0,39.420000000000016,0.016469254408210756,1.8748743759385615,1.0,0,1,8.65,78.11,8.65_78.11,2,2,12.23,334.35,1.1596551211459483,6.115,0.8414570696119921,2,1.0984871895745323,1.4041362904937689,0,0,0,0,468,,Unknown,Other/Unclassified,Other/Unclassified,0.93655632864539
8.36387,77.99434,334.99,0.48,0.4,2024-12-19,822,N,VIIRS,n,2.0NRT,295.72,3.94,D,VIIRS_SUOMI_NPP,20,100020,node,Chemical,Chemical Processing Unit #21,,269149.47902920126,0,0,0,0,269.14947902920125,1,9,354,12,2024,8,1,0,0,39.26999999999998,0.011761545120749872,1.597365331199831,1.0,0,1,8.36,77.99,8.36_77.99,1,1,3.94,334.99,,3.94,,1,1.0868157907146023,0.7118658614891707,0,0,0,0,469,,Unknown,Other/Unclassified,Other/Unclassified,0.9452939803727475
9.32755,77.64175,334.31,0.4,0.37,2024-12-20,802,N,VIIRS,n,2.0NRT,297.91,2.54,D,VIIRS_SUOMI_NPP,2,100002,node,Chemical,Chemical Processing Unit #3,,165370.14826583967,0,0,0,0,165.37014826583967,1,9,355,12,2024,8,1,0,0,36.39999999999998,0.007597738625826329,1.264126727145683,1.0,0,1,9.32,77.64,9.32_77.64,1,1,2.54,334.31,,2.54,,1,1.04272383946598,0.09846168389015951,0,0,0,0,470,,Unknown,Other/Unclassified,Other/Unclassified,0.9567444894153618
11.1546,77.35361,333.26,0.4,0.37,2024-12-20,805,N,VIIRS,n,2.0NRT,301.58,2.56,D,VIIRS_SUOMI_NPP,18,100018,node,Power Plant,Thermal Power Station #19,,37686.891407324234,0,0,0,0,37.68689140732423,1,1,355,12,2024,8,1,0,0,31.680000000000007,0.007681689971793795,1.269760544863939,1.0,0,1,11.15,77.35000000000001,11.15_77.35,1,1,2.56,333.26,,2.56,,1,0.9746406794497244,0.10722460071300254,0,0,0,0,471,,Unknown,Other/Unclassified,Other/Unclassified,0.9435237565435083
11.53465,78.47977,334.28,0.38,0.36,2024-12-20,805,N,VIIRS,n,2.0NRT,299.87,2.52,D,VIIRS_SUOMI_NPP,19,100019,node,Manufacturing,Textile Mill #20,,38537.20106791782,0,0,0,0,38.53720106791782,1,3,355,12,2024,8,1,0,0,34.40999999999997,0.007538590403254757,1.2584609896100056,1.0,0,1,11.53,78.47,11.53_78.47,1,1,2.52,334.28,,2.52,,1,1.0407786063226563,0.08969876706731648,0,0,0,0,472,,Unknown,Other/Unclassified,Other/Unclassified,0.9376721635353884
11.93054,79.0218,331.38,0.39,0.36,2024-12-20,805,N,VIIRS,n,2.0NRT,296.37,2.48,D,VIIRS_SUOMI_NPP,4,100004,node,Industrial Works,Steel Foundry #5,,27809.750568000916,0,0,0,0,27.809750568000915,1,2,355,12,2024,8,1,0,0,35.00999999999999,0.00748385539260064,1.247032293786383,1.0,0,1,11.93,79.02,11.93_79.02,1,1,2.48,331.38,,2.48,,1,0.8527394024682402,0.07217293342163043,0,0,0,0,473,,Unknown,Other/Unclassified,Other/Unclassified,0.920184088224636
13.3918,80.10139,312.89,0.4,0.37,2024-12-21,2018,N,VIIRS,n,2.0NRT,294.76,1.55,N,VIIRS_SUOMI_NPP,17,100017,node,Warehouse/Depot,Logistics Hub #18,,151103.09224283003,0,0,0,0,151.10309224283003,1,4,356,12,2024,20,0,0,0,18.129999999999995,0.004953817635590783,0.9360933591703349,1.0,0,1,13.39,80.10000000000001,13.39_80.1,10,21,22.85,306.8885714285714,3.8878326683568587,1.0880952380952382,0.5611026559161795,21,1.5436437427655514,0.8232090100349901,1,0,0,1,474,,Unknown,Other/Unclassified,Other/Unclassified,0.9924608262108262
11.94577,78.98011,329.31,0.35,0.57,2024-12-22,726,N,VIIRS,n,2.0NRT,286.27,2.98,D,VIIRS_SUOMI_NPP,4,100004,node,Industrial Works,Steel Foundry #5,,27880.410509780664,0,0,0,0,27.880410509780663,1,2,357,12,2024,7,1,0,0,43.04000000000002,0.009049224135313231,1.3812818192963463,1.0,0,1,11.94,78.98,11.94_78.98,1,2,6.34,329.84000000000003,0.749533188057762,3.17,0.268700576850888,2,0.7185183155790528,0.29124585399270586,0,0,0,0,475,,Unknown,Other/Unclassified,Other/Unclassified,0.8301687543628614
13.39238,80.10198,307.97,0.47,0.39,2024-12-22,1959,N,VIIRS,n,2.0NRT,293.78,1.16,N,VIIRS_SUOMI_NPP,17,100017,node,Warehouse/Depot,Logistics Hub #18,,151193.95684627473,0,0,0,0,151.19395684627472,1,4,357,12,2024,19,0,0,0,14.190000000000055,0.0037666006429197645,0.7701082216960736,1.0,0,1,13.39,80.10000000000001,13.39_80.1,10,21,22.85,306.8885714285714,3.8878326683568587,1.0880952380952382,0.5611026559161795,21,0.27815718002227047,0.12814903145905482,1,0,0,1,476,,Unknown,Other/Unclassified,Other/Unclassified,0.9968518518518518
11.48374,77.36877,346.95,0.41,0.61,2024-12-23,847,N,VIIRS,n,2.0NRT,293.24,3.22,D,VIIRS_SUOMI_NPP,14,100014,node,Chemical,Chemical Processing Unit #15,,33067.842749607575,0,0,0,0,33.06784274960757,1,9,358,12,2024,8,1,0,0,53.70999999999998,0.009280876206946247,1.4398351280479207,1.0,0,1,11.48,77.36,11.48_77.36,1,2,11.56,356.975,14.177490962790266,5.78,3.6203867196751234,2,1.8623154038521308,0.39640085586682217,0,0,0,0,477,,Unknown,Other/Unclassified,Other/Unclassified,0.9449744206410874
11.48662,77.3672,367.0,0.41,0.61,2024-12-23,847,N,VIIRS,h,2.0NRT,293.65,8.34,D,VIIRS_SUOMI_NPP,14,100014,node,Chemical,Chemical Processing Unit #15,,32981.78852087743,0,0,0,0,32.98178852087743,1,9,358,12,2024,8,1,0,0,73.35000000000002,0.022724795640326974,2.234306252240751,2.0,0,1,11.48,77.36,11.48_77.36,1,2,11.56,356.975,14.177490962790266,5.78,3.6203867196751234,2,3.1623795546387092,2.6397075625146345,0,1,1,0,478,,Unknown,Other/Unclassified,Other/Unclassified,0.9411044955044957
11.48707,77.37101,332.03,0.41,0.61,2024-12-23,847,N,VIIRS,n,2.0NRT,293.49,9.93,D,VIIRS_SUOMI_NPP,14,100014,node,Chemical,Chemical Processing Unit #15,,32639.113662003332,0,0,0,0,32.63911366200333,1,9,358,12,2024,8,1,0,0,38.539999999999964,0.029906936120230102,2.391511302188447,1.0,0,1,11.48,77.37,11.48_77.37,1,1,9.93,332.03,,9.93,,1,0.8948861205735392,3.3363594499306544,0,0,1,0,479,,Unknown,Other/Unclassified,Other/Unclassified,0.9094667429308547
11.38817,77.17683,332.85,0.38,0.44,2024-12-24,828,N,VIIRS,n,2.0NRT,304.41,1.32,D,VIIRS_SUOMI_NPP,14,100014,node,Chemical,Chemical Processing Unit #15,,56032.4702662491,0,0,0,0,56.032470266249106,1,9,359,12,2024,8,1,0,0,28.439999999999998,0.003965750337990085,0.8415671856782186,1.0,0,1,11.38,77.17,11.38_77.17,1,1,1.32,332.85,,1.32,,1,0.9480558264909985,-0.4360762423032645,0,0,0,0,480,,Unknown,Other/Unclassified,Other/Unclassified,0.9761441456147338
10.21246,77.85556,343.2,0.41,0.45,2024-12-24,828,N,VIIRS,n,2.0NRT,302.09,4.68,D,VIIRS_SUOMI_NPP,2,100002,node,Chemical,Chemical Processing Unit #3,,66543.84932598256,0,0,0,0,66.54384932598256,1,9,359,12,2024,8,1,0,0,41.110000000000014,0.013636363636363636,1.7369512327330598,1.0,0,1,10.21,77.85000000000001,10.21_77.85,1,1,4.68,343.2,,4.68,,1,1.6191612609369355,1.0360937839343622,0,0,0,0,481,,Unknown,Other/Unclassified,Other/Unclassified,0.9462912637853299
10.06075,77.48013,334.83,0.39,0.44,2024-12-24,828,N,VIIRS,n,2.0NRT,299.36,3.24,D,VIIRS_SUOMI_NPP,2,100002,node,Chemical,Chemical Processing Unit #3,,90754.82408933475,0,0,0,0,90.75482408933475,1,9,359,12,2024,8,1,0,0,35.46999999999997,0.009676552280261626,1.4445632692438664,1.0,0,1,10.06,77.48,10.06_77.48,1,1,3.24,334.83,,3.24,,1,1.076441213950219,0.4051637726896652,0,0,0,0,482,,Unknown,Other/Unclassified,Other/Unclassified,0.9291552780257116
9.78438,77.42071,331.52,0.57,0.43,2024-12-24,828,N,VIIRS,n,2.0NRT,303.34,1.82,D,VIIRS_SUOMI_NPP,2,100002,node,Chemical,Chemical Processing Unit #3,,121555.70910694958,0,0,0,0,121.55570910694958,1,9,359,12,2024,8,1,0,0,28.180000000000007,0.005489864864864865,1.0367368849500223,1.0,0,1,9.78,77.42,9.78_77.42,1,1,1.82,331.52,,1.82,,1,0.8618171571370732,-0.21700332173218911,0,0,0,0,483,,Unknown,Other/Unclassified,Other/Unclassified,0.974282937932025
13.16129,80.28079,303.72,0.6,0.71,2024-12-24,1921,N,VIIRS,n,2.0NRT,287.44,1.6,N,VIIRS_SUOMI_NPP,17,100017,node,Warehouse/Depot,Logistics Hub #18,,150404.63768913798,0,0,0,0,150.40463768913799,1,4,359,12,2024,19,0,0,0,16.28000000000003,0.005268010009219017,0.9555114450274363,1.0,0,1,13.16,80.28,13.16_80.28,13,23,29.58,306.30347826086955,3.394288797773065,1.286086956521739,0.5416619134280146,23,-0.7611250588236635,0.5795368581327793,1,0,0,1,484,,Unknown,Other/Unclassified,Other/Unclassified,1.0
12.6902,77.94789,298.72,0.44,0.63,2024-12-24,2101,N,VIIRS,n,2.0NRT,288.36,0.52,N,VIIRS_SUOMI_NPP,6,100006,node,Power Plant,Thermal Power Station #7,,58218.18918169698,0,0,0,0,58.21818918169698,1,1,359,12,2024,21,0,0,0,10.360000000000014,0.0017407605784681307,0.41871033485818504,1.0,0,1,12.69,77.94,12.69_77.94,1,2,0.88,299.36,0.9050966799187615,0.44,0.11313708498984763,2,-1.2649710795611655,-0.7865929152169853,0,0,0,0,485,,Unknown,Other/Unclassified,Other/Unclassified,0.8949125563907536
9.18193,78.44804,331.75,0.39,0.36,2024-12-25,809,N,VIIRS,l,2.0NRT,302.63,1.9,D,VIIRS_SUOMI_NPP,20,100020,node,Chemical,Chemical Processing Unit #21,,173088.04192008704,0,0,0,0,173.08804192008705,1,9,360,12,2024,8,1,0,0,29.120000000000005,0.005727204220045214,1.0647107369924282,0.0,0,1,9.18,78.44,9.18_78.44,1,1,1.9,331.75,,1.9,,1,0.876730611235873,-0.1819516544408171,0,0,0,0,486,,Unknown,Other/Unclassified,Other/Unclassified,0.9662290658781532
9.85774,77.33888,336.26,0.38,0.36,2024-12-25,809,N,VIIRS,n,2.0NRT,307.18,3.26,D,VIIRS_SUOMI_NPP,2,100002,node,Chemical,Chemical Processing Unit #3,,117656.43250235154,0,0,0,0,117.65643250235154,1,9,360,12,2024,8,1,0,0,29.079999999999984,0.009694878962707428,1.449269160281279,1.0,0,1,9.85,77.33,9.85_77.33,1,2,6.35,334.38,2.6587214972614124,3.175,0.12020815280171303,2,1.1691639937818807,0.41392668951250805,0,0,0,0,487,,Unknown,Other/Unclassified,Other/Unclassified,0.9474341072154541
11.38649,77.14317,341.97,0.38,0.36,2024-12-25,809,N,VIIRS,n,2.0NRT,304.31,3.75,D,VIIRS_SUOMI_NPP,14,100014,node,Chemical,Chemical Processing Unit #15,,59151.54968527612,0,0,0,0,59.15154968527612,1,9,360,12,2024,8,1,0,0,37.660000000000025,0.010965874199491183,1.55814461804655,1.0,0,1,11.38,77.14,11.38_77.14,1,1,3.75,341.97,,3.75,,1,1.5394067020607538,0.6286181516721621,0,0,0,0,488,,Unknown,Other/Unclassified,Other/Unclassified,0.9609939255026975
9.18541,78.61312,331.38,0.49,0.4,2024-12-26,750,N,VIIRS,n,2.0NRT,297.13,2.53,D,VIIRS_SUOMI_NPP,21,100021,node,Oil & Gas,Petroleum Refinery #22,,171797.53693902353,0,0,0,0,171.79753693902353,1,7,361,12,2024,7,1,0,0,34.25,0.0076347395739030715,1.2612978709452054,1.0,0,1,9.18,78.61,9.18_78.61,1,1,2.53,331.38,,2.53,,1,0.8527394024682402,0.0940802254787379,0,0,0,0,489,,Unknown,Other/Unclassified,Other/Unclassified,0.9335266857574137
11.8161,77.91463,303.33,0.48,0.4,2024-12-27,2006,N,VIIRS,n,2.0NRT,290.44,0.72,N,VIIRS_SUOMI_NPP,15,100015,node,Oil & Gas,Petroleum Refinery #16,,13765.370808337326,0,0,0,0,13.765370808337325,1,7,362,12,2024,20,0,0,0,12.889999999999986,0.0023736524577193155,0.5423242908253617,1.0,0,1,11.81,77.91,11.81_77.91,20,43,64.3,308.93627906976747,7.833273664389497,1.4953488372093022,0.7060599894829163,43,-0.7157006521109994,-1.0981345052240246,1,0,0,1,490,,Unknown,Other/Unclassified,Other/Unclassified,0.9970666666666667
11.81118,77.92284,303.71,0.48,0.4,2024-12-27,2006,N,VIIRS,n,2.0NRT,291.55,1.24,N,VIIRS_SUOMI_NPP,15,100015,node,Oil & Gas,Petroleum Refinery #16,,13884.575848254006,0,0,0,0,13.884575848254006,1,7,362,12,2024,20,0,0,0,12.159999999999968,0.0040828421849790925,0.8064758658669484,1.0,0,1,11.81,77.92,11.81_77.92,11,16,22.18,305.369375,5.143271940117515,1.38625,0.6826309398203395,16,-0.32263022825157045,-0.21424461076799609,1,0,0,1,491,,Unknown,Other/Unclassified,Other/Unclassified,0.994006734006734
13.08174,79.97926,310.44,0.41,0.37,2024-12-27,2006,N,VIIRS,n,2.0NRT,293.82,1.41,N,VIIRS_SUOMI_NPP,17,100017,node,Warehouse/Depot,Logistics Hub #18,,118418.6352439898,0,0,0,0,118.4186352439898,1,4,362,12,2024,20,0,0,0,16.620000000000005,0.004541940471588713,0.8796267475025635,1.0,0,1,13.08,79.97,13.08_79.97,7,10,14.08,306.96,4.861099555541813,1.408,0.9192847461175697,10,0.7158874160543995,0.0021756044668930215,1,0,0,1,492,,Unknown,Other/Unclassified,Other/Unclassified,0.9979166666666667
12.99953,79.90663,329.01,0.48,0.48,2024-12-28,1949,N,VIIRS,n,2.0NRT,291.28,3.74,N,VIIRS_SUOMI_NPP,17,100017,node,Warehouse/Depot,Logistics Hub #18,,106625.7765789459,0,0,0,0,106.62577657894589,1,4,363,12,2024,19,0,0,0,37.73000000000002,0.011367435640254097,1.556037135706985,1.0,0,1,12.99,79.9,12.99_79.9,2,10,11.98,309.546,11.037509984895436,1.198,0.9935995169080952,10,1.7634412133385164,2.5583748348733617,1,0,1,0,493,,Unknown,Other/Unclassified,Other/Unclassified,0.9418363493521874
9.18301,78.57902,331.26,0.56,0.52,2024-12-29,834,N,VIIRS,n,2.0NRT,296.26,4.45,D,VIIRS_SUOMI_NPP,20,100020,node,Chemical,Chemical Processing Unit #21,,173191.80114223436,0,0,0,0,173.19180114223437,1,9,364,12,2024,8,1,0,0,35.0,0.013433556722815916,1.6956156086751528,1.0,0,1,9.18,78.57000000000001,9.18_78.57,1,2,7.09,334.185,4.136574669941319,3.545,1.279863273947651,2,0.8449584698949536,0.9353202404716677,0,0,0,0,494,,Unknown,Other/Unclassified,Other/Unclassified,0.891958072839909
11.08905,78.05498,332.23,0.44,0.38,2024-12-30,815,N,VIIRS,n,2.0NRT,293.97,3.3,D,VIIRS_SUOMI_NPP,11,100011,node,Warehouse/Depot,Logistics Hub #12,,19447.220202418797,0,0,0,0,19.447220202418798,1,4,365,12,2024,8,1,0,0,38.25999999999999,0.009932877825602744,1.4586150226995167,1.0,0,1,11.08,78.05,11.08_78.05,1,1,3.3,332.23,,3.3,,1,0.9078543415290192,0.4314525231581941,0,0,0,0,495,,Unknown,Other/Unclassified,Other/Unclassified,0.9197758081854576
11.81181,77.92474,306.72,0.57,0.52,2024-12-30,2050,N,VIIRS,n,2.0NRT,291.29,2.74,N,VIIRS_SUOMI_NPP,15,100015,node,Oil & Gas,Petroleum Refinery #16,,14071.672598152296,0,0,0,0,14.071672598152295,1,7,365,12,2024,20,0,0,0,15.430000000000007,0.008933229003651538,1.3190856114264407,1.0,0,1,11.81,77.92,11.81_77.92,11,16,22.18,305.369375,5.143271940117515,1.38625,0.6826309398203395,16,0.26260034774073737,1.9831360124935027,1,0,0,1,496,,Unknown,Other/Unclassified,Other/Unclassified,0.9722979885611464
12.64716,77.85314,303.28,0.54,0.51,2024-12-30,2050,N,VIIRS,n,2.0NRT,284.02,0.58,N,VIIRS_SUOMI_NPP,6,100006,node,Power Plant,Thermal Power Station #7,,53960.27620099447,0,0,0,0,53.96027620099447,1,1,365,12,2024,20,0,0,0,19.25999999999999,0.0019124241624901082,0.4574248470388754,1.0,0,1,12.64,77.85000000000001,12.64_77.85,1,1,0.58,303.28,,0.58,,1,-0.9692956417762916,-0.7603041647484562,0,0,0,0,497,,Unknown,Other/Unclassified,Other/Unclassified,0.8537680615094166
13.15957,80.2869,302.87,0.38,0.59,2024-12-30,2050,N,VIIRS,n,2.0NRT,289.76,0.79,N,VIIRS_SUOMI_NPP,17,100017,node,Warehouse/Depot,Logistics Hub #18,,150864.3683918128,0,0,0,0,150.8643683918128,1,4,365,12,2024,20,0,0,0,13.110000000000014,0.002608379832931621,0.5822156198526637,1.0,0,1,13.15,80.28,13.15_80.28,10,15,31.96,308.05333333333334,5.417348675013171,2.130666666666667,1.6132906330437382,15,-0.956802606640551,-0.831013730078677,1,0,0,1,498,,Unknown,Other/Unclassified,Other/Unclassified,0.9940211640211639
13.39337,80.10251,301.17,0.37,0.58,2024-12-30,2050,N,VIIRS,n,2.0NRT,285.01,0.36,N,VIIRS_SUOMI_NPP,17,100017,node,Warehouse/Depot,Logistics Hub #18,,151312.19942640112,0,0,0,0,151.31219942640112,1,4,365,12,2024,20,0,0,0,16.160000000000025,0.0011953381810937344,0.3074846997479606,1.0,0,1,13.39,80.10000000000001,13.39_80.1,10,21,22.85,306.8885714285714,3.8878326683568587,1.0880952380952382,0.5611026559161795,21,-1.4708892888099239,-1.2976150271582478,1,0,0,1,499,,Unknown,Other/Unclassified,Other/Unclassified,0.9828086749851455
11.80905,77.92311,331.86,0.42,0.37,2024-12-31,758,N,VIIRS,l,2.0NRT,306.36,2.27,D,VIIRS_SUOMI_NPP,15,100015,node,Oil & Gas,Petroleum Refinery #16,,13723.950795525772,0,0,0,0,13.723950795525772,1,7,366,12,2024,7,1,0,0,25.5,0.006840233833544265,1.184789984909162,0.0,0,1,11.8,77.92,11.8_77.92,10,21,32.72,307.8904761904762,8.630552981235025,1.558095238095238,0.5164263650087885,21,2.7772871404230464,1.3785213345810625,1,1,0,1,500,,Unknown,Other/Unclassified,Other/Unclassified,0.9566778868372005
12.24608,77.47054,330.06,0.43,0.38,2024-12-31,758,N,VIIRS,l,2.0NRT,303.78,3.6,D,VIIRS_SUOMI_NPP,6,100006,node,Power Plant,Thermal Power Station #7,,50262.28677501842,0,0,0,0,50.262286775018424,1,1,366,12,2024,7,1,0,0,26.28000000000003,0.010907107798582076,1.5260563034950492,0.0,0,1,12.24,77.47,12.24_77.47,1,2,6.91,330.635,0.8131727983645135,3.455,0.2050609665440988,2,0.7671491441620918,0.5628962755008394,0,0,0,0,501,,Unknown,Other/Unclassified,Other/Unclassified,0.913700278512729
12.26136,77.4766,337.7,0.43,0.38,2024-12-31,758,N,VIIRS,n,2.0NRT,301.63,3.13,D,VIIRS_SUOMI_NPP,6,100006,node,Power Plant,Thermal Power Station #7,,49946.06309741215,0,0,0,0,49.94606309741215,1,1,366,12,2024,7,1,0,0,36.06999999999999,0.009268581581285164,1.4182774069729414,1.0,0,1,12.26,77.47,12.26_77.47,1,2,13.370000000000001,342.99,7.4811897449536815,6.6850000000000005,5.0275292142363535,2,1.2625351846613155,0.35696773016402844,0,0,0,0,502,,Unknown,Other/Unclassified,Other/Unclassified,0.9145877976747577
12.73766,77.7874,345.14,0.41,0.37,2024-12-31,758,N,VIIRS,n,2.0NRT,300.05,4.81,D,VIIRS_SUOMI_NPP,6,100006,node,Power Plant,Thermal Power Station #7,,65149.29216554498,0,0,0,0,65.14929216554498,1,1,366,12,2024,7,1,0,0,45.089999999999975,0.013936373645477198,1.7595805708638197,1.0,0,1,12.73,77.78,12.73_77.78,1,2,6.319999999999999,337.71,10.507606768432106,3.1599999999999997,2.3334523779156062,2,1.744953004205063,1.0930527432828419,0,0,0,0,503,,Unknown,Other/Unclassified,Other/Unclassified,0.9385849056340689
13.26257,79.65422,332.18,0.38,0.36,2024-12-31,758,N,VIIRS,n,2.0NRT,300.73,1.57,D,VIIRS_SUOMI_NPP,17,100017,node,Warehouse/Depot,Logistics Hub #18,,109171.29426708726,0,0,0,0,109.17129426708726,1,4,366,12,2024,7,1,0,0,31.44999999999999,0.004726353182009754,0.9439058989071284,1.0,0,1,13.26,79.65,13.26_79.65,1,1,1.57,332.18,,1.57,,1,0.9046122862901492,-0.3265397820177268,0,0,0,0,504,,Unknown,Other/Unclassified,Other/Unclassified,0.9466075424212681
12.35046,80.01983,308.33,0.56,0.43,2024-12-31,2031,N,VIIRS,n,2.0NRT,292.87,0.45,N,VIIRS_SUOMI_NPP,17,100017,node,Warehouse/Depot,Logistics Hub #18,,98868.03770552512,0,0,0,0,98.86803770552511,1,4,366,12,2024,20,0,0,0,15.45999999999998,0.001459475237570136,0.37156355643248307,1.0,0,1,12.35,80.01,12.35_80.01,1,1,0.45,308.33,,0.45,,1,-0.6418480626504945,-0.8172631240969358,0,0,0,0,505,,Unknown,Other/Unclassified,Other/Unclassified,0.9054614392979699
13.06525,80.18826,303.81,0.56,0.43,2024-12-31,2031,N,VIIRS,n,2.0NRT,293.73,0.59,N,VIIRS_SUOMI_NPP,17,100017,node,Warehouse/Depot,Logistics Hub #18,,136234.3506727095,0,0,0,0,136.2343506727095,1,4,366,12,2024,20,0,0,0,10.079999999999984,0.001942003225700273,0.4637340162321401,1.0,0,1,13.06,80.18,13.06_80.18,6,7,5.2,303.98285714285714,2.463112626236104,0.7428571428571429,0.5984901638209905,7,-0.07017833493114925,-0.25540460327909875,1,0,0,1,506,,Unknown,Other/Unclassified,Other/Unclassified,0.987031746031746
11.77809,77.72276,304.24,0.44,0.38,2024-12-31,2031,N,VIIRS,n,2.0NRT,291.62,0.75,N,VIIRS_SUOMI_NPP,10,100010,node,Industrial Works,Steel Foundry #11,,8594.240230193715,0,0,0,0,8.594240230193714,1,2,366,12,2024,20,0,0,0,12.620000000000005,0.0024651590849329476,0.5596157879354227,1.0,0,1,11.77,77.72,11.77_77.72,1,2,1.4300000000000002,304.46500000000003,0.3181980515339584,0.7150000000000001,0.04949747468305825,2,-0.9070481811899993,-0.6858193717542905,0,0,0,0,507,,Unknown,Other/Unclassified,Other/Unclassified,0.8721189676193546
11.80982,77.92365,304.84,0.45,0.39,2024-12-31,2031,N,VIIRS,n,2.0NRT,294.6,1.01,N,VIIRS_SUOMI_NPP,15,100015,node,Oil & Gas,Petroleum Refinery #16,,13826.989935763768,0,0,0,0,13.826989935763768,1,7,366,12,2024,20,0,0,0,10.239999999999952,0.003313213489043433,0.6981347220709844,1.0,0,1,11.8,77.92,11.8_77.92,10,21,32.72,307.8904761904762,8.630552981235025,1.558095238095238,0.5164263650087885,21,-0.35345083879430594,-1.061323114450035,1,0,0,1,508,,Unknown,Other/Unclassified,Other/Unclassified,0.9970370370370369
13.16059,80.28819,306.36,0.57,0.43,2024-12-31,2031,N,VIIRS,n,2.0NRT,294.14,1.17,N,VIIRS_SUOMI_NPP,17,100017,node,Warehouse/Depot,Logistics Hub #18,,151043.510126279,0,0,0,0,151.043510126279,1,4,366,12,2024,20,0,0,0,12.220000000000027,0.0038190364277320794,0.7747271675523681,1.0,0,1,13.16,80.28,13.16_80.28,13,23,29.58,306.30347826086955,3.394288797773065,1.286086956521739,0.5416619134280146,23,0.016652012394332193,-0.21431626194106906,1,0,0,1,509,,Unknown,Other/Unclassified,Other/Unclassified,0.9938215488215488
10.92962,77.06595,302.5,0.42,0.38,2024-12-31,2031,N,VIIRS,n,2.0NRT,290.24,0.4,N,VIIRS_SUOMI_NPP,18,100018,node,Power Plant,Thermal Power Station #19,,71623.91638030861,0,0,0,0,71.62391638030861,1,1,366,12,2024,20,0,0,0,12.259999999999991,0.001322314049586777,0.33647223662121295,1.0,0,1,10.92,77.06,10.92_77.06,7,11,6.7,302.6445454545455,2.985857878856131,0.6090909090909091,0.1987689384916338,11,-0.048410024994514585,-1.0519294950086469,1,0,0,1,510,,Unknown,Other/Unclassified,Other/Unclassified,0.9875195471195471
12.35442,80.02054,304.49,0.56,0.43,2024-12-31,2031,N,VIIRS,n,2.0NRT,293.05,0.61,N,VIIRS_SUOMI_NPP,17,100017,node,Warehouse/Depot,Logistics Hub #18,,98905.61523405321,0,0,0,0,98.90561523405322,1,4,366,12,2024,20,0,0,0,11.439999999999998,0.0020033498637065258,0.4762341789963716,1.0,0,1,12.35,80.02,12.35_80.02,1,2,1.44,309.09000000000003,6.505382386916209,0.72,0.15556349186104043,2,-0.890837904995653,-0.7471597895141917,0,0,0,0,511,,Unknown,Other/Unclassified,Other/Unclassified,0.8920752016874313
11.1818,79.09956,306.75,0.52,0.41,2024-12-31,2031,N,VIIRS,n,2.0NRT,293.35,1.06,N,VIIRS_SUOMI_NPP,12,100012,node,Power Plant,Thermal Power Station #13,,25731.259371419947,0,0,0,0,25.731259371419945,1,1,366,12,2024,20,0,0,0,13.399999999999977,0.00345558272208639,0.7227059828014898,1.0,0,1,11.18,79.09,11.18_79.09,10,20,18.59,305.3995,3.199398751081369,0.9295,0.2404267040076872,20,0.42211056047438716,0.5427849645013957,1,0,0,1,512,,Unknown,Other/Unclassified,Other/Unclassified,0.9969696969696971
12.35191,80.02312,313.69,0.56,0.43,2024-12-31,2031,N,VIIRS,n,2.0NRT,291.86,0.83,N,VIIRS_SUOMI_NPP,17,100017,node,Warehouse/Depot,Logistics Hub #18,,99210.83901965908,0,0,0,0,99.21083901965908,1,4,366,12,2024,20,0,0,0,21.829999999999984,0.002645924320188721,0.6043159668533294,1.0,0,1,12.35,80.02,12.35_80.02,1,2,1.44,309.09000000000003,6.505382386916209,0.72,0.15556349186104043,2,-0.29429974104370776,-0.6507677044629184,0,0,0,0,513,,Unknown,Other/Unclassified,Other/Unclassified,0.912799166156387
13.03009,79.9235,308.28,0.38,0.36,2025-01-01,2012,N,VIIRS,n,2.0NRT,285.59,0.34,N,VIIRS_SUOMI_NPP,17,100017,node,Warehouse/Depot,Logistics Hub #18,,110120.38503546982,0,0,0,0,110.12038503546982,1,4,1,1,2025,20,0,0,0,22.689999999999998,0.0011028934734656807,0.29266961396282,1.0,0,1,13.030000000000001,79.92,13.03_79.92,1,2,0.95,305.03999999999996,4.582051942088821,0.475,0.1909188309203678,2,-0.6450901178893645,-0.8654591666225724,0,0,0,0,514,,Unknown,Other/Unclassified,Other/Unclassified,0.9287571370169411
13.02678,79.92296,304.66,0.38,0.36,2025-01-01,2012,N,VIIRS,n,2.0NRT,284.79,0.34,N,VIIRS_SUOMI_NPP,17,100017,node,Warehouse/Depot,Logistics Hub #18,,109852.77474855813,0,0,0,0,109.85277474855813,1,4,1,1,2025,20,0,0,0,19.870000000000005,0.0011159981618853803,0.29266961396282,1.0,0,1,13.02,79.92,13.02_79.92,1,1,0.34,304.66,,0.34,,1,-0.8798149171834964,-0.8654591666225724,0,0,0,0,515,,Unknown,Other/Unclassified,Other/Unclassified,0.9317858444206486
13.44642,80.09644,303.51,0.38,0.36,2025-01-01,2012,N,VIIRS,n,2.0NRT,292.82,0.32,N,VIIRS_SUOMI_NPP,17,100017,node,Warehouse/Depot,Logistics Hub #18,,155055.6704921376,0,0,0,0,155.0556704921376,1,4,1,1,2025,20,0,0,0,10.689999999999998,0.0010543309940364404,0.2776317365982795,1.0,0,1,13.44,80.09,13.44_80.09,2,6,4.3,305.655,2.151871278678184,0.7166666666666667,0.22259080544053625,6,-0.9968068356382251,-1.7820442577653268,1,0,0,0,516,,Unknown,Other/Unclassified,Other/Unclassified,0.9491139693658788
13.39118,80.10189,310.36,0.38,0.36,2025-01-01,2012,N,VIIRS,n,2.0NRT,292.64,0.96,N,VIIRS_SUOMI_NPP,17,100017,node,Warehouse/Depot,Logistics Hub #18,,151093.34387558675,0,0,0,0,151.09334387558675,1,4,1,1,2025,20,0,0,0,17.720000000000027,0.0030931821110967905,0.6729444732424258,1.0,0,1,13.39,80.10000000000001,13.39_80.1,4,21,22.85,306.8885714285714,3.8878326683568587,1.0880952380952382,0.5611026559161795,21,0.8928955712735813,-0.2282919831952708,1,0,0,1,517,,Unknown,Other/Unclassified,Other/Unclassified,1.0
13.39176,80.07661,303.4,0.38,0.36,2025-01-01,2012,N,VIIRS,n,2.0NRT,292.07,0.38,N,VIIRS_SUOMI_NPP,17,100017,node,Warehouse/Depot,Logistics Hub #18,,149197.56975518307,0,0,0,0,149.19756975518305,1,4,1,1,2025,20,0,0,0,11.329999999999984,0.0012524719841793014,0.3220834991691133,1.0,0,1,13.39,80.07000000000001,13.39_80.07,2,5,2.66,306.43600000000004,1.9684714882365275,0.532,0.24863628053846043,5,-1.5423134234572458,-0.6113347564193787,1,0,0,0,518,,Unknown,Other/Unclassified,Other/Unclassified,0.9350512396829443
10.5693,77.56763,299.53,0.41,0.37,2025-01-01,2014,N,VIIRS,n,2.0NRT,288.15,0.22,N,VIIRS_SUOMI_NPP,2,100002,node,Chemical,Chemical Processing Unit #3,,37914.18748556587,0,0,0,0,37.91418748556587,1,9,1,1,2025,20,0,0,0,11.379999999999995,0.0007344840249724569,0.1988508587451652,1.0,0,1,10.56,77.56,10.56_77.56,1,1,0.22,299.53,,0.22,,1,-1.212449784691487,-0.9180366675596304,0,0,0,0,519,,Unknown,Other/Unclassified,Other/Unclassified,0.9634705020398756
10.50231,78.77765,301.26,0.39,0.36,2025-01-01,2014,N,VIIRS,n,2.0NRT,290.91,0.55,N,VIIRS_SUOMI_NPP,20,100020,node,Chemical,Chemical Processing Unit #21,,41337.08888295094,0,0,0,0,41.337088882950944,1,9,1,1,2025,20,0,0,0,10.349999999999966,0.0018256655380734252,0.4382549309311553,1.0,0,1,10.5,78.77,10.5_78.77,1,1,0.55,301.26,,0.55,,1,-1.100274673426609,-0.7734485399827207,0,0,0,0,520,,Unknown,Other/Unclassified,Other/Unclassified,0.9702139165774076
10.92976,77.06351,305.17,0.43,0.38,2025-01-01,2014,N,VIIRS,n,2.0NRT,290.0,0.86,N,VIIRS_SUOMI_NPP,18,100018,node,Power Plant,Thermal Power Station #19,,71875.88182398785,0,0,0,0,71.87588182398784,1,1,1,1,2025,20,0,0,0,15.170000000000016,0.0028181013861126583,0.6205764877251099,1.0,0,1,10.92,77.06,10.92_77.06,3,11,6.7,302.6445454545455,2.985857878856131,0.6090909090909091,0.1987689384916338,11,0.8458053423567543,1.2623153940103757,1,0,0,1,521,,Unknown,Other/Unclassified,Other/Unclassified,0.9820187648608703
11.36123,79.23216,304.63,0.39,0.36,2025-01-01,2014,N,VIIRS,n,2.0NRT,293.62,0.6,N,VIIRS_SUOMI_NPP,12,100012,node,Power Plant,Thermal Power Station #13,,18576.0567554992,0,0,0,0,18.576056755499202,1,1,1,1,2025,20,0,0,0,11.009999999999991,0.001969602468568427,0.4700036292457356,1.0,0,1,11.36,79.23,11.36_79.23,1,2,1.15,304.56,0.098994949366107,0.575,0.03535533905932737,2,-0.8817601503268199,-0.7515412479256132,0,0,0,0,522,,Unknown,Other/Unclassified,Other/Unclassified,0.9239512606603402
11.80925,77.92265,306.43,0.41,0.37,2025-01-01,2014,N,VIIRS,n,2.0NRT,294.62,1.42,N,VIIRS_SUOMI_NPP,15,100015,node,Oil & Gas,Petroleum Refinery #16,,13708.098575977945,0,0,0,0,13.708098575977946,1,7,1,1,2025,20,0,0,0,11.810000000000002,0.004634011030251607,0.883767540168595,1.0,0,1,11.8,77.92,11.8_77.92,6,21,32.72,307.8904761904762,8.630552981235025,1.558095238095238,0.5164263650087885,21,-0.16922162388106826,-0.26740547627324945,1,0,0,1,523,,Unknown,Other/Unclassified,Other/Unclassified,1.0
11.81723,77.91619,328.89,0.41,0.37,2025-01-01,2014,N,VIIRS,n,2.0NRT,292.56,2.82,N,VIIRS_SUOMI_NPP,15,100015,node,Oil & Gas,Petroleum Refinery #16,,13966.38516049659,0,0,0,0,13.96638516049659,1,7,1,1,2025,20,0,0,0,36.329999999999984,0.00857429535711028,1.3402504226184837,1.0,0,1,11.81,77.91,11.81_77.91,8,43,64.3,308.93627906976747,7.833273664389497,1.4953488372093022,0.7060599894829163,43,2.547302926609504,1.8761170191229888,1,1,0,1,524,,Unknown,Other/Unclassified,Other/Unclassified,0.962563903766584
10.9532,79.16271,331.17,0.45,0.63,2025-01-02,720,N,VIIRS,n,2.0NRT,293.74,4.8,D,VIIRS_SUOMI_NPP,22,100022,node,Industrial Works,Steel Foundry #23,,37658.563221208206,0,0,0,0,37.658563221208205,1,2,2,1,2025,7,1,0,0,37.43000000000001,0.014494066491530028,1.7578579175523736,1.0,0,1,10.950000000000001,79.16,10.95_79.16,1,1,4.8,331.17,,4.8,,1,0.8391227704649905,1.0886712848714204,0,0,0,0,525,,Unknown,Other/Unclassified,Other/Unclassified,0.8518645224324537
12.38014,79.09187,343.87,0.43,0.62,2025-01-02,720,N,VIIRS,n,2.0NRT,289.05,4.66,D,VIIRS_SUOMI_NPP,17,100017,node,Warehouse/Depot,Logistics Hub #18,,6284.447136881434,0,0,0,0,6.284447136881433,1,4,2,1,2025,7,1,0,0,54.81999999999999,0.013551632884520314,1.7334238922150915,1.0,0,1,12.38,79.09,12.38_79.09,1,1,4.66,343.87,,4.66,,1,1.6626048011377845,1.0273308671115193,0,0,0,0,526,,Unknown,Other/Unclassified,Other/Unclassified,0.9282694216115271
12.8479,79.90363,310.46,0.39,0.59,2025-01-03,1934,N,VIIRS,n,2.0NRT,291.36,1.06,N,VIIRS_SUOMI_NPP,17,100017,node,Warehouse/Depot,Logistics Hub #18,,97366.10951974436,0,0,0,0,97.36610951974437,1,4,3,1,2025,19,0,0,0,19.099999999999966,0.0034142884751658833,0.7227059828014898,1.0,0,1,12.84,79.9,12.84_79.9,1,2,2.3,314.445,5.635641046056803,1.15,0.12727922061357844,2,-0.5037365094746639,-0.5499941610002238,0,0,0,0,527,,Unknown,Other/Unclassified,Other/Unclassified,0.9308372287661503
12.85339,79.90439,311.31,0.39,0.59,2025-01-03,1934,N,VIIRS,n,2.0NRT,291.57,1.01,N,VIIRS_SUOMI_NPP,17,100017,node,Warehouse/Depot,Logistics Hub #18,,97728.46485072929,0,0,0,0,97.72846485072928,1,4,3,1,2025,19,0,0,0,19.74000000000001,0.0032443545019434005,0.6981347220709844,1.0,0,1,12.85,79.9,12.85_79.9,3,14,25.28,311.8492857142857,6.397096053060936,1.8057142857142858,1.1218166193601018,14,-0.08430164402919495,-0.7093086980367355,1,0,0,1,528,,Unknown,Other/Unclassified,Other/Unclassified,1.0
13.15899,80.2822,303.53,0.37,0.58,2025-01-03,1934,N,VIIRS,n,2.0NRT,292.6,1.72,N,VIIRS_SUOMI_NPP,17,100017,node,Warehouse/Depot,Logistics Hub #18,,150397.53097042174,0,0,0,0,150.39753097042174,1,4,3,1,2025,19,0,0,0,10.92999999999995,0.005666655684775805,1.000631880307906,1.0,0,1,13.15,80.28,13.15_80.28,3,15,31.96,308.05333333333334,5.417348675013171,2.130666666666667,1.6132906330437382,15,-0.8349717924188019,-0.25455219180928157,1,0,0,1,529,,Unknown,Other/Unclassified,Other/Unclassified,0.9977777777777779
11.80855,77.92345,300.86,0.51,0.66,2025-01-03,1936,N,VIIRS,n,2.0NRT,290.69,1.3,N,VIIRS_SUOMI_NPP,15,100015,node,Oil & Gas,Petroleum Refinery #16,,13706.342754969466,0,0,0,0,13.706342754969466,1,7,3,1,2025,19,0,0,0,10.170000000000016,0.004320946619690221,0.832909122935104,1.0,0,1,11.8,77.92,11.8_77.92,6,21,32.72,307.8904761904762,8.630552981235025,1.558095238095238,0.5164263650087885,21,-0.8146032132312017,-0.4997716142762109,1,0,0,1,530,,Unknown,Other/Unclassified,Other/Unclassified,1.0
9.18218,78.58096,333.08,0.53,0.42,2025-01-04,822,N,VIIRS,n,2.0NRT,300.37,3.79,D,VIIRS_SUOMI_NPP,20,100020,node,Chemical,Chemical Processing Unit #21,,173295.86961791452,0,0,0,0,173.29586961791452,1,9,4,1,2025,8,1,0,0,32.70999999999998,0.011378647772306953,1.5665304114228238,1.0,0,1,9.18,78.58,9.18_78.58,3,3,9.78,333.43333333333334,1.112894124943307,3.26,0.5990826320300063,3,0.9629692805897946,0.6461439853178481,0,0,0,1,531,,Unknown,Other/Unclassified,Other/Unclassified,0.9207483994047463
9.77502,78.45444,335.49,0.53,0.42,2025-01-04,822,N,VIIRS,n,2.0NRT,303.55,3.17,D,VIIRS_SUOMI_NPP,20,100020,node,Chemical,Chemical Processing Unit #21,,107408.32753417917,0,0,0,0,107.40832753417918,1,9,4,1,2025,8,1,0,0,31.939999999999998,0.009448865838027959,1.4279160358107101,1.0,0,1,9.77,78.45,9.77_78.45,1,1,3.17,335.49,,3.17,,1,1.119236343103295,0.3744935638097145,0,0,0,0,532,,Unknown,Other/Unclassified,Other/Unclassified,0.9278761790325258
11.28849,78.96098,339.65,0.4,0.44,2025-01-04,822,N,VIIRS,n,2.0NRT,301.5,3.6,D,VIIRS_SUOMI_NPP,12,100012,node,Power Plant,Thermal Power Station #13,,18191.23027814895,0,0,0,0,18.19123027814895,1,1,4,1,2025,8,1,0,0,38.14999999999998,0.010599146179891066,1.5260563034950492,1.0,0,1,11.28,78.96000000000001,11.28_78.96,1,1,3.6,339.65,,3.6,,1,1.3889753389772164,0.5628962755008394,0,0,0,0,533,,Unknown,Other/Unclassified,Other/Unclassified,0.9305725950701444
11.1349,77.34515,334.05,0.48,0.4,2025-01-04,822,N,VIIRS,n,2.0NRT,305.42,2.8,D,VIIRS_SUOMI_NPP,18,100018,node,Power Plant,Thermal Power Station #19,,38381.97975676252,0,0,0,0,38.38197975676252,1,1,4,1,2025,8,1,0,0,28.629999999999995,0.008381978745696751,1.33500106673234,1.0,0,1,11.13,77.34,11.13_77.34,1,1,2.8,334.05,,2.8,,1,1.0258651522238602,0.21237960258711863,0,0,0,0,534,,Unknown,Other/Unclassified,Other/Unclassified,0.9483381335440161
12.09574,79.49277,330.85,0.44,0.46,2025-01-04,822,N,VIIRS,n,2.0NRT,298.37,2.13,D,VIIRS_SUOMI_NPP,17,100017,node,Warehouse/Depot,Logistics Hub #18,,55362.653110979845,0,0,0,0,55.36265311097984,1,4,4,1,2025,8,1,0,0,32.48000000000002,0.006437962823031585,1.1410330045520618,1.0,0,1,12.09,79.49,12.09_79.49,1,1,2.13,330.85,,2.13,,1,0.8183736169362277,-0.08117811097812241,0,0,0,0,535,,Unknown,Other/Unclassified,Other/Unclassified,0.8890830553895711
12.04727,78.13994,336.15,0.54,0.42,2025-01-04,822,N,VIIRS,n,2.0NRT,300.9,4.0,D,VIIRS_SUOMI_NPP,6,100006,node,Power Plant,Thermal Power Station #7,,26828.57152712386,0,0,0,0,26.82857152712386,1,1,4,1,2025,8,1,0,0,35.25,0.011899449650453668,1.6094379124341003,1.0,0,1,12.040000000000001,78.13,12.04_78.13,1,1,4.0,336.15,,4.0,,1,1.1620314722563674,0.7381546119576998,0,0,0,0,536,,Unknown,Other/Unclassified,Other/Unclassified,0.9146205761014585
12.0474,78.14194,334.05,0.54,0.42,2025-01-04,822,N,VIIRS,n,2.0NRT,300.26,4.37,D,VIIRS_SUOMI_NPP,6,100006,node,Power Plant,Thermal Power Station #7,,27012.39065814371,0,0,0,0,27.012390658143712,1,1,4,1,2025,8,1,0,0,33.79000000000002,0.013081873970962431,1.6808279085207734,1.0,0,1,12.040000000000001,78.14,12.04_78.14,1,1,4.37,334.05,,4.37,,1,1.0258651522238602,0.9002685731802956,0,0,0,0,537,,Unknown,Other/Unclassified,Other/Unclassified,0.920862100317983
11.84558,77.76095,308.44,0.35,0.57,2025-01-04,2055,N,VIIRS,n,2.0NRT,292.09,1.34,N,VIIRS_SUOMI_NPP,10,100010,node,Industrial Works,Steel Foundry #11,,13634.2921893392,0,0,0,0,13.634292189339199,1,2,4,1,2025,20,0,0,0,16.350000000000023,0.0043444430035014915,0.8501509293696101,1.0,0,1,11.84,77.76,11.84_77.76,1,1,1.34,308.44,,1.34,,1,-0.6347155411249812,-0.4273133254804215,0,0,0,0,538,,Unknown,Other/Unclassified,Other/Unclassified,0.9174400019717582
11.81536,77.91702,309.36,0.36,0.57,2025-01-04,2055,N,VIIRS,n,2.0NRT,290.87,1.4,N,VIIRS_SUOMI_NPP,15,100015,node,Oil & Gas,Petroleum Refinery #16,,13853.290075751394,0,0,0,0,13.853290075751394,1,7,4,1,2025,20,0,0,0,18.49000000000001,0.0045254719420739584,0.8754687373538999,1.0,0,1,11.81,77.91,11.81_77.91,8,43,64.3,308.93627906976747,7.833273664389497,1.4953488372093022,0.7060599894829163,43,0.05409244568574278,-0.13504353543546793,1,0,0,1,539,,Unknown,Other/Unclassified,Other/Unclassified,1.0
11.18219,79.10017,307.72,0.44,0.63,2025-01-04,2057,N,VIIRS,n,2.0NRT,290.44,1.08,N,VIIRS_SUOMI_NPP,12,100012,node,Power Plant,Thermal Power Station #13,,25696.760998548274,0,0,0,0,25.696760998548275,1,1,4,1,2025,20,0,0,0,17.28000000000003,0.0035096841284284414,0.7323678937132266,1.0,0,1,11.18,79.10000000000001,11.18_79.1,3,8,8.73,306.94,2.5630673587938055,1.09125,0.32502472433427504,8,0.30432286429144106,-0.03461275145465489,1,0,0,1,540,,Unknown,Other/Unclassified,Other/Unclassified,0.9864306758056758
8.1684,77.59218,336.56,0.41,0.37,2025-01-05,802,N,VIIRS,n,2.0NRT,303.58,3.42,D,VIIRS_SUOMI_NPP,2,100002,node,Chemical,Chemical Processing Unit #3,,293595.09318219323,0,0,0,0,293.59509318219324,1,9,5,1,2025,8,1,0,0,32.98000000000002,0.010161635369622057,1.4861396960896067,1.0,0,1,8.16,77.59,8.16_77.59,1,2,6.609999999999999,336.53999999999996,0.028284271247496467,3.3049999999999997,0.16263455967290608,2,1.188616325215097,0.48403002409525225,0,0,0,0,541,,Unknown,Other/Unclassified,Other/Unclassified,0.9358217454486806
9.33349,77.98875,332.55,0.39,0.36,2025-01-05,805,N,VIIRS,l,2.0NRT,302.89,3.14,D,VIIRS_SUOMI_NPP,2,100002,node,Chemical,Chemical Processing Unit #3,,164823.5394395596,0,0,0,0,164.8235394395596,1,9,5,1,2025,8,1,0,0,29.660000000000025,0.00944218914448955,1.420695787837223,0.0,0,1,9.33,77.98,9.33_77.98,1,1,3.14,332.55,,3.14,,1,0.9286034950577822,0.36134918857545006,0,0,0,0,542,,Unknown,Other/Unclassified,Other/Unclassified,0.9254142705706173
10.13346,77.2739,345.93,0.4,0.37,2025-01-05,805,N,VIIRS,n,2.0NRT,306.84,10.62,D,VIIRS_SUOMI_NPP,2,100002,node,Chemical,Chemical Processing Unit #3,,95467.90342030847,0,0,0,0,95.46790342030847,1,9,5,1,2025,8,1,0,0,39.09000000000003,0.030699852571329456,2.4527277514237653,1.0,0,1,10.13,77.27,10.13_77.27,3,7,47.33,326.6671428571429,19.36740794417753,6.761428571428572,6.0897274940986446,7,0.9946017143015854,0.6336197198167969,1,0,0,1,543,,Unknown,Other/Unclassified,Other/Unclassified,0.9189156502704457
10.6712,79.15398,338.25,0.39,0.36,2025-01-05,805,N,VIIRS,n,2.0NRT,299.97,4.61,D,VIIRS_SUOMI_NPP,3,100003,node,Oil & Gas,Petroleum Refinery #4,,10539.391561275084,0,0,0,0,10.539391561275083,1,7,5,1,2025,8,1,0,0,38.27999999999997,0.013628972653362898,1.724550719534605,1.0,0,1,10.67,79.15,10.67_79.15,1,1,4.61,338.25,,4.61,,1,1.2981977922888783,1.005423575054412,0,0,0,0,544,,Unknown,Other/Unclassified,Other/Unclassified,0.9373320487991543
10.91736,77.61953,333.86,0.39,0.36,2025-01-05,805,N,VIIRS,n,2.0NRT,301.51,2.25,D,VIIRS_SUOMI_NPP,18,100018,node,Power Plant,Thermal Power Station #19,,22797.913407102213,0,0,0,0,22.79791340710221,1,1,5,1,2025,8,1,0,0,32.35000000000002,0.006739351824117893,1.1786549963416462,1.0,0,1,10.91,77.61,10.91_77.61,1,1,2.25,333.86,,2.25,,1,1.0135453423161571,-0.028600610041064255,0,0,0,0,545,,Unknown,Other/Unclassified,Other/Unclassified,0.9362858437952252
11.10819,78.02068,333.93,0.39,0.36,2025-01-05,805,N,VIIRS,n,2.0NRT,303.01,5.79,D,VIIRS_SUOMI_NPP,11,100011,node,Warehouse/Depot,Logistics Hub #12,,23340.91789621207,0,0,0,0,23.340917896212073,1,4,5,1,2025,8,1,0,0,30.920000000000016,0.017338963255772166,1.9154509415706047,1.0,0,1,11.1,78.02,11.1_78.02,1,1,5.79,333.93,,5.79,,1,1.0180842196505737,1.5224356676021498,0,0,0,0,546,,Unknown,Other/Unclassified,Other/Unclassified,0.9239369974996913
11.21045,77.58961,336.85,0.39,0.36,2025-01-05,805,N,VIIRS,n,2.0NRT,303.89,2.2,D,VIIRS_SUOMI_NPP,18,100018,node,Power Plant,Thermal Power Station #19,,16095.91189584418,0,0,0,0,16.09591189584418,1,1,5,1,2025,8,1,0,0,32.960000000000036,0.006531096927415764,1.1631508098056809,1.0,0,1,11.21,77.58,11.21_77.58,1,1,2.2,336.85,,2.2,,1,1.20742024560054,-0.05050790209817172,0,0,0,0,547,,Unknown,Other/Unclassified,Other/Unclassified,0.9518961798099732
11.58939,78.69434,337.84,0.38,0.36,2025-01-05,805,N,VIIRS,n,2.0NRT,304.94,3.02,D,VIIRS_SUOMI_NPP,4,100004,node,Industrial Works,Steel Foundry #5,,27264.47429015997,0,0,0,0,27.26447429015997,1,2,5,1,2025,8,1,0,0,32.89999999999998,0.008939142789486147,1.3912819026309295,1.0,0,1,11.58,78.69,11.58_78.69,1,1,3.02,337.84,,3.02,,1,1.2716129393301487,0.3087716876383919,0,0,0,0,548,,Unknown,Other/Unclassified,Other/Unclassified,0.9532469567469568
11.67086,79.1691,343.24,0.39,0.36,2025-01-05,805,N,VIIRS,n,2.0NRT,304.07,9.79,D,VIIRS_SUOMI_NPP,4,100004,node,Industrial Works,Steel Foundry #5,,27852.117080960692,0,0,0,0,27.852117080960692,1,2,5,1,2025,8,1,0,0,39.170000000000016,0.028522316746299962,2.378619779270043,1.0,0,1,11.67,79.16,11.67_79.16,1,2,14.959999999999999,341.135,2.9769195487953906,7.4799999999999995,3.266833329081849,2,1.6217549051280322,3.275019032170753,0,0,1,0,549,,Unknown,Other/Unclassified,Other/Unclassified,0.941998499594088
11.67419,79.16859,339.03,0.39,0.36,2025-01-05,805,N,VIIRS,n,2.0NRT,301.82,5.17,D,VIIRS_SUOMI_NPP,4,100004,node,Industrial Works,Steel Foundry #5,,27752.91056829046,0,0,0,0,27.75291056829046,1,2,5,1,2025,8,1,0,0,37.20999999999998,0.015249387959767572,1.8196988379172965,1.0,0,1,11.67,79.16,11.67_79.16,1,2,14.959999999999999,341.135,2.9769195487953906,7.4799999999999995,3.266833329081849,2,1.3487738540152372,1.2507852460940163,0,0,0,0,550,,Unknown,Other/Unclassified,Other/Unclassified,0.9355035639741526
11.42044,77.17234,335.44,0.4,0.37,2025-01-05,805,N,VIIRS,n,2.0NRT,303.95,1.52,D,VIIRS_SUOMI_NPP,14,100014,node,Chemical,Chemical Processing Unit #15,,54427.8712135622,0,0,0,0,54.4278712135622,1,9,5,1,2025,8,1,0,0,31.49000000000001,0.0045313617934653,0.9242589015233319,1.0,0,1,11.42,77.17,11.42_77.17,1,1,1.52,335.44,,1.52,,1,1.1159942878644251,-0.3484470740748344,0,0,0,0,551,,Unknown,Other/Unclassified,Other/Unclassified,0.95310183899348
11.68682,78.53464,330.92,0.38,0.36,2025-01-05,805,N,VIIRS,n,2.0NRT,300.81,1.63,D,VIIRS_SUOMI_NPP,19,100019,node,Manufacturing,Textile Mill #20,,26240.760578225294,0,0,0,0,26.240760578225295,1,3,5,1,2025,8,1,0,0,30.110000000000014,0.004925661791369515,0.9669838461896731,1.0,0,1,11.68,78.53,11.68_78.53,1,1,1.63,330.92,,1.63,,1,0.8229124942706442,-0.30025103154919786,0,0,0,0,552,,Unknown,Other/Unclassified,Other/Unclassified,0.9154269797678963
11.48593,77.12023,335.0,0.4,0.37,2025-01-05,805,N,VIIRS,n,2.0NRT,301.06,2.21,D,VIIRS_SUOMI_NPP,14,100014,node,Chemical,Chemical Processing Unit #15,,56074.75641443513,0,0,0,0,56.07475641443513,1,9,5,1,2025,8,1,0,0,33.94,0.006597014925373134,1.1662709371419244,1.0,0,1,11.48,77.12,11.48_77.12,1,1,2.21,335.0,,2.21,,1,1.0874642017623757,-0.046126443686750306,0,0,0,0,553,,Unknown,Other/Unclassified,Other/Unclassified,0.9296585804640144
11.48418,76.83774,330.64,0.4,0.37,2025-01-05,805,N,VIIRS,n,2.0NRT,299.12,2.54,D,VIIRS_SUOMI_NPP,14,100014,node,Chemical,Chemical Processing Unit #15,,85329.10355255472,0,0,0,0,85.32910355255471,1,9,5,1,2025,8,1,0,0,31.519999999999982,0.007682071134768933,1.264126727145683,1.0,0,1,11.48,76.83,11.48_76.83,1,1,2.54,330.64,,2.54,,1,0.8047569849329743,0.09846168389015951,0,0,0,0,554,,Unknown,Other/Unclassified,Other/Unclassified,0.8795301950704391
11.89346,79.48836,333.31,0.39,0.36,2025-01-05,805,N,VIIRS,n,2.0NRT,301.12,3.09,D,VIIRS_SUOMI_NPP,4,100004,node,Industrial Works,Steel Foundry #5,,65996.9340702269,0,0,0,0,65.9969340702269,1,2,5,1,2025,8,1,0,0,32.19,0.00927064894542618,1.4085449700547104,1.0,0,1,11.89,79.48,11.89_79.48,1,1,3.09,333.31,,3.09,,1,0.9778827346885944,0.3394418965183424,0,0,0,0,555,,Unknown,Other/Unclassified,Other/Unclassified,0.9269062321121144
11.99577,78.8779,332.76,0.39,0.36,2025-01-05,805,N,VIIRS,n,2.0NRT,300.57,1.85,D,VIIRS_SUOMI_NPP,1,100001,node,Manufacturing,Textile Mill #2,,20013.318404500136,0,0,0,0,20.013318404500136,1,3,5,1,2025,8,1,0,0,32.19,0.005559562447409545,1.0473189942805592,1.0,0,1,11.99,78.87,11.99_78.87,1,1,1.85,332.76,,1.85,,1,0.9422201270610318,-0.20385894649792458,0,0,0,0,556,,Unknown,Other/Unclassified,Other/Unclassified,0.9311541836262843
12.764,77.78973,345.01,0.39,0.36,2025-01-05,805,N,VIIRS,n,2.0NRT,304.34,3.18,D,VIIRS_SUOMI_NPP,6,100006,node,Power Plant,Thermal Power Station #7,,67935.81959924386,0,0,0,0,67.93581959924386,1,1,5,1,2025,8,1,0,0,40.670000000000016,0.009217124141329238,1.430311246536665,1.0,0,1,12.76,77.78,12.76_77.78,2,7,22.13,341.06142857142856,4.102866593701787,3.1614285714285715,1.1286928807464054,7,0.9623933263228165,0.01645392549933281,1,0,0,0,557,,Unknown,Other/Unclassified,Other/Unclassified,0.9211591355433427
12.76731,77.78919,338.26,0.39,0.36,2025-01-05,805,N,VIIRS,n,2.0NRT,306.45,3.18,D,VIIRS_SUOMI_NPP,6,100006,node,Power Plant,Thermal Power Station #7,,68306.29401609383,0,0,0,0,68.30629401609383,1,1,5,1,2025,8,1,0,0,31.810000000000002,0.009401052444864898,1.430311246536665,1.0,0,1,12.76,77.78,12.76_77.78,2,7,22.13,341.06142857142856,4.102866593701787,3.1614285714285715,1.1286928807464054,7,-0.6827978700864853,0.01645392549933281,1,0,0,0,558,,Unknown,Other/Unclassified,Other/Unclassified,0.9002492793698676
10.13388,77.27204,308.36,0.52,0.42,2025-01-05,2038,N,VIIRS,n,2.0NRT,279.04,1.18,N,VIIRS_SUOMI_NPP,2,100002,node,Chemical,Chemical Processing Unit #3,,95557.22400679204,0,0,0,0,95.55722400679204,1,9,5,1,2025,20,0,0,0,29.319999999999993,0.0038266960695291213,0.7793248768009976,1.0,0,1,10.13,77.27,10.13_77.27,3,7,47.33,326.6671428571429,19.36740794417753,6.761428571428572,6.0897274940986446,7,-0.9452551890221633,-0.9165317457697987,1,0,0,1,559,,Unknown,Other/Unclassified,Other/Unclassified,0.9661620922936712
12.85668,79.90691,306.07,0.46,0.47,2025-01-05,2038,N,VIIRS,n,2.0NRT,292.13,0.97,N,VIIRS_SUOMI_NPP,17,100017,node,Warehouse/Depot,Logistics Hub #18,,98144.06924922427,0,0,0,0,98.14406924922427,1,4,5,1,2025,20,0,0,0,13.939999999999998,0.0031692096579213906,0.6780335427498971,1.0,0,1,12.85,79.9,12.85_79.9,3,14,25.28,311.8492857142857,6.397096053060936,1.8057142857142858,1.1218166193601018,14,-0.9034233136956571,-0.744965149643609,1,0,0,1,560,,Unknown,Other/Unclassified,Other/Unclassified,0.9969841269841269
13.44883,80.09917,303.2,0.46,0.47,2025-01-05,2038,N,VIIRS,n,2.0NRT,291.76,0.73,N,VIIRS_SUOMI_NPP,17,100017,node,Warehouse/Depot,Logistics Hub #18,,155453.95652167243,0,0,0,0,155.45395652167244,1,4,5,1,2025,20,0,0,0,11.439999999999998,0.0024076517150395777,0.5481214085096876,1.0,0,1,13.44,80.09,13.44_80.09,2,6,4.3,305.655,2.151871278678184,0.7166666666666667,0.22259080544053625,6,-1.1408674971989965,0.0599006473198428,1,0,0,0,561,,Unknown,Other/Unclassified,Other/Unclassified,0.9605632771387159
12.85542,79.90849,309.34,0.46,0.47,2025-01-05,2038,N,VIIRS,n,2.0NRT,292.31,1.05,N,VIIRS_SUOMI_NPP,17,100017,node,Warehouse/Depot,Logistics Hub #18,,98228.2856993999,0,0,0,0,98.2282856993999,1,4,5,1,2025,20,0,0,0,17.029999999999973,0.0033943233982026253,0.7178397931503169,1.0,0,1,12.85,79.9,12.85_79.9,3,14,25.28,311.8492857142857,6.397096053060936,1.8057142857142858,1.1218166193601018,14,-0.3922538748007503,-0.6736522464298618,1,0,0,1,562,,Unknown,Other/Unclassified,Other/Unclassified,1.0
11.18309,79.10023,309.36,0.43,0.46,2025-01-05,2038,N,VIIRS,n,2.0NRT,291.69,1.5,N,VIIRS_SUOMI_NPP,12,100012,node,Power Plant,Thermal Power Station #13,,25598.648741469417,0,0,0,0,25.598648741469418,1,1,5,1,2025,20,0,0,0,17.670000000000016,0.004848719937936384,0.9162907318741551,1.0,0,1,11.18,79.10000000000001,11.18_79.1,3,8,8.73,306.94,2.5630673587938055,1.09125,0.32502472433427504,8,0.9441811943400824,1.257596636185796,1,0,0,1,563,,Unknown,Other/Unclassified,Other/Unclassified,0.9752933375104429
8.99723,78.21001,338.75,0.42,0.45,2025-01-06,743,N,VIIRS,n,2.0NRT,301.95,2.77,D,VIIRS_SUOMI_NPP,20,100020,node,Chemical,Chemical Processing Unit #21,,195893.52688204354,0,0,0,0,195.89352688204355,1,9,6,1,2025,7,1,0,0,36.80000000000001,0.008177121771217712,1.3270750014599193,1.0,0,1,8.99,78.21000000000001,8.99_78.21,1,1,2.77,338.75,,2.77,,1,1.330618344677571,0.1992352273528542,0,0,0,0,564,,Unknown,Other/Unclassified,Other/Unclassified,0.9206104478310363
9.18516,78.57988,337.11,0.4,0.44,2025-01-06,743,N,VIIRS,n,2.0NRT,294.89,2.64,D,VIIRS_SUOMI_NPP,20,100020,node,Chemical,Chemical Processing Unit #21,,172959.45234813026,0,0,0,0,172.95945234813027,1,9,6,1,2025,7,1,0,0,42.22000000000003,0.007831271691732668,1.2919836816486494,1.0,0,1,9.18,78.57000000000001,9.18_78.57,1,2,7.09,334.185,4.136574669941319,3.545,1.279863273947651,2,1.2242789328426598,0.14227626800437465,0,0,0,0,565,,Unknown,Other/Unclassified,Other/Unclassified,0.8949785964513302
10.13271,77.27168,341.05,0.47,0.48,2025-01-06,743,N,VIIRS,n,2.0NRT,300.12,8.34,D,VIIRS_SUOMI_NPP,2,100002,node,Chemical,Chemical Processing Unit #3,,95683.40114696874,0,0,0,0,95.68340114696873,1,9,6,1,2025,7,1,0,0,40.93000000000001,0.024453892391144993,2.234306252240751,1.0,0,1,10.13,77.27,10.13_77.27,3,7,47.33,326.6671428571429,19.36740794417753,6.761428571428572,6.0897274940986446,7,0.7426320127253307,0.25921873024715314,1,0,0,1,566,,Unknown,Other/Unclassified,Other/Unclassified,0.8858283203889983
11.21062,77.5909,330.92,0.43,0.46,2025-01-06,743,N,VIIRS,n,2.0NRT,300.7,2.2,D,VIIRS_SUOMI_NPP,18,100018,node,Power Plant,Thermal Power Station #19,,16008.174994848854,0,0,0,0,16.008174994848854,1,1,6,1,2025,7,1,0,0,30.220000000000027,0.006648132479149039,1.1631508098056809,1.0,0,1,11.21,77.59,11.21_77.59,1,1,2.2,330.92,,2.2,,1,0.8229124942706442,-0.05050790209817172,0,0,0,0,567,,Unknown,Other/Unclassified,Other/Unclassified,0.8945912048042473
10.65176,78.9027,333.03,0.54,0.42,2025-01-06,743,N,VIIRS,n,2.0NRT,299.15,4.71,D,VIIRS_SUOMI_NPP,3,100003,node,Oil & Gas,Petroleum Refinery #4,,36359.40242592769,0,0,0,0,36.35940242592769,1,7,6,1,2025,7,1,0,0,33.879999999999995,0.014142870011710659,1.742219023667919,1.0,0,1,10.65,78.9,10.65_78.9,1,2,7.76,335.41499999999996,3.372899346259839,3.88,1.1737972567696688,2,0.9597272253509246,1.0492381591686268,0,0,0,0,568,,Unknown,Other/Unclassified,Other/Unclassified,0.9241188797309288
11.698,79.04674,331.68,0.52,0.41,2025-01-06,745,N,VIIRS,n,2.0NRT,301.09,2.53,D,VIIRS_SUOMI_NPP,4,100004,node,Industrial Works,Steel Foundry #5,,14272.885604324314,0,0,0,0,14.272885604324314,1,2,6,1,2025,7,1,0,0,30.590000000000032,0.007627834056922334,1.2612978709452054,1.0,0,1,11.69,79.04,11.69_79.04,1,1,2.53,331.68,,2.53,,1,0.8721917339014565,0.0940802254787379,0,0,0,0,569,,Unknown,Other/Unclassified,Other/Unclassified,0.9269170532626415
12.01129,78.97485,337.96,0.52,0.41,2025-01-06,745,N,VIIRS,n,2.0NRT,299.83,7.53,D,VIIRS_SUOMI_NPP,1,100001,node,Manufacturing,Textile Mill #2,,30729.11337461766,0,0,0,0,30.72911337461766,1,3,6,1,2025,7,1,0,0,38.129999999999995,0.022280743283228786,2.143589361503588,1.0,0,1,12.01,78.97,12.01_78.97,1,2,11.370000000000001,340.06,2.9698484809835315,5.6850000000000005,2.6092240225783603,2,1.2793938719034352,2.2848094311894926,0,0,1,0,570,,Unknown,Other/Unclassified,Other/Unclassified,0.9153846795629048
11.81642,77.91901,319.69,0.38,0.36,2025-01-06,2021,N,VIIRS,n,2.0NRT,292.72,1.62,N,VIIRS_SUOMI_NPP,15,100015,node,Oil & Gas,Petroleum Refinery #16,,14077.575979910984,0,0,0,0,14.077575979910984,1,7,6,1,2025,20,0,0,0,26.96999999999997,0.0050674090525196286,0.9631743177730056,1.0,0,1,11.81,77.91,11.81_77.91,8,43,64.3,308.93627906976747,7.833273664389497,1.4953488372093022,0.7060599894829163,43,1.3728258951451617,0.17654471949612424,1,0,0,1,571,,Unknown,Other/Unclassified,Other/Unclassified,0.9969406392694063
11.80924,77.92147,304.9,0.38,0.36,2025-01-06,2021,N,VIIRS,n,2.0NRT,292.97,1.11,N,VIIRS_SUOMI_NPP,15,100015,node,Oil & Gas,Petroleum Refinery #16,,13624.007740590227,0,0,0,0,13.624007740590226,1,7,6,1,2025,20,0,0,0,11.92999999999995,0.003640537881272549,0.7466879474879752,1.0,0,1,11.8,77.92,11.8_77.92,6,21,32.72,307.8904761904762,8.630552981235025,1.558095238095238,0.5164263650087885,21,-0.34649879294852326,-0.8676846661142334,1,0,0,1,572,,Unknown,Other/Unclassified,Other/Unclassified,0.9969696969696971
11.80869,77.92499,303.84,0.38,0.36,2025-01-06,2021,N,VIIRS,n,2.0NRT,293.36,1.07,N,VIIRS_SUOMI_NPP,15,100015,node,Oil & Gas,Petroleum Refinery #16,,13828.717504991411,0,0,0,0,13.828717504991412,1,7,6,1,2025,20,0,0,0,10.479999999999961,0.0035215903106898374,0.7275486072772778,1.0,0,1,11.8,77.92,11.8_77.92,6,21,32.72,307.8904761904762,8.630552981235025,1.558095238095238,0.5164263650087885,21,-0.46931826955734623,-0.9451400454485541,1,0,0,1,573,,Unknown,Other/Unclassified,Other/Unclassified,0.9969696969696971
11.77325,76.99046,312.64,0.4,0.37,2025-01-06,2021,N,VIIRS,n,2.0NRT,287.19,1.06,N,VIIRS_SUOMI_NPP,14,100014,node,Chemical,Chemical Processing Unit #15,,66421.57586705948,0,0,0,0,66.42157586705947,1,9,6,1,2025,20,0,0,0,25.44999999999999,0.003390481064483112,0.7227059828014898,1.0,0,1,11.77,76.99,11.77_76.99,1,2,1.65,311.14,2.1213203435596424,0.825,0.33234018715767744,2,-0.36238290105996324,-0.5499941610002238,0,0,0,0,574,,Unknown,Other/Unclassified,Other/Unclassified,0.9437572425561556
10.96319,78.09085,314.19,0.38,0.36,2025-01-06,2021,N,VIIRS,n,2.0NRT,291.51,0.97,N,VIIRS_SUOMI_NPP,11,100011,node,Warehouse/Depot,Logistics Hub #12,,20511.194914276955,0,0,0,0,20.511194914276956,1,4,6,1,2025,20,0,0,0,22.680000000000007,0.0030873038607212196,0.6780335427498971,1.0,0,1,10.96,78.09,10.96_78.09,1,1,0.97,314.19,,0.97,,1,-0.2618791886550151,-0.5894272867030174,0,0,0,0,575,,Unknown,Other/Unclassified,Other/Unclassified,0.93506255744919
10.95987,78.09032,302.25,0.38,0.36,2025-01-06,2021,N,VIIRS,n,2.0NRT,291.27,0.97,N,VIIRS_SUOMI_NPP,11,100011,node,Warehouse/Depot,Logistics Hub #12,,20796.86936910767,0,0,0,0,20.796869369107668,1,4,6,1,2025,20,0,0,0,10.980000000000018,0.0032092638544251447,0.6780335427498971,1.0,0,1,10.950000000000001,78.09,10.95_78.09,1,1,0.97,302.25,,0.97,,1,-1.036081979696997,-0.5894272867030174,0,0,0,0,576,,Unknown,Other/Unclassified,Other/Unclassified,0.9540281594050947
11.81698,77.9155,304.61,0.38,0.36,2025-01-06,2021,N,VIIRS,n,2.0NRT,292.23,1.94,N,VIIRS_SUOMI_NPP,15,100015,node,Oil & Gas,Petroleum Refinery #16,,13899.870604467851,0,0,0,0,13.899870604467852,1,7,6,1,2025,20,0,0,0,12.379999999999995,0.006368799448475099,1.0784095813505903,1.0,0,1,11.81,77.91,11.81_77.91,8,43,64.3,308.93627906976747,7.833273664389497,1.4953488372093022,0.7060599894829163,43,-0.5522951520811739,0.6297639993966213,1,0,0,1,577,,Unknown,Other/Unclassified,Other/Unclassified,0.9946198830409357
9.78036,77.90816,313.3,0.38,0.36,2025-01-06,2021,N,VIIRS,n,2.0NRT,290.43,1.27,N,VIIRS_SUOMI_NPP,2,100002,node,Chemical,Chemical Processing Unit #3,,114692.1779213761,0,0,0,0,114.6921779213761,1,9,6,1,2025,20,0,0,0,22.870000000000005,0.004053622725821895,0.8197798314933114,1.0,0,1,9.78,77.9,9.78_77.9,1,1,1.27,313.3,,1.27,,1,-0.3195877719068872,-0.4579835343603721,0,0,0,0,578,,Unknown,Other/Unclassified,Other/Unclassified,0.9341710170532637
9.45324,77.58031,302.33,0.38,0.36,2025-01-06,2021,N,VIIRS,n,2.0NRT,291.7,0.23,N,VIIRS_SUOMI_NPP,2,100002,node,Chemical,Chemical Processing Unit #3,,152528.11889571024,0,0,0,0,152.52811889571024,1,9,6,1,2025,20,0,0,0,10.629999999999995,0.0007607581119968247,0.20701416938432615,1.0,0,1,9.450000000000001,77.58,9.45_77.58,1,1,0.23,302.33,,0.23,,1,-1.030894691314807,-0.9136552091482091,0,0,0,0,579,,Unknown,Other/Unclassified,Other/Unclassified,0.9587136170837153
11.19506,77.85767,336.1,0.42,0.61,2025-01-07,726,N,VIIRS,n,2.0NRT,290.96,2.63,D,VIIRS_SUOMI_NPP,18,100018,node,Power Plant,Thermal Power Station #19,,20127.869113157194,0,0,0,0,20.127869113157193,1,1,7,1,2025,7,1,0,0,45.14000000000004,0.007825052067836952,1.2892326482767593,1.0,0,1,11.19,77.85000000000001,11.19_77.85,1,4,14.09,337.0675,8.008551159021641,3.5225,0.9377055330255157,4,1.158789417017501,0.13789480959295303,0,0,0,0,580,,Unknown,Other/Unclassified,Other/Unclassified,0.8967876660118962
11.19699,77.85682,348.63,0.42,0.61,2025-01-07,726,N,VIIRS,n,2.0NRT,292.33,4.8,D,VIIRS_SUOMI_NPP,18,100018,node,Power Plant,Thermal Power Station #19,,20148.090664353647,0,0,0,0,20.148090664353646,1,1,7,1,2025,7,1,0,0,56.30000000000001,0.013768178297908957,1.7578579175523736,1.0,0,1,11.19,77.85000000000001,11.19_77.85,1,4,14.09,337.0675,8.008551159021641,3.5225,0.9377055330255157,4,1.9712484598781386,1.0886712848714204,0,0,0,0,581,,Unknown,Other/Unclassified,Other/Unclassified,0.9258545781560489
11.64698,78.41904,340.57,0.38,0.59,2025-01-07,726,N,VIIRS,n,2.0NRT,294.83,2.95,D,VIIRS_SUOMI_NPP,19,100019,node,Manufacturing,Textile Mill #20,,24894.311290113175,0,0,0,0,24.894311290113176,1,3,7,1,2025,7,1,0,0,45.74000000000001,0.008661949085356902,1.3737155789130306,1.0,0,1,11.64,78.41,11.64_78.41,1,1,2.95,340.57,,2.95,,1,1.448629155372412,0.27810147875844143,0,0,0,0,582,,Unknown,Other/Unclassified,Other/Unclassified,0.9071708113304611
11.80938,77.92202,303.47,0.39,0.44,2025-01-07,1959,N,VIIRS,n,2.0NRT,292.98,1.45,N,VIIRS_SUOMI_NPP,15,100015,node,Oil & Gas,Petroleum Refinery #16,,13674.54956275506,0,0,0,0,13.674549562755061,1,7,7,1,2025,19,0,0,0,10.490000000000009,0.004778067024747091,0.8960880245566356,1.0,0,1,11.8,77.92,11.8_77.92,6,21,32.72,307.8904761904762,8.630552981235025,1.558095238095238,0.5164263650087885,21,-0.5121892189396651,-0.20931394177250898,1,0,0,1,583,,Unknown,Other/Unclassified,Other/Unclassified,1.0
13.39113,80.10016,306.87,0.46,0.39,2025-01-07,1959,N,VIIRS,n,2.0NRT,292.96,1.25,N,VIIRS_SUOMI_NPP,17,100017,node,Warehouse/Depot,Logistics Hub #18,,150955.76033463815,0,0,0,0,150.95576033463814,1,4,7,1,2025,19,0,0,0,13.910000000000025,0.004073386124417506,0.8109302162163288,1.0,0,1,13.39,80.10000000000001,13.39_80.1,4,21,22.85,306.8885714285714,3.8878326683568587,1.0880952380952382,0.5611026559161795,21,-0.004776807582942804,0.2885474880535015,1,0,0,1,584,,Unknown,Other/Unclassified,Other/Unclassified,1.0
13.1604,80.28367,306.54,0.45,0.39,2025-01-07,1959,N,VIIRS,n,2.0NRT,293.81,0.65,N,VIIRS_SUOMI_NPP,17,100017,node,Warehouse/Depot,Logistics Hub #18,,150616.40607913013,0,0,0,0,150.61640607913014,1,4,7,1,2025,19,0,0,0,12.730000000000018,0.0021204410517387615,0.5007752879124893,1.0,0,1,13.16,80.28,13.16_80.28,4,23,29.58,306.30347826086955,3.394288797773065,1.286086956521739,0.5416619134280146,23,0.06968226725010691,-1.17432468621642,1,0,0,1,585,,Unknown,Other/Unclassified,Other/Unclassified,1.0
13.08046,79.98327,302.9,0.47,0.39,2025-01-07,1959,N,VIIRS,n,2.0NRT,292.29,0.74,N,VIIRS_SUOMI_NPP,17,100017,node,Warehouse/Depot,Logistics Hub #18,,118679.44335673888,0,0,0,0,118.67944335673887,1,4,7,1,2025,19,0,0,0,10.609999999999957,0.0024430505117200396,0.5538851132264376,1.0,0,1,13.08,79.98,13.08_79.98,3,11,15.69,308.31363636363636,10.512393897421513,1.4263636363636363,2.15390934222995,11,-0.5149765521023947,-0.318659482507765,1,0,0,1,586,,Unknown,Other/Unclassified,Other/Unclassified,1.0
10.56854,79.53321,302.53,0.46,0.39,2025-01-07,1959,N,VIIRS,n,2.0NRT,289.75,0.21,N,VIIRS_SUOMI_NPP,5,100005,node,Warehouse/Depot,Logistics Hub #6,,10687.948443542471,0,0,0,0,10.68794844354247,1,4,7,1,2025,19,0,0,0,12.779999999999973,0.0006941460351039567,0.19062035960864973,1.0,0,1,10.56,79.53,10.56_79.53,1,1,0.21,302.53,,0.21,,1,-1.0179264703593307,-0.9224181259710521,0,0,0,0,587,,Unknown,Other/Unclassified,Other/Unclassified,0.9359020791773351
12.9673,79.91721,309.01,0.47,0.4,2025-01-07,1959,N,VIIRS,n,2.0NRT,292.89,0.96,N,VIIRS_SUOMI_NPP,17,100017,node,Warehouse/Depot,Logistics Hub #18,,105507.4420927867,0,0,0,0,105.5074420927867,1,4,7,1,2025,19,0,0,0,16.120000000000005,0.003106695576194945,0.6729444732424258,1.0,0,1,12.96,79.91,12.96_79.91,2,5,3.6100000000000003,306.96,7.26333601040182,0.7220000000000001,0.3025227264190246,5,0.2822394554050931,0.7867177544550679,1,0,0,0,588,,Unknown,Other/Unclassified,Other/Unclassified,0.9275403170005854
13.09831,79.52977,302.67,0.32,0.55,2025-01-08,1942,N,VIIRS,n,2.0NRT,290.09,0.35,N,VIIRS_SUOMI_NPP,17,100017,node,Warehouse/Depot,Logistics Hub #18,,86552.34983672915,0,0,0,0,86.55234983672915,1,4,8,1,2025,19,0,0,0,12.580000000000041,0.001156374929791522,0.3001045924503381,1.0,0,1,13.09,79.52,13.09_79.52,1,1,0.35,302.67,,0.35,,1,-1.008848715690494,-0.8610777082111509,0,0,0,0,589,,Unknown,Other/Unclassified,Other/Unclassified,0.9352742966002772
12.85353,79.90421,316.21,0.61,0.53,2025-01-08,1942,N,VIIRS,n,2.0NRT,290.85,2.34,N,VIIRS_SUOMI_NPP,17,100017,node,Warehouse/Depot,Logistics Hub #18,,97718.6649724043,0,0,0,0,97.7186649724043,1,4,8,1,2025,19,0,0,0,25.359999999999957,0.007400145472945195,1.205970806988609,1.0,0,1,12.85,79.9,12.85_79.9,3,14,25.28,311.8492857142857,6.397096053060936,1.8057142857142858,1.1218166193601018,14,0.6816709096665376,0.4762683178918113,1,0,0,1,590,,Unknown,Other/Unclassified,Other/Unclassified,0.9977777777777779
12.85778,79.90404,305.45,0.61,0.53,2025-01-08,1942,N,VIIRS,n,2.0NRT,290.49,1.75,N,VIIRS_SUOMI_NPP,17,100017,node,Warehouse/Depot,Logistics Hub #18,,97928.61273592775,0,0,0,0,97.92861273592774,1,4,8,1,2025,19,0,0,0,14.95999999999998,0.0057292519233917176,1.0116009116784799,1.0,0,1,12.85,79.9,12.85_79.9,3,14,25.28,311.8492857142857,6.397096053060936,1.8057142857142858,1.1218166193601018,14,-1.0003422898775673,-0.04966434330957403,1,0,0,1,591,,Unknown,Other/Unclassified,Other/Unclassified,0.9977777777777779
12.85284,79.90339,301.42,0.61,0.53,2025-01-08,1942,N,VIIRS,n,2.0NRT,290.55,1.32,N,VIIRS_SUOMI_NPP,17,100017,node,Warehouse/Depot,Logistics Hub #18,,97603.64974137473,0,0,0,0,97.60364974137472,1,4,8,1,2025,19,0,0,0,10.870000000000005,0.004379271448477208,0.8415671856782186,1.0,0,1,12.85,79.9,12.85_79.9,3,14,25.28,311.8492857142857,6.397096053060936,1.8057142857142858,1.1218166193601018,14,-1.6303156350599746,-0.43297119808346507,1,0,0,1,592,,Unknown,Other/Unclassified,Other/Unclassified,0.9917171717171717
12.70408,77.80666,297.16,0.42,0.61,2025-01-08,1942,N,VIIRS,n,2.0NRT,285.67,0.99,N,VIIRS_SUOMI_NPP,6,100006,node,Power Plant,Thermal Power Station #7,,61062.26062431189,0,0,0,0,61.0622606243119,1,1,8,1,2025,19,0,0,0,11.490000000000009,0.0033315385650827833,0.688134638736401,1.0,0,1,12.700000000000001,77.8,12.7_77.8,1,2,2.05,299.255,2.9627774131716125,1.025,0.04949747468305829,2,-1.366123203013887,-0.5806643698801743,0,0,0,0,593,,Unknown,Other/Unclassified,Other/Unclassified,0.9357461139078788
11.17473,79.0871,300.37,0.33,0.55,2025-01-08,1942,N,VIIRS,n,2.0NRT,289.25,0.41,N,VIIRS_SUOMI_NPP,12,100012,node,Power Plant,Thermal Power Station #13,,26379.26204912877,0,0,0,0,26.37926204912877,1,1,8,1,2025,19,0,0,0,11.120000000000005,0.001364983187402204,0.3435897043900769,1.0,0,1,11.17,79.08,11.17_79.08,1,3,2.13,302.91333333333336,2.4553275409470974,0.71,0.32186953878862173,3,-1.1579832566784811,-0.8347889577426219,0,0,0,0,594,,Unknown,Other/Unclassified,Other/Unclassified,0.9350917728785377
11.87426,79.22582,299.85,0.33,0.55,2025-01-08,1942,N,VIIRS,n,2.0NRT,288.74,0.46,N,VIIRS_SUOMI_NPP,4,100004,node,Industrial Works,Steel Foundry #5,,38824.842620054274,0,0,0,0,38.82484262005428,1,2,8,1,2025,19,0,0,0,11.110000000000014,0.0015341003835250958,0.3784364357202451,1.0,0,1,11.870000000000001,79.22,11.87_79.22,1,2,1.1300000000000001,302.11,3.196122650963182,0.5650000000000001,0.148492424049175,2,-1.1917006311627203,-0.8128816656855143,0,0,0,0,595,,Unknown,Other/Unclassified,Other/Unclassified,0.9436288099155749
11.47961,77.45571,300.42,0.42,0.61,2025-01-08,1942,N,VIIRS,n,2.0NRT,288.57,0.53,N,VIIRS_SUOMI_NPP,14,100014,node,Chemical,Chemical Processing Unit #15,,27203.500239262587,0,0,0,0,27.203500239262585,1,9,8,1,2025,19,0,0,0,11.850000000000023,0.001764196791159044,0.4252677354043441,1.0,0,1,11.47,77.45,11.47_77.45,1,1,0.53,300.42,,0.53,,1,-1.1547412014396112,-0.7822114568055637,0,0,0,0,596,,Unknown,Other/Unclassified,Other/Unclassified,0.9450607516595368
13.39244,80.10259,301.69,0.6,0.53,2025-01-08,1942,N,VIIRS,n,2.0NRT,291.67,0.71,N,VIIRS_SUOMI_NPP,17,100017,node,Warehouse/Depot,Logistics Hub #18,,151245.7756910992,0,0,0,0,151.2457756910992,1,4,8,1,2025,19,0,0,0,10.019999999999982,0.0023534091285756903,0.5364933705145685,1.0,0,1,13.39,80.10000000000001,13.39_80.1,4,21,22.85,306.8885714285714,3.8878326683568587,1.0880952380952382,0.5611026559161795,21,-1.3371386764874669,-0.6738432515131779,1,0,0,1,597,,Unknown,Other/Unclassified,Other/Unclassified,0.9973333333333333
10.49431,77.46686,303.12,0.41,0.61,2025-01-08,1942,N,VIIRS,n,2.0NRT,287.09,0.59,N,VIIRS_SUOMI_NPP,2,100002,node,Chemical,Chemical Processing Unit #3,,51618.333218087064,0,0,0,0,51.618333218087066,1,9,8,1,2025,19,0,0,0,16.03000000000003,0.0019464238585378726,0.4637340162321401,1.0,0,1,10.49,77.46000000000001,10.49_77.46,1,2,1.04,301.65,2.078893936688468,0.52,0.09899494936611661,2,-0.9796702185406713,-0.7559227063370347,0,0,0,0,598,,Unknown,Other/Unclassified,Other/Unclassified,0.9274073949400037
9.52238,77.94103,340.27,0.41,0.45,2025-01-09,828,N,VIIRS,n,2.0NRT,297.21,2.4,D,VIIRS_SUOMI_NPP,2,100002,node,Chemical,Chemical Processing Unit #3,,143465.7159654072,0,0,0,0,143.4657159654072,1,9,9,1,2025,8,1,0,0,43.06,0.007053222441002733,1.2237754316221157,1.0,0,1,9.52,77.94,9.52_77.94,1,1,2.4,340.27,,2.4,,1,1.4291768239391955,0.03712126613025834,0,0,0,0,599,,Unknown,Other/Unclassified,Other/Unclassified,0.9127705548369418
13.16291,80.28133,300.03,0.6,0.7,2025-01-09,1921,N,VIIRS,n,2.0NRT,287.66,1.65,N,VIIRS_SUOMI_NPP,17,100017,node,Warehouse/Depot,Logistics Hub #18,,150550.72194667984,0,0,0,0,150.55072194667983,1,4,9,1,2025,19,0,0,0,12.369999999999948,0.005499450054994501,0.9745596399981308,1.0,0,1,13.16,80.28,13.16_80.28,4,23,29.58,306.30347826086955,3.394288797773065,1.286086956521739,0.5416619134280146,23,-1.8482452833670202,0.6718453604669473,1,0,0,1,600,,Unknown,Other/Unclassified,Other/Unclassified,0.9894949494949495
13.09289,79.98177,301.71,0.59,0.7,2025-01-09,2101,N,VIIRS,n,2.0NRT,287.48,1.06,N,VIIRS_SUOMI_NPP,17,100017,node,Warehouse/Depot,Logistics Hub #18,,119390.20025189829,0,0,0,0,119.39020025189829,1,4,9,1,2025,21,0,0,0,14.229999999999961,0.0035133074806933816,0.7227059828014898,1.0,0,1,13.09,79.98,13.09_79.98,1,1,1.06,301.71,,1.06,,1,-1.0710961762767863,-0.5499941610002238,0,0,0,0,601,,Unknown,Other/Unclassified,Other/Unclassified,0.9258689702202065
11.18055,79.09982,299.91,0.57,0.69,2025-01-09,2103,N,VIIRS,n,2.0NRT,286.79,0.89,N,VIIRS_SUOMI_NPP,12,100012,node,Power Plant,Thermal Power Station #13,,25872.282167040594,0,0,0,0,25.872282167040595,1,1,9,1,2025,21,0,0,0,13.120000000000005,0.0029675569337467905,0.636576829071551,1.0,0,1,11.18,79.09,11.18_79.09,6,20,18.59,305.3995,3.199398751081369,0.9295,0.2404267040076872,20,-1.715791130488052,-0.16429123446593952,1,0,0,1,602,,Unknown,Other/Unclassified,Other/Unclassified,0.9917171717171717
11.33074,77.31197,330.12,0.39,0.36,2025-01-10,809,N,VIIRS,n,2.0NRT,297.92,1.4,D,VIIRS_SUOMI_NPP,18,100018,node,Power Plant,Thermal Power Station #19,,48535.409602562555,0,0,0,0,48.53540960256255,1,1,10,1,2025,8,1,0,0,32.19999999999999,0.004240882103477523,0.8754687373538999,1.0,0,1,11.33,77.31,11.33_77.31,1,1,1.4,330.12,,1.4,,1,0.7710396104487351,-0.40102457501189254,0,0,0,0,603,,Unknown,Other/Unclassified,Other/Unclassified,0.8888677990688293
11.15711,77.16776,333.56,0.38,0.36,2025-01-10,809,N,VIIRS,n,2.0NRT,298.92,2.44,D,VIIRS_SUOMI_NPP,18,100018,node,Power Plant,Thermal Power Station #19,,57902.78284622054,0,0,0,0,57.902782846220546,1,1,10,1,2025,8,1,0,0,34.639999999999986,0.007315025782467921,1.235471471385307,1.0,0,1,11.15,77.16,11.15_77.16,1,1,2.44,333.56,,2.44,,1,0.9940930108829408,0.05464709977594439,0,0,0,0,604,,Unknown,Other/Unclassified,Other/Unclassified,0.9370697469465017
9.182,78.58192,332.54,0.39,0.37,2025-01-10,809,N,VIIRS,n,2.0NRT,291.11,2.61,D,VIIRS_SUOMI_NPP,20,100020,node,Chemical,Chemical Processing Unit #21,,173321.94628316243,0,0,0,0,173.32194628316242,1,9,10,1,2025,8,1,0,0,41.43000000000001,0.007848679858062186,1.2837077723447896,1.0,0,1,9.18,78.58,9.18_78.58,3,3,9.78,333.43333333333334,1.112894124943307,3.26,0.5990826320300063,3,0.9279550840100088,0.12913189277011,0,0,0,1,605,,Unknown,Other/Unclassified,Other/Unclassified,0.907068608291342
8.61673,77.20992,340.59,0.38,0.36,2025-01-10,809,N,VIIRS,n,2.0NRT,302.7,6.47,D,VIIRS_SUOMI_NPP,2,100002,node,Chemical,Chemical Processing Unit #3,,251777.28389874703,0,0,0,0,251.77728389874704,1,9,10,1,2025,8,1,0,0,37.889999999999986,0.018996447341378196,2.010894999144726,1.0,0,1,8.61,77.2,8.61_77.2,1,1,6.47,340.59,,6.47,,1,1.4499259774679585,1.8203748395788124,0,0,0,0,606,,Unknown,Other/Unclassified,Other/Unclassified,0.9046275999255878
10.92877,77.06388,302.48,0.41,0.45,2025-01-10,2044,N,VIIRS,n,2.0NRT,289.08,0.65,N,VIIRS_SUOMI_NPP,18,100018,node,Power Plant,Thermal Power Station #19,,71867.49150865272,0,0,0,0,71.86749150865272,1,1,10,1,2025,20,0,0,0,13.400000000000034,0.0021489024067706955,0.5007752879124893,1.0,0,1,10.92,77.06,10.92_77.06,3,11,6.7,302.6445454545455,2.985857878856131,0.6090909090909091,0.1987689384916338,11,-0.05510826744657788,0.20581229250169167,1,0,0,1,607,,Unknown,Other/Unclassified,Other/Unclassified,0.9958689458689459
11.7456,77.78709,301.62,0.44,0.46,2025-01-10,2044,N,VIIRS,n,2.0NRT,289.01,0.79,N,VIIRS_SUOMI_NPP,10,100010,node,Industrial Works,Steel Foundry #11,,2579.8631249988584,0,0,0,1,2.5798631249988584,1,2,10,1,2025,20,0,0,0,12.610000000000014,0.002619189708905245,0.5822156198526637,1.0,0,1,11.74,77.78,11.74_77.78,1,1,0.79,301.62,,0.79,,1,-1.0769318757067494,-0.6682935381086045,0,0,0,0,608,,Unknown,Other/Unclassified,Other/Unclassified,0.9404582536673332
12.99132,79.90599,301.2,0.58,0.52,2025-01-10,2044,N,VIIRS,n,2.0NRT,290.45,0.83,N,VIIRS_SUOMI_NPP,17,100017,node,Warehouse/Depot,Logistics Hub #18,,106034.64286067059,0,0,0,0,106.03464286067059,1,4,10,1,2025,20,0,0,0,10.75,0.0027556440903054448,0.6043159668533294,1.0,0,1,12.99,79.9,12.99_79.9,3,10,11.98,309.546,11.037509984895436,1.198,0.9935995169080952,10,-0.7561488063359673,-0.37037055044586825,1,0,0,1,609,,Unknown,Other/Unclassified,Other/Unclassified,1.0
13.16101,80.28852,304.68,0.61,0.53,2025-01-10,2044,N,VIIRS,n,2.0NRT,291.09,1.39,N,VIIRS_SUOMI_NPP,17,100017,node,Warehouse/Depot,Logistics Hub #18,,151098.75845250944,0,0,0,0,151.09875845250943,1,4,10,1,2025,20,0,0,0,13.590000000000032,0.004562163581462518,0.8712933659434193,1.0,0,1,13.16,80.28,13.16_80.28,4,23,29.58,306.30347826086955,3.394288797773065,1.286086956521739,0.5416619134280146,23,-0.4782970329262151,0.19184114832927177,1,0,0,1,610,,Unknown,Other/Unclassified,Other/Unclassified,1.0
9.31969,77.7392,308.59,0.48,0.48,2025-01-10,2046,N,VIIRS,n,2.0NRT,289.39,1.29,N,VIIRS_SUOMI_NPP,2,100002,node,Chemical,Chemical Processing Unit #3,,165381.84441806583,0,0,0,0,165.38184441806584,1,9,10,1,2025,20,0,0,0,19.19999999999999,0.004180303963187401,0.8285518175661483,1.0,0,1,9.31,77.73,9.31_77.73,1,1,1.29,308.59,,1.29,,1,-0.6249893754083748,-0.44922061753752907,0,0,0,0,611,,Unknown,Other/Unclassified,Other/Unclassified,0.9233172207950557
9.32282,77.73862,304.96,0.48,0.48,2025-01-10,2046,N,VIIRS,n,2.0NRT,289.68,1.0,N,VIIRS_SUOMI_NPP,2,100002,node,Chemical,Chemical Processing Unit #3,,165038.849934077,0,0,0,0,165.038849934077,1,9,10,1,2025,20,0,0,0,15.279999999999973,0.0032791185729275974,0.6931471805599453,1.0,0,1,9.32,77.73,9.32_77.73,1,1,1.0,304.96,,1.0,,1,-0.8603625857502837,-0.5762829114687529,0,0,0,0,612,,Unknown,Other/Unclassified,Other/Unclassified,0.9269345631950068
9.56091,77.25191,345.93,0.57,0.43,2025-01-11,750,N,VIIRS,n,2.0NRT,289.92,14.13,D,VIIRS_SUOMI_NPP,2,100002,node,Chemical,Chemical Processing Unit #3,,151467.63395431192,0,0,0,0,151.46763395431194,1,9,11,1,2025,7,1,0,0,56.00999999999999,0.040846414014395975,2.7166795278002644,1.0,0,1,9.56,77.25,9.56_77.25,1,2,18.82,339.065,9.70857610569131,9.41,6.675088014401009,2,1.7961774769791987,5.176571982727689,0,0,1,0,613,,Unknown,Other/Unclassified,Other/Unclassified,0.8917447476815126
12.0241,79.72982,334.81,0.41,0.37,2025-01-11,752,N,VIIRS,n,2.0NRT,295.48,3.78,D,VIIRS_SUOMI_NPP,17,100017,node,Warehouse/Depot,Logistics Hub #18,,80686.07367880846,0,0,0,0,80.68607367880846,1,4,11,1,2025,7,1,0,0,39.329999999999984,0.011289985364833785,1.5644405465033644,1.0,0,1,12.02,79.72,12.02_79.72,1,1,3.78,334.81,,3.78,,1,1.0751443918546726,0.6417625269064265,0,0,0,0,614,,Unknown,Other/Unclassified,Other/Unclassified,0.9055931459856387
13.39263,80.10065,308.65,0.46,0.39,2025-01-11,2025,N,VIIRS,n,2.0NRT,291.26,0.85,N,VIIRS_SUOMI_NPP,17,100017,node,Warehouse/Depot,Logistics Hub #18,,151110.76767202147,0,0,0,0,151.11076767202147,1,4,11,1,2025,20,0,0,0,17.389999999999986,0.0027539283978616556,0.6151856390902334,1.0,0,1,13.39,80.10000000000001,13.39_80.1,4,21,22.85,306.8885714285714,3.8878326683568587,1.0880952380952382,0.5611026559161795,21,0.45306182690547675,-0.4243345412551499,1,0,0,1,615,,Unknown,Other/Unclassified,Other/Unclassified,1.0
13.15952,80.286,306.37,0.47,0.4,2025-01-11,2025,N,VIIRS,n,2.0NRT,291.33,0.56,N,VIIRS_SUOMI_NPP,17,100017,node,Warehouse/Depot,Logistics Hub #18,,150778.56594696626,0,0,0,0,150.77856594696627,1,4,11,1,2025,20,0,0,0,15.04000000000002,0.0018278552077553288,0.44468582126144574,1.0,0,1,13.15,80.28,13.15_80.28,3,15,31.96,308.05333333333334,5.417348675013171,2.130666666666667,1.6132906330437382,15,-0.31073010697972925,-0.973579486854979,1,0,0,1,616,,Unknown,Other/Unclassified,Other/Unclassified,1.0
12.99868,79.90742,322.45,0.45,0.39,2025-01-11,2025,N,VIIRS,n,2.0NRT,290.6,1.85,N,VIIRS_SUOMI_NPP,17,100017,node,Warehouse/Depot,Logistics Hub #18,,106639.67991753037,0,0,0,0,106.63967991753037,1,4,11,1,2025,20,0,0,0,31.849999999999966,0.005737323616064507,1.0473189942805592,1.0,0,1,12.99,79.9,12.99_79.9,3,10,11.98,309.546,11.037509984895436,1.198,0.9935995169080952,10,1.1691042651520864,0.6561999969856145,1,0,0,1,617,,Unknown,Other/Unclassified,Other/Unclassified,0.9733779826278023
11.81719,77.91909,305.62,0.4,0.37,2025-01-11,2025,N,VIIRS,n,2.0NRT,291.81,0.81,N,VIIRS_SUOMI_NPP,15,100015,node,Oil & Gas,Petroleum Refinery #16,,14150.845200805883,0,0,0,0,14.150845200805882,1,7,11,1,2025,20,0,0,0,13.810000000000002,0.0026503501079772267,0.5933268452777344,1.0,0,1,11.81,77.91,11.81_77.91,8,43,64.3,308.93627906976747,7.833273664389497,1.4953488372093022,0.7060599894829163,43,-0.4233579997138938,-0.9706665827520096,1,0,0,1,618,,Unknown,Other/Unclassified,Other/Unclassified,1.0
11.80929,77.92525,321.57,0.4,0.37,2025-01-11,2025,N,VIIRS,n,2.0NRT,293.01,1.66,N,VIIRS_SUOMI_NPP,15,100015,node,Oil & Gas,Petroleum Refinery #16,,13897.289246830524,0,0,0,0,13.897289246830523,1,7,11,1,2025,20,0,0,0,28.560000000000002,0.005162173088285598,0.9783261227936076,1.0,0,1,11.8,77.92,11.8_77.92,6,21,32.72,307.8904761904762,8.630552981235025,1.558095238095238,0.5164263650087885,21,1.5850112778713596,0.1973267997326739,1,0,0,1,619,,Unknown,Other/Unclassified,Other/Unclassified,0.9969406392694063
11.80988,77.92161,304.33,0.4,0.37,2025-01-11,2025,N,VIIRS,n,2.0NRT,292.49,1.57,N,VIIRS_SUOMI_NPP,15,100015,node,Oil & Gas,Petroleum Refinery #16,,13688.088515786252,0,0,0,0,13.688088515786252,1,7,11,1,2025,20,0,0,0,11.839999999999975,0.0051588735911674835,0.9439058989071284,1.0,0,1,11.8,77.92,11.8_77.92,6,21,32.72,307.8904761904762,8.630552981235025,1.558095238095238,0.5164263650087885,21,-0.4125432284834554,0.023052196230452897,1,0,0,1,620,,Unknown,Other/Unclassified,Other/Unclassified,1.0
11.54756,77.44373,317.43,0.39,0.36,2025-01-11,2025,N,VIIRS,n,2.0NRT,290.83,1.34,N,VIIRS_SUOMI_NPP,14,100014,node,Chemical,Chemical Processing Unit #15,,22265.20778588985,0,0,0,0,22.26520778588985,1,9,11,1,2025,20,0,0,0,26.600000000000023,0.004221403144000252,0.8501509293696101,1.0,0,1,11.540000000000001,77.44,11.54_77.44,1,2,2.06,310.505,9.7934289194337,1.03,0.4384062043356595,2,-0.051794009176285724,-0.4273133254804215,0,0,0,0,621,,Unknown,Other/Unclassified,Other/Unclassified,0.9291525429052231
11.54699,77.4473,303.58,0.39,0.36,2025-01-11,2025,N,VIIRS,n,2.0NRT,290.52,0.72,N,VIIRS_SUOMI_NPP,14,100014,node,Chemical,Chemical Processing Unit #15,,22025.74756331223,0,0,0,0,22.02574756331223,1,9,11,1,2025,20,0,0,0,13.060000000000002,0.0023716977402990975,0.5423242908253617,1.0,0,1,11.540000000000001,77.44,11.54_77.44,1,2,2.06,310.505,9.7934289194337,1.03,0.4384062043356595,2,-0.9498433103430752,-0.6989637469885551,0,0,0,0,622,,Unknown,Other/Unclassified,Other/Unclassified,0.9295838225528629
11.18491,79.09974,303.72,0.44,0.38,2025-01-11,2025,N,VIIRS,n,2.0NRT,290.75,0.6,N,VIIRS_SUOMI_NPP,12,100012,node,Power Plant,Thermal Power Station #13,,25391.723850091104,0,0,0,0,25.391723850091104,1,1,11,1,2025,20,0,0,0,12.970000000000027,0.0019755037534571313,0.4700036292457356,1.0,0,1,11.18,79.09,11.18_79.09,6,20,18.59,305.3995,3.199398751081369,0.9295,0.2404267040076872,20,-0.5249423815747585,-1.3704800444690406,1,0,0,1,623,,Unknown,Other/Unclassified,Other/Unclassified,0.997142857142857
11.18139,79.09914,302.58,0.44,0.38,2025-01-11,2025,N,VIIRS,n,2.0NRT,290.04,0.6,N,VIIRS_SUOMI_NPP,12,100012,node,Power Plant,Thermal Power Station #13,,25770.692390451444,0,0,0,0,25.770692390451444,1,1,11,1,2025,20,0,0,0,12.539999999999964,0.00198294665873488,0.4700036292457356,1.0,0,1,11.18,79.09,11.18_79.09,6,20,18.59,305.3995,3.199398751081369,0.9295,0.2404267040076872,20,-0.8812593300685132,-1.3704800444690406,1,0,0,1,624,,Unknown,Other/Unclassified,Other/Unclassified,0.997142857142857
11.43135,77.34455,304.69,0.39,0.36,2025-01-11,2025,N,VIIRS,n,2.0NRT,289.38,1.19,N,VIIRS_SUOMI_NPP,14,100014,node,Chemical,Chemical Processing Unit #15,,39007.193395784205,0,0,0,0,39.007193395784206,1,9,11,1,2025,20,0,0,0,15.310000000000002,0.0039056089796186285,0.7839015438284094,1.0,0,1,11.43,77.34,11.43_77.34,1,2,2.1799999999999997,308.57,5.487148622007602,1.0899999999999999,0.14142135623730956,2,-0.8778696840401765,-0.4930352016517442,0,0,0,0,625,,Unknown,Other/Unclassified,Other/Unclassified,0.935204105878019
10.93856,78.05747,302.52,0.4,0.37,2025-01-11,2025,N,VIIRS,n,2.0NRT,290.59,0.56,N,VIIRS_SUOMI_NPP,7,100007,node,Manufacturing,Textile Mill #8,,22450.54939301957,0,0,0,0,22.45054939301957,1,3,11,1,2025,20,0,0,0,11.930000000000007,0.0018511172815020497,0.44468582126144574,1.0,0,1,10.93,78.05,10.93_78.05,1,1,0.56,302.52,,0.56,,1,-1.018574881407104,-0.7690670815712992,0,0,0,0,626,,Unknown,Other/Unclassified,Other/Unclassified,0.9479520607861404
10.13546,77.27298,299.05,0.39,0.36,2025-01-11,2025,N,VIIRS,n,2.0NRT,278.67,0.59,N,VIIRS_SUOMI_NPP,2,100002,node,Chemical,Chemical Processing Unit #3,,95356.09782754052,0,0,0,0,95.35609782754052,1,9,11,1,2025,20,0,0,0,20.379999999999995,0.0019729142283899013,0.4637340162321401,1.0,0,1,10.13,77.27,10.13_77.27,3,7,47.33,326.6671428571429,19.36740794417753,6.761428571428572,6.0897274940986446,7,-1.4259596811686661,-1.0134162123689607,1,0,0,1,627,,Unknown,Other/Unclassified,Other/Unclassified,0.9715289966311637
11.37917,77.05492,343.89,0.37,0.58,2025-01-12,733,N,VIIRS,n,2.0NRT,293.35,3.97,D,VIIRS_SUOMI_NPP,14,100014,node,Chemical,Chemical Processing Unit #15,,67756.87980660441,0,0,0,0,67.75687980660442,1,9,12,1,2025,7,1,0,0,50.539999999999964,0.011544389194219082,1.6034198401085376,1.0,0,1,11.370000000000001,77.05,11.37_77.05,1,1,3.97,343.89,,3.97,,1,1.6639016232333312,0.7250102367234353,0,0,0,0,628,,Unknown,Other/Unclassified,Other/Unclassified,0.9265037468704137
13.11165,79.79388,303.36,0.41,0.37,2025-01-12,2006,N,VIIRS,n,2.0NRT,289.77,0.27,N,VIIRS_SUOMI_NPP,17,100017,node,Warehouse/Depot,Logistics Hub #18,,105480.9708522899,0,0,0,0,105.4809708522899,1,4,12,1,2025,20,0,0,0,13.590000000000032,0.0008900316455696202,0.23901690047049992,1.0,0,1,13.11,79.79,13.11_79.79,1,1,0.27,303.36,,0.27,,1,-0.9641083533940982,-0.896129375502523,0,0,0,0,629,,Unknown,Other/Unclassified,Other/Unclassified,0.9022433244091894
13.08312,79.98172,303.24,0.41,0.37,2025-01-12,2006,N,VIIRS,n,2.0NRT,290.26,0.82,N,VIIRS_SUOMI_NPP,17,100017,node,Warehouse/Depot,Logistics Hub #18,,118724.2777300025,0,0,0,0,118.7242777300025,1,4,12,1,2025,20,0,0,0,12.980000000000018,0.002704128742909906,0.598836501088704,1.0,0,1,13.08,79.98,13.08_79.98,3,11,15.69,308.31363636363636,10.512393897421513,1.4263636363636363,2.15390934222995,11,-0.48263377620209025,-0.2815177150101712,1,0,0,1,630,,Unknown,Other/Unclassified,Other/Unclassified,1.0
13.09624,79.75659,307.02,0.41,0.37,2025-01-12,2006,N,VIIRS,n,2.0NRT,290.33,0.51,N,VIIRS_SUOMI_NPP,17,100017,node,Warehouse/Depot,Logistics Hub #18,,101435.39479179497,0,0,0,0,101.43539479179498,1,4,12,1,2025,20,0,0,0,16.689999999999998,0.0016611295681063123,0.412109650826833,1.0,0,1,13.09,79.75,13.09_79.75,1,2,0.9299999999999999,304.03,4.228498551495547,0.46499999999999997,0.06363961030678932,2,-0.7267899099088696,-0.7909743736284067,0,0,0,0,631,,Unknown,Other/Unclassified,Other/Unclassified,0.9150750016615321
11.81623,77.91869,299.48,0.48,0.4,2025-01-12,2008,N,VIIRS,n,2.0NRT,287.58,0.52,N,VIIRS_SUOMI_NPP,15,100015,node,Oil & Gas,Petroleum Refinery #16,,14039.733128599475,0,0,0,0,14.039733128599476,1,7,12,1,2025,20,0,0,0,11.900000000000034,0.0017363429945238412,0.41871033485818504,1.0,0,1,11.81,77.91,11.81_77.91,8,43,64.3,308.93627906976747,7.833273664389497,1.4953488372093022,0.7060599894829163,43,-1.2071937576694434,-1.3813965551618352,1,0,0,1,632,,Unknown,Other/Unclassified,Other/Unclassified,1.0
